# relative_time, cycles_done, cur_item, corpus_count, pending_total, pending_favs, map_size, saved_crashes, saved_hangs, max_depth, execs_per_sec, total_execs, edges_found, total_crashes, servers_count
61, 0, 0, 147, 147, 1, 18.08%, 0, 0, 2, 109.05, 6825, 484, 0, 0
66, 0, 0, 147, 147, 1, 18.08%, 0, 0, 2, 109.28, 7369, 484, 0, 0
71, 0, 0, 149, 149, 1, 18.08%, 0, 0, 2, 110.54, 7937, 484, 0, 0
76, 0, 0, 150, 150, 1, 18.08%, 0, 0, 2, 111.16, 8500, 484, 0, 0
81, 0, 0, 150, 150, 1, 18.08%, 0, 0, 2, 111.47, 9072, 484, 0, 0
86, 0, 0, 152, 152, 1, 18.08%, 0, 0, 2, 110.45, 9630, 484, 0, 0
91, 0, 0, 152, 152, 1, 18.08%, 0, 0, 2, 110.90, 10190, 484, 0, 0
96, 0, 0, 152, 152, 1, 18.08%, 0, 0, 2, 111.66, 10758, 484, 0, 0
101, 0, 0, 153, 153, 1, 18.08%, 0, 0, 2, 111.64, 11327, 484, 0, 0
107, 0, 0, 155, 155, 1, 18.08%, 0, 0, 2, 111.40, 11891, 484, 0, 0
112, 0, 0, 155, 155, 1, 18.08%, 0, 0, 2, 111.27, 12457, 484, 0, 0
117, 0, 0, 156, 156, 1, 18.08%, 0, 0, 2, 111.62, 13026, 484, 0, 0
122, 0, 0, 156, 156, 1, 18.08%, 0, 0, 2, 111.61, 13598, 484, 0, 0
127, 0, 1, 173, 172, 14, 18.15%, 0, 0, 3, 116.01, 14198, 486, 0, 0
132, 0, 1, 182, 181, 14, 18.15%, 0, 0, 3, 118.03, 14792, 486, 0, 0
137, 0, 1, 190, 189, 14, 18.15%, 0, 0, 3, 118.44, 15402, 486, 0, 0
142, 0, 1, 195, 194, 14, 18.15%, 0, 0, 3, 118.17, 15999, 486, 0, 0
147, 0, 1, 195, 194, 14, 18.15%, 0, 0, 3, 118.93, 16605, 486, 0, 0
152, 0, 1, 197, 196, 14, 18.15%, 0, 0, 3, 118.39, 17211, 486, 0, 0
158, 0, 1, 201, 200, 14, 18.15%, 0, 0, 3, 119.00, 17821, 486, 0, 0
163, 0, 1, 204, 203, 14, 18.15%, 0, 0, 3, 118.44, 18432, 486, 0, 0
168, 0, 1, 205, 204, 14, 18.15%, 0, 0, 3, 119.13, 19045, 486, 0, 0
173, 0, 1, 207, 206, 14, 18.15%, 0, 0, 3, 119.01, 19663, 486, 0, 0
178, 0, 1, 209, 208, 14, 18.15%, 0, 0, 3, 119.32, 20283, 486, 0, 0
183, 0, 1, 209, 208, 14, 18.15%, 0, 0, 3, 119.09, 20897, 486, 0, 0
189, 0, 1, 209, 208, 14, 18.15%, 0, 0, 3, 119.13, 21507, 486, 0, 0
194, 0, 1, 210, 209, 14, 18.15%, 0, 0, 3, 118.02, 22108, 486, 0, 0
199, 0, 1, 211, 210, 14, 18.15%, 0, 0, 3, 118.59, 22715, 486, 0, 0
204, 0, 1, 211, 210, 14, 18.15%, 0, 0, 3, 118.77, 23325, 486, 0, 0
209, 0, 1, 213, 212, 14, 18.15%, 0, 0, 3, 119.28, 23945, 486, 0, 0
214, 0, 1, 214, 213, 14, 18.15%, 0, 0, 3, 118.56, 24552, 486, 0, 0
219, 0, 1, 215, 214, 14, 18.15%, 0, 0, 3, 118.92, 25161, 486, 0, 0
224, 0, 1, 215, 214, 14, 18.15%, 0, 0, 3, 119.12, 25769, 486, 0, 0
230, 0, 1, 215, 214, 14, 18.15%, 0, 0, 3, 119.13, 26385, 486, 0, 0
235, 0, 1, 215, 214, 14, 18.15%, 0, 0, 3, 119.18, 26995, 486, 0, 0
240, 0, 1, 215, 214, 14, 18.15%, 0, 0, 3, 119.29, 27601, 486, 0, 0
245, 0, 1, 215, 214, 14, 18.15%, 0, 0, 3, 119.42, 28213, 486, 0, 0
250, 0, 1, 215, 214, 14, 18.15%, 0, 0, 3, 119.76, 28831, 486, 0, 0
255, 0, 1, 215, 214, 14, 18.15%, 0, 0, 3, 119.16, 29445, 486, 0, 0
260, 0, 1, 218, 217, 14, 18.15%, 0, 0, 3, 118.55, 30058, 486, 0, 0
266, 0, 1, 219, 218, 14, 18.15%, 0, 0, 3, 118.94, 30669, 486, 0, 0
271, 0, 1, 220, 219, 14, 18.15%, 0, 0, 3, 119.50, 31286, 486, 0, 0
276, 0, 1, 220, 219, 14, 18.15%, 0, 0, 3, 119.57, 31902, 486, 0, 0
281, 0, 1, 221, 220, 14, 18.19%, 0, 0, 3, 119.33, 32521, 487, 0, 0
286, 0, 1, 221, 220, 14, 18.19%, 0, 0, 3, 119.88, 33121, 487, 0, 0
291, 0, 1, 221, 220, 14, 18.19%, 0, 0, 3, 119.40, 33735, 487, 0, 0
296, 0, 1, 221, 220, 14, 18.19%, 0, 0, 3, 119.63, 34355, 487, 0, 0
302, 0, 1, 221, 220, 14, 18.19%, 0, 0, 3, 119.23, 34973, 487, 0, 0
307, 0, 1, 221, 220, 14, 18.19%, 0, 0, 3, 119.32, 35595, 487, 0, 0
312, 0, 1, 222, 221, 14, 18.19%, 0, 0, 3, 119.28, 36212, 487, 0, 0
317, 0, 1, 222, 221, 14, 18.19%, 0, 0, 3, 119.58, 36826, 487, 0, 0
322, 0, 1, 222, 221, 14, 18.19%, 0, 0, 3, 119.13, 37434, 487, 0, 0
327, 0, 1, 223, 222, 14, 18.19%, 0, 0, 3, 118.93, 38035, 487, 0, 0
332, 0, 1, 223, 222, 14, 18.19%, 0, 0, 3, 119.00, 38649, 487, 0, 0
338, 0, 1, 224, 223, 14, 18.19%, 0, 0, 3, 119.14, 39264, 487, 0, 0
343, 0, 1, 224, 223, 14, 18.19%, 0, 0, 3, 119.22, 39878, 487, 0, 0
348, 0, 1, 225, 224, 14, 18.19%, 0, 0, 3, 119.11, 40493, 487, 0, 0
353, 0, 1, 225, 224, 14, 18.19%, 0, 0, 3, 118.31, 41101, 487, 0, 0
358, 0, 1, 226, 225, 14, 18.19%, 0, 0, 3, 118.67, 41710, 487, 0, 0
363, 0, 1, 226, 225, 14, 18.19%, 0, 0, 3, 118.01, 42318, 487, 0, 0
368, 0, 1, 226, 225, 14, 18.19%, 0, 0, 3, 118.50, 42928, 487, 0, 0
374, 0, 1, 226, 225, 14, 18.19%, 0, 0, 3, 119.01, 43542, 487, 0, 0
379, 0, 1, 226, 225, 14, 18.19%, 0, 0, 3, 119.16, 44156, 487, 0, 0
384, 0, 1, 226, 225, 14, 18.19%, 0, 0, 3, 119.29, 44754, 487, 0, 0
389, 0, 1, 226, 225, 14, 18.19%, 0, 0, 3, 119.73, 45370, 487, 0, 0
394, 0, 1, 226, 225, 14, 18.19%, 0, 0, 3, 119.14, 45984, 487, 0, 0
399, 0, 1, 226, 225, 14, 18.19%, 0, 0, 3, 119.57, 46602, 487, 0, 0
404, 0, 1, 227, 226, 14, 18.19%, 0, 0, 3, 119.12, 47219, 487, 0, 0
409, 0, 1, 228, 227, 14, 18.19%, 0, 0, 3, 118.84, 47822, 487, 0, 0
415, 0, 1, 228, 227, 14, 18.19%, 0, 0, 3, 119.15, 48434, 487, 0, 0
420, 0, 1, 229, 228, 14, 18.19%, 0, 0, 3, 119.17, 49047, 487, 0, 0
425, 0, 1, 230, 229, 14, 18.19%, 0, 0, 3, 118.96, 49658, 487, 0, 0
430, 0, 1, 230, 229, 14, 18.19%, 0, 0, 3, 109.32, 50231, 487, 0, 0
435, 0, 1, 230, 229, 14, 18.19%, 0, 0, 3, 114.71, 50796, 487, 0, 0
440, 0, 1, 230, 229, 14, 18.19%, 0, 0, 3, 118.20, 51408, 487, 0, 0
445, 0, 1, 230, 229, 14, 18.19%, 0, 0, 3, 118.88, 52020, 487, 0, 0
451, 0, 1, 231, 230, 14, 18.19%, 0, 0, 3, 118.69, 52631, 487, 0, 0
456, 0, 1, 231, 230, 14, 18.19%, 0, 0, 3, 118.87, 53237, 487, 0, 0
461, 0, 1, 232, 231, 14, 18.19%, 0, 0, 3, 118.10, 53848, 487, 0, 0
466, 0, 1, 232, 231, 14, 18.19%, 0, 0, 3, 118.44, 54452, 487, 0, 0
471, 0, 1, 233, 232, 14, 18.19%, 0, 0, 3, 118.70, 55065, 487, 0, 0
476, 0, 1, 233, 232, 14, 18.19%, 0, 0, 3, 118.86, 55669, 487, 0, 0
481, 0, 1, 233, 232, 14, 18.19%, 0, 0, 3, 118.13, 56277, 487, 0, 0
486, 0, 1, 234, 233, 14, 18.19%, 0, 0, 3, 118.51, 56882, 487, 0, 0
492, 0, 1, 235, 234, 14, 18.19%, 0, 0, 3, 118.35, 57489, 487, 0, 0
497, 0, 1, 235, 234, 14, 18.19%, 0, 0, 3, 118.09, 58091, 487, 0, 0
502, 0, 1, 235, 234, 14, 18.19%, 0, 0, 3, 118.63, 58697, 487, 0, 0
507, 0, 1, 235, 234, 14, 18.19%, 0, 0, 3, 119.07, 59311, 487, 0, 0
512, 0, 1, 235, 234, 14, 18.19%, 0, 0, 3, 118.68, 59917, 487, 0, 0
517, 0, 1, 236, 235, 14, 18.19%, 0, 0, 3, 118.38, 60526, 487, 0, 0
522, 0, 1, 236, 235, 14, 18.19%, 0, 0, 3, 118.72, 61136, 487, 0, 0
527, 0, 1, 236, 235, 14, 18.19%, 0, 0, 3, 118.92, 61744, 487, 0, 0
533, 0, 1, 236, 235, 14, 18.19%, 0, 0, 3, 118.53, 62354, 487, 0, 0
538, 0, 1, 236, 235, 14, 18.19%, 0, 0, 3, 118.76, 62960, 487, 0, 0
543, 0, 1, 236, 235, 14, 18.19%, 0, 0, 3, 118.53, 63568, 487, 0, 0
548, 0, 1, 236, 235, 14, 18.19%, 0, 0, 3, 119.32, 64186, 487, 0, 0
553, 0, 1, 237, 236, 14, 18.19%, 0, 0, 3, 119.00, 64795, 487, 0, 0
558, 0, 1, 237, 236, 14, 18.19%, 0, 0, 3, 118.53, 65399, 487, 0, 0
563, 0, 185, 237, 234, 9, 18.19%, 0, 0, 3, 117.40, 66001, 487, 0, 0
569, 0, 220, 240, 235, 7, 18.19%, 0, 0, 4, 111.34, 66571, 487, 0, 0
574, 0, 220, 258, 253, 7, 18.23%, 0, 0, 4, 108.34, 67125, 488, 0, 0
579, 0, 220, 264, 259, 7, 18.23%, 0, 0, 4, 108.37, 67667, 488, 0, 0
584, 0, 220, 266, 261, 7, 18.23%, 0, 0, 4, 108.30, 68225, 488, 0, 0
589, 0, 220, 268, 263, 7, 18.23%, 0, 0, 4, 108.34, 68785, 488, 0, 0
594, 0, 220, 270, 265, 7, 18.23%, 0, 0, 4, 108.09, 69337, 488, 0, 0
599, 0, 220, 272, 267, 7, 18.23%, 0, 0, 4, 108.48, 69889, 488, 0, 0
604, 0, 220, 273, 268, 7, 18.23%, 0, 0, 4, 107.87, 70440, 488, 0, 0
609, 0, 220, 274, 269, 7, 18.23%, 0, 0, 4, 108.26, 70991, 488, 0, 0
615, 0, 220, 277, 272, 7, 18.23%, 0, 0, 4, 108.44, 71544, 488, 0, 0
620, 0, 220, 279, 274, 7, 18.23%, 0, 0, 4, 108.87, 72096, 488, 0, 0
625, 0, 220, 280, 275, 7, 18.23%, 0, 0, 4, 108.52, 72647, 488, 0, 0
630, 0, 220, 281, 276, 7, 18.23%, 0, 0, 4, 108.49, 73198, 488, 0, 0
635, 0, 220, 281, 276, 7, 18.23%, 0, 0, 4, 108.35, 73748, 488, 0, 0
640, 0, 220, 282, 277, 7, 18.23%, 0, 0, 4, 108.55, 74299, 488, 0, 0
645, 0, 220, 282, 277, 7, 18.23%, 0, 0, 4, 107.93, 74849, 488, 0, 0
650, 0, 220, 283, 278, 7, 18.23%, 0, 0, 4, 108.10, 75400, 488, 0, 0
655, 0, 220, 283, 278, 7, 18.23%, 0, 0, 4, 107.43, 75950, 488, 0, 0
660, 0, 220, 283, 278, 7, 18.23%, 0, 0, 4, 108.18, 76500, 488, 0, 0
665, 0, 220, 283, 278, 7, 18.23%, 0, 0, 4, 108.00, 77050, 488, 0, 0
670, 0, 220, 283, 278, 7, 18.23%, 0, 0, 4, 107.99, 77600, 488, 0, 0
676, 0, 220, 283, 278, 7, 18.23%, 0, 0, 4, 108.30, 78150, 488, 0, 0
681, 0, 220, 283, 278, 7, 18.23%, 0, 0, 4, 107.98, 78700, 488, 0, 0
686, 0, 220, 283, 278, 7, 18.23%, 0, 0, 4, 108.15, 79250, 488, 0, 0
691, 0, 220, 283, 278, 7, 18.23%, 0, 0, 4, 108.22, 79800, 488, 0, 0
696, 0, 220, 283, 278, 7, 18.23%, 0, 0, 4, 108.51, 80350, 488, 0, 0
701, 0, 220, 284, 279, 7, 18.23%, 0, 0, 4, 108.21, 80901, 488, 0, 0
706, 0, 220, 284, 279, 7, 18.23%, 0, 0, 4, 108.65, 81451, 488, 0, 0
711, 0, 220, 284, 279, 7, 18.23%, 0, 0, 4, 108.46, 82001, 488, 0, 0
716, 0, 220, 284, 279, 7, 18.23%, 0, 0, 4, 108.52, 82553, 488, 0, 0
721, 0, 220, 284, 279, 7, 18.23%, 0, 0, 4, 108.17, 83103, 488, 0, 0
726, 0, 220, 284, 279, 7, 18.23%, 0, 0, 4, 107.76, 83653, 488, 0, 0
732, 0, 220, 284, 279, 7, 18.23%, 0, 0, 4, 107.91, 84203, 488, 0, 0
737, 0, 220, 284, 279, 7, 18.23%, 0, 0, 4, 107.90, 84753, 488, 0, 0
742, 0, 220, 285, 280, 7, 18.23%, 0, 0, 4, 105.02, 85296, 488, 0, 0
747, 0, 220, 287, 282, 7, 18.23%, 0, 0, 4, 107.43, 85850, 488, 0, 0
752, 0, 220, 287, 282, 7, 18.23%, 0, 0, 4, 107.69, 86400, 488, 0, 0
757, 0, 220, 288, 283, 7, 18.23%, 0, 0, 4, 108.23, 86951, 488, 0, 0
762, 0, 220, 288, 283, 7, 18.23%, 0, 0, 4, 108.24, 87501, 488, 0, 0
767, 0, 220, 289, 284, 7, 18.23%, 0, 0, 4, 108.44, 88052, 488, 0, 0
772, 0, 220, 289, 284, 7, 18.23%, 0, 0, 4, 108.19, 88602, 488, 0, 0
777, 0, 220, 289, 284, 7, 18.23%, 0, 0, 4, 108.31, 89152, 488, 0, 0
783, 0, 220, 289, 284, 7, 18.23%, 0, 0, 4, 107.83, 89702, 488, 0, 0
788, 0, 220, 289, 284, 7, 18.23%, 0, 0, 4, 108.45, 90252, 488, 0, 0
793, 0, 220, 289, 284, 7, 18.23%, 0, 0, 4, 108.05, 90802, 488, 0, 0
798, 0, 220, 290, 285, 7, 18.23%, 0, 0, 4, 108.29, 91353, 488, 0, 0
803, 0, 220, 290, 285, 7, 18.23%, 0, 0, 4, 108.13, 91903, 488, 0, 0
808, 0, 220, 290, 285, 7, 18.23%, 0, 0, 4, 108.52, 92453, 488, 0, 0
813, 0, 220, 290, 285, 7, 18.23%, 0, 0, 4, 108.11, 93003, 488, 0, 0
818, 0, 220, 290, 285, 7, 18.23%, 0, 0, 4, 108.32, 93553, 488, 0, 0
823, 0, 220, 290, 285, 7, 18.23%, 0, 0, 4, 108.33, 94103, 488, 0, 0
828, 0, 220, 290, 285, 7, 18.23%, 0, 0, 4, 108.61, 94653, 488, 0, 0
833, 0, 220, 290, 285, 7, 18.23%, 0, 0, 4, 108.23, 95203, 488, 0, 0
838, 0, 220, 290, 285, 7, 18.23%, 0, 0, 4, 108.75, 95753, 488, 0, 0
843, 0, 220, 291, 286, 7, 18.23%, 0, 0, 4, 108.41, 96304, 488, 0, 0
848, 0, 220, 291, 286, 7, 18.23%, 0, 0, 4, 108.54, 96854, 488, 0, 0
854, 0, 220, 292, 287, 7, 18.23%, 0, 0, 4, 108.20, 97405, 488, 0, 0
859, 0, 220, 292, 287, 7, 18.23%, 0, 0, 4, 108.36, 97955, 488, 0, 0
864, 0, 220, 292, 287, 7, 18.23%, 0, 0, 4, 108.35, 98505, 488, 0, 0
869, 0, 220, 292, 287, 7, 18.23%, 0, 0, 4, 108.32, 99055, 488, 0, 0
874, 0, 220, 292, 287, 7, 18.23%, 0, 0, 4, 107.52, 99605, 488, 0, 0
879, 0, 220, 292, 287, 7, 18.23%, 0, 0, 4, 107.68, 100155, 488, 0, 0
884, 0, 220, 292, 287, 7, 18.23%, 0, 0, 4, 108.07, 100705, 488, 0, 0
889, 0, 220, 292, 287, 7, 18.23%, 0, 0, 4, 108.07, 101255, 488, 0, 0
894, 0, 220, 293, 288, 7, 18.23%, 0, 0, 4, 108.14, 101806, 488, 0, 0
899, 0, 220, 293, 288, 7, 18.23%, 0, 0, 4, 108.59, 102356, 488, 0, 0
904, 0, 220, 293, 288, 7, 18.23%, 0, 0, 4, 108.36, 102906, 488, 0, 0
910, 0, 220, 293, 288, 7, 18.23%, 0, 0, 4, 108.74, 103456, 488, 0, 0
915, 0, 220, 293, 288, 7, 18.23%, 0, 0, 4, 99.82, 103955, 488, 0, 0
920, 0, 220, 293, 288, 7, 18.23%, 0, 0, 4, 106.55, 104503, 488, 0, 0
925, 0, 220, 293, 288, 7, 18.23%, 0, 0, 4, 107.91, 105053, 488, 0, 0
930, 0, 220, 294, 289, 7, 18.23%, 0, 0, 4, 108.38, 105604, 488, 0, 0
935, 0, 220, 294, 289, 7, 18.23%, 0, 0, 4, 108.26, 106154, 488, 0, 0
940, 0, 220, 294, 289, 7, 18.23%, 0, 0, 4, 108.85, 106704, 488, 0, 0
945, 0, 220, 294, 289, 7, 18.23%, 0, 0, 4, 108.58, 107254, 488, 0, 0
950, 0, 220, 294, 289, 7, 18.23%, 0, 0, 4, 108.47, 107804, 488, 0, 0
955, 0, 220, 294, 289, 7, 18.23%, 0, 0, 4, 108.29, 108354, 488, 0, 0
960, 0, 220, 294, 289, 7, 18.23%, 0, 0, 4, 108.47, 108904, 488, 0, 0
965, 0, 220, 294, 289, 7, 18.23%, 0, 0, 4, 108.19, 109454, 488, 0, 0
970, 0, 220, 294, 289, 7, 18.23%, 0, 0, 4, 108.12, 110004, 488, 0, 0
976, 0, 220, 295, 290, 7, 18.23%, 0, 0, 4, 108.50, 110555, 488, 0, 0
981, 0, 220, 295, 290, 7, 18.23%, 0, 0, 4, 108.25, 111105, 488, 0, 0
986, 0, 220, 295, 290, 7, 18.23%, 0, 0, 4, 108.38, 111655, 488, 0, 0
991, 0, 220, 295, 290, 7, 18.23%, 0, 0, 4, 108.49, 112205, 488, 0, 0
996, 0, 220, 295, 290, 7, 18.23%, 0, 0, 4, 108.75, 112755, 488, 0, 0
1001, 0, 220, 295, 290, 7, 18.23%, 0, 0, 4, 108.53, 113305, 488, 0, 0
1006, 0, 220, 295, 290, 7, 18.23%, 0, 0, 4, 108.91, 113855, 488, 0, 0
1011, 0, 220, 295, 290, 7, 18.23%, 0, 0, 4, 108.52, 114405, 488, 0, 0
1016, 0, 220, 295, 290, 7, 18.23%, 0, 0, 4, 107.87, 114953, 488, 0, 0
1021, 0, 220, 295, 290, 7, 18.23%, 0, 0, 4, 108.31, 115503, 488, 0, 0
1026, 0, 220, 295, 290, 7, 18.23%, 0, 0, 4, 108.36, 116053, 488, 0, 0
1031, 0, 220, 295, 290, 7, 18.23%, 0, 0, 4, 108.31, 116603, 488, 0, 0
1036, 0, 220, 295, 290, 7, 18.23%, 0, 0, 4, 108.56, 117153, 488, 0, 0
1041, 0, 220, 295, 290, 7, 18.23%, 0, 0, 4, 108.53, 117703, 488, 0, 0
1047, 0, 88, 296, 290, 7, 18.23%, 0, 0, 4, 109.99, 118265, 488, 0, 0
1052, 0, 265, 304, 297, 6, 18.38%, 0, 0, 5, 108.09, 118812, 492, 0, 0
1057, 0, 265, 310, 303, 6, 18.38%, 0, 0, 5, 107.69, 119370, 492, 0, 0
1062, 0, 265, 311, 304, 6, 18.38%, 0, 0, 5, 107.44, 119921, 492, 0, 0
1067, 0, 265, 313, 306, 6, 18.38%, 0, 0, 5, 107.35, 120477, 492, 0, 0
1072, 0, 265, 317, 310, 6, 18.38%, 0, 0, 5, 106.79, 121029, 492, 0, 0
1077, 0, 265, 319, 312, 6, 18.38%, 0, 0, 5, 106.83, 121565, 492, 0, 0
1083, 0, 265, 321, 314, 6, 18.38%, 0, 0, 5, 106.78, 122117, 492, 0, 0
1088, 0, 265, 321, 314, 6, 18.38%, 0, 0, 5, 106.67, 122667, 492, 0, 0
1093, 0, 265, 322, 315, 6, 18.38%, 0, 0, 5, 107.00, 123220, 492, 0, 0
1098, 0, 265, 323, 316, 6, 18.38%, 0, 0, 5, 107.39, 123771, 492, 0, 0
1103, 0, 265, 323, 316, 6, 18.38%, 0, 0, 5, 106.89, 124321, 492, 0, 0
1108, 0, 265, 325, 318, 6, 18.38%, 0, 0, 5, 107.27, 124873, 492, 0, 0
1113, 0, 265, 325, 318, 6, 18.38%, 0, 0, 5, 106.87, 125423, 492, 0, 0
1119, 0, 265, 327, 320, 6, 18.38%, 0, 0, 5, 107.21, 125975, 492, 0, 0
1124, 0, 265, 327, 320, 6, 18.38%, 0, 0, 5, 106.99, 126525, 492, 0, 0
1129, 0, 265, 327, 320, 6, 18.38%, 0, 0, 5, 107.27, 127075, 492, 0, 0
1134, 0, 265, 327, 320, 6, 18.38%, 0, 0, 5, 107.18, 127625, 492, 0, 0
1139, 0, 265, 328, 321, 6, 18.38%, 0, 0, 5, 107.31, 128176, 492, 0, 0
1144, 0, 265, 329, 322, 6, 18.38%, 0, 0, 5, 106.88, 128727, 492, 0, 0
1149, 0, 265, 329, 322, 6, 18.38%, 0, 0, 5, 107.40, 129277, 492, 0, 0
1154, 0, 265, 329, 322, 6, 18.38%, 0, 0, 5, 107.35, 129827, 492, 0, 0
1160, 0, 265, 329, 322, 6, 18.38%, 0, 0, 5, 107.44, 130377, 492, 0, 0
1165, 0, 265, 329, 322, 6, 18.38%, 0, 0, 5, 107.31, 130927, 492, 0, 0
1170, 0, 265, 329, 322, 6, 18.38%, 0, 0, 5, 107.51, 131477, 492, 0, 0
1175, 0, 225, 330, 319, 4, 18.38%, 0, 0, 5, 111.30, 132060, 492, 0, 0
1180, 0, 183, 331, 317, 2, 18.38%, 0, 0, 5, 111.08, 132640, 492, 0, 0
1185, 0, 321, 337, 322, 2, 18.38%, 0, 0, 6, 107.86, 133172, 492, 0, 0
1190, 0, 321, 342, 327, 2, 18.38%, 0, 0, 6, 106.30, 133705, 492, 0, 0
1195, 0, 321, 348, 333, 2, 18.38%, 0, 0, 6, 105.89, 134239, 492, 0, 0
1201, 0, 321, 348, 333, 2, 18.38%, 0, 0, 6, 105.73, 134789, 492, 0, 0
1206, 0, 321, 348, 333, 2, 18.38%, 0, 0, 6, 105.93, 135339, 492, 0, 0
1211, 0, 321, 349, 334, 2, 18.38%, 0, 0, 6, 105.85, 135872, 492, 0, 0
1216, 0, 321, 349, 334, 2, 18.38%, 0, 0, 6, 105.89, 136422, 492, 0, 0
1221, 0, 321, 349, 334, 2, 18.38%, 0, 0, 6, 104.39, 136946, 492, 0, 0
1226, 0, 321, 349, 334, 2, 18.38%, 0, 0, 6, 104.26, 137474, 492, 0, 0
1231, 0, 321, 349, 334, 2, 18.38%, 0, 0, 6, 104.57, 138002, 492, 0, 0
1236, 0, 321, 349, 334, 2, 18.38%, 0, 0, 6, 102.84, 138524, 492, 0, 0
1241, 0, 321, 349, 334, 2, 18.38%, 0, 0, 6, 100.16, 139026, 492, 0, 0
1246, 0, 321, 349, 334, 2, 18.38%, 0, 0, 6, 100.09, 139538, 492, 0, 0
1251, 0, 321, 349, 334, 2, 18.38%, 0, 0, 6, 102.73, 140062, 492, 0, 0
1256, 0, 321, 349, 334, 2, 18.38%, 0, 0, 6, 103.94, 140590, 492, 0, 0
1262, 0, 321, 349, 334, 2, 18.38%, 0, 0, 6, 104.10, 141118, 492, 0, 0
1267, 0, 321, 349, 334, 2, 18.38%, 0, 0, 6, 104.49, 141644, 492, 0, 0
1272, 0, 321, 349, 334, 2, 18.38%, 0, 0, 6, 105.10, 142172, 492, 0, 0
1277, 0, 321, 349, 334, 2, 18.38%, 0, 0, 6, 103.33, 142710, 492, 0, 0
1282, 0, 321, 349, 334, 2, 18.38%, 0, 0, 6, 102.64, 143218, 492, 0, 0
1287, 0, 321, 349, 334, 2, 18.38%, 0, 0, 6, 103.13, 143740, 492, 0, 0
1292, 0, 321, 349, 334, 2, 18.38%, 0, 0, 6, 104.32, 144268, 492, 0, 0
1297, 0, 321, 349, 334, 2, 18.38%, 0, 0, 6, 97.24, 144633, 492, 0, 0
1302, 0, 321, 349, 334, 2, 18.38%, 0, 0, 6, 97.56, 145135, 492, 0, 0
1307, 0, 321, 349, 334, 2, 18.38%, 0, 0, 6, 100.53, 145649, 492, 0, 0
1313, 0, 289, 349, 333, 2, 18.38%, 0, 0, 6, 11.99, 146184, 492, 0, 0
1318, 0, 88, 350, 332, 1, 18.38%, 0, 0, 6, 110.50, 146732, 492, 0, 0
6220, 0, 239, 350, 328, 1, 18.38%, 0, 0, 6, 0.00, 147248, 492, 0, 0
6225, 0, 200, 350, 327, 1, 18.38%, 0, 0, 6, 108.59, 147789, 492, 0, 0
6231, 0, 304, 350, 325, 1, 18.38%, 0, 0, 6, 104.92, 148318, 492, 0, 0
6236, 0, 304, 351, 326, 1, 18.38%, 0, 0, 6, 97.53, 148799, 492, 0, 0
6241, 0, 296, 351, 324, 0, 18.38%, 0, 0, 6, 89.40, 149239, 492, 0, 0
6246, 0, 156, 351, 322, 0, 18.38%, 0, 0, 6, 77.21, 149632, 492, 0, 0
8563, 0, 28, 351, 319, 0, 18.38%, 0, 0, 6, 0.01, 149952, 492, 0, 0
8569, 0, 206, 351, 317, 0, 18.38%, 0, 0, 6, 79.45, 150357, 492, 0, 0
8574, 0, 264, 351, 315, 0, 18.38%, 0, 0, 6, 73.82, 150733, 492, 0, 0
8579, 0, 180, 351, 313, 0, 18.38%, 0, 0, 6, 78.93, 151137, 492, 0, 0
8584, 0, 15, 351, 309, 0, 18.38%, 0, 0, 6, 77.66, 151551, 492, 0, 0
8589, 0, 304, 352, 309, 0, 18.38%, 0, 0, 6, 76.11, 151930, 492, 0, 0
8596, 0, 309, 352, 307, 0, 18.38%, 0, 0, 6, 3.60, 152356, 492, 0, 0
8601, 0, 309, 353, 308, 0, 18.38%, 0, 0, 6, 83.88, 152758, 492, 0, 0
8606, 0, 177, 353, 305, 0, 18.38%, 0, 0, 6, 81.97, 153179, 492, 0, 0
8612, 0, 312, 354, 305, 0, 18.38%, 0, 0, 6, 80.12, 153587, 492, 0, 0
8617, 0, 185, 354, 303, 0, 18.38%, 0, 0, 6, 81.99, 154008, 492, 0, 0
8622, 0, 188, 354, 300, 0, 18.38%, 0, 0, 6, 79.92, 154411, 492, 0, 0
8627, 0, 288, 354, 298, 0, 18.38%, 0, 0, 6, 78.01, 154819, 492, 0, 0
8632, 0, 82, 354, 297, 0, 18.38%, 0, 0, 6, 73.26, 155167, 492, 0, 0
8637, 0, 159, 354, 296, 0, 18.38%, 0, 0, 6, 81.68, 155576, 492, 0, 0
8643, 0, 207, 354, 292, 0, 18.38%, 0, 0, 6, 101.82, 155992, 492, 0, 0
8648, 0, 225, 354, 289, 0, 18.38%, 0, 0, 6, 105.08, 156539, 492, 0, 0
8653, 0, 301, 354, 288, 0, 18.38%, 0, 0, 6, 18.59, 157085, 492, 0, 0
11592, 0, 348, 354, 285, 0, 18.38%, 0, 0, 6, 0.00, 157472, 492, 0, 0
11597, 0, 225, 354, 283, 0, 18.38%, 0, 0, 6, 106.14, 157991, 492, 0, 0
11602, 0, 192, 354, 280, 0, 18.38%, 0, 0, 6, 88.64, 158431, 492, 0, 0
11607, 0, 304, 355, 280, 0, 18.38%, 0, 0, 6, 81.31, 158832, 492, 0, 0
11612, 0, 270, 355, 280, 0, 18.38%, 0, 0, 6, 79.72, 159255, 492, 0, 0
11618, 0, 270, 356, 281, 0, 18.38%, 0, 0, 6, 79.08, 159663, 492, 0, 0
12233, 0, 203, 356, 279, 0, 18.38%, 0, 0, 6, 0.03, 160026, 492, 0, 0
12238, 0, 282, 356, 278, 0, 18.38%, 0, 0, 6, 78.15, 160405, 492, 0, 0
12243, 0, 40, 356, 277, 0, 18.38%, 0, 0, 6, 79.30, 160816, 492, 0, 0
12248, 0, 220, 356, 274, 0, 18.38%, 0, 0, 6, 81.87, 161242, 492, 0, 0
12253, 0, 355, 356, 273, 0, 18.38%, 0, 0, 6, 106.62, 161659, 492, 0, 0
12258, 0, 355, 360, 277, 0, 18.38%, 0, 0, 6, 104.58, 162191, 492, 0, 0
13378, 0, 355, 360, 277, 0, 18.38%, 0, 0, 6, 0.01, 162587, 492, 0, 0
13383, 0, 355, 360, 277, 0, 18.38%, 0, 0, 6, 79.68, 162992, 492, 0, 0
13388, 0, 355, 360, 277, 0, 18.38%, 0, 0, 6, 76.91, 163387, 492, 0, 0
13393, 0, 355, 360, 277, 0, 18.38%, 0, 0, 6, 77.69, 163784, 492, 0, 0
13398, 0, 355, 361, 278, 0, 18.38%, 0, 0, 6, 62.68, 164115, 492, 0, 0
13403, 0, 355, 361, 278, 0, 18.38%, 0, 0, 6, 76.67, 164526, 492, 0, 0
13409, 0, 355, 361, 278, 0, 18.38%, 0, 0, 6, 78.13, 164926, 492, 0, 0
13414, 0, 355, 361, 278, 0, 18.38%, 0, 0, 6, 74.59, 165304, 492, 0, 0
13419, 0, 355, 361, 278, 0, 18.38%, 0, 0, 6, 86.62, 165742, 492, 0, 0
13424, 0, 355, 361, 278, 0, 18.38%, 0, 0, 6, 105.27, 166173, 492, 0, 0
13429, 0, 59, 361, 277, 0, 18.38%, 0, 0, 6, 109.04, 166718, 492, 0, 0
13434, 0, 262, 361, 275, 0, 18.38%, 0, 0, 6, 105.36, 167242, 492, 0, 0
15871, 0, 250, 361, 274, 0, 18.38%, 0, 0, 6, 0.01, 167543, 492, 0, 0
15876, 0, 310, 361, 273, 0, 18.38%, 0, 0, 6, 77.55, 167943, 492, 0, 0
15882, 0, 242, 361, 272, 0, 18.38%, 0, 0, 6, 69.13, 168284, 492, 0, 0
15887, 0, 160, 361, 268, 0, 18.38%, 0, 0, 6, 83.29, 168725, 492, 0, 0
15892, 0, 171, 361, 267, 0, 18.38%, 0, 0, 6, 83.46, 169148, 492, 0, 0
15897, 0, 277, 361, 265, 0, 18.38%, 0, 0, 6, 82.60, 169573, 492, 0, 0
15902, 0, 296, 361, 264, 0, 18.38%, 0, 0, 6, 80.59, 169991, 492, 0, 0
15907, 0, 260, 361, 263, 0, 18.38%, 0, 0, 6, 77.76, 170391, 492, 0, 0
15912, 0, 25, 362, 262, 0, 18.42%, 0, 0, 6, 20.90, 170796, 493, 0, 0
15918, 0, 111, 362, 260, 0, 18.42%, 0, 0, 6, 85.92, 171340, 493, 0, 0
15923, 0, 128, 362, 257, 0, 18.42%, 0, 0, 6, 106.21, 171902, 493, 0, 0
15928, 0, 54, 362, 253, 0, 18.42%, 0, 0, 6, 112.16, 172457, 493, 0, 0
19527, 0, 357, 362, 252, 0, 18.42%, 0, 0, 6, 0.01, 172713, 493, 0, 0
19532, 0, 88, 362, 250, 0, 18.42%, 0, 0, 6, 89.98, 173165, 493, 0, 0
19537, 0, 122, 362, 248, 0, 18.42%, 0, 0, 6, 82.45, 173584, 493, 0, 0
19542, 0, 162, 362, 245, 0, 18.42%, 0, 0, 6, 81.92, 173998, 493, 0, 0
19547, 0, 7, 362, 243, 0, 18.42%, 0, 0, 6, 81.09, 174426, 493, 0, 0
19553, 0, 294, 362, 241, 0, 18.42%, 0, 0, 6, 81.24, 174846, 493, 0, 0
19558, 0, 188, 362, 238, 0, 18.42%, 0, 0, 6, 81.62, 175266, 493, 0, 0
19563, 0, 196, 362, 237, 0, 18.42%, 0, 0, 6, 79.71, 175678, 493, 0, 0
19568, 0, 286, 362, 234, 0, 18.42%, 0, 0, 6, 79.72, 176083, 493, 0, 0
19573, 0, 78, 363, 234, 0, 18.42%, 0, 0, 6, 92.97, 176561, 493, 0, 0
19578, 0, 351, 363, 231, 0, 18.42%, 0, 0, 6, 101.42, 177086, 493, 0, 0
19583, 0, 351, 365, 233, 0, 18.42%, 0, 0, 7, 103.80, 177599, 493, 0, 0
22474, 0, 351, 367, 235, 0, 18.42%, 0, 0, 7, 0.01, 177961, 493, 0, 0
22479, 0, 351, 367, 235, 0, 18.42%, 0, 0, 7, 95.18, 178457, 493, 0, 0
22484, 0, 351, 369, 237, 0, 18.42%, 0, 0, 7, 80.51, 178860, 493, 0, 0
22490, 0, 351, 369, 237, 0, 18.42%, 0, 0, 7, 77.69, 179252, 493, 0, 0
22495, 0, 351, 370, 238, 0, 18.42%, 0, 0, 7, 74.35, 179633, 493, 0, 0
22500, 0, 351, 370, 238, 0, 18.42%, 0, 0, 7, 76.13, 180026, 493, 0, 0
23214, 0, 351, 371, 239, 0, 18.42%, 0, 0, 7, 0.01, 180334, 493, 0, 0
23219, 0, 351, 372, 240, 0, 18.42%, 0, 0, 7, 72.03, 180674, 493, 0, 0
23224, 0, 351, 374, 242, 0, 18.42%, 0, 0, 7, 75.79, 181060, 493, 0, 0
23229, 0, 351, 376, 244, 0, 18.45%, 0, 0, 7, 77.34, 181455, 494, 0, 0
23234, 0, 351, 376, 244, 0, 18.45%, 0, 0, 7, 97.66, 181966, 494, 0, 0
23239, 0, 351, 376, 244, 0, 18.45%, 0, 0, 7, 102.35, 182478, 494, 0, 0
26207, 0, 351, 376, 244, 0, 18.45%, 0, 0, 7, 0.00, 182944, 494, 0, 0
26212, 0, 351, 376, 244, 0, 18.45%, 0, 0, 7, 103.29, 183456, 494, 0, 0
26217, 0, 351, 376, 244, 0, 18.45%, 0, 0, 7, 88.92, 183919, 494, 0, 0
26222, 0, 351, 376, 244, 0, 18.45%, 0, 0, 7, 80.31, 184322, 494, 0, 0
26228, 0, 351, 376, 244, 0, 18.45%, 0, 0, 7, 63.72, 184642, 494, 0, 0
26233, 0, 351, 376, 244, 0, 18.45%, 0, 0, 7, 74.87, 185043, 494, 0, 0
26330, 0, 351, 376, 244, 0, 18.45%, 0, 0, 7, 0.09, 185382, 494, 0, 0
26335, 0, 351, 376, 244, 0, 18.45%, 0, 0, 7, 77.16, 185776, 494, 0, 0
26340, 0, 351, 376, 244, 0, 18.45%, 0, 0, 7, 78.22, 186180, 494, 0, 0
26345, 0, 351, 376, 244, 0, 18.45%, 0, 0, 7, 74.61, 186562, 494, 0, 0
26350, 0, 375, 376, 243, 1, 18.45%, 0, 0, 7, 89.72, 187011, 494, 0, 0
26355, 0, 375, 387, 254, 1, 18.49%, 0, 0, 8, 85.93, 187473, 495, 0, 0
26854, 0, 375, 387, 254, 1, 18.49%, 0, 0, 8, 0.01, 187829, 495, 0, 0
26859, 0, 375, 390, 257, 1, 18.49%, 0, 0, 8, 67.27, 188182, 495, 0, 0
26864, 0, 375, 391, 258, 1, 18.49%, 0, 0, 8, 72.03, 188545, 495, 0, 0
26869, 0, 375, 393, 260, 1, 18.49%, 0, 0, 8, 75.61, 188930, 495, 0, 0
26874, 0, 375, 393, 260, 1, 18.49%, 0, 0, 8, 78.48, 189333, 495, 0, 0
26879, 0, 375, 394, 261, 1, 18.49%, 0, 0, 8, 78.03, 189726, 495, 0, 0
26885, 0, 375, 394, 261, 1, 18.49%, 0, 0, 8, 72.29, 190099, 495, 0, 0
26890, 0, 375, 396, 263, 1, 18.49%, 0, 0, 8, 76.56, 190490, 495, 0, 0
26895, 0, 375, 396, 263, 1, 18.49%, 0, 0, 8, 98.76, 191019, 495, 0, 0
26900, 0, 375, 397, 264, 1, 18.49%, 0, 0, 8, 103.20, 191546, 495, 0, 0
26905, 0, 375, 397, 264, 1, 18.49%, 0, 0, 8, 104.04, 192062, 495, 0, 0
26910, 0, 375, 399, 266, 1, 18.49%, 0, 0, 8, 104.83, 192498, 495, 0, 0
30510, 0, 375, 400, 267, 1, 18.49%, 0, 0, 8, 0.00, 192826, 495, 0, 0
30515, 0, 375, 400, 267, 1, 18.49%, 0, 0, 8, 77.19, 193227, 495, 0, 0
30521, 0, 375, 400, 267, 1, 18.49%, 0, 0, 8, 78.98, 193633, 495, 0, 0
30526, 0, 375, 400, 267, 1, 18.49%, 0, 0, 8, 65.08, 193969, 495, 0, 0
30531, 0, 375, 400, 267, 1, 18.49%, 0, 0, 8, 74.59, 194354, 495, 0, 0
30536, 0, 375, 400, 267, 1, 18.49%, 0, 0, 8, 77.30, 194756, 495, 0, 0
30541, 0, 375, 400, 267, 1, 18.49%, 0, 0, 8, 78.79, 195162, 495, 0, 0
30546, 0, 375, 400, 267, 1, 18.49%, 0, 0, 8, 74.17, 195536, 495, 0, 0
30551, 0, 375, 400, 267, 1, 18.49%, 0, 0, 8, 89.84, 195987, 495, 0, 0
30556, 0, 375, 400, 267, 1, 18.49%, 0, 0, 8, 101.91, 196497, 495, 0, 0
30561, 0, 375, 401, 268, 1, 18.49%, 0, 0, 8, 95.30, 196974, 495, 0, 0
30566, 0, 375, 401, 268, 1, 18.49%, 0, 0, 8, 82.09, 197375, 495, 0, 0
31816, 0, 375, 402, 269, 1, 18.49%, 0, 0, 8, 0.00, 197677, 495, 0, 0
31821, 0, 375, 402, 269, 1, 18.49%, 0, 0, 8, 72.18, 198028, 495, 0, 0
31826, 0, 375, 403, 270, 1, 18.49%, 0, 0, 8, 76.25, 198423, 495, 0, 0
31831, 0, 375, 403, 270, 1, 18.49%, 0, 0, 8, 71.28, 198783, 495, 0, 0
31836, 0, 375, 403, 270, 1, 18.49%, 0, 0, 8, 76.49, 199177, 495, 0, 0
31842, 0, 375, 403, 270, 1, 18.49%, 0, 0, 8, 74.67, 199563, 495, 0, 0
31847, 0, 375, 403, 270, 1, 18.49%, 0, 0, 8, 75.17, 199953, 495, 0, 0
31852, 0, 376, 404, 270, 2, 18.49%, 0, 0, 8, 82.33, 200385, 495, 0, 0
31857, 0, 376, 404, 270, 2, 18.49%, 0, 0, 8, 96.27, 200907, 495, 0, 0
31863, 0, 363, 404, 269, 1, 18.49%, 0, 0, 8, 103.38, 201522, 495, 0, 0
31869, 0, 336, 404, 267, 1, 18.49%, 0, 0, 8, 106.56, 202180, 495, 0, 0
31874, 0, 377, 404, 266, 1, 18.49%, 0, 0, 8, 107.56, 202785, 495, 0, 0
32512, 0, 377, 404, 266, 1, 18.49%, 0, 0, 8, 0.03, 202959, 495, 0, 0
32517, 0, 43, 404, 264, 0, 18.49%, 0, 0, 8, 108.82, 203512, 495, 0, 0
32522, 0, 141, 404, 262, 0, 18.49%, 0, 0, 8, 111.45, 204098, 495, 0, 0
32527, 0, 341, 404, 261, 0, 18.49%, 0, 0, 8, 109.77, 204657, 495, 0, 0
32533, 0, 391, 404, 260, 0, 18.49%, 0, 0, 8, 108.78, 205220, 495, 0, 0
32538, 0, 334, 404, 259, 0, 18.49%, 0, 0, 8, 108.74, 205770, 495, 0, 0
32543, 0, 171, 404, 258, 0, 18.49%, 0, 0, 8, 109.89, 206340, 495, 0, 0
32548, 0, 295, 404, 257, 0, 18.49%, 0, 0, 8, 110.77, 206896, 495, 0, 0
32553, 0, 388, 404, 256, 0, 18.49%, 0, 0, 8, 110.40, 207458, 495, 0, 0
32560, 0, 253, 404, 255, 0, 18.49%, 0, 0, 8, 107.50, 208177, 495, 0, 0
32567, 0, 342, 404, 253, 0, 18.49%, 0, 0, 8, 111.07, 208928, 495, 0, 0
32573, 0, 316, 404, 252, 0, 18.49%, 0, 0, 8, 110.53, 209613, 495, 0, 0
32578, 0, 57, 404, 249, 0, 18.49%, 0, 0, 8, 113.78, 210198, 495, 0, 0
32583, 0, 179, 404, 247, 0, 18.49%, 0, 0, 8, 116.71, 210806, 495, 0, 0
32589, 0, 274, 404, 246, 0, 18.49%, 0, 0, 8, 116.57, 211542, 495, 0, 0
32595, 0, 365, 404, 245, 0, 18.49%, 0, 0, 8, 112.25, 212127, 495, 0, 0
32601, 0, 298, 404, 243, 0, 18.49%, 0, 0, 8, 111.97, 212826, 495, 0, 0
32606, 0, 280, 404, 242, 0, 18.49%, 0, 0, 8, 111.58, 213388, 495, 0, 0
32611, 0, 88, 404, 240, 0, 18.49%, 0, 0, 8, 114.65, 213961, 495, 0, 0
32616, 0, 387, 405, 240, 0, 18.49%, 0, 0, 9, 111.92, 214545, 495, 0, 0
32621, 0, 387, 407, 242, 0, 18.49%, 0, 0, 9, 108.87, 215097, 495, 0, 0
32627, 0, 387, 408, 243, 0, 18.49%, 0, 0, 9, 108.64, 215648, 495, 0, 0
32632, 0, 387, 408, 243, 0, 18.49%, 0, 0, 9, 108.27, 216198, 495, 0, 0
32637, 0, 387, 409, 244, 0, 18.49%, 0, 0, 9, 108.00, 216749, 495, 0, 0
32642, 0, 387, 409, 244, 0, 18.49%, 0, 0, 9, 107.71, 217299, 495, 0, 0
32647, 0, 387, 409, 244, 0, 18.49%, 0, 0, 9, 108.09, 217849, 495, 0, 0
32652, 0, 237, 409, 243, 0, 18.49%, 0, 0, 9, 109.74, 218421, 495, 0, 0
32657, 0, 381, 409, 241, 0, 18.49%, 0, 0, 9, 108.79, 218975, 495, 0, 0
32662, 0, 381, 410, 242, 0, 18.49%, 0, 0, 9, 108.79, 219528, 495, 0, 0
32667, 0, 371, 410, 241, 0, 18.49%, 0, 0, 9, 107.91, 220078, 495, 0, 0
32674, 0, 306, 410, 240, 0, 18.49%, 0, 0, 9, 108.98, 220845, 495, 0, 0
32679, 0, 347, 410, 238, 0, 18.49%, 0, 0, 9, 110.81, 221417, 495, 0, 0
32685, 0, 252, 410, 237, 0, 18.49%, 0, 0, 9, 110.48, 222019, 495, 0, 0
32690, 0, 273, 410, 236, 0, 18.49%, 0, 0, 9, 111.72, 222587, 495, 0, 0
32695, 0, 293, 410, 235, 0, 18.49%, 0, 0, 9, 112.12, 223160, 495, 0, 0
32700, 0, 269, 410, 234, 0, 18.49%, 0, 0, 9, 112.92, 223732, 495, 0, 0
32705, 0, 210, 410, 231, 0, 18.49%, 0, 0, 9, 113.52, 224303, 495, 0, 0
32710, 0, 23, 410, 230, 0, 18.49%, 0, 0, 9, 112.99, 224883, 495, 0, 0
32715, 0, 372, 410, 228, 0, 18.49%, 0, 0, 9, 112.63, 225459, 495, 0, 0
32721, 0, 229, 410, 227, 0, 18.49%, 0, 0, 9, 110.50, 226081, 495, 0, 0
32726, 0, 304, 410, 225, 0, 18.49%, 0, 0, 9, 108.31, 226630, 495, 0, 0
32732, 0, 366, 410, 225, 0, 18.49%, 0, 0, 9, 108.65, 227219, 495, 0, 0
32737, 0, 377, 411, 225, 0, 18.49%, 0, 0, 9, 108.45, 227770, 495, 0, 0
32742, 0, 98, 411, 225, 0, 18.49%, 0, 0, 9, 110.57, 228331, 495, 0, 0
32747, 0, 373, 411, 223, 0, 18.49%, 0, 0, 9, 110.25, 228892, 495, 0, 0
32752, 0, 373, 411, 223, 0, 18.49%, 0, 0, 9, 109.21, 229450, 495, 0, 0
32757, 0, 357, 411, 221, 0, 18.49%, 0, 0, 9, 111.97, 230037, 495, 0, 0
32762, 0, 84, 411, 220, 0, 18.49%, 0, 0, 9, 111.99, 230602, 495, 0, 0
32767, 0, 359, 411, 219, 0, 18.49%, 0, 0, 9, 110.45, 231165, 495, 0, 0
32772, 0, 304, 411, 218, 0, 18.49%, 0, 0, 9, 109.22, 231717, 495, 0, 0
32778, 0, 398, 412, 219, 0, 18.49%, 0, 0, 9, 108.20, 232337, 495, 0, 0
32783, 0, 398, 415, 222, 0, 18.49%, 0, 0, 9, 108.12, 232888, 495, 0, 0
32788, 0, 398, 416, 223, 0, 18.49%, 0, 0, 9, 107.72, 233441, 495, 0, 0
32794, 0, 398, 419, 226, 0, 18.49%, 0, 0, 9, 108.05, 233994, 495, 0, 0
32799, 0, 398, 419, 226, 0, 18.49%, 0, 0, 9, 107.84, 234544, 495, 0, 0
32804, 0, 398, 419, 226, 0, 18.49%, 0, 0, 9, 108.22, 235094, 495, 0, 0
32809, 0, 398, 419, 226, 0, 18.49%, 0, 0, 9, 106.88, 235644, 495, 0, 0
32814, 0, 398, 419, 226, 0, 18.49%, 0, 0, 9, 107.50, 236194, 495, 0, 0
32819, 0, 398, 419, 226, 0, 18.49%, 0, 0, 9, 106.58, 236744, 495, 0, 0
32824, 0, 398, 419, 226, 0, 18.49%, 0, 0, 9, 106.89, 237294, 495, 0, 0
32829, 0, 398, 419, 226, 0, 18.49%, 0, 0, 9, 107.05, 237844, 495, 0, 0
32834, 0, 398, 419, 226, 0, 18.49%, 0, 0, 9, 107.54, 238394, 495, 0, 0
32840, 0, 398, 419, 226, 0, 18.49%, 0, 0, 9, 107.47, 238944, 495, 0, 0
32845, 0, 398, 419, 226, 0, 18.49%, 0, 0, 9, 106.88, 239494, 495, 0, 0
32850, 0, 398, 419, 226, 0, 18.49%, 0, 0, 9, 107.30, 240042, 495, 0, 0
32855, 0, 398, 419, 226, 0, 18.49%, 0, 0, 9, 107.84, 240592, 495, 0, 0
32860, 0, 398, 419, 226, 0, 18.49%, 0, 0, 9, 107.43, 241142, 495, 0, 0
32865, 0, 398, 419, 226, 0, 18.49%, 0, 0, 9, 107.27, 241692, 495, 0, 0
32870, 0, 72, 419, 225, 0, 18.49%, 0, 0, 9, 109.04, 242240, 495, 0, 0
32875, 0, 60, 419, 222, 0, 18.49%, 0, 0, 9, 109.66, 242809, 495, 0, 0
32881, 0, 63, 419, 220, 0, 18.49%, 0, 0, 9, 110.28, 243379, 495, 0, 0
32886, 0, 316, 419, 218, 0, 18.49%, 0, 0, 9, 109.95, 243949, 495, 0, 0
32891, 0, 256, 419, 218, 0, 18.49%, 0, 0, 9, 109.58, 244506, 495, 0, 0
32896, 0, 327, 419, 216, 0, 18.49%, 0, 0, 9, 109.87, 245069, 495, 0, 0
32901, 0, 74, 419, 214, 0, 18.49%, 0, 0, 9, 109.88, 245629, 495, 0, 0
32906, 0, 350, 420, 214, 0, 18.49%, 0, 0, 9, 108.74, 246179, 495, 0, 0
32911, 0, 211, 420, 213, 0, 18.49%, 0, 0, 9, 109.12, 246741, 495, 0, 0
32916, 0, 147, 420, 212, 0, 18.49%, 0, 0, 9, 112.12, 247327, 495, 0, 0
32923, 0, 282, 420, 211, 0, 18.49%, 0, 0, 9, 112.08, 248011, 495, 0, 0
32929, 0, 395, 421, 211, 0, 18.49%, 0, 0, 9, 108.34, 248746, 495, 0, 0
32934, 0, 377, 421, 209, 0, 18.49%, 0, 0, 9, 109.83, 249294, 495, 0, 0
32940, 0, 230, 421, 209, 0, 18.49%, 0, 0, 9, 108.69, 249848, 495, 0, 0
32945, 0, 57, 421, 207, 0, 18.49%, 0, 0, 9, 112.81, 250438, 495, 0, 0
32950, 0, 57, 421, 206, 0, 18.49%, 0, 0, 9, 112.62, 251001, 495, 0, 0
32955, 0, 415, 421, 206, 0, 18.49%, 0, 0, 9, 109.93, 251569, 495, 0, 0
32960, 0, 415, 421, 206, 0, 18.49%, 0, 0, 9, 107.61, 252119, 495, 0, 0
32965, 0, 184, 421, 204, 0, 18.49%, 0, 0, 9, 109.67, 252684, 495, 0, 0
32970, 0, 283, 421, 203, 0, 18.49%, 0, 0, 9, 109.26, 253241, 495, 0, 0
32976, 0, 396, 421, 201, 0, 18.49%, 0, 0, 9, 108.54, 253868, 495, 0, 0
32981, 0, 381, 421, 199, 0, 18.49%, 0, 0, 9, 108.24, 254413, 495, 0, 0
32986, 0, 68, 421, 199, 0, 18.49%, 0, 0, 9, 110.75, 254965, 495, 0, 0
32991, 0, 289, 421, 198, 0, 18.49%, 0, 0, 9, 106.91, 255488, 495, 0, 0
32996, 0, 96, 421, 198, 0, 18.49%, 0, 0, 9, 106.67, 256042, 495, 0, 0
33002, 0, 315, 421, 197, 0, 18.49%, 0, 0, 9, 107.80, 256634, 495, 0, 0
33007, 0, 377, 421, 195, 0, 18.49%, 0, 0, 9, 108.58, 257182, 495, 0, 0
33012, 0, 58, 421, 194, 0, 18.49%, 0, 0, 9, 110.15, 257737, 495, 0, 0
33017, 0, 57, 421, 192, 0, 18.49%, 0, 0, 9, 111.05, 258306, 495, 0, 0
33022, 0, 329, 421, 192, 0, 18.49%, 0, 0, 9, 111.10, 258867, 495, 0, 0
33029, 0, 404, 421, 191, 0, 18.49%, 0, 0, 9, 108.39, 259567, 495, 0, 0
33034, 0, 404, 423, 193, 0, 18.49%, 0, 0, 10, 105.35, 260093, 495, 0, 0
33039, 0, 404, 423, 193, 0, 18.49%, 0, 0, 10, 105.46, 260621, 495, 0, 0
33045, 0, 317, 423, 192, 0, 18.49%, 0, 0, 10, 106.19, 261317, 495, 0, 0
33050, 0, 290, 423, 191, 0, 18.49%, 0, 0, 10, 106.68, 261864, 495, 0, 0
33056, 0, 11, 423, 189, 0, 18.49%, 0, 0, 10, 109.08, 262426, 495, 0, 0
33061, 0, 142, 423, 186, 0, 18.49%, 0, 0, 10, 109.43, 262983, 495, 0, 0
33066, 0, 371, 423, 183, 0, 18.49%, 0, 0, 10, 109.23, 263540, 495, 0, 0
33071, 0, 289, 423, 183, 0, 18.49%, 0, 0, 10, 107.95, 264081, 495, 0, 0
33076, 0, 289, 423, 181, 0, 18.49%, 0, 0, 10, 109.68, 264646, 495, 0, 0
33082, 0, 272, 423, 180, 0, 18.49%, 0, 0, 10, 110.27, 265350, 495, 0, 0
33087, 0, 136, 423, 179, 0, 18.49%, 0, 0, 10, 112.33, 265928, 495, 0, 0
33093, 0, 377, 423, 179, 0, 18.49%, 0, 0, 10, 107.82, 266480, 495, 0, 0
33098, 0, 339, 423, 178, 0, 18.49%, 0, 0, 10, 108.60, 267022, 495, 0, 0
33103, 0, 387, 424, 178, 0, 18.49%, 0, 0, 10, 107.14, 267579, 495, 0, 0
33108, 0, 377, 424, 177, 0, 18.49%, 0, 0, 10, 107.52, 268129, 495, 0, 0
33115, 0, 390, 424, 177, 0, 18.49%, 0, 0, 10, 106.69, 268848, 495, 0, 0
33120, 0, 324, 424, 176, 0, 18.49%, 0, 0, 10, 106.50, 269404, 495, 0, 0
33125, 0, 344, 424, 175, 0, 18.49%, 0, 0, 10, 107.61, 269960, 495, 0, 0
33130, 0, 179, 424, 174, 0, 18.49%, 0, 0, 10, 108.64, 270515, 495, 0, 0
33135, 0, 188, 424, 174, 0, 18.49%, 0, 0, 10, 109.70, 271089, 495, 0, 0
33140, 0, 126, 424, 173, 0, 18.49%, 0, 0, 10, 108.40, 271628, 495, 0, 0
33146, 0, 344, 424, 173, 0, 18.49%, 0, 0, 10, 108.16, 272192, 495, 0, 0
33151, 0, 309, 424, 173, 0, 18.49%, 0, 0, 10, 109.83, 272748, 495, 0, 0
33156, 0, 386, 424, 173, 0, 18.49%, 0, 0, 10, 108.41, 273338, 495, 0, 0
33162, 0, 356, 424, 172, 0, 18.49%, 0, 0, 10, 108.37, 274021, 495, 0, 0
33169, 1, 393, 424, 171, 0, 18.49%, 0, 0, 10, 107.14, 274750, 495, 0, 0
33174, 1, 400, 425, 171, 0, 18.49%, 0, 0, 10, 106.30, 275299, 495, 0, 0
33179, 1, 400, 427, 173, 0, 18.49%, 0, 0, 10, 105.84, 275830, 495, 0, 0
33185, 1, 400, 428, 174, 0, 18.49%, 0, 0, 10, 106.12, 276381, 495, 0, 0
33190, 1, 198, 428, 172, 0, 18.49%, 0, 0, 10, 107.49, 276922, 495, 0, 0
33195, 1, 414, 428, 170, 0, 18.49%, 0, 0, 10, 108.73, 277467, 495, 0, 0
33200, 1, 414, 429, 171, 0, 18.49%, 0, 0, 10, 106.56, 278006, 495, 0, 0
33205, 1, 414, 430, 172, 0, 18.49%, 0, 0, 10, 105.59, 278541, 495, 0, 0
33210, 1, 414, 431, 173, 0, 18.49%, 0, 0, 10, 104.81, 279068, 495, 0, 0
33215, 1, 414, 431, 173, 0, 18.49%, 0, 0, 10, 105.42, 279596, 495, 0, 0
33220, 1, 414, 431, 173, 0, 18.49%, 0, 0, 10, 105.61, 280124, 495, 0, 0
33225, 1, 360, 431, 172, 0, 18.49%, 0, 0, 10, 105.29, 280703, 495, 0, 0
33230, 1, 304, 431, 170, 0, 18.49%, 0, 0, 10, 108.19, 281248, 495, 0, 0
33237, 1, 322, 431, 170, 0, 18.49%, 0, 0, 10, 104.74, 281893, 495, 0, 0
33243, 1, 424, 431, 169, 0, 18.49%, 0, 0, 10, 103.99, 282582, 495, 0, 0
33248, 1, 424, 435, 173, 0, 18.57%, 0, 0, 10, 103.98, 283110, 497, 0, 0
33253, 1, 424, 436, 174, 0, 18.57%, 0, 0, 10, 95.88, 283597, 497, 0, 0
33259, 1, 424, 438, 176, 0, 18.57%, 0, 0, 10, 99.06, 284104, 497, 0, 0
33264, 1, 424, 441, 179, 0, 18.57%, 0, 0, 10, 103.41, 284628, 497, 0, 0
33269, 1, 424, 442, 180, 0, 18.57%, 0, 0, 10, 103.42, 285153, 497, 0, 0
33274, 1, 424, 443, 181, 0, 18.57%, 0, 0, 10, 104.70, 285680, 497, 0, 0
33279, 1, 424, 443, 181, 0, 18.57%, 0, 0, 10, 104.73, 286208, 497, 0, 0
33284, 1, 424, 446, 184, 0, 18.57%, 0, 0, 10, 104.94, 286741, 497, 0, 0
33289, 1, 424, 446, 184, 0, 18.57%, 0, 0, 10, 104.68, 287269, 497, 0, 0
33294, 1, 424, 446, 184, 0, 18.57%, 0, 0, 10, 104.62, 287817, 497, 0, 0
33299, 1, 424, 447, 185, 0, 18.57%, 0, 0, 10, 103.43, 288339, 497, 0, 0
33304, 1, 424, 447, 185, 0, 18.57%, 0, 0, 10, 104.47, 288866, 497, 0, 0
33309, 1, 424, 447, 185, 0, 18.57%, 0, 0, 10, 104.98, 289394, 497, 0, 0
33314, 1, 424, 447, 185, 0, 18.57%, 0, 0, 10, 105.63, 289944, 497, 0, 0
33319, 1, 424, 448, 186, 0, 18.57%, 0, 0, 10, 105.38, 290477, 497, 0, 0
33325, 1, 424, 448, 186, 0, 18.57%, 0, 0, 10, 105.20, 291005, 497, 0, 0
33330, 1, 424, 448, 186, 0, 18.57%, 0, 0, 10, 104.75, 291529, 497, 0, 0
33335, 1, 424, 448, 186, 0, 18.57%, 0, 0, 10, 105.43, 292079, 497, 0, 0
33340, 1, 445, 448, 185, 1, 18.57%, 0, 0, 10, 104.39, 292605, 497, 0, 0
33345, 1, 449, 450, 186, 1, 18.57%, 0, 0, 11, 104.30, 293147, 497, 0, 0
33350, 1, 449, 452, 188, 1, 18.57%, 0, 0, 12, 101.45, 293672, 497, 0, 0
33355, 1, 449, 455, 191, 1, 18.57%, 0, 0, 12, 103.44, 294205, 497, 0, 0
33360, 1, 449, 458, 194, 1, 18.57%, 0, 0, 12, 104.02, 294731, 497, 0, 0
33365, 1, 449, 459, 195, 1, 18.57%, 0, 0, 12, 104.74, 295258, 497, 0, 0
33370, 1, 449, 461, 197, 1, 18.57%, 0, 0, 12, 104.18, 295786, 497, 0, 0
33376, 1, 449, 461, 197, 1, 18.57%, 0, 0, 12, 104.34, 296312, 497, 0, 0
33381, 1, 449, 461, 197, 1, 18.57%, 0, 0, 12, 104.38, 296840, 497, 0, 0
33386, 1, 449, 461, 197, 1, 18.57%, 0, 0, 12, 104.69, 297368, 497, 0, 0
33391, 1, 449, 461, 197, 1, 18.57%, 0, 0, 12, 104.33, 297894, 497, 0, 0
33396, 1, 449, 462, 198, 1, 18.57%, 0, 0, 12, 103.60, 298419, 497, 0, 0
33401, 1, 449, 462, 198, 1, 18.57%, 0, 0, 12, 104.04, 298947, 497, 0, 0
33406, 1, 449, 462, 198, 1, 18.57%, 0, 0, 12, 104.31, 299475, 497, 0, 0
33411, 1, 449, 462, 198, 1, 18.57%, 0, 0, 12, 104.15, 300001, 497, 0, 0
33416, 1, 449, 462, 198, 1, 18.57%, 0, 0, 12, 104.01, 300529, 497, 0, 0
33421, 1, 449, 463, 199, 1, 18.57%, 0, 0, 12, 104.09, 301056, 497, 0, 0
33426, 1, 449, 464, 200, 1, 18.57%, 0, 0, 12, 103.17, 301575, 497, 0, 0
33431, 1, 449, 465, 201, 1, 18.57%, 0, 0, 12, 103.39, 302098, 497, 0, 0
33436, 1, 449, 465, 201, 1, 18.57%, 0, 0, 12, 104.09, 302622, 497, 0, 0
33441, 1, 449, 465, 201, 1, 18.57%, 0, 0, 12, 104.23, 303150, 497, 0, 0
33446, 1, 449, 465, 201, 1, 18.57%, 0, 0, 12, 103.91, 303674, 497, 0, 0
33451, 1, 449, 466, 202, 1, 18.57%, 0, 0, 12, 104.33, 304201, 497, 0, 0
33456, 1, 449, 466, 202, 1, 18.57%, 0, 0, 12, 103.33, 304727, 497, 0, 0
33462, 1, 449, 467, 203, 1, 18.57%, 0, 0, 12, 103.72, 305254, 497, 0, 0
33467, 1, 449, 467, 203, 1, 18.57%, 0, 0, 12, 104.31, 305780, 497, 0, 0
33472, 1, 449, 468, 204, 1, 18.57%, 0, 0, 12, 102.53, 306293, 497, 0, 0
33477, 1, 449, 468, 204, 1, 18.57%, 0, 0, 12, 103.73, 306819, 497, 0, 0
33482, 1, 449, 468, 204, 1, 18.57%, 0, 0, 12, 102.92, 307343, 497, 0, 0
33487, 1, 319, 468, 202, 0, 18.57%, 0, 0, 12, 106.29, 307891, 497, 0, 0
33492, 1, 410, 468, 199, 0, 18.57%, 0, 0, 12, 107.58, 308433, 497, 0, 0
33497, 1, 410, 468, 199, 0, 18.57%, 0, 0, 12, 106.13, 308973, 497, 0, 0
33503, 1, 455, 469, 199, 0, 18.57%, 0, 0, 13, 104.82, 309659, 497, 0, 0
33509, 1, 240, 469, 197, 0, 18.57%, 0, 0, 13, 105.92, 310195, 497, 0, 0
33515, 1, 300, 469, 196, 0, 18.57%, 0, 0, 13, 106.56, 310923, 497, 0, 0
33521, 1, 368, 469, 195, 0, 18.57%, 0, 0, 13, 105.52, 311508, 497, 0, 0
33526, 1, 460, 469, 194, 0, 18.57%, 0, 0, 13, 101.24, 312020, 497, 0, 0
33531, 1, 460, 469, 194, 0, 18.57%, 0, 0, 13, 101.28, 312542, 497, 0, 0
33536, 1, 397, 470, 194, 0, 18.57%, 0, 0, 13, 104.22, 313086, 497, 0, 0
33541, 1, 394, 470, 193, 0, 18.57%, 0, 0, 13, 105.34, 313635, 497, 0, 0
33547, 1, 394, 470, 193, 0, 18.57%, 0, 0, 13, 104.60, 314175, 497, 0, 0
33552, 1, 211, 470, 191, 0, 18.57%, 0, 0, 13, 100.36, 314694, 497, 0, 0
33557, 1, 420, 470, 191, 0, 18.57%, 0, 0, 13, 102.04, 315232, 497, 0, 0
33563, 1, 291, 470, 189, 0, 18.57%, 0, 0, 13, 105.99, 315924, 497, 0, 0
33569, 1, 419, 470, 188, 0, 18.57%, 0, 0, 13, 103.20, 316479, 497, 0, 0
33574, 1, 331, 470, 187, 0, 18.57%, 0, 0, 13, 104.61, 317019, 497, 0, 0
33579, 1, 318, 470, 186, 0, 18.57%, 0, 0, 13, 104.76, 317556, 497, 0, 0
33584, 1, 302, 470, 185, 0, 18.57%, 0, 0, 13, 105.68, 318090, 497, 0, 0
33589, 1, 425, 470, 184, 0, 18.57%, 0, 0, 13, 105.77, 318650, 497, 0, 0
33594, 1, 464, 470, 183, 0, 18.57%, 0, 0, 13, 103.92, 319170, 497, 0, 0
33600, 1, 464, 472, 185, 0, 18.57%, 0, 0, 13, 103.56, 319707, 497, 0, 0
33605, 1, 464, 476, 189, 0, 18.57%, 0, 0, 13, 103.56, 320241, 497, 0, 0
33610, 1, 464, 477, 190, 0, 18.57%, 0, 0, 13, 103.24, 320768, 497, 0, 0
33615, 1, 464, 479, 192, 0, 18.57%, 0, 0, 13, 101.80, 321280, 497, 0, 0
33620, 1, 464, 479, 192, 0, 18.57%, 0, 0, 13, 103.17, 321808, 497, 0, 0
33625, 1, 464, 479, 192, 0, 18.57%, 0, 0, 13, 103.78, 322336, 497, 0, 0
33630, 1, 464, 480, 193, 0, 18.57%, 0, 0, 13, 103.53, 322861, 497, 0, 0
33635, 1, 464, 480, 193, 0, 18.57%, 0, 0, 13, 103.21, 323385, 497, 0, 0
33640, 1, 464, 480, 193, 0, 18.57%, 0, 0, 13, 102.93, 323903, 497, 0, 0
33646, 1, 464, 480, 193, 0, 18.57%, 0, 0, 13, 103.35, 324429, 497, 0, 0
33651, 1, 464, 480, 193, 0, 18.57%, 0, 0, 13, 103.47, 324955, 497, 0, 0
33656, 1, 464, 483, 196, 0, 18.57%, 0, 0, 13, 103.48, 325480, 497, 0, 0
33661, 1, 464, 483, 196, 0, 18.57%, 0, 0, 13, 103.36, 326008, 497, 0, 0
33666, 1, 464, 483, 196, 0, 18.57%, 0, 0, 13, 103.70, 326536, 497, 0, 0
33671, 1, 464, 483, 196, 0, 18.57%, 0, 0, 13, 103.73, 327062, 497, 0, 0
33676, 1, 464, 483, 196, 0, 18.57%, 0, 0, 13, 103.63, 327590, 497, 0, 0
33681, 1, 464, 483, 196, 0, 18.57%, 0, 0, 13, 102.94, 328112, 497, 0, 0
33686, 1, 464, 483, 196, 0, 18.57%, 0, 0, 13, 102.72, 328636, 497, 0, 0
33691, 1, 464, 483, 196, 0, 18.57%, 0, 0, 13, 103.20, 329162, 497, 0, 0
33696, 1, 333, 483, 195, 0, 18.57%, 0, 0, 13, 104.00, 329688, 497, 0, 0
33701, 1, 249, 483, 193, 0, 18.57%, 0, 0, 13, 106.88, 330243, 497, 0, 0
33707, 1, 299, 483, 192, 0, 18.57%, 0, 0, 13, 103.77, 330808, 497, 0, 0
34685, 1, 308, 483, 191, 0, 18.57%, 0, 0, 13, 0.14, 331262, 497, 0, 0
34691, 1, 465, 483, 189, 0, 18.57%, 0, 0, 13, 102.88, 331780, 497, 0, 0
34696, 1, 465, 483, 189, 0, 18.57%, 0, 0, 13, 85.88, 332206, 497, 0, 0
34701, 1, 338, 483, 188, 0, 18.57%, 0, 0, 13, 76.71, 332594, 497, 0, 0
34706, 1, 417, 483, 187, 0, 18.57%, 0, 0, 13, 75.90, 332982, 497, 0, 0
34711, 1, 22, 483, 186, 0, 18.57%, 0, 0, 13, 75.71, 333365, 497, 0, 0
35009, 1, 416, 483, 184, 0, 18.57%, 0, 0, 13, 0.03, 333716, 497, 0, 0
35014, 1, 416, 483, 184, 0, 18.57%, 0, 0, 13, 70.39, 334080, 497, 0, 0
35019, 1, 154, 483, 183, 0, 18.57%, 0, 0, 13, 76.60, 334482, 497, 0, 0
35025, 1, 311, 483, 181, 0, 18.57%, 0, 0, 13, 76.76, 334973, 497, 0, 0
35031, 1, 377, 483, 180, 0, 18.57%, 0, 0, 13, 53.80, 335372, 497, 0, 0
35036, 1, 377, 483, 180, 0, 18.57%, 0, 0, 13, 11.79, 335845, 497, 0, 0
36225, 1, 247, 483, 180, 0, 18.57%, 0, 0, 13, 0.00, 336077, 497, 0, 0
36230, 1, 303, 483, 179, 0, 18.57%, 0, 0, 13, 108.68, 336623, 497, 0, 0
36235, 1, 389, 483, 178, 0, 18.57%, 0, 0, 13, 108.72, 337216, 497, 0, 0
36240, 1, 459, 483, 176, 0, 18.57%, 0, 0, 13, 104.82, 337747, 497, 0, 0
36245, 1, 459, 484, 177, 0, 18.57%, 0, 0, 13, 105.30, 338284, 497, 0, 0
36250, 1, 459, 485, 178, 0, 18.57%, 0, 0, 13, 105.29, 338833, 497, 0, 0
36255, 1, 459, 485, 178, 0, 18.57%, 0, 0, 13, 106.92, 339383, 497, 0, 0
36261, 1, 426, 485, 177, 0, 18.57%, 0, 0, 13, 107.95, 339935, 497, 0, 0
36268, 1, 437, 485, 176, 0, 18.57%, 0, 0, 13, 108.05, 340690, 497, 0, 0
36273, 1, 377, 485, 175, 0, 18.57%, 0, 0, 13, 110.69, 341256, 497, 0, 0
36278, 1, 401, 485, 174, 0, 18.57%, 0, 0, 13, 110.69, 341824, 497, 0, 0
36283, 1, 362, 485, 173, 0, 18.57%, 0, 0, 13, 108.73, 342378, 497, 0, 0
36288, 1, 357, 485, 172, 0, 18.57%, 0, 0, 13, 109.54, 342946, 497, 0, 0
36293, 1, 241, 485, 171, 0, 18.57%, 0, 0, 13, 110.77, 343521, 497, 0, 0
36298, 1, 263, 485, 170, 0, 18.57%, 0, 0, 13, 110.79, 344083, 497, 0, 0
36303, 1, 297, 485, 167, 0, 18.57%, 0, 0, 13, 112.10, 344661, 497, 0, 0
36308, 1, 27, 485, 166, 0, 18.57%, 0, 0, 13, 111.92, 345226, 497, 0, 0
36313, 1, 382, 485, 166, 0, 18.57%, 0, 0, 13, 110.03, 345774, 497, 0, 0
36319, 1, 216, 485, 165, 0, 18.57%, 0, 0, 13, 109.46, 346345, 497, 0, 0
36324, 1, 328, 486, 165, 0, 18.57%, 0, 0, 13, 110.20, 346905, 497, 0, 0
36330, 1, 352, 486, 164, 0, 18.57%, 0, 0, 13, 110.12, 347561, 497, 0, 0
36335, 1, 182, 486, 162, 0, 18.57%, 0, 0, 13, 111.07, 348130, 497, 0, 0
36340, 1, 135, 486, 160, 0, 18.57%, 0, 0, 13, 112.90, 348711, 497, 0, 0
36345, 1, 485, 487, 160, 0, 18.57%, 0, 0, 13, 111.34, 349320, 497, 0, 0
36350, 1, 450, 487, 158, 0, 18.57%, 0, 0, 13, 109.51, 349882, 497, 0, 0
36356, 1, 450, 487, 158, 0, 18.57%, 0, 0, 13, 106.54, 350429, 497, 0, 0
36361, 1, 487, 488, 158, 1, 18.57%, 0, 0, 13, 106.41, 350978, 497, 0, 0
36366, 1, 487, 489, 159, 1, 18.57%, 0, 0, 14, 106.38, 351523, 497, 0, 0
36371, 1, 358, 489, 156, 0, 18.57%, 0, 0, 14, 111.00, 352101, 497, 0, 0
36376, 1, 186, 489, 155, 0, 18.57%, 0, 0, 14, 111.10, 352659, 497, 0, 0
36381, 1, 422, 490, 155, 0, 18.57%, 0, 0, 14, 109.41, 353222, 497, 0, 0
36386, 1, 422, 492, 157, 0, 18.57%, 0, 0, 14, 108.05, 353780, 497, 0, 0
36392, 1, 422, 493, 158, 0, 18.57%, 0, 0, 14, 108.07, 354331, 497, 0, 0
36397, 1, 422, 493, 158, 0, 18.57%, 0, 0, 14, 107.92, 354881, 497, 0, 0
36402, 1, 422, 493, 158, 0, 18.57%, 0, 0, 14, 108.37, 355431, 497, 0, 0
36407, 1, 492, 493, 157, 1, 18.57%, 0, 0, 14, 107.02, 355981, 497, 0, 0
36413, 1, 367, 493, 156, 0, 18.57%, 0, 0, 14, 107.42, 356688, 497, 0, 0
36419, 1, 345, 493, 155, 0, 18.57%, 0, 0, 14, 108.04, 357252, 497, 0, 0
36424, 1, 412, 493, 154, 0, 18.57%, 0, 0, 14, 108.55, 357806, 497, 0, 0
36429, 1, 412, 493, 154, 0, 18.57%, 0, 0, 14, 108.24, 358360, 497, 0, 0
36434, 1, 258, 493, 153, 0, 18.57%, 0, 0, 14, 111.00, 358931, 497, 0, 0
36439, 1, 478, 493, 153, 0, 18.57%, 0, 0, 14, 107.43, 359485, 497, 0, 0
36444, 1, 478, 495, 155, 0, 18.57%, 0, 0, 14, 106.34, 360019, 497, 0, 0
36449, 1, 478, 498, 158, 0, 18.57%, 0, 0, 14, 106.23, 360552, 497, 0, 0
36454, 1, 478, 500, 160, 0, 18.57%, 0, 0, 14, 105.40, 361084, 497, 0, 0
36460, 1, 478, 501, 161, 0, 18.57%, 0, 0, 14, 105.24, 361633, 497, 0, 0
36465, 1, 478, 503, 163, 0, 18.57%, 0, 0, 14, 104.91, 362179, 497, 0, 0
36470, 1, 478, 504, 164, 0, 18.57%, 0, 0, 14, 104.85, 362704, 497, 0, 0
36475, 1, 478, 504, 164, 0, 18.57%, 0, 0, 14, 105.03, 363232, 497, 0, 0
36480, 1, 478, 504, 164, 0, 18.57%, 0, 0, 14, 105.36, 363760, 497, 0, 0
36485, 1, 478, 504, 164, 0, 18.57%, 0, 0, 14, 104.49, 364286, 497, 0, 0
36490, 1, 478, 504, 164, 0, 18.57%, 0, 0, 14, 105.45, 364836, 497, 0, 0
36495, 1, 478, 504, 164, 0, 18.57%, 0, 0, 14, 105.70, 365386, 497, 0, 0
36500, 1, 478, 504, 164, 0, 18.57%, 0, 0, 14, 105.50, 365914, 497, 0, 0
36505, 1, 478, 504, 164, 0, 18.57%, 0, 0, 14, 105.20, 366462, 497, 0, 0
36510, 1, 478, 504, 164, 0, 18.57%, 0, 0, 14, 105.56, 366990, 497, 0, 0
36516, 1, 478, 504, 164, 0, 18.57%, 0, 0, 14, 105.73, 367538, 497, 0, 0
36521, 1, 478, 504, 164, 0, 18.57%, 0, 0, 14, 105.61, 368066, 497, 0, 0
36526, 1, 478, 504, 164, 0, 18.57%, 0, 0, 14, 105.25, 368594, 497, 0, 0
36531, 1, 478, 504, 164, 0, 18.57%, 0, 0, 14, 105.62, 369144, 497, 0, 0
36536, 1, 409, 504, 163, 0, 18.57%, 0, 0, 14, 107.76, 369700, 497, 0, 0
36541, 1, 409, 504, 163, 0, 18.57%, 0, 0, 14, 107.89, 370243, 497, 0, 0
36546, 1, 438, 504, 160, 0, 18.57%, 0, 0, 14, 110.93, 370820, 497, 0, 0
36551, 1, 438, 504, 160, 0, 18.57%, 0, 0, 14, 108.72, 371370, 497, 0, 0
36557, 1, 196, 504, 158, 0, 18.57%, 0, 0, 14, 110.58, 371947, 497, 0, 0
36562, 1, 313, 504, 157, 0, 18.57%, 0, 0, 14, 111.33, 372523, 497, 0, 0
36568, 1, 490, 504, 156, 0, 18.57%, 0, 0, 14, 108.53, 373166, 497, 0, 0
36573, 1, 304, 504, 155, 0, 18.57%, 0, 0, 14, 109.14, 373724, 497, 0, 0
36578, 1, 405, 504, 155, 0, 18.57%, 0, 0, 14, 107.93, 374275, 497, 0, 0
36583, 1, 438, 504, 154, 0, 18.57%, 0, 0, 14, 109.19, 374841, 497, 0, 0
36590, 1, 406, 504, 154, 0, 18.57%, 0, 0, 14, 107.07, 375544, 497, 0, 0
36595, 1, 238, 504, 153, 0, 18.57%, 0, 0, 14, 107.65, 376102, 497, 0, 0
36600, 1, 323, 504, 152, 0, 18.57%, 0, 0, 14, 109.09, 376667, 497, 0, 0
36605, 1, 500, 504, 151, 0, 18.57%, 0, 0, 14, 105.97, 377217, 497, 0, 0
36610, 1, 500, 504, 151, 0, 18.57%, 0, 0, 14, 105.11, 377754, 497, 0, 0
36615, 1, 344, 504, 150, 0, 18.57%, 0, 0, 14, 105.46, 378282, 497, 0, 0
36620, 1, 305, 504, 150, 0, 18.57%, 0, 0, 14, 107.65, 378847, 497, 0, 0
36626, 1, 451, 504, 148, 0, 18.57%, 0, 0, 14, 108.69, 379400, 497, 0, 0
36631, 1, 451, 504, 148, 0, 18.57%, 0, 0, 14, 107.39, 379999, 497, 0, 0
36636, 1, 95, 504, 147, 0, 18.57%, 0, 0, 14, 108.87, 380555, 497, 0, 0
36641, 1, 403, 504, 146, 0, 18.57%, 0, 0, 14, 108.32, 381100, 497, 0, 0
36647, 1, 473, 504, 145, 0, 18.57%, 0, 0, 14, 106.28, 381650, 497, 0, 0
36652, 1, 473, 504, 145, 0, 18.57%, 0, 0, 14, 106.06, 382188, 497, 0, 0
36657, 1, 29, 504, 144, 0, 18.57%, 0, 0, 14, 108.09, 382744, 497, 0, 0
36662, 1, 471, 504, 144, 0, 18.57%, 0, 0, 14, 106.73, 383298, 497, 0, 0
36667, 1, 471, 504, 144, 0, 18.57%, 0, 0, 14, 105.52, 383833, 497, 0, 0
36672, 1, 488, 504, 142, 0, 18.57%, 0, 0, 14, 107.12, 384371, 497, 0, 0
36677, 1, 488, 504, 142, 0, 18.57%, 0, 0, 14, 105.14, 384907, 497, 0, 0
36683, 1, 235, 504, 141, 0, 18.57%, 0, 0, 14, 107.72, 385562, 497, 0, 0
36688, 1, 399, 504, 139, 0, 18.57%, 0, 0, 14, 107.94, 386105, 497, 0, 0
36693, 1, 493, 504, 138, 0, 18.57%, 0, 0, 14, 107.40, 386653, 497, 0, 0
36698, 1, 493, 504, 138, 0, 18.57%, 0, 0, 14, 104.73, 387181, 497, 0, 0
36703, 1, 493, 504, 138, 0, 18.57%, 0, 0, 14, 104.30, 387703, 497, 0, 0
36710, 1, 423, 504, 137, 0, 18.57%, 0, 0, 14, 105.15, 388400, 497, 0, 0
36715, 1, 497, 504, 136, 0, 18.57%, 0, 0, 14, 104.59, 388928, 497, 0, 0
36720, 1, 497, 504, 136, 0, 18.57%, 0, 0, 14, 103.34, 389456, 497, 0, 0
36725, 1, 497, 504, 136, 0, 18.57%, 0, 0, 14, 103.33, 389986, 497, 0, 0
36730, 1, 448, 504, 135, 0, 18.57%, 0, 0, 14, 109.33, 390551, 497, 0, 0
36736, 1, 448, 504, 135, 0, 18.57%, 0, 0, 14, 106.85, 391096, 497, 0, 0
36741, 1, 255, 504, 134, 0, 18.57%, 0, 0, 14, 106.75, 391640, 497, 0, 0
36746, 1, 383, 504, 132, 0, 18.57%, 0, 0, 14, 109.40, 392191, 497, 0, 0
36751, 1, 383, 504, 132, 0, 18.57%, 0, 0, 14, 108.16, 392743, 497, 0, 0
36756, 1, 392, 504, 131, 0, 18.57%, 0, 0, 14, 109.80, 393319, 497, 0, 0
36761, 1, 408, 504, 130, 0, 18.57%, 0, 0, 14, 108.21, 393878, 497, 0, 0
36766, 1, 408, 504, 130, 0, 18.57%, 0, 0, 14, 107.27, 394432, 497, 0, 0
36772, 1, 466, 504, 129, 0, 18.57%, 0, 0, 14, 106.54, 394986, 497, 0, 0
36777, 1, 466, 504, 129, 0, 18.57%, 0, 0, 14, 105.55, 395575, 497, 0, 0
36784, 1, 369, 504, 128, 0, 18.57%, 0, 0, 14, 105.16, 396241, 497, 0, 0
36789, 1, 326, 504, 127, 0, 18.57%, 0, 0, 14, 106.41, 396786, 497, 0, 0
36795, 1, 374, 504, 126, 0, 18.57%, 0, 0, 14, 107.86, 397475, 497, 0, 0
36801, 1, 407, 504, 125, 0, 18.57%, 0, 0, 14, 105.98, 398110, 497, 0, 0
36806, 1, 497, 504, 124, 0, 18.57%, 0, 0, 14, 104.30, 398638, 497, 0, 0
36811, 1, 477, 504, 124, 0, 18.57%, 0, 0, 14, 104.16, 399166, 497, 0, 0
36816, 1, 477, 504, 124, 0, 18.57%, 0, 0, 14, 103.72, 399703, 497, 0, 0
36821, 1, 484, 504, 123, 0, 18.57%, 0, 0, 14, 104.49, 400231, 497, 0, 0
36826, 1, 484, 504, 123, 0, 18.57%, 0, 0, 14, 103.95, 400761, 497, 0, 0
36832, 1, 484, 506, 125, 0, 18.57%, 0, 0, 14, 103.97, 401293, 497, 0, 0
36837, 1, 484, 507, 126, 0, 18.57%, 0, 0, 14, 104.10, 401818, 497, 0, 0
36842, 1, 484, 507, 126, 0, 18.57%, 0, 0, 14, 103.97, 402346, 497, 0, 0
36847, 1, 484, 507, 126, 0, 18.57%, 0, 0, 14, 103.53, 402870, 497, 0, 0
36852, 1, 443, 507, 125, 0, 18.57%, 0, 0, 14, 106.19, 403420, 497, 0, 0
36857, 1, 443, 507, 125, 0, 18.57%, 0, 0, 14, 106.29, 403959, 497, 0, 0
36862, 1, 501, 507, 123, 0, 18.57%, 0, 0, 14, 105.06, 404496, 497, 0, 0
36868, 1, 501, 507, 123, 0, 18.57%, 0, 0, 14, 103.19, 405140, 497, 0, 0
36873, 1, 3, 507, 121, 0, 18.57%, 0, 0, 14, 106.05, 405688, 497, 0, 0
36879, 1, 191, 507, 121, 0, 18.57%, 0, 0, 14, 109.11, 406250, 497, 0, 0
36884, 1, 482, 507, 120, 0, 18.57%, 0, 0, 14, 106.10, 406788, 497, 0, 0
36889, 1, 482, 507, 120, 0, 18.57%, 0, 0, 14, 104.37, 407312, 497, 0, 0
36894, 1, 492, 507, 119, 0, 18.57%, 0, 0, 14, 104.57, 407840, 497, 0, 0
36899, 1, 377, 507, 118, 0, 18.57%, 0, 0, 14, 108.23, 408402, 497, 0, 0
36904, 1, 427, 507, 118, 0, 18.57%, 0, 0, 14, 106.08, 408950, 497, 0, 0
36909, 1, 427, 507, 118, 0, 18.57%, 0, 0, 14, 105.97, 409487, 497, 0, 0
36914, 1, 416, 507, 115, 0, 18.57%, 0, 0, 14, 107.19, 410046, 497, 0, 0
36919, 1, 340, 507, 115, 0, 18.57%, 0, 0, 14, 107.31, 410591, 497, 0, 0
36924, 1, 483, 507, 114, 0, 18.57%, 0, 0, 14, 105.84, 411127, 497, 0, 0
36930, 1, 483, 508, 115, 0, 18.57%, 0, 0, 14, 105.49, 411672, 497, 0, 0
36935, 1, 114, 508, 114, 0, 18.57%, 0, 0, 14, 107.82, 412224, 497, 0, 0
36942, 1, 307, 508, 112, 0, 18.57%, 0, 0, 14, 108.29, 412986, 497, 0, 0
36947, 1, 275, 508, 111, 0, 18.57%, 0, 0, 14, 108.61, 413550, 497, 0, 0
36952, 1, 6, 508, 109, 0, 18.57%, 0, 0, 14, 110.61, 414110, 497, 0, 0
36959, 1, 468, 508, 109, 0, 18.57%, 0, 0, 14, 106.76, 414802, 497, 0, 0
36964, 1, 279, 508, 108, 0, 18.57%, 0, 0, 14, 106.88, 415372, 497, 0, 0
36969, 1, 189, 508, 107, 0, 18.57%, 0, 0, 14, 109.45, 415939, 497, 0, 0
36974, 1, 305, 508, 106, 0, 18.57%, 0, 0, 14, 107.84, 416497, 497, 0, 0
36979, 1, 335, 508, 106, 0, 18.57%, 0, 0, 14, 107.55, 417035, 497, 0, 0
36984, 1, 418, 508, 105, 0, 18.57%, 0, 0, 14, 106.38, 417574, 497, 0, 0
36989, 1, 287, 508, 104, 0, 18.57%, 0, 0, 14, 107.60, 418122, 497, 0, 0
36994, 1, 495, 508, 103, 0, 18.57%, 0, 0, 14, 104.70, 418648, 497, 0, 0
36999, 1, 495, 508, 103, 0, 18.57%, 0, 0, 14, 104.14, 419184, 497, 0, 0
37005, 1, 130, 508, 102, 0, 18.57%, 0, 0, 14, 109.10, 419730, 497, 0, 0
37010, 1, 486, 508, 101, 0, 18.57%, 0, 0, 14, 108.63, 420367, 497, 0, 0
37015, 1, 489, 509, 101, 0, 18.57%, 0, 0, 14, 108.54, 420906, 497, 0, 0
37020, 1, 489, 509, 101, 0, 18.57%, 0, 0, 14, 106.86, 421444, 497, 0, 0
37026, 1, 504, 509, 100, 0, 18.57%, 0, 0, 14, 105.86, 421980, 497, 0, 0
37031, 1, 504, 509, 100, 0, 18.57%, 0, 0, 14, 104.60, 422557, 497, 0, 0
37036, 1, 386, 509, 99, 0, 18.57%, 0, 0, 14, 102.33, 423079, 497, 0, 0
37041, 1, 403, 509, 99, 0, 18.57%, 0, 0, 14, 95.08, 423558, 497, 0, 0
37046, 1, 462, 509, 99, 0, 18.57%, 0, 0, 14, 72.27, 423996, 497, 0, 0
37051, 1, 462, 509, 99, 0, 18.57%, 0, 0, 14, 92.99, 424503, 497, 0, 0
37057, 1, 421, 509, 98, 0, 18.57%, 0, 0, 14, 103.08, 425035, 497, 0, 0
37062, 1, 421, 509, 98, 0, 18.57%, 0, 0, 14, 13.83, 425279, 497, 0, 0
39100, 1, 377, 509, 97, 0, 18.57%, 0, 0, 14, 0.00, 425400, 497, 0, 0
39105, 1, 337, 509, 97, 0, 18.57%, 0, 0, 14, 70.63, 425761, 497, 0, 0
39111, 1, 337, 509, 97, 0, 18.57%, 0, 0, 14, 70.39, 426148, 497, 0, 0
39116, 1, 165, 509, 96, 0, 18.57%, 0, 0, 14, 68.83, 426497, 497, 0, 0
39121, 1, 193, 509, 96, 0, 18.57%, 0, 0, 14, 24.95, 426733, 497, 0, 0
39126, 1, 491, 509, 95, 0, 18.57%, 0, 0, 14, 60.59, 427063, 497, 0, 0
39131, 1, 491, 509, 95, 0, 18.57%, 0, 0, 14, 64.55, 427417, 497, 0, 0
39138, 1, 346, 509, 94, 0, 18.57%, 0, 0, 14, 68.52, 427901, 497, 0, 0
39143, 1, 443, 509, 92, 0, 18.57%, 0, 0, 14, 4.67, 428348, 497, 0, 0
39149, 1, 247, 509, 92, 0, 18.57%, 0, 0, 14, 52.69, 428643, 497, 0, 0
39154, 1, 421, 509, 91, 0, 18.57%, 0, 0, 14, 65.70, 429023, 497, 0, 0
39159, 1, 13, 509, 91, 0, 18.57%, 0, 0, 14, 67.81, 429392, 497, 0, 0
39174, 1, 197, 509, 91, 0, 18.57%, 0, 0, 14, 0.79, 429476, 497, 0, 0
39179, 1, 127, 509, 89, 0, 18.57%, 0, 0, 14, 72.36, 429861, 497, 0, 0
39184, 1, 377, 509, 88, 0, 18.57%, 0, 0, 14, 62.65, 430145, 497, 0, 0
39189, 1, 236, 509, 88, 0, 18.57%, 0, 0, 14, 59.17, 430445, 497, 0, 0
39194, 1, 171, 509, 86, 0, 18.57%, 0, 0, 14, 60.42, 430768, 497, 0, 0
39199, 1, 433, 509, 86, 0, 18.57%, 0, 0, 14, 86.35, 431211, 497, 0, 0
40225, 1, 433, 509, 86, 0, 18.57%, 0, 0, 14, 0.01, 431681, 497, 0, 0
40230, 1, 343, 509, 85, 0, 18.57%, 0, 0, 14, 5.10, 432116, 497, 0, 0
40235, 1, 492, 509, 84, 0, 18.57%, 0, 0, 14, 26.94, 432271, 497, 0, 0
40240, 1, 492, 509, 84, 0, 18.57%, 0, 0, 14, 45.22, 432513, 497, 0, 0
40245, 1, 289, 509, 84, 0, 18.57%, 0, 0, 14, 67.59, 432867, 497, 0, 0
40250, 1, 198, 509, 83, 0, 18.57%, 0, 0, 14, 79.90, 433295, 497, 0, 0
40255, 1, 34, 509, 83, 0, 18.57%, 0, 0, 14, 78.65, 433692, 497, 0, 0
40261, 1, 373, 509, 82, 0, 18.57%, 0, 0, 14, 80.22, 434104, 497, 0, 0
40266, 1, 502, 509, 82, 0, 18.57%, 0, 0, 14, 77.18, 434499, 497, 0, 0
40271, 1, 502, 509, 82, 0, 18.57%, 0, 0, 14, 87.76, 434939, 497, 0, 0
40276, 1, 502, 509, 82, 0, 18.57%, 0, 0, 14, 97.70, 435434, 497, 0, 0
40281, 1, 487, 509, 81, 0, 18.57%, 0, 0, 14, 104.19, 435949, 497, 0, 0
42421, 1, 382, 509, 81, 0, 18.57%, 0, 0, 14, 0.00, 436244, 497, 0, 0
42427, 1, 457, 509, 81, 0, 18.57%, 0, 0, 14, 106.97, 436795, 497, 0, 0
42432, 1, 457, 509, 81, 0, 18.57%, 0, 0, 14, 106.75, 437345, 497, 0, 0
42437, 1, 441, 509, 79, 0, 18.57%, 0, 0, 14, 109.96, 437907, 497, 0, 0
42443, 1, 441, 509, 79, 0, 18.57%, 0, 0, 14, 101.27, 438489, 497, 0, 0
42449, 1, 310, 509, 78, 0, 18.57%, 0, 0, 14, 110.83, 439210, 497, 0, 0
42454, 1, 498, 509, 78, 0, 18.57%, 0, 0, 14, 109.64, 439760, 497, 0, 0
42459, 1, 498, 509, 78, 0, 18.57%, 0, 0, 14, 103.69, 440276, 497, 0, 0
42464, 1, 498, 509, 78, 0, 18.57%, 0, 0, 14, 103.46, 440802, 497, 0, 0
42469, 1, 494, 509, 77, 0, 18.57%, 0, 0, 14, 104.75, 441330, 497, 0, 0
42474, 1, 494, 509, 77, 0, 18.57%, 0, 0, 14, 98.91, 441840, 497, 0, 0
42479, 1, 494, 509, 77, 0, 18.57%, 0, 0, 14, 97.53, 442321, 497, 0, 0
42485, 1, 377, 509, 76, 0, 18.57%, 0, 0, 14, 103.16, 442856, 497, 0, 0
42490, 1, 480, 509, 76, 0, 18.57%, 0, 0, 14, 103.62, 443392, 497, 0, 0
42495, 1, 480, 509, 76, 0, 18.57%, 0, 0, 14, 104.23, 443921, 497, 0, 0
42500, 1, 385, 509, 75, 0, 18.57%, 0, 0, 14, 107.06, 444470, 497, 0, 0
42505, 1, 430, 509, 74, 0, 18.57%, 0, 0, 14, 104.75, 444991, 497, 0, 0
42510, 1, 430, 509, 74, 0, 18.57%, 0, 0, 14, 105.78, 445527, 497, 0, 0
42517, 1, 370, 509, 72, 0, 18.57%, 0, 0, 14, 108.34, 446293, 497, 0, 0
42522, 1, 432, 509, 71, 0, 18.57%, 0, 0, 14, 105.42, 446839, 497, 0, 0
42527, 1, 432, 509, 71, 0, 18.57%, 0, 0, 14, 106.05, 447385, 497, 0, 0
42533, 1, 429, 509, 69, 0, 18.57%, 0, 0, 14, 106.01, 448046, 497, 0, 0
42539, 1, 457, 509, 68, 0, 18.57%, 0, 0, 14, 104.46, 448592, 497, 0, 0
42544, 1, 395, 509, 68, 0, 18.57%, 0, 0, 14, 99.91, 449098, 497, 0, 0
42549, 1, 380, 509, 68, 0, 18.57%, 0, 0, 14, 101.94, 449656, 497, 0, 0
42554, 1, 246, 509, 67, 0, 18.57%, 0, 0, 14, 106.21, 450202, 497, 0, 0
42559, 1, 507, 509, 66, 0, 18.57%, 0, 0, 14, 107.82, 450762, 497, 0, 0
42564, 1, 507, 509, 66, 0, 18.57%, 0, 0, 14, 102.72, 451279, 497, 0, 0
42569, 1, 343, 509, 64, 0, 18.57%, 0, 0, 14, 105.29, 451815, 497, 0, 0
42575, 1, 88, 509, 64, 0, 18.57%, 0, 0, 14, 102.30, 452331, 497, 0, 0
42580, 1, 242, 509, 64, 0, 18.57%, 0, 0, 14, 102.30, 452857, 497, 0, 0
42585, 1, 431, 509, 64, 0, 18.57%, 0, 0, 14, 106.30, 453411, 497, 0, 0
42590, 1, 431, 509, 64, 0, 18.57%, 0, 0, 14, 106.65, 453963, 497, 0, 0
42595, 1, 266, 509, 63, 0, 18.57%, 0, 0, 14, 107.27, 454517, 497, 0, 0
42600, 1, 377, 509, 62, 0, 18.57%, 0, 0, 14, 110.09, 455077, 497, 0, 0
42605, 1, 411, 509, 62, 0, 18.57%, 0, 0, 14, 108.60, 455633, 497, 0, 0
42611, 1, 411, 509, 62, 0, 18.57%, 0, 0, 14, 106.90, 456184, 497, 0, 0
42616, 1, 188, 509, 60, 0, 18.57%, 0, 0, 14, 111.39, 456758, 497, 0, 0
42621, 1, 171, 509, 60, 0, 18.57%, 0, 0, 14, 112.23, 457326, 497, 0, 0
42626, 1, 225, 509, 60, 0, 18.57%, 0, 0, 14, 116.53, 457932, 497, 0, 0
42631, 1, 503, 509, 60, 0, 18.57%, 0, 0, 14, 108.11, 458486, 497, 0, 0
42638, 1, 503, 509, 60, 0, 18.57%, 0, 0, 14, 106.18, 459236, 497, 0, 0
42643, 1, 376, 509, 59, 0, 18.57%, 0, 0, 14, 106.75, 459786, 497, 0, 0
42648, 1, 377, 509, 58, 0, 18.57%, 0, 0, 14, 108.98, 460350, 497, 0, 0
42654, 1, 463, 509, 58, 0, 18.57%, 0, 0, 14, 107.12, 460900, 497, 0, 0
42659, 1, 463, 509, 58, 0, 18.57%, 0, 0, 14, 106.59, 461451, 497, 0, 0
42664, 1, 452, 509, 57, 0, 18.57%, 0, 0, 14, 106.01, 461999, 497, 0, 0
42669, 1, 452, 509, 57, 0, 18.57%, 0, 0, 14, 106.21, 462537, 497, 0, 0
42674, 1, 238, 509, 56, 0, 18.57%, 0, 0, 14, 108.87, 463101, 497, 0, 0
42679, 1, 508, 509, 55, 0, 18.57%, 0, 0, 14, 114.26, 463686, 497, 0, 0
42684, 1, 508, 509, 55, 0, 18.57%, 0, 0, 14, 111.59, 464259, 497, 0, 0
42689, 1, 271, 509, 54, 0, 18.57%, 0, 0, 14, 111.40, 464823, 497, 0, 0
42695, 1, 304, 509, 54, 0, 18.57%, 0, 0, 14, 110.32, 465393, 497, 0, 0
42700, 1, 179, 509, 54, 0, 18.57%, 0, 0, 14, 109.23, 465955, 497, 0, 0
42706, 1, 454, 509, 54, 0, 18.57%, 0, 0, 14, 108.38, 466657, 497, 0, 0
42711, 1, 304, 509, 53, 0, 18.57%, 0, 0, 14, 108.60, 467215, 497, 0, 0
42717, 1, 289, 509, 53, 0, 18.57%, 0, 0, 14, 108.67, 467773, 497, 0, 0
42722, 1, 348, 509, 53, 0, 18.57%, 0, 0, 14, 108.86, 468338, 497, 0, 0
42727, 1, 378, 509, 53, 0, 18.57%, 0, 0, 14, 107.94, 468888, 497, 0, 0
42732, 1, 378, 509, 53, 0, 18.57%, 0, 0, 14, 108.05, 469440, 497, 0, 0
42738, 1, 314, 509, 52, 0, 18.57%, 0, 0, 14, 107.70, 470101, 497, 0, 0
42743, 1, 405, 509, 51, 0, 18.57%, 0, 0, 14, 110.05, 470665, 497, 0, 0
42748, 1, 88, 509, 51, 0, 18.57%, 0, 0, 14, 112.71, 471236, 497, 0, 0
42753, 1, 478, 509, 51, 0, 18.57%, 0, 0, 14, 109.86, 471788, 497, 0, 0
42758, 1, 280, 509, 50, 0, 18.57%, 0, 0, 14, 114.00, 472359, 497, 0, 0
42764, 1, 492, 509, 50, 0, 18.57%, 0, 0, 14, 109.49, 472925, 497, 0, 0
42769, 1, 446, 509, 50, 0, 18.57%, 0, 0, 14, 109.20, 473497, 497, 0, 0
42774, 1, 446, 509, 50, 0, 18.57%, 0, 0, 14, 107.39, 474032, 497, 0, 0
42779, 1, 377, 509, 49, 0, 18.57%, 0, 0, 14, 109.54, 474598, 497, 0, 0
42784, 1, 413, 509, 48, 0, 18.57%, 0, 0, 14, 109.48, 475152, 497, 0, 0
42789, 1, 413, 509, 48, 0, 18.57%, 0, 0, 14, 108.13, 475709, 497, 0, 0
42794, 1, 249, 509, 47, 0, 18.57%, 0, 0, 14, 108.07, 476269, 497, 0, 0
42799, 1, 171, 509, 47, 0, 18.57%, 0, 0, 14, 109.46, 476839, 497, 0, 0
42804, 1, 289, 509, 46, 0, 18.57%, 0, 0, 14, 112.78, 477414, 497, 0, 0
42811, 1, 402, 509, 46, 0, 18.57%, 0, 0, 14, 109.30, 478085, 497, 0, 0
42816, 1, 439, 509, 45, 0, 18.57%, 0, 0, 14, 108.32, 478643, 497, 0, 0
42821, 1, 439, 509, 45, 0, 18.57%, 0, 0, 14, 105.75, 479184, 497, 0, 0
42826, 1, 225, 509, 44, 0, 18.57%, 0, 0, 14, 106.19, 479734, 497, 0, 0
42831, 1, 379, 509, 44, 0, 18.57%, 0, 0, 14, 108.87, 480309, 497, 0, 0
42837, 1, 379, 509, 44, 0, 18.57%, 0, 0, 14, 108.38, 480872, 497, 0, 0
42842, 1, 353, 509, 43, 0, 18.57%, 0, 0, 14, 109.15, 481432, 497, 0, 0
42847, 1, 88, 509, 42, 0, 18.57%, 0, 0, 14, 113.95, 482019, 497, 0, 0
42852, 1, 492, 509, 42, 0, 18.57%, 0, 0, 14, 109.33, 482587, 497, 0, 0
42857, 1, 135, 509, 42, 0, 18.57%, 0, 0, 14, 108.07, 483143, 497, 0, 0
42862, 1, 313, 509, 41, 0, 18.57%, 0, 0, 14, 106.55, 483684, 497, 0, 0
42867, 1, 280, 509, 41, 0, 18.57%, 0, 0, 14, 107.47, 484236, 497, 0, 0
42874, 1, 209, 509, 41, 0, 18.57%, 0, 0, 14, 110.25, 484940, 497, 0, 0
42879, 1, 496, 509, 41, 0, 18.57%, 0, 0, 14, 106.13, 485476, 497, 0, 0
42884, 1, 496, 509, 41, 0, 18.57%, 0, 0, 14, 103.60, 486002, 497, 0, 0
42889, 1, 496, 513, 45, 0, 18.64%, 0, 0, 15, 102.63, 486519, 499, 0, 0
42894, 1, 496, 514, 46, 0, 18.64%, 0, 0, 15, 103.15, 487048, 499, 0, 0
42899, 1, 496, 515, 47, 0, 18.64%, 0, 0, 15, 102.65, 487571, 499, 0, 0
42904, 1, 496, 517, 49, 0, 18.64%, 0, 0, 15, 102.40, 488093, 499, 0, 0
42909, 1, 496, 518, 50, 0, 18.64%, 0, 0, 15, 102.49, 488616, 499, 0, 0
42914, 1, 496, 518, 50, 0, 18.64%, 0, 0, 15, 101.99, 489136, 499, 0, 0
42920, 1, 496, 518, 50, 0, 18.64%, 0, 0, 15, 102.77, 489662, 499, 0, 0
42925, 1, 496, 518, 50, 0, 18.64%, 0, 0, 15, 102.45, 490186, 499, 0, 0
42930, 1, 496, 518, 50, 0, 18.64%, 0, 0, 15, 100.47, 490696, 499, 0, 0
42935, 1, 496, 519, 51, 0, 18.64%, 0, 0, 15, 98.75, 491212, 499, 0, 0
42940, 1, 496, 519, 51, 0, 18.64%, 0, 0, 15, 99.45, 491715, 499, 0, 0
42945, 1, 496, 521, 53, 0, 18.64%, 0, 0, 15, 97.54, 492208, 499, 0, 0
42950, 1, 496, 521, 53, 0, 18.64%, 0, 0, 15, 100.12, 492725, 499, 0, 0
42955, 1, 496, 521, 53, 0, 18.64%, 0, 0, 15, 101.08, 493235, 499, 0, 0
42960, 1, 496, 521, 53, 0, 18.64%, 0, 0, 15, 99.53, 493745, 499, 0, 0
42965, 1, 496, 521, 53, 0, 18.64%, 0, 0, 15, 95.98, 494234, 499, 0, 0
42971, 1, 496, 521, 53, 0, 18.64%, 0, 0, 15, 94.03, 494713, 499, 0, 0
42976, 1, 496, 521, 53, 0, 18.64%, 0, 0, 15, 96.30, 495210, 499, 0, 0
42981, 1, 496, 521, 53, 0, 18.64%, 0, 0, 15, 100.22, 495725, 499, 0, 0
42986, 1, 496, 521, 53, 0, 18.64%, 0, 0, 15, 100.43, 496239, 499, 0, 0
42991, 1, 496, 521, 53, 0, 18.64%, 0, 0, 15, 100.68, 496753, 499, 0, 0
42996, 1, 496, 521, 53, 0, 18.64%, 0, 0, 15, 100.42, 497261, 499, 0, 0
43001, 1, 496, 521, 53, 0, 18.64%, 0, 0, 15, 97.52, 497763, 499, 0, 0
43006, 1, 496, 521, 53, 0, 18.64%, 0, 0, 15, 97.49, 498261, 499, 0, 0
43011, 1, 496, 521, 53, 0, 18.64%, 0, 0, 15, 97.75, 498759, 499, 0, 0
43017, 1, 512, 522, 53, 2, 18.64%, 0, 0, 15, 100.33, 499282, 499, 0, 0
43022, 1, 512, 522, 53, 2, 18.64%, 0, 0, 15, 100.57, 499798, 499, 0, 0
43028, 1, 512, 522, 53, 2, 18.64%, 0, 0, 15, 100.33, 500407, 499, 0, 0
43033, 1, 512, 522, 53, 2, 18.64%, 0, 0, 15, 100.82, 500918, 499, 0, 0
43038, 1, 512, 522, 53, 2, 18.64%, 0, 0, 15, 102.02, 501446, 499, 0, 0
43043, 1, 512, 522, 53, 2, 18.64%, 0, 0, 15, 101.70, 501968, 499, 0, 0
43048, 1, 512, 522, 53, 2, 18.64%, 0, 0, 15, 102.20, 502494, 499, 0, 0
43053, 1, 275, 522, 52, 1, 18.64%, 0, 0, 15, 108.08, 503036, 499, 0, 0
43058, 1, 513, 522, 52, 1, 18.64%, 0, 0, 15, 103.50, 503560, 499, 0, 0
43064, 1, 513, 522, 52, 1, 18.64%, 0, 0, 15, 99.66, 504066, 499, 0, 0
43069, 1, 513, 524, 54, 1, 18.64%, 0, 0, 16, 100.51, 504578, 499, 0, 0
43074, 1, 513, 524, 54, 1, 18.64%, 0, 0, 16, 100.77, 505092, 499, 0, 0
43079, 1, 513, 524, 54, 1, 18.64%, 0, 0, 16, 101.36, 505618, 499, 0, 0
43084, 1, 513, 524, 54, 1, 18.64%, 0, 0, 16, 101.21, 506142, 499, 0, 0
43089, 1, 513, 524, 54, 1, 18.64%, 0, 0, 16, 101.01, 506660, 499, 0, 0
43094, 1, 513, 524, 54, 1, 18.64%, 0, 0, 16, 101.21, 507184, 499, 0, 0
43100, 1, 513, 524, 54, 1, 18.64%, 0, 0, 16, 101.17, 507708, 499, 0, 0
43105, 1, 513, 524, 54, 1, 18.64%, 0, 0, 16, 101.08, 508228, 499, 0, 0
43110, 1, 513, 524, 54, 1, 18.64%, 0, 0, 16, 101.24, 508752, 499, 0, 0
43115, 1, 513, 524, 54, 1, 18.64%, 0, 0, 16, 101.24, 509276, 499, 0, 0
43120, 1, 513, 524, 54, 1, 18.64%, 0, 0, 16, 100.92, 509794, 499, 0, 0
43125, 1, 294, 524, 53, 0, 18.64%, 0, 0, 16, 103.63, 510312, 499, 0, 0
43130, 1, 522, 524, 53, 0, 18.64%, 0, 0, 16, 102.28, 510836, 499, 0, 0
43135, 1, 522, 524, 53, 0, 18.64%, 0, 0, 16, 100.92, 511346, 499, 0, 0
43141, 1, 522, 525, 54, 0, 18.64%, 0, 0, 17, 100.05, 511863, 499, 0, 0
43146, 1, 522, 526, 55, 0, 18.64%, 0, 0, 17, 99.49, 512373, 499, 0, 0
43151, 1, 522, 526, 55, 0, 18.64%, 0, 0, 17, 100.53, 512886, 499, 0, 0
43156, 1, 522, 526, 55, 0, 18.64%, 0, 0, 17, 99.30, 513397, 499, 0, 0
43161, 1, 522, 526, 55, 0, 18.64%, 0, 0, 17, 99.70, 513909, 499, 0, 0
43166, 1, 522, 526, 55, 0, 18.64%, 0, 0, 17, 98.73, 514415, 499, 0, 0
43171, 1, 522, 528, 57, 0, 18.64%, 0, 0, 17, 94.64, 514903, 499, 0, 0
43176, 1, 522, 528, 57, 0, 18.64%, 0, 0, 17, 98.75, 515410, 499, 0, 0
43182, 1, 522, 528, 57, 0, 18.64%, 0, 0, 17, 94.84, 515891, 499, 0, 0
43187, 1, 522, 529, 58, 0, 18.64%, 0, 0, 17, 95.33, 516381, 499, 0, 0
43192, 1, 522, 529, 58, 0, 18.64%, 0, 0, 17, 96.82, 516876, 499, 0, 0
43197, 1, 522, 529, 58, 0, 18.64%, 0, 0, 17, 99.35, 517384, 499, 0, 0
43202, 1, 522, 529, 58, 0, 18.64%, 0, 0, 17, 96.53, 517876, 499, 0, 0
43207, 1, 522, 529, 58, 0, 18.64%, 0, 0, 17, 96.93, 518372, 499, 0, 0
43212, 1, 522, 530, 59, 0, 18.64%, 0, 0, 17, 98.24, 518872, 499, 0, 0
43217, 1, 522, 530, 59, 0, 18.64%, 0, 0, 17, 100.19, 519394, 499, 0, 0
43222, 1, 522, 530, 59, 0, 18.64%, 0, 0, 17, 99.96, 519898, 499, 0, 0
43228, 1, 522, 530, 59, 0, 18.64%, 0, 0, 17, 100.18, 520418, 499, 0, 0
43233, 1, 522, 530, 59, 0, 18.64%, 0, 0, 17, 99.71, 520930, 499, 0, 0
43238, 1, 522, 530, 59, 0, 18.64%, 0, 0, 17, 96.28, 521426, 499, 0, 0
43243, 1, 522, 530, 59, 0, 18.64%, 0, 0, 17, 95.48, 521910, 499, 0, 0
43248, 1, 522, 530, 59, 0, 18.64%, 0, 0, 17, 96.83, 522411, 499, 0, 0
43253, 1, 522, 530, 59, 0, 18.64%, 0, 0, 17, 99.27, 522920, 499, 0, 0
43258, 1, 522, 530, 59, 0, 18.64%, 0, 0, 17, 96.65, 523412, 499, 0, 0
43264, 1, 522, 530, 59, 0, 18.64%, 0, 0, 17, 91.86, 523874, 499, 0, 0
43269, 1, 522, 530, 59, 0, 18.64%, 0, 0, 17, 96.20, 524360, 499, 0, 0
43274, 1, 520, 530, 58, 0, 18.64%, 0, 0, 17, 98.02, 524862, 499, 0, 0
43279, 1, 520, 530, 58, 0, 18.64%, 0, 0, 17, 98.73, 525372, 499, 0, 0
43284, 1, 520, 530, 58, 0, 18.64%, 0, 0, 17, 99.86, 525883, 499, 0, 0
43289, 1, 384, 530, 57, 0, 18.64%, 0, 0, 17, 102.21, 526405, 499, 0, 0
43294, 1, 384, 530, 57, 0, 18.64%, 0, 0, 17, 103.60, 526930, 499, 0, 0
43299, 1, 304, 530, 56, 0, 18.64%, 0, 0, 17, 104.29, 527456, 499, 0, 0
43304, 1, 187, 530, 56, 0, 18.64%, 0, 0, 17, 105.70, 527984, 499, 0, 0
43309, 1, 436, 530, 55, 0, 18.64%, 0, 0, 17, 100.91, 528500, 499, 0, 0
43315, 1, 436, 530, 55, 0, 18.64%, 0, 0, 17, 99.34, 529029, 499, 0, 0
43320, 1, 529, 530, 54, 0, 18.64%, 0, 0, 17, 100.61, 529539, 499, 0, 0
43325, 1, 529, 530, 54, 0, 18.64%, 0, 0, 17, 99.53, 530039, 499, 0, 0
43331, 1, 529, 530, 54, 0, 18.64%, 0, 0, 17, 100.04, 530655, 499, 0, 0
43336, 1, 529, 532, 56, 0, 18.64%, 0, 0, 18, 99.92, 531168, 499, 0, 0
43341, 1, 529, 533, 57, 0, 18.64%, 0, 0, 18, 99.90, 531685, 499, 0, 0
43346, 1, 529, 536, 60, 0, 18.64%, 0, 0, 18, 99.97, 532188, 499, 0, 0
43351, 1, 529, 536, 60, 0, 18.64%, 0, 0, 18, 100.17, 532699, 499, 0, 0
43356, 1, 529, 536, 60, 0, 18.64%, 0, 0, 18, 100.42, 533211, 499, 0, 0
43362, 1, 529, 537, 61, 0, 18.64%, 0, 0, 18, 100.14, 533724, 499, 0, 0
43367, 1, 529, 537, 61, 0, 18.64%, 0, 0, 18, 100.37, 534244, 499, 0, 0
43372, 1, 529, 537, 61, 0, 18.64%, 0, 0, 18, 96.27, 534727, 499, 0, 0
43377, 1, 529, 537, 61, 0, 18.64%, 0, 0, 18, 95.67, 535213, 499, 0, 0
43382, 1, 529, 538, 62, 0, 18.64%, 0, 0, 18, 95.90, 535704, 499, 0, 0
43387, 1, 529, 538, 62, 0, 18.64%, 0, 0, 18, 97.84, 536203, 499, 0, 0
43392, 1, 529, 538, 62, 0, 18.64%, 0, 0, 18, 99.37, 536714, 499, 0, 0
43397, 1, 529, 538, 62, 0, 18.64%, 0, 0, 18, 96.44, 537207, 499, 0, 0
43402, 1, 529, 538, 62, 0, 18.64%, 0, 0, 18, 94.10, 537692, 499, 0, 0
43408, 1, 529, 538, 62, 0, 18.64%, 0, 0, 18, 96.09, 538175, 499, 0, 0
43413, 1, 529, 538, 62, 0, 18.64%, 0, 0, 18, 96.00, 538665, 499, 0, 0
43418, 1, 529, 538, 62, 0, 18.64%, 0, 0, 18, 96.68, 539158, 499, 0, 0
43423, 1, 529, 538, 62, 0, 18.64%, 0, 0, 18, 97.21, 539651, 499, 0, 0
43428, 1, 529, 539, 63, 0, 18.64%, 0, 0, 18, 99.02, 540153, 499, 0, 0
43433, 1, 529, 539, 63, 0, 18.64%, 0, 0, 18, 99.26, 540656, 499, 0, 0
43438, 1, 529, 539, 63, 0, 18.64%, 0, 0, 18, 97.63, 541148, 499, 0, 0
43443, 1, 529, 539, 63, 0, 18.64%, 0, 0, 18, 98.12, 541651, 499, 0, 0
43448, 1, 529, 539, 63, 0, 18.64%, 0, 0, 18, 95.44, 542131, 499, 0, 0
43453, 1, 529, 540, 64, 0, 18.64%, 0, 0, 18, 90.70, 542589, 499, 0, 0
43458, 1, 529, 540, 64, 0, 18.64%, 0, 0, 18, 95.07, 543069, 499, 0, 0
43464, 1, 122, 540, 63, 0, 18.64%, 0, 0, 18, 97.97, 543567, 499, 0, 0
43469, 1, 514, 540, 63, 0, 18.64%, 0, 0, 18, 99.16, 544076, 499, 0, 0
43474, 1, 514, 540, 63, 0, 18.64%, 0, 0, 18, 99.66, 544586, 499, 0, 0
43479, 1, 514, 540, 63, 0, 18.64%, 0, 0, 18, 99.99, 545102, 499, 0, 0
43484, 1, 377, 540, 62, 0, 18.64%, 0, 0, 18, 100.43, 545611, 499, 0, 0
43489, 1, 532, 540, 62, 0, 18.64%, 0, 0, 18, 100.00, 546135, 499, 0, 0
43494, 1, 532, 540, 62, 0, 18.64%, 0, 0, 18, 99.49, 546637, 499, 0, 0
43499, 1, 532, 540, 62, 0, 18.64%, 0, 0, 18, 97.75, 547134, 499, 0, 0
43505, 1, 532, 540, 62, 0, 18.64%, 0, 0, 18, 94.39, 547616, 499, 0, 0
43510, 1, 447, 540, 61, 0, 18.64%, 0, 0, 18, 94.27, 548095, 499, 0, 0
43515, 1, 447, 540, 61, 0, 18.64%, 0, 0, 18, 98.41, 548605, 499, 0, 0
43520, 1, 535, 540, 60, 0, 18.64%, 0, 0, 18, 102.22, 549135, 499, 0, 0
43525, 1, 535, 540, 60, 0, 18.64%, 0, 0, 18, 98.38, 549630, 499, 0, 0
43530, 1, 535, 540, 60, 0, 18.64%, 0, 0, 18, 98.10, 550127, 499, 0, 0
43535, 1, 535, 540, 60, 0, 18.64%, 0, 0, 18, 98.59, 550639, 499, 0, 0
43540, 1, 453, 540, 59, 0, 18.64%, 0, 0, 18, 103.55, 551174, 499, 0, 0
43546, 1, 453, 540, 59, 0, 18.64%, 0, 0, 18, 103.08, 551736, 499, 0, 0
43551, 1, 478, 540, 58, 0, 18.64%, 0, 0, 18, 102.87, 552262, 499, 0, 0
43556, 1, 470, 540, 58, 0, 18.64%, 0, 0, 18, 102.81, 552786, 499, 0, 0
43561, 1, 294, 540, 57, 0, 18.64%, 0, 0, 18, 102.70, 553304, 499, 0, 0
43566, 1, 492, 540, 57, 0, 18.64%, 0, 0, 18, 105.87, 553860, 499, 0, 0
43571, 1, 118, 540, 57, 0, 18.64%, 0, 0, 18, 105.64, 554386, 499, 0, 0
43576, 1, 479, 540, 57, 0, 18.64%, 0, 0, 18, 101.13, 554898, 499, 0, 0
43582, 1, 479, 540, 57, 0, 18.64%, 0, 0, 18, 99.35, 555381, 499, 0, 0
43587, 1, 476, 540, 56, 0, 18.64%, 0, 0, 18, 101.81, 555905, 499, 0, 0
43592, 1, 476, 540, 56, 0, 18.64%, 0, 0, 18, 102.05, 556418, 499, 0, 0
43597, 1, 220, 540, 55, 0, 18.64%, 0, 0, 18, 107.48, 556984, 499, 0, 0
43602, 1, 231, 540, 55, 0, 18.64%, 0, 0, 18, 103.19, 557506, 499, 0, 0
43609, 1, 472, 540, 55, 0, 18.64%, 0, 0, 18, 103.12, 558232, 499, 0, 0
43614, 1, 57, 540, 54, 0, 18.64%, 0, 0, 18, 102.15, 558744, 499, 0, 0
43619, 1, 461, 540, 54, 0, 18.64%, 0, 0, 18, 90.16, 559231, 499, 0, 0
43624, 1, 461, 540, 54, 0, 18.64%, 0, 0, 18, 69.73, 559502, 499, 0, 0
43630, 1, 188, 540, 53, 0, 18.64%, 0, 0, 18, 58.99, 559809, 499, 0, 0
43635, 1, 259, 540, 53, 0, 18.64%, 0, 0, 18, 70.45, 560161, 499, 0, 0
43640, 1, 389, 540, 53, 0, 18.64%, 0, 0, 18, 88.50, 560648, 499, 0, 0
43645, 1, 442, 540, 53, 0, 18.64%, 0, 0, 18, 91.59, 561119, 499, 0, 0
43650, 1, 442, 540, 53, 0, 18.64%, 0, 0, 18, 93.56, 561591, 499, 0, 0
43655, 1, 188, 540, 51, 0, 18.64%, 0, 0, 18, 101.69, 562109, 499, 0, 0
43661, 1, 440, 540, 51, 0, 18.64%, 0, 0, 18, 101.58, 562720, 499, 0, 0
43666, 1, 185, 540, 50, 0, 18.64%, 0, 0, 18, 100.59, 563228, 499, 0, 0
43671, 1, 426, 540, 50, 0, 18.64%, 0, 0, 18, 98.60, 563729, 499, 0, 0
43678, 1, 349, 540, 50, 0, 18.64%, 0, 0, 18, 98.68, 564385, 499, 0, 0
43683, 1, 95, 540, 49, 0, 18.64%, 0, 0, 18, 102.79, 564913, 499, 0, 0
43688, 1, 289, 540, 49, 0, 18.64%, 0, 0, 18, 105.95, 565469, 499, 0, 0
43693, 1, 180, 540, 49, 0, 18.64%, 0, 0, 18, 110.59, 566025, 499, 0, 0
43698, 2, 228, 545, 54, 0, 18.68%, 0, 0, 18, 103.44, 566542, 500, 0, 0
43703, 2, 228, 548, 57, 0, 18.68%, 0, 0, 18, 101.23, 567055, 500, 0, 0
43708, 2, 228, 548, 57, 0, 18.68%, 0, 0, 18, 102.44, 567593, 500, 0, 0
43714, 2, 228, 548, 57, 0, 18.68%, 0, 0, 18, 104.88, 568139, 500, 0, 0
43719, 2, 228, 548, 57, 0, 18.68%, 0, 0, 18, 95.38, 568620, 500, 0, 0
43724, 2, 228, 548, 57, 0, 18.68%, 0, 0, 18, 87.16, 569038, 500, 0, 0
43729, 2, 228, 549, 58, 0, 18.68%, 0, 0, 18, 89.62, 569503, 500, 0, 0
43734, 2, 228, 549, 58, 0, 18.68%, 0, 0, 18, 99.57, 570026, 500, 0, 0
43739, 2, 228, 549, 58, 0, 18.68%, 0, 0, 18, 103.74, 570560, 500, 0, 0
43744, 2, 228, 549, 58, 0, 18.68%, 0, 0, 18, 105.59, 571108, 500, 0, 0
43750, 2, 228, 550, 59, 0, 18.68%, 0, 0, 18, 100.57, 571639, 500, 0, 0
43755, 2, 228, 551, 60, 0, 18.71%, 0, 0, 18, 105.32, 572188, 501, 0, 0
43760, 2, 228, 551, 60, 0, 18.71%, 0, 0, 18, 100.67, 572716, 501, 0, 0
43765, 2, 228, 551, 60, 0, 18.71%, 0, 0, 18, 91.72, 573191, 501, 0, 0
43770, 2, 228, 551, 60, 0, 18.71%, 0, 0, 18, 102.34, 573613, 501, 0, 0
44754, 2, 228, 552, 61, 0, 18.71%, 0, 0, 18, 0.01, 573768, 501, 0, 0
44760, 2, 228, 552, 61, 0, 18.71%, 0, 0, 18, 92.08, 574248, 501, 0, 0
44765, 2, 228, 552, 61, 0, 18.71%, 0, 0, 18, 103.71, 574796, 501, 0, 0
44770, 2, 228, 552, 61, 0, 18.71%, 0, 0, 18, 109.75, 575364, 501, 0, 0
44775, 2, 228, 553, 62, 0, 18.71%, 0, 0, 18, 111.07, 575937, 501, 0, 0
44780, 2, 228, 553, 62, 0, 18.71%, 0, 0, 18, 107.38, 576471, 501, 0, 0
44875, 2, 228, 553, 62, 0, 18.71%, 0, 0, 18, 0.13, 576963, 501, 0, 0
44880, 2, 228, 553, 62, 0, 18.71%, 0, 0, 18, 110.92, 577527, 501, 0, 0
44885, 2, 228, 553, 62, 0, 18.71%, 0, 0, 18, 108.91, 578077, 501, 0, 0
44890, 2, 228, 553, 62, 0, 18.71%, 0, 0, 18, 108.77, 578639, 501, 0, 0
44896, 2, 550, 553, 62, 1, 18.71%, 0, 0, 18, 106.46, 579193, 501, 0, 0
44901, 2, 550, 553, 62, 1, 18.71%, 0, 0, 18, 103.32, 579707, 501, 0, 0
44906, 2, 550, 553, 62, 1, 18.71%, 0, 0, 18, 104.96, 580235, 501, 0, 0
44911, 2, 550, 553, 62, 1, 18.71%, 0, 0, 18, 104.60, 580759, 501, 0, 0
44916, 2, 550, 554, 63, 1, 18.75%, 0, 0, 18, 104.79, 581279, 502, 0, 0
44921, 2, 550, 554, 63, 1, 18.75%, 0, 0, 18, 105.16, 581805, 502, 0, 0
44926, 2, 550, 554, 63, 1, 18.75%, 0, 0, 18, 105.30, 582333, 502, 0, 0
44931, 2, 550, 554, 63, 1, 18.75%, 0, 0, 18, 82.28, 582695, 502, 0, 0
45856, 2, 550, 554, 63, 1, 18.75%, 0, 0, 18, 0.00, 583155, 502, 0, 0
45861, 2, 550, 558, 67, 1, 18.79%, 0, 0, 18, 91.09, 583589, 503, 0, 0
45866, 2, 550, 559, 68, 1, 18.79%, 0, 0, 18, 91.91, 584068, 503, 0, 0
45871, 2, 550, 559, 68, 1, 18.79%, 0, 0, 18, 86.86, 584523, 503, 0, 0
45877, 2, 550, 559, 68, 1, 18.79%, 0, 0, 18, 100.90, 585049, 503, 0, 0
45882, 2, 550, 559, 68, 1, 18.79%, 0, 0, 18, 100.91, 585575, 503, 0, 0
47871, 2, 550, 559, 68, 1, 18.79%, 0, 0, 18, 0.00, 586045, 503, 0, 0
47876, 2, 553, 559, 67, 2, 18.79%, 0, 0, 18, 104.83, 586573, 503, 0, 0
47881, 2, 553, 559, 67, 2, 18.79%, 0, 0, 18, 102.44, 587091, 503, 0, 0
47886, 2, 553, 559, 67, 2, 18.79%, 0, 0, 18, 104.14, 587617, 503, 0, 0
47891, 2, 553, 559, 67, 2, 18.79%, 0, 0, 18, 105.11, 588145, 503, 0, 0
47896, 2, 553, 559, 67, 2, 18.79%, 0, 0, 18, 103.28, 588667, 503, 0, 0
47901, 2, 553, 559, 67, 2, 18.79%, 0, 0, 18, 105.00, 589195, 503, 0, 0
47906, 2, 553, 559, 67, 2, 18.79%, 0, 0, 18, 105.49, 589743, 503, 0, 0
47911, 2, 553, 559, 67, 2, 18.79%, 0, 0, 18, 104.17, 590283, 503, 0, 0
47917, 2, 553, 559, 67, 2, 18.79%, 0, 0, 18, 105.34, 590833, 503, 0, 0
47922, 2, 553, 559, 67, 2, 18.79%, 0, 0, 18, 105.03, 591359, 503, 0, 0
47927, 2, 553, 559, 67, 2, 18.79%, 0, 0, 18, 101.54, 591862, 503, 0, 0
47932, 2, 553, 559, 67, 2, 18.79%, 0, 0, 18, 103.34, 592404, 503, 0, 0
47937, 2, 553, 559, 67, 2, 18.79%, 0, 0, 18, 105.38, 592952, 503, 0, 0
47942, 2, 553, 559, 67, 2, 18.79%, 0, 0, 18, 104.57, 593494, 503, 0, 0
47948, 2, 553, 559, 67, 2, 18.79%, 0, 0, 18, 105.80, 594044, 503, 0, 0
47953, 2, 553, 559, 67, 2, 18.79%, 0, 0, 18, 106.08, 594594, 503, 0, 0
47958, 2, 553, 559, 67, 2, 18.79%, 0, 0, 18, 104.40, 595114, 503, 0, 0
47963, 2, 553, 559, 67, 2, 18.79%, 0, 0, 18, 105.32, 595664, 503, 0, 0
47968, 2, 553, 559, 67, 2, 18.79%, 0, 0, 18, 105.16, 596192, 503, 0, 0
47973, 2, 553, 559, 67, 2, 18.79%, 0, 0, 18, 94.84, 596669, 503, 0, 0
47978, 2, 553, 559, 67, 2, 18.79%, 0, 0, 18, 100.83, 597192, 503, 0, 0
47983, 2, 553, 559, 67, 2, 18.79%, 0, 0, 18, 103.83, 597718, 503, 0, 0
47988, 2, 553, 559, 67, 2, 18.79%, 0, 0, 18, 99.03, 598218, 503, 0, 0
47993, 2, 553, 559, 67, 2, 18.79%, 0, 0, 18, 87.99, 598666, 503, 0, 0
47999, 2, 553, 559, 67, 2, 18.79%, 0, 0, 18, 93.47, 599153, 503, 0, 0
48004, 2, 553, 559, 67, 2, 18.79%, 0, 0, 18, 90.38, 599612, 503, 0, 0
48009, 2, 553, 559, 67, 2, 18.79%, 0, 0, 18, 91.50, 600080, 503, 0, 0
48014, 2, 553, 559, 67, 2, 18.79%, 0, 0, 18, 94.61, 600571, 503, 0, 0
48019, 2, 553, 559, 67, 2, 18.79%, 0, 0, 18, 93.90, 601051, 503, 0, 0
48024, 2, 553, 559, 67, 2, 18.79%, 0, 0, 18, 94.95, 601541, 503, 0, 0
48029, 2, 553, 559, 67, 2, 18.79%, 0, 0, 18, 98.33, 602043, 503, 0, 0
48035, 2, 553, 559, 67, 2, 18.79%, 0, 0, 18, 97.13, 602537, 503, 0, 0
48040, 2, 553, 559, 67, 2, 18.79%, 0, 0, 18, 97.06, 603032, 503, 0, 0
48045, 2, 553, 559, 67, 2, 18.79%, 0, 0, 18, 98.47, 603535, 503, 0, 0
48050, 2, 553, 559, 67, 2, 18.79%, 0, 0, 18, 98.40, 604037, 503, 0, 0
48055, 2, 553, 559, 67, 2, 18.79%, 0, 0, 18, 99.02, 604547, 503, 0, 0
48060, 2, 553, 559, 67, 2, 18.79%, 0, 0, 18, 99.51, 605057, 503, 0, 0
48065, 2, 553, 559, 67, 2, 18.79%, 0, 0, 18, 98.75, 605558, 503, 0, 0
48070, 2, 553, 559, 67, 2, 18.79%, 0, 0, 18, 99.19, 606067, 503, 0, 0
48076, 2, 553, 559, 67, 2, 18.79%, 0, 0, 18, 98.72, 606575, 503, 0, 0
48081, 2, 553, 559, 67, 2, 18.79%, 0, 0, 18, 98.44, 607073, 503, 0, 0
48086, 2, 553, 559, 67, 2, 18.79%, 0, 0, 18, 98.85, 607577, 503, 0, 0
48091, 2, 553, 559, 67, 2, 18.79%, 0, 0, 18, 98.12, 608077, 503, 0, 0
48096, 2, 553, 559, 67, 2, 18.79%, 0, 0, 18, 97.49, 608569, 503, 0, 0
48101, 2, 553, 559, 67, 2, 18.79%, 0, 0, 18, 98.08, 609069, 503, 0, 0
48106, 2, 553, 559, 67, 2, 18.79%, 0, 0, 18, 96.48, 609564, 503, 0, 0
48111, 2, 553, 559, 67, 2, 18.79%, 0, 0, 18, 97.65, 610060, 503, 0, 0
48116, 2, 553, 559, 67, 2, 18.79%, 0, 0, 18, 98.27, 610560, 503, 0, 0
48121, 2, 553, 559, 67, 2, 18.79%, 0, 0, 18, 96.65, 611057, 503, 0, 0
48126, 2, 553, 559, 67, 2, 18.79%, 0, 0, 18, 98.35, 611562, 503, 0, 0
48132, 2, 553, 559, 67, 2, 18.79%, 0, 0, 18, 99.15, 612065, 503, 0, 0
48137, 2, 553, 559, 67, 2, 18.79%, 0, 0, 18, 96.00, 612560, 503, 0, 0
48142, 2, 553, 559, 67, 2, 18.79%, 0, 0, 18, 98.02, 613060, 503, 0, 0
48147, 2, 553, 559, 67, 2, 18.79%, 0, 0, 18, 98.40, 613559, 503, 0, 0
48152, 2, 553, 559, 67, 2, 18.79%, 0, 0, 18, 95.44, 614049, 503, 0, 0
48157, 2, 553, 559, 67, 2, 18.79%, 0, 0, 18, 97.40, 614549, 503, 0, 0
48162, 2, 553, 559, 67, 2, 18.79%, 0, 0, 18, 99.26, 615061, 503, 0, 0
48167, 2, 553, 559, 67, 2, 18.79%, 0, 0, 18, 96.90, 615560, 503, 0, 0
48172, 2, 553, 559, 67, 2, 18.79%, 0, 0, 18, 98.47, 616064, 503, 0, 0
48177, 2, 553, 559, 67, 2, 18.79%, 0, 0, 18, 96.59, 616561, 503, 0, 0
48183, 2, 553, 559, 67, 2, 18.79%, 0, 0, 18, 97.34, 617059, 503, 0, 0
48188, 2, 553, 559, 67, 2, 18.79%, 0, 0, 18, 99.74, 617576, 503, 0, 0
48193, 2, 553, 559, 67, 2, 18.79%, 0, 0, 18, 99.68, 618083, 503, 0, 0
48198, 2, 553, 559, 67, 2, 18.79%, 0, 0, 18, 97.82, 618581, 503, 0, 0
48203, 2, 554, 559, 66, 1, 18.79%, 0, 0, 18, 95.71, 619066, 503, 0, 0
48210, 2, 554, 559, 66, 1, 18.79%, 0, 0, 18, 6.84, 619556, 503, 0, 0
48215, 2, 554, 559, 66, 1, 18.79%, 0, 0, 18, 87.69, 620022, 503, 0, 0
48220, 2, 554, 559, 66, 1, 18.79%, 0, 0, 18, 65.96, 620360, 503, 0, 0
48225, 2, 554, 559, 66, 1, 18.79%, 0, 0, 18, 73.75, 620750, 503, 0, 0
48230, 2, 554, 559, 66, 1, 18.79%, 0, 0, 18, 71.47, 621110, 503, 0, 0
48321, 2, 554, 559, 66, 1, 18.79%, 0, 0, 18, 0.06, 621163, 503, 0, 0
48327, 2, 554, 559, 66, 1, 18.79%, 0, 0, 18, 76.16, 621555, 503, 0, 0
48332, 2, 554, 559, 66, 1, 18.79%, 0, 0, 18, 75.64, 621948, 503, 0, 0
48337, 2, 554, 559, 66, 1, 18.79%, 0, 0, 18, 74.02, 622301, 503, 0, 0
48342, 2, 554, 559, 66, 1, 18.79%, 0, 0, 18, 75.04, 622693, 503, 0, 0
48347, 2, 554, 559, 66, 1, 18.79%, 0, 0, 18, 84.77, 623116, 503, 0, 0
49416, 2, 554, 559, 66, 1, 18.79%, 0, 0, 18, 0.02, 623552, 503, 0, 0
49421, 2, 554, 560, 67, 1, 18.79%, 0, 0, 18, 91.62, 623968, 503, 0, 0
49426, 2, 395, 560, 66, 0, 18.79%, 0, 0, 18, 98.33, 624471, 503, 0, 0
49431, 2, 329, 560, 66, 0, 18.79%, 0, 0, 18, 100.82, 624976, 503, 0, 0
49436, 2, 448, 560, 66, 0, 18.79%, 0, 0, 18, 103.74, 625510, 503, 0, 0
49441, 2, 448, 563, 69, 0, 18.79%, 0, 0, 18, 99.42, 625993, 503, 0, 0
50079, 2, 448, 563, 69, 0, 18.79%, 0, 0, 18, 0.03, 626438, 503, 0, 0
50084, 2, 448, 563, 69, 0, 18.79%, 0, 0, 18, 100.71, 626947, 503, 0, 0
50089, 2, 448, 563, 69, 0, 18.79%, 0, 0, 18, 99.69, 627455, 503, 0, 0
50094, 2, 35, 563, 69, 0, 18.79%, 0, 0, 18, 95.83, 627936, 503, 0, 0
50099, 2, 53, 563, 68, 0, 18.79%, 0, 0, 18, 99.03, 628440, 503, 0, 0
50104, 2, 449, 563, 68, 0, 18.79%, 0, 0, 18, 98.54, 628951, 503, 0, 0
50109, 2, 543, 563, 68, 0, 18.79%, 0, 0, 18, 102.52, 629485, 503, 0, 0
50115, 2, 543, 563, 68, 0, 18.79%, 0, 0, 18, 103.47, 630011, 503, 0, 0
50120, 2, 543, 563, 68, 0, 18.79%, 0, 0, 18, 104.35, 630539, 503, 0, 0
50125, 2, 332, 563, 67, 0, 18.79%, 0, 0, 18, 103.26, 631052, 503, 0, 0
50130, 2, 494, 563, 66, 0, 18.79%, 0, 0, 18, 102.41, 631584, 503, 0, 0
50135, 2, 537, 563, 66, 0, 18.79%, 0, 0, 18, 95.03, 632058, 503, 0, 0
50140, 2, 537, 563, 66, 0, 18.79%, 0, 0, 18, 89.61, 632507, 503, 0, 0
50145, 2, 537, 563, 66, 0, 18.79%, 0, 0, 18, 92.07, 632980, 503, 0, 0
50150, 2, 537, 563, 66, 0, 18.79%, 0, 0, 18, 91.71, 633448, 503, 0, 0
50155, 2, 327, 563, 65, 0, 18.79%, 0, 0, 18, 94.17, 633920, 503, 0, 0
50160, 2, 446, 563, 65, 0, 18.79%, 0, 0, 18, 97.13, 634428, 503, 0, 0
50166, 2, 431, 563, 65, 0, 18.79%, 0, 0, 18, 99.14, 634933, 503, 0, 0
50171, 2, 458, 563, 65, 0, 18.79%, 0, 0, 18, 99.75, 635441, 503, 0, 0
50177, 2, 458, 563, 65, 0, 18.79%, 0, 0, 18, 100.00, 636095, 503, 0, 0
50182, 2, 556, 563, 64, 0, 18.79%, 0, 0, 18, 97.97, 636598, 503, 0, 0
50187, 2, 556, 563, 64, 0, 18.79%, 0, 0, 18, 94.55, 637074, 503, 0, 0
50192, 2, 556, 563, 64, 0, 18.79%, 0, 0, 18, 94.08, 637552, 503, 0, 0
50198, 2, 556, 563, 64, 0, 18.79%, 0, 0, 18, 92.06, 638020, 503, 0, 0
50204, 2, 556, 563, 64, 0, 18.79%, 0, 0, 18, 92.72, 638661, 503, 0, 0
50210, 2, 556, 566, 67, 0, 24.09%, 0, 0, 18, 92.50, 639134, 645, 0, 0
50215, 2, 556, 566, 67, 0, 24.09%, 0, 0, 18, 91.81, 639598, 645, 0, 0
50220, 2, 564, 566, 66, 1, 24.09%, 0, 0, 18, 86.06, 640045, 645, 0, 0
50225, 2, 564, 566, 66, 1, 24.09%, 0, 0, 18, 79.66, 640445, 645, 0, 0
50230, 2, 564, 566, 66, 1, 24.09%, 0, 0, 18, 77.95, 640839, 645, 0, 0
50235, 2, 564, 566, 66, 1, 24.09%, 0, 0, 18, 78.30, 641237, 645, 0, 0
50240, 2, 564, 578, 78, 1, 24.65%, 0, 0, 18, 78.28, 641645, 660, 0, 0
50246, 2, 564, 617, 117, 1, 24.65%, 0, 0, 18, 77.71, 642045, 660, 0, 0
50251, 2, 564, 632, 132, 1, 24.65%, 0, 0, 18, 77.72, 642444, 660, 0, 0
50256, 2, 564, 640, 140, 1, 24.65%, 0, 0, 18, 78.47, 642847, 660, 0, 0
50261, 2, 564, 645, 145, 1, 24.65%, 0, 0, 18, 77.16, 643242, 660, 0, 0
50266, 2, 564, 650, 150, 1, 24.65%, 0, 0, 18, 77.72, 643633, 660, 0, 0
50271, 2, 564, 654, 154, 1, 24.65%, 0, 0, 18, 77.70, 644034, 660, 0, 0
50276, 2, 564, 659, 159, 1, 24.65%, 0, 0, 18, 78.30, 644433, 660, 0, 0
50281, 2, 564, 664, 164, 1, 24.65%, 0, 0, 18, 78.04, 644833, 660, 0, 0
50286, 2, 564, 664, 164, 1, 24.65%, 0, 0, 18, 78.09, 645232, 660, 0, 0
50292, 2, 564, 667, 167, 1, 24.65%, 0, 0, 18, 76.98, 645623, 660, 0, 0
50297, 2, 564, 669, 169, 1, 24.65%, 0, 0, 18, 77.77, 646022, 660, 0, 0
50302, 2, 564, 669, 169, 1, 24.65%, 0, 0, 18, 72.51, 646395, 660, 0, 0
50307, 2, 564, 670, 170, 1, 24.65%, 0, 0, 18, 74.50, 646769, 660, 0, 0
50312, 2, 564, 671, 171, 1, 24.65%, 0, 0, 18, 77.04, 647172, 660, 0, 0
50317, 2, 564, 673, 173, 1, 24.65%, 0, 0, 18, 75.80, 647566, 660, 0, 0
50322, 2, 564, 676, 176, 1, 24.65%, 0, 0, 18, 76.90, 647968, 660, 0, 0
50328, 2, 564, 676, 176, 1, 24.65%, 0, 0, 18, 77.34, 648368, 660, 0, 0
50333, 2, 564, 676, 176, 1, 24.65%, 0, 0, 18, 75.72, 648761, 660, 0, 0
50338, 2, 564, 677, 177, 1, 24.65%, 0, 0, 18, 77.07, 649163, 660, 0, 0
50343, 2, 564, 677, 177, 1, 24.65%, 0, 0, 18, 77.01, 649562, 660, 0, 0
50348, 2, 564, 678, 178, 1, 24.65%, 0, 0, 18, 75.46, 649953, 660, 0, 0
50353, 2, 564, 679, 179, 1, 24.65%, 0, 0, 18, 76.33, 650338, 660, 0, 0
50358, 2, 564, 680, 180, 1, 24.65%, 0, 0, 18, 77.00, 650728, 660, 0, 0
50364, 2, 564, 680, 180, 1, 24.65%, 0, 0, 18, 75.46, 651119, 660, 0, 0
50369, 2, 564, 680, 180, 1, 24.65%, 0, 0, 18, 77.10, 651519, 660, 0, 0
50374, 2, 564, 680, 180, 1, 24.65%, 0, 0, 18, 77.10, 651918, 660, 0, 0
50379, 2, 564, 680, 180, 1, 24.65%, 0, 0, 18, 76.22, 652312, 660, 0, 0
50384, 2, 564, 682, 182, 1, 24.65%, 0, 0, 18, 76.11, 652705, 660, 0, 0
50389, 2, 564, 682, 182, 1, 24.65%, 0, 0, 18, 76.99, 653103, 660, 0, 0
50395, 2, 564, 682, 182, 1, 24.65%, 0, 0, 18, 75.77, 653495, 660, 0, 0
50400, 2, 564, 682, 182, 1, 24.65%, 0, 0, 18, 76.98, 653895, 660, 0, 0
50405, 2, 564, 683, 183, 1, 24.65%, 0, 0, 18, 77.07, 654296, 660, 0, 0
50410, 2, 564, 683, 183, 1, 24.65%, 0, 0, 18, 76.54, 654690, 660, 0, 0
50415, 2, 564, 685, 185, 1, 24.65%, 0, 0, 18, 76.94, 655080, 660, 0, 0
50420, 2, 564, 685, 185, 1, 24.65%, 0, 0, 18, 77.41, 655480, 660, 0, 0
50426, 2, 564, 685, 185, 1, 24.65%, 0, 0, 18, 75.18, 655864, 660, 0, 0
50431, 2, 564, 686, 186, 1, 24.65%, 0, 0, 18, 76.54, 656261, 660, 0, 0
50436, 2, 564, 687, 187, 1, 24.65%, 0, 0, 18, 76.99, 656650, 660, 0, 0
50441, 2, 564, 687, 187, 1, 24.65%, 0, 0, 18, 75.86, 657040, 660, 0, 0
50446, 2, 564, 688, 188, 1, 24.65%, 0, 0, 18, 77.14, 657439, 660, 0, 0
50451, 2, 564, 690, 190, 1, 24.65%, 0, 0, 18, 76.78, 657837, 660, 0, 0
50457, 2, 564, 691, 191, 1, 24.65%, 0, 0, 18, 75.87, 658232, 660, 0, 0
50462, 2, 564, 693, 193, 1, 24.65%, 0, 0, 18, 76.27, 658627, 660, 0, 0
50467, 2, 564, 693, 193, 1, 24.65%, 0, 0, 18, 76.96, 659027, 660, 0, 0
50472, 2, 564, 694, 194, 1, 24.65%, 0, 0, 18, 75.84, 659415, 660, 0, 0
50477, 2, 564, 694, 194, 1, 24.65%, 0, 0, 18, 73.86, 659798, 660, 0, 0
50482, 2, 564, 695, 195, 1, 24.65%, 0, 0, 18, 75.49, 660192, 660, 0, 0
50488, 2, 564, 696, 196, 1, 24.65%, 0, 0, 18, 76.10, 660585, 660, 0, 0
50493, 2, 564, 696, 196, 1, 24.65%, 0, 0, 18, 76.41, 660979, 660, 0, 0
50498, 2, 564, 696, 196, 1, 24.65%, 0, 0, 18, 73.17, 661358, 660, 0, 0
50503, 2, 564, 696, 196, 1, 24.65%, 0, 0, 18, 74.89, 661744, 660, 0, 0
50508, 2, 564, 696, 196, 1, 24.65%, 0, 0, 18, 76.54, 662142, 660, 0, 0
50513, 2, 564, 696, 196, 1, 24.65%, 0, 0, 18, 75.25, 662532, 660, 0, 0
50519, 2, 564, 697, 197, 1, 24.65%, 0, 0, 18, 76.67, 662930, 660, 0, 0
50524, 2, 564, 697, 197, 1, 24.65%, 0, 0, 18, 76.79, 663330, 660, 0, 0
50529, 2, 564, 697, 197, 1, 24.65%, 0, 0, 18, 74.23, 663713, 660, 0, 0
50534, 2, 564, 697, 197, 1, 24.65%, 0, 0, 18, 76.30, 664110, 660, 0, 0
50539, 2, 564, 697, 197, 1, 24.65%, 0, 0, 18, 76.86, 664509, 660, 0, 0
50544, 2, 564, 699, 199, 1, 24.65%, 0, 0, 18, 75.88, 664890, 660, 0, 0
50550, 2, 564, 699, 199, 1, 24.65%, 0, 0, 18, 76.65, 665288, 660, 0, 0
50555, 2, 564, 699, 199, 1, 24.65%, 0, 0, 18, 76.61, 665686, 660, 0, 0
50560, 2, 564, 699, 199, 1, 24.65%, 0, 0, 18, 75.03, 666076, 660, 0, 0
50565, 2, 564, 699, 199, 1, 24.65%, 0, 0, 18, 76.37, 666471, 660, 0, 0
50570, 2, 564, 699, 199, 1, 24.65%, 0, 0, 18, 76.59, 666870, 660, 0, 0
50576, 2, 564, 699, 199, 1, 24.65%, 0, 0, 18, 75.89, 667264, 660, 0, 0
50581, 2, 564, 700, 200, 1, 24.65%, 0, 0, 18, 76.74, 667653, 660, 0, 0
50586, 2, 564, 701, 201, 1, 24.65%, 0, 0, 18, 75.71, 668040, 660, 0, 0
50591, 2, 564, 701, 201, 1, 24.65%, 0, 0, 18, 74.71, 668428, 660, 0, 0
50596, 2, 564, 701, 201, 1, 24.65%, 0, 0, 18, 76.57, 668826, 660, 0, 0
50601, 2, 564, 701, 201, 1, 24.65%, 0, 0, 18, 76.54, 669222, 660, 0, 0
50606, 2, 564, 701, 201, 1, 24.65%, 0, 0, 18, 75.77, 669600, 660, 0, 0
50612, 2, 564, 701, 201, 1, 24.65%, 0, 0, 18, 75.78, 669995, 660, 0, 0
50617, 2, 564, 701, 201, 1, 24.65%, 0, 0, 18, 76.59, 670393, 660, 0, 0
50622, 2, 564, 701, 201, 1, 24.65%, 0, 0, 18, 75.50, 670783, 660, 0, 0
50627, 2, 564, 701, 201, 1, 24.65%, 0, 0, 18, 76.63, 671182, 660, 0, 0
50632, 2, 564, 701, 201, 1, 24.65%, 0, 0, 18, 76.34, 671578, 660, 0, 0
50637, 2, 564, 701, 201, 1, 24.65%, 0, 0, 18, 76.51, 671971, 660, 0, 0
50643, 2, 564, 701, 201, 1, 24.65%, 0, 0, 18, 76.91, 672369, 660, 0, 0
50648, 2, 564, 701, 201, 1, 24.65%, 0, 0, 18, 76.55, 672767, 660, 0, 0
50653, 2, 564, 701, 201, 1, 24.65%, 0, 0, 18, 75.43, 673142, 660, 0, 0
50658, 2, 564, 701, 201, 1, 24.65%, 0, 0, 18, 75.46, 673530, 660, 0, 0
50663, 2, 564, 701, 201, 1, 24.65%, 0, 0, 18, 75.98, 673926, 660, 0, 0
50668, 2, 564, 701, 201, 1, 24.65%, 0, 0, 18, 75.92, 674304, 660, 0, 0
50673, 2, 564, 701, 201, 1, 24.65%, 0, 0, 18, 75.89, 674698, 660, 0, 0
50678, 2, 564, 701, 201, 1, 24.65%, 0, 0, 18, 76.27, 675081, 660, 0, 0
50684, 2, 564, 701, 201, 1, 24.65%, 0, 0, 18, 75.77, 675470, 660, 0, 0
50689, 2, 564, 701, 201, 1, 24.65%, 0, 0, 18, 76.63, 675854, 660, 0, 0
50694, 2, 564, 702, 202, 1, 24.65%, 0, 0, 18, 75.94, 676246, 660, 0, 0
50699, 2, 564, 702, 202, 1, 24.65%, 0, 0, 18, 76.57, 676637, 660, 0, 0
50704, 2, 564, 702, 202, 1, 24.65%, 0, 0, 18, 73.52, 677015, 660, 0, 0
50709, 2, 564, 702, 202, 1, 24.65%, 0, 0, 18, 73.75, 677390, 660, 0, 0
50714, 2, 564, 702, 202, 1, 24.65%, 0, 0, 18, 74.92, 677776, 660, 0, 0
50720, 2, 564, 702, 202, 1, 24.65%, 0, 0, 18, 75.38, 678167, 660, 0, 0
50725, 2, 564, 703, 203, 1, 24.65%, 0, 0, 18, 75.37, 678547, 660, 0, 0
50730, 2, 564, 703, 203, 1, 24.65%, 0, 0, 18, 75.86, 678924, 660, 0, 0
50735, 2, 564, 704, 204, 1, 24.65%, 0, 0, 18, 76.23, 679321, 660, 0, 0
50740, 2, 564, 704, 204, 1, 24.65%, 0, 0, 18, 74.63, 679713, 660, 0, 0
50745, 2, 564, 704, 204, 1, 24.65%, 0, 0, 18, 75.85, 680108, 660, 0, 0
50750, 2, 564, 704, 204, 1, 24.65%, 0, 0, 18, 74.75, 680494, 660, 0, 0
50755, 2, 564, 704, 204, 1, 24.65%, 0, 0, 18, 71.57, 680863, 660, 0, 0
50761, 2, 564, 704, 204, 1, 24.65%, 0, 0, 18, 77.45, 681264, 660, 0, 0
50766, 2, 564, 704, 204, 1, 24.65%, 0, 0, 18, 78.78, 681664, 660, 0, 0
50771, 2, 564, 704, 204, 1, 24.65%, 0, 0, 18, 77.36, 682061, 660, 0, 0
50776, 2, 564, 704, 204, 1, 24.65%, 0, 0, 18, 79.16, 682467, 660, 0, 0
50781, 2, 564, 704, 204, 1, 24.65%, 0, 0, 18, 79.32, 682870, 660, 0, 0
50786, 2, 564, 704, 204, 1, 24.65%, 0, 0, 18, 78.21, 683274, 660, 0, 0
50791, 2, 564, 705, 205, 1, 24.65%, 0, 0, 18, 79.07, 683674, 660, 0, 0
50796, 2, 564, 705, 205, 1, 24.65%, 0, 0, 18, 72.78, 684052, 660, 0, 0
50801, 2, 564, 705, 205, 1, 24.65%, 0, 0, 18, 76.05, 684442, 660, 0, 0
50806, 2, 564, 706, 206, 1, 24.65%, 0, 0, 18, 74.82, 684823, 660, 0, 0
50812, 2, 564, 706, 206, 1, 24.65%, 0, 0, 18, 75.25, 685210, 660, 0, 0
50817, 2, 564, 706, 206, 1, 24.65%, 0, 0, 18, 74.85, 685595, 660, 0, 0
50822, 2, 564, 706, 206, 1, 24.65%, 0, 0, 18, 77.02, 685993, 660, 0, 0
50827, 2, 564, 706, 206, 1, 24.65%, 0, 0, 18, 79.27, 686398, 660, 0, 0
50832, 2, 564, 708, 208, 1, 24.65%, 0, 0, 18, 78.47, 686802, 660, 0, 0
50837, 2, 564, 708, 208, 1, 24.65%, 0, 0, 18, 78.22, 687201, 660, 0, 0
50842, 2, 564, 709, 209, 1, 24.65%, 0, 0, 18, 78.77, 687595, 660, 0, 0
50847, 2, 564, 711, 211, 1, 24.65%, 0, 0, 18, 79.05, 688000, 660, 0, 0
50852, 2, 564, 712, 212, 1, 24.65%, 0, 0, 18, 79.47, 688409, 660, 0, 0
50857, 2, 564, 716, 216, 1, 24.65%, 0, 0, 18, 79.48, 688808, 660, 0, 0
50863, 2, 564, 717, 217, 1, 24.65%, 0, 0, 18, 79.87, 689223, 660, 0, 0
50868, 2, 564, 718, 218, 1, 24.65%, 0, 0, 18, 78.91, 689621, 660, 0, 0
50873, 2, 564, 720, 220, 1, 24.65%, 0, 0, 18, 78.74, 690026, 660, 0, 0
50878, 2, 564, 720, 220, 1, 24.65%, 0, 0, 18, 74.49, 690412, 660, 0, 0
50883, 2, 564, 720, 220, 1, 24.65%, 0, 0, 18, 64.03, 690730, 660, 0, 0
50888, 2, 564, 720, 220, 1, 24.65%, 0, 0, 18, 73.88, 691121, 660, 0, 0
50893, 2, 564, 722, 222, 1, 24.65%, 0, 0, 18, 77.45, 691524, 660, 0, 0
50899, 2, 564, 722, 222, 1, 24.65%, 0, 0, 18, 74.43, 691907, 660, 0, 0
50904, 2, 564, 723, 223, 1, 24.65%, 0, 0, 18, 73.42, 692283, 660, 0, 0
50909, 2, 564, 724, 224, 1, 24.65%, 0, 0, 18, 74.95, 692665, 660, 0, 0
50914, 2, 564, 726, 226, 1, 24.65%, 0, 0, 18, 75.62, 693044, 660, 0, 0
50919, 2, 564, 726, 226, 1, 24.65%, 0, 0, 18, 75.97, 693426, 660, 0, 0
50924, 2, 564, 729, 229, 1, 24.65%, 0, 0, 18, 75.53, 693815, 660, 0, 0
50929, 2, 564, 729, 229, 1, 24.65%, 0, 0, 18, 73.10, 694193, 660, 0, 0
50934, 2, 564, 730, 230, 1, 24.65%, 0, 0, 18, 74.74, 694582, 660, 0, 0
50940, 2, 564, 730, 230, 1, 24.65%, 0, 0, 18, 74.95, 694967, 660, 0, 0
50945, 2, 564, 730, 230, 1, 24.65%, 0, 0, 18, 75.28, 695354, 660, 0, 0
50950, 2, 564, 731, 231, 1, 24.65%, 0, 0, 18, 75.36, 695745, 660, 0, 0
50955, 2, 564, 733, 233, 1, 24.65%, 0, 0, 18, 74.95, 696131, 660, 0, 0
50960, 2, 564, 734, 234, 1, 24.65%, 0, 0, 18, 74.99, 696519, 660, 0, 0
50965, 2, 564, 734, 234, 1, 24.65%, 0, 0, 18, 75.26, 696909, 660, 0, 0
50970, 2, 564, 734, 234, 1, 24.65%, 0, 0, 18, 75.34, 697287, 660, 0, 0
50976, 2, 564, 735, 235, 1, 24.65%, 0, 0, 18, 75.15, 697673, 660, 0, 0
50981, 2, 564, 735, 235, 1, 24.65%, 0, 0, 18, 75.17, 698064, 660, 0, 0
50986, 2, 564, 735, 235, 1, 24.65%, 0, 0, 18, 75.46, 698443, 660, 0, 0
50991, 2, 564, 735, 235, 1, 24.65%, 0, 0, 18, 75.25, 698832, 660, 0, 0
50996, 2, 564, 736, 236, 1, 29.81%, 0, 0, 18, 74.96, 699222, 798, 0, 0
51001, 2, 564, 737, 237, 1, 29.81%, 0, 0, 18, 74.80, 699599, 798, 0, 0
51006, 2, 564, 737, 237, 1, 29.81%, 0, 0, 18, 75.12, 699985, 798, 0, 0
51012, 2, 564, 738, 238, 1, 29.81%, 0, 0, 18, 75.07, 700373, 798, 0, 0
51017, 2, 578, 738, 237, 4, 29.81%, 0, 0, 18, 75.55, 700765, 798, 0, 0
51022, 2, 578, 738, 237, 4, 29.81%, 0, 0, 18, 75.00, 701151, 798, 0, 0
51027, 2, 578, 738, 237, 4, 29.81%, 0, 0, 18, 74.45, 701536, 798, 0, 0
51032, 2, 578, 738, 237, 4, 29.81%, 0, 0, 18, 74.69, 701920, 798, 0, 0
51038, 2, 578, 738, 237, 4, 29.81%, 0, 0, 18, 74.91, 702349, 798, 0, 0
51043, 2, 578, 738, 237, 4, 29.81%, 0, 0, 18, 75.13, 702739, 798, 0, 0
51048, 2, 578, 739, 238, 4, 29.81%, 0, 0, 18, 75.27, 703120, 798, 0, 0
51053, 2, 578, 740, 239, 4, 29.81%, 0, 0, 18, 75.13, 703501, 798, 0, 0
51058, 2, 578, 740, 239, 4, 29.81%, 0, 0, 18, 75.32, 703890, 798, 0, 0
51063, 2, 578, 740, 239, 4, 29.81%, 0, 0, 18, 75.33, 704277, 798, 0, 0
51069, 2, 578, 740, 239, 4, 29.81%, 0, 0, 18, 75.18, 704663, 798, 0, 0
51074, 2, 578, 740, 239, 4, 29.81%, 0, 0, 18, 55.07, 704937, 798, 0, 0
51079, 2, 578, 740, 239, 4, 29.81%, 0, 0, 18, 60.99, 705250, 798, 0, 0
51084, 2, 578, 740, 239, 4, 29.81%, 0, 0, 18, 71.04, 705629, 798, 0, 0
51089, 2, 578, 740, 239, 4, 29.81%, 0, 0, 18, 76.02, 706024, 798, 0, 0
51094, 2, 578, 741, 240, 4, 29.81%, 0, 0, 18, 75.82, 706408, 798, 0, 0
51099, 2, 578, 741, 240, 4, 29.81%, 0, 0, 18, 71.47, 706775, 798, 0, 0
51105, 2, 578, 741, 240, 4, 29.81%, 0, 0, 18, 72.18, 707137, 798, 0, 0
51110, 2, 578, 742, 241, 4, 29.81%, 0, 0, 18, 76.23, 707532, 798, 0, 0
51115, 2, 578, 744, 243, 4, 29.81%, 0, 0, 18, 57.06, 707807, 798, 0, 0
51120, 2, 578, 745, 244, 4, 29.81%, 0, 0, 18, 66.49, 708163, 798, 0, 0
51125, 2, 578, 745, 244, 4, 29.81%, 0, 0, 18, 75.78, 708557, 798, 0, 0
51130, 2, 578, 745, 244, 4, 29.81%, 0, 0, 18, 78.20, 708957, 798, 0, 0
51135, 2, 578, 745, 244, 4, 29.81%, 0, 0, 18, 78.12, 709355, 798, 0, 0
51140, 2, 578, 745, 244, 4, 29.81%, 0, 0, 18, 78.82, 709755, 798, 0, 0
51145, 2, 578, 745, 244, 4, 29.81%, 0, 0, 18, 78.94, 710155, 798, 0, 0
51150, 2, 578, 746, 245, 4, 29.81%, 0, 0, 18, 78.71, 710558, 798, 0, 0
51156, 2, 578, 746, 245, 4, 29.81%, 0, 0, 18, 79.10, 710958, 798, 0, 0
51161, 2, 578, 746, 245, 4, 29.81%, 0, 0, 18, 77.67, 711354, 798, 0, 0
51166, 2, 578, 746, 245, 4, 29.81%, 0, 0, 18, 75.47, 711740, 798, 0, 0
51171, 2, 578, 746, 245, 4, 29.81%, 0, 0, 18, 76.05, 712126, 798, 0, 0
51176, 2, 578, 746, 245, 4, 29.81%, 0, 0, 18, 78.44, 712526, 798, 0, 0
51181, 2, 578, 746, 245, 4, 29.81%, 0, 0, 18, 78.62, 712926, 798, 0, 0
51186, 2, 578, 746, 245, 4, 29.81%, 0, 0, 18, 77.59, 713321, 798, 0, 0
51191, 2, 578, 746, 245, 4, 29.81%, 0, 0, 18, 74.58, 713709, 798, 0, 0
51196, 2, 578, 746, 245, 4, 29.81%, 0, 0, 18, 76.87, 714099, 798, 0, 0
51202, 2, 578, 746, 245, 4, 29.81%, 0, 0, 18, 77.83, 714496, 798, 0, 0
51207, 2, 578, 746, 245, 4, 29.81%, 0, 0, 18, 77.32, 714886, 798, 0, 0
51212, 2, 578, 746, 245, 4, 29.81%, 0, 0, 18, 78.22, 715286, 798, 0, 0
51217, 2, 578, 746, 245, 4, 29.81%, 0, 0, 18, 76.20, 715677, 798, 0, 0
51222, 2, 578, 746, 245, 4, 29.81%, 0, 0, 18, 77.41, 716076, 798, 0, 0
51227, 2, 578, 746, 245, 4, 29.81%, 0, 0, 18, 78.11, 716475, 798, 0, 0
51232, 2, 578, 746, 245, 4, 29.81%, 0, 0, 18, 78.34, 716875, 798, 0, 0
51237, 2, 578, 747, 246, 4, 29.81%, 0, 0, 18, 76.59, 717260, 798, 0, 0
51242, 2, 578, 747, 246, 4, 29.81%, 0, 0, 18, 78.03, 717659, 798, 0, 0
51247, 2, 578, 747, 246, 4, 29.81%, 0, 0, 18, 78.77, 718058, 798, 0, 0
51253, 2, 578, 747, 246, 4, 29.81%, 0, 0, 18, 74.64, 718430, 798, 0, 0
51258, 2, 578, 747, 246, 4, 29.81%, 0, 0, 18, 66.93, 718771, 798, 0, 0
51263, 2, 578, 747, 246, 4, 29.81%, 0, 0, 18, 72.95, 719154, 798, 0, 0
51268, 2, 578, 747, 246, 4, 29.81%, 0, 0, 18, 77.18, 719550, 798, 0, 0
51273, 2, 578, 747, 246, 4, 29.81%, 0, 0, 18, 75.76, 719935, 798, 0, 0
51278, 2, 578, 747, 246, 4, 29.81%, 0, 0, 18, 76.34, 720323, 798, 0, 0
51283, 2, 578, 747, 246, 4, 29.81%, 0, 0, 18, 77.31, 720720, 798, 0, 0
51288, 2, 578, 747, 246, 4, 29.81%, 0, 0, 18, 76.46, 721107, 798, 0, 0
51294, 2, 578, 747, 246, 4, 29.81%, 0, 0, 18, 76.69, 721504, 798, 0, 0
51299, 2, 578, 747, 246, 4, 29.81%, 0, 0, 18, 77.84, 721903, 798, 0, 0
51304, 2, 578, 747, 246, 4, 29.81%, 0, 0, 18, 78.04, 722302, 798, 0, 0
51309, 2, 578, 747, 246, 4, 29.81%, 0, 0, 18, 78.35, 722702, 798, 0, 0
51314, 2, 578, 747, 246, 4, 29.81%, 0, 0, 18, 78.67, 723103, 798, 0, 0
51319, 2, 578, 747, 246, 4, 29.81%, 0, 0, 18, 78.74, 723503, 798, 0, 0
51324, 2, 578, 747, 246, 4, 29.81%, 0, 0, 18, 78.51, 723903, 798, 0, 0
51329, 2, 578, 747, 246, 4, 29.81%, 0, 0, 18, 78.64, 724303, 798, 0, 0
51334, 2, 578, 747, 246, 4, 29.81%, 0, 0, 18, 75.34, 724690, 798, 0, 0
51340, 2, 578, 747, 246, 4, 29.81%, 0, 0, 18, 76.84, 725086, 798, 0, 0
51345, 2, 578, 747, 246, 4, 29.81%, 0, 0, 18, 74.45, 725461, 798, 0, 0
51350, 2, 578, 747, 246, 4, 29.81%, 0, 0, 18, 74.97, 725847, 798, 0, 0
51355, 2, 578, 748, 247, 4, 29.81%, 0, 0, 18, 73.76, 726238, 798, 0, 0
51360, 2, 578, 748, 247, 4, 29.81%, 0, 0, 18, 78.15, 726638, 798, 0, 0
51365, 2, 578, 748, 247, 4, 29.81%, 0, 0, 18, 78.80, 727038, 798, 0, 0
51370, 2, 578, 748, 247, 4, 29.81%, 0, 0, 18, 79.03, 727440, 798, 0, 0
51375, 2, 578, 748, 247, 4, 29.81%, 0, 0, 18, 78.48, 727840, 798, 0, 0
51380, 2, 578, 748, 247, 4, 29.81%, 0, 0, 18, 78.65, 728239, 798, 0, 0
51385, 2, 578, 748, 247, 4, 29.81%, 0, 0, 18, 78.40, 728638, 798, 0, 0
51391, 2, 578, 748, 247, 4, 29.81%, 0, 0, 18, 78.64, 729038, 798, 0, 0
51396, 2, 578, 749, 248, 4, 29.81%, 0, 0, 18, 77.44, 729434, 798, 0, 0
51401, 2, 578, 751, 250, 4, 29.81%, 0, 0, 18, 75.70, 729822, 798, 0, 0
51406, 2, 578, 751, 250, 4, 29.81%, 0, 0, 18, 73.47, 730201, 798, 0, 0
51411, 2, 578, 753, 252, 4, 29.81%, 0, 0, 18, 73.83, 730585, 798, 0, 0
51416, 2, 578, 753, 252, 4, 29.81%, 0, 0, 18, 72.69, 730955, 798, 0, 0
51421, 2, 578, 753, 252, 4, 29.81%, 0, 0, 18, 73.45, 731330, 798, 0, 0
51426, 2, 578, 753, 252, 4, 29.81%, 0, 0, 18, 74.50, 731711, 798, 0, 0
51432, 2, 578, 753, 252, 4, 29.81%, 0, 0, 18, 75.09, 732102, 798, 0, 0
51437, 2, 578, 755, 254, 4, 29.81%, 0, 0, 18, 75.66, 732487, 798, 0, 0
51442, 2, 578, 755, 254, 4, 29.81%, 0, 0, 18, 75.98, 732868, 798, 0, 0
51447, 2, 578, 755, 254, 4, 29.81%, 0, 0, 18, 76.29, 733264, 798, 0, 0
51452, 2, 578, 755, 254, 4, 29.81%, 0, 0, 18, 76.62, 733662, 798, 0, 0
51457, 2, 578, 755, 254, 4, 29.81%, 0, 0, 18, 76.11, 734044, 798, 0, 0
51462, 2, 578, 755, 254, 4, 29.81%, 0, 0, 18, 75.98, 734439, 798, 0, 0
51467, 2, 578, 755, 254, 4, 29.81%, 0, 0, 18, 76.21, 734836, 798, 0, 0
51473, 2, 578, 755, 254, 4, 29.81%, 0, 0, 18, 76.72, 735236, 798, 0, 0
51478, 2, 578, 755, 254, 4, 29.81%, 0, 0, 18, 76.30, 735632, 798, 0, 0
51483, 2, 578, 755, 254, 4, 29.81%, 0, 0, 18, 75.78, 736025, 798, 0, 0
51488, 2, 578, 755, 254, 4, 29.81%, 0, 0, 18, 76.29, 736421, 798, 0, 0
51493, 2, 578, 755, 254, 4, 29.81%, 0, 0, 18, 76.14, 736816, 798, 0, 0
51499, 2, 578, 755, 254, 4, 29.81%, 0, 0, 18, 73.36, 737188, 798, 0, 0
51504, 2, 578, 755, 254, 4, 29.81%, 0, 0, 18, 74.37, 737567, 798, 0, 0
51509, 2, 578, 755, 254, 4, 29.81%, 0, 0, 18, 76.79, 737960, 798, 0, 0
51514, 2, 578, 755, 254, 4, 29.81%, 0, 0, 18, 77.85, 738359, 798, 0, 0
51519, 2, 578, 756, 255, 4, 29.81%, 0, 0, 18, 77.59, 738763, 798, 0, 0
51524, 2, 578, 756, 255, 4, 29.81%, 0, 0, 18, 73.39, 739137, 798, 0, 0
51529, 2, 578, 756, 255, 4, 29.81%, 0, 0, 18, 72.33, 739512, 798, 0, 0
51535, 2, 578, 756, 255, 4, 29.81%, 0, 0, 18, 73.76, 739891, 798, 0, 0
51540, 2, 578, 756, 255, 4, 29.81%, 0, 0, 18, 76.11, 740288, 798, 0, 0
51545, 2, 578, 756, 255, 4, 29.81%, 0, 0, 18, 75.65, 740678, 798, 0, 0
51550, 2, 578, 756, 255, 4, 29.81%, 0, 0, 18, 76.10, 741061, 798, 0, 0
51555, 2, 578, 756, 255, 4, 29.81%, 0, 0, 18, 76.11, 741456, 798, 0, 0
51560, 2, 578, 756, 255, 4, 29.81%, 0, 0, 18, 76.04, 741836, 798, 0, 0
51565, 2, 578, 756, 255, 4, 29.81%, 0, 0, 18, 75.60, 742229, 798, 0, 0
51570, 2, 578, 756, 255, 4, 29.81%, 0, 0, 18, 75.92, 742610, 798, 0, 0
51576, 2, 578, 756, 255, 4, 29.81%, 0, 0, 18, 75.70, 743003, 798, 0, 0
51581, 2, 578, 756, 255, 4, 29.81%, 0, 0, 18, 75.59, 743397, 798, 0, 0
51586, 2, 578, 756, 255, 4, 29.81%, 0, 0, 18, 75.60, 743788, 798, 0, 0
51591, 2, 578, 757, 256, 4, 29.81%, 0, 0, 18, 75.72, 744172, 798, 0, 0
51596, 2, 578, 757, 256, 4, 29.81%, 0, 0, 18, 75.97, 744553, 798, 0, 0
51601, 2, 578, 757, 256, 4, 29.81%, 0, 0, 18, 75.92, 744947, 798, 0, 0
51606, 2, 578, 757, 256, 4, 29.81%, 0, 0, 18, 75.97, 745327, 798, 0, 0
51612, 2, 578, 757, 256, 4, 29.81%, 0, 0, 18, 75.77, 745721, 798, 0, 0
51617, 2, 578, 757, 256, 4, 29.81%, 0, 0, 18, 75.87, 746115, 798, 0, 0
51622, 2, 578, 760, 259, 4, 29.81%, 0, 0, 18, 75.23, 746501, 798, 0, 0
51627, 2, 578, 760, 259, 4, 29.81%, 0, 0, 18, 75.43, 746880, 798, 0, 0
51632, 2, 578, 760, 259, 4, 29.81%, 0, 0, 18, 75.72, 747275, 798, 0, 0
51637, 2, 578, 760, 259, 4, 29.81%, 0, 0, 18, 76.09, 747670, 798, 0, 0
51642, 2, 735, 760, 258, 3, 29.81%, 0, 0, 18, 71.39, 748041, 798, 0, 0
51647, 2, 735, 760, 258, 3, 29.81%, 0, 0, 18, 69.20, 748391, 798, 0, 0
51653, 2, 735, 760, 258, 3, 29.81%, 0, 0, 18, 68.35, 748741, 798, 0, 0
51658, 2, 735, 760, 258, 3, 29.81%, 0, 0, 18, 67.88, 749091, 798, 0, 0
51663, 2, 735, 794, 292, 3, 29.92%, 0, 0, 18, 67.89, 749442, 801, 0, 0
51668, 2, 735, 832, 330, 3, 29.96%, 0, 0, 18, 67.62, 749789, 802, 0, 0
51673, 2, 735, 864, 362, 3, 29.96%, 0, 0, 18, 67.19, 750133, 802, 0, 0
51678, 2, 735, 887, 385, 3, 29.96%, 0, 0, 18, 67.30, 750473, 802, 0, 0
51683, 2, 735, 905, 403, 3, 29.96%, 0, 0, 18, 66.72, 750813, 802, 0, 0
51688, 2, 735, 917, 415, 3, 29.96%, 0, 0, 18, 66.87, 751155, 802, 0, 0
51694, 2, 735, 931, 429, 3, 30.00%, 0, 0, 18, 67.91, 751507, 803, 0, 0
51699, 2, 735, 939, 437, 3, 30.00%, 0, 0, 18, 68.27, 751852, 803, 0, 0
51704, 2, 735, 945, 443, 3, 30.00%, 0, 0, 18, 66.24, 752191, 803, 0, 0
51709, 2, 735, 948, 446, 3, 30.00%, 0, 0, 18, 64.92, 752515, 803, 0, 0
51714, 2, 735, 953, 451, 3, 30.00%, 0, 0, 18, 64.85, 752843, 803, 0, 0
51719, 2, 735, 958, 456, 3, 30.00%, 0, 0, 18, 66.42, 753180, 803, 0, 0
51724, 2, 735, 963, 461, 3, 30.00%, 0, 0, 18, 68.32, 753534, 803, 0, 0
51729, 2, 735, 964, 462, 3, 30.00%, 0, 0, 18, 67.40, 753866, 803, 0, 0
51734, 2, 735, 967, 465, 3, 30.00%, 0, 0, 18, 67.43, 754210, 803, 0, 0
51739, 2, 735, 971, 469, 3, 30.00%, 0, 0, 18, 69.25, 754570, 803, 0, 0
51745, 2, 735, 974, 472, 3, 30.00%, 0, 0, 18, 70.21, 754936, 803, 0, 0
51750, 2, 735, 975, 473, 3, 30.00%, 0, 0, 18, 71.08, 755298, 803, 0, 0
51755, 2, 735, 979, 477, 3, 30.00%, 0, 0, 18, 70.91, 755657, 803, 0, 0
51760, 2, 735, 979, 477, 3, 30.00%, 0, 0, 18, 68.46, 756012, 803, 0, 0
51765, 2, 735, 980, 478, 3, 30.00%, 0, 0, 18, 66.19, 756358, 803, 0, 0
51770, 2, 735, 980, 478, 3, 30.00%, 0, 0, 18, 66.49, 756701, 803, 0, 0
51775, 2, 735, 980, 478, 3, 30.00%, 0, 0, 18, 68.25, 757043, 803, 0, 0
51780, 2, 735, 981, 479, 3, 30.00%, 0, 0, 18, 67.43, 757380, 803, 0, 0
51785, 2, 735, 981, 479, 3, 30.00%, 0, 0, 18, 68.58, 757721, 803, 0, 0
51790, 2, 763, 982, 479, 5, 30.00%, 0, 0, 18, 67.19, 758063, 803, 0, 0
51796, 2, 763, 982, 479, 5, 30.00%, 0, 0, 18, 65.33, 758404, 803, 0, 0
51801, 2, 763, 982, 479, 5, 30.00%, 0, 0, 18, 60.95, 758681, 803, 0, 0
51806, 2, 763, 982, 479, 5, 30.00%, 0, 0, 18, 65.59, 759017, 803, 0, 0
51811, 2, 763, 982, 479, 5, 30.00%, 0, 0, 18, 67.83, 759386, 803, 0, 0
51816, 2, 763, 983, 480, 5, 30.00%, 0, 0, 18, 67.95, 759730, 803, 0, 0
51821, 2, 763, 983, 480, 5, 30.00%, 0, 0, 18, 67.87, 760079, 803, 0, 0
51826, 2, 763, 983, 480, 5, 30.00%, 0, 0, 18, 66.84, 760422, 803, 0, 0
51832, 2, 763, 983, 480, 5, 30.00%, 0, 0, 18, 64.77, 760748, 803, 0, 0
51837, 2, 763, 983, 480, 5, 30.00%, 0, 0, 18, 60.58, 761066, 803, 0, 0
51842, 2, 763, 983, 480, 5, 30.00%, 0, 0, 18, 66.28, 761415, 803, 0, 0
51847, 2, 763, 983, 480, 5, 30.00%, 0, 0, 18, 68.95, 761772, 803, 0, 0
51852, 2, 763, 983, 480, 5, 30.00%, 0, 0, 18, 67.48, 762121, 803, 0, 0
51857, 2, 763, 983, 480, 5, 30.00%, 0, 0, 18, 67.02, 762472, 803, 0, 0
51863, 2, 763, 983, 480, 5, 30.00%, 0, 0, 18, 64.82, 762815, 803, 0, 0
51868, 2, 763, 983, 480, 5, 30.00%, 0, 0, 18, 67.46, 763147, 803, 0, 0
51873, 2, 763, 983, 480, 5, 30.00%, 0, 0, 18, 70.32, 763505, 803, 0, 0
51878, 2, 763, 983, 480, 5, 30.00%, 0, 0, 18, 69.36, 763867, 803, 0, 0
51883, 2, 763, 983, 480, 5, 30.00%, 0, 0, 18, 69.65, 764230, 803, 0, 0
51888, 2, 763, 983, 480, 5, 30.00%, 0, 0, 18, 70.44, 764583, 803, 0, 0
51893, 2, 763, 983, 480, 5, 30.00%, 0, 0, 18, 68.96, 764938, 803, 0, 0
51898, 2, 763, 983, 480, 5, 30.00%, 0, 0, 18, 69.75, 765289, 803, 0, 0
51903, 2, 763, 983, 480, 5, 30.00%, 0, 0, 18, 70.23, 765654, 803, 0, 0
51908, 2, 763, 983, 480, 5, 30.00%, 0, 0, 18, 70.97, 766012, 803, 0, 0
51914, 2, 763, 983, 480, 5, 30.00%, 0, 0, 18, 65.19, 766353, 803, 0, 0
51919, 2, 763, 983, 480, 5, 30.00%, 0, 0, 18, 62.66, 766675, 803, 0, 0
51924, 2, 763, 983, 480, 5, 30.00%, 0, 0, 18, 66.31, 767011, 803, 0, 0
51929, 2, 763, 983, 480, 5, 30.00%, 0, 0, 18, 66.58, 767358, 803, 0, 0
51934, 2, 763, 983, 480, 5, 30.00%, 0, 0, 18, 68.67, 767715, 803, 0, 0
51939, 2, 763, 983, 480, 5, 30.00%, 0, 0, 18, 65.13, 768040, 803, 0, 0
51945, 2, 763, 983, 480, 5, 30.00%, 0, 0, 18, 68.49, 768399, 803, 0, 0
51950, 2, 763, 983, 480, 5, 30.00%, 0, 0, 18, 68.31, 768747, 803, 0, 0
51955, 2, 763, 983, 480, 5, 30.00%, 0, 0, 18, 64.18, 769067, 803, 0, 0
51960, 2, 763, 983, 480, 5, 30.00%, 0, 0, 18, 66.67, 769416, 803, 0, 0
51965, 2, 763, 983, 480, 5, 30.00%, 0, 0, 18, 68.53, 769771, 803, 0, 0
51970, 2, 763, 983, 480, 5, 30.00%, 0, 0, 18, 69.16, 770118, 803, 0, 0
51975, 2, 763, 983, 480, 5, 30.00%, 0, 0, 18, 67.57, 770462, 803, 0, 0
51980, 2, 763, 983, 480, 5, 30.00%, 0, 0, 18, 68.67, 770814, 803, 0, 0
51985, 2, 763, 983, 480, 5, 30.00%, 0, 0, 18, 69.35, 771162, 803, 0, 0
51991, 2, 763, 983, 480, 5, 30.00%, 0, 0, 18, 68.01, 771519, 803, 0, 0
51996, 2, 763, 983, 480, 5, 30.00%, 0, 0, 18, 69.47, 771870, 803, 0, 0
52001, 2, 763, 983, 480, 5, 30.00%, 0, 0, 18, 69.46, 772227, 803, 0, 0
52006, 2, 763, 983, 480, 5, 30.00%, 0, 0, 18, 70.03, 772580, 803, 0, 0
52011, 2, 763, 983, 480, 5, 30.00%, 0, 0, 18, 70.77, 772936, 803, 0, 0
52016, 2, 763, 983, 480, 5, 30.00%, 0, 0, 18, 68.71, 773279, 803, 0, 0
52021, 2, 763, 983, 480, 5, 30.00%, 0, 0, 18, 69.81, 773632, 803, 0, 0
52026, 2, 763, 983, 480, 5, 30.00%, 0, 0, 18, 70.04, 773997, 803, 0, 0
52031, 2, 763, 983, 480, 5, 30.00%, 0, 0, 18, 68.14, 774349, 803, 0, 0
52037, 2, 763, 983, 480, 5, 30.00%, 0, 0, 18, 68.48, 774701, 803, 0, 0
52042, 2, 763, 983, 480, 5, 30.00%, 0, 0, 18, 69.69, 775051, 803, 0, 0
52047, 2, 763, 983, 480, 5, 30.00%, 0, 0, 18, 69.88, 775399, 803, 0, 0
52052, 2, 763, 983, 480, 5, 30.00%, 0, 0, 18, 70.92, 775770, 803, 0, 0
52057, 2, 763, 983, 480, 5, 30.00%, 0, 0, 18, 71.09, 776127, 803, 0, 0
52062, 2, 763, 983, 480, 5, 30.00%, 0, 0, 18, 71.10, 776485, 803, 0, 0
52067, 2, 763, 984, 481, 5, 30.00%, 0, 0, 18, 71.52, 776851, 803, 0, 0
52072, 2, 763, 984, 481, 5, 30.00%, 0, 0, 18, 71.16, 777206, 803, 0, 0
52077, 2, 763, 984, 481, 5, 30.00%, 0, 0, 18, 69.83, 777557, 803, 0, 0
52082, 2, 763, 984, 481, 5, 30.00%, 0, 0, 18, 69.24, 777910, 803, 0, 0
52087, 2, 763, 984, 481, 5, 30.00%, 0, 0, 18, 69.02, 778269, 803, 0, 0
52092, 2, 763, 984, 481, 5, 30.00%, 0, 0, 18, 70.05, 778633, 803, 0, 0
52097, 2, 763, 984, 481, 5, 30.00%, 0, 0, 18, 67.20, 778967, 803, 0, 0
52103, 2, 763, 984, 481, 5, 30.00%, 0, 0, 18, 67.95, 779313, 803, 0, 0
52108, 2, 763, 984, 481, 5, 30.00%, 0, 0, 18, 69.89, 779678, 803, 0, 0
52113, 2, 763, 984, 481, 5, 30.00%, 0, 0, 18, 68.90, 780029, 803, 0, 0
52118, 2, 763, 984, 481, 5, 30.00%, 0, 0, 18, 68.99, 780371, 803, 0, 0
52123, 2, 763, 984, 481, 5, 30.00%, 0, 0, 18, 70.44, 780726, 803, 0, 0
52128, 2, 763, 984, 481, 5, 30.00%, 0, 0, 18, 71.24, 781085, 803, 0, 0
52133, 2, 763, 984, 481, 5, 30.00%, 0, 0, 18, 71.08, 781442, 803, 0, 0
52138, 2, 763, 984, 481, 5, 30.00%, 0, 0, 18, 70.30, 781807, 803, 0, 0
52143, 2, 763, 984, 481, 5, 30.00%, 0, 0, 18, 70.45, 782161, 803, 0, 0
52148, 2, 763, 984, 481, 5, 30.00%, 0, 0, 18, 69.24, 782513, 803, 0, 0
52154, 2, 763, 984, 481, 5, 30.00%, 0, 0, 18, 69.22, 782870, 803, 0, 0
52159, 2, 763, 984, 481, 5, 30.00%, 0, 0, 18, 69.73, 783219, 803, 0, 0
52164, 2, 763, 984, 481, 5, 30.00%, 0, 0, 18, 67.96, 783574, 803, 0, 0
52169, 2, 763, 984, 481, 5, 30.00%, 0, 0, 18, 69.59, 783936, 803, 0, 0
52174, 2, 763, 984, 481, 5, 30.00%, 0, 0, 18, 70.32, 784301, 803, 0, 0
52179, 2, 763, 984, 481, 5, 30.00%, 0, 0, 18, 64.93, 784639, 803, 0, 0
52184, 2, 763, 984, 481, 5, 30.00%, 0, 0, 18, 67.86, 784984, 803, 0, 0
52190, 2, 763, 984, 481, 5, 30.00%, 0, 0, 18, 67.68, 785329, 803, 0, 0
52195, 2, 763, 984, 481, 5, 30.00%, 0, 0, 18, 65.59, 785656, 803, 0, 0
52200, 2, 763, 984, 481, 5, 30.00%, 0, 0, 18, 66.59, 785997, 803, 0, 0
52205, 2, 763, 984, 481, 5, 30.00%, 0, 0, 18, 68.26, 786351, 803, 0, 0
52210, 2, 763, 984, 481, 5, 30.00%, 0, 0, 18, 69.17, 786705, 803, 0, 0
52215, 2, 763, 984, 481, 5, 30.00%, 0, 0, 18, 69.79, 787067, 803, 0, 0
52220, 2, 763, 984, 481, 5, 30.00%, 0, 0, 18, 70.32, 787420, 803, 0, 0
52226, 2, 763, 984, 481, 5, 30.00%, 0, 0, 18, 69.79, 787782, 803, 0, 0
52231, 2, 763, 984, 481, 5, 30.00%, 0, 0, 18, 66.65, 788116, 803, 0, 0
52236, 2, 763, 984, 481, 5, 30.00%, 0, 0, 18, 67.22, 788452, 803, 0, 0
52241, 2, 763, 984, 481, 5, 30.00%, 0, 0, 18, 67.19, 788793, 803, 0, 0
52246, 2, 763, 984, 481, 5, 30.00%, 0, 0, 18, 69.80, 789146, 803, 0, 0
52251, 2, 763, 984, 481, 5, 30.00%, 0, 0, 18, 68.40, 789495, 803, 0, 0
52256, 2, 763, 984, 481, 5, 30.00%, 0, 0, 18, 68.75, 789847, 803, 0, 0
52261, 2, 763, 984, 481, 5, 30.00%, 0, 0, 18, 69.32, 790209, 803, 0, 0
52267, 2, 763, 984, 481, 5, 30.00%, 0, 0, 18, 67.49, 790549, 803, 0, 0
52272, 2, 763, 984, 481, 5, 30.00%, 0, 0, 18, 66.60, 790894, 803, 0, 0
52277, 2, 763, 984, 481, 5, 30.00%, 0, 0, 18, 68.03, 791251, 803, 0, 0
52282, 2, 763, 984, 481, 5, 30.00%, 0, 0, 18, 69.55, 791612, 803, 0, 0
52287, 2, 763, 984, 481, 5, 30.00%, 0, 0, 18, 67.63, 791968, 803, 0, 0
52292, 2, 763, 984, 481, 5, 30.00%, 0, 0, 18, 69.16, 792329, 803, 0, 0
52298, 2, 763, 984, 481, 5, 30.00%, 0, 0, 18, 69.57, 792688, 803, 0, 0
52303, 2, 763, 984, 481, 5, 30.00%, 0, 0, 18, 68.92, 793034, 803, 0, 0
52308, 2, 763, 984, 481, 5, 30.00%, 0, 0, 18, 69.37, 793393, 803, 0, 0
52313, 2, 763, 984, 481, 5, 30.00%, 0, 0, 18, 69.50, 793745, 803, 0, 0
52318, 2, 763, 984, 481, 5, 30.00%, 0, 0, 18, 69.82, 794094, 803, 0, 0
52323, 2, 763, 984, 481, 5, 30.00%, 0, 0, 18, 69.04, 794441, 803, 0, 0
52328, 2, 763, 984, 481, 5, 30.00%, 0, 0, 18, 69.75, 794804, 803, 0, 0
52333, 2, 763, 984, 481, 5, 30.00%, 0, 0, 18, 68.84, 795160, 803, 0, 0
52338, 2, 763, 984, 481, 5, 30.00%, 0, 0, 18, 70.04, 795525, 803, 0, 0
52343, 2, 763, 984, 481, 5, 30.00%, 0, 0, 18, 70.20, 795877, 803, 0, 0
52348, 2, 763, 984, 481, 5, 30.00%, 0, 0, 18, 69.56, 796229, 803, 0, 0
52354, 2, 763, 984, 481, 5, 30.00%, 0, 0, 18, 70.03, 796593, 803, 0, 0
52359, 2, 763, 984, 481, 5, 30.00%, 0, 0, 18, 67.29, 796942, 803, 0, 0
52364, 2, 763, 984, 481, 5, 30.00%, 0, 0, 18, 66.07, 797285, 803, 0, 0
52369, 2, 763, 984, 481, 5, 30.00%, 0, 0, 18, 66.95, 797631, 803, 0, 0
52374, 2, 763, 984, 481, 5, 30.00%, 0, 0, 18, 66.37, 797976, 803, 0, 0
52380, 2, 763, 984, 481, 5, 30.00%, 0, 0, 18, 69.83, 798343, 803, 0, 0
52385, 2, 763, 984, 481, 5, 30.00%, 0, 0, 18, 70.40, 798695, 803, 0, 0
52390, 2, 763, 984, 481, 5, 30.00%, 0, 0, 18, 70.77, 799052, 803, 0, 0
52395, 2, 763, 984, 481, 5, 30.00%, 0, 0, 18, 69.97, 799404, 803, 0, 0
52400, 2, 763, 984, 481, 5, 30.00%, 0, 0, 18, 71.22, 799764, 803, 0, 0
52405, 2, 763, 984, 481, 5, 30.00%, 0, 0, 18, 70.72, 800117, 803, 0, 0
52410, 2, 763, 984, 481, 5, 30.00%, 0, 0, 18, 71.24, 800475, 803, 0, 0
52415, 2, 763, 991, 488, 5, 30.00%, 0, 0, 18, 70.99, 800842, 803, 0, 0
52420, 2, 763, 992, 489, 5, 30.00%, 0, 0, 18, 71.10, 801199, 803, 0, 0
52425, 2, 763, 994, 491, 5, 30.00%, 0, 0, 18, 70.59, 801553, 803, 0, 0
52430, 2, 763, 998, 495, 5, 30.00%, 0, 0, 18, 69.05, 801899, 803, 0, 0
52435, 2, 763, 999, 496, 5, 30.00%, 0, 0, 18, 69.58, 802263, 803, 0, 0
52440, 2, 763, 1002, 499, 5, 30.00%, 0, 0, 18, 69.57, 802621, 803, 0, 0
52445, 2, 763, 1002, 499, 5, 30.00%, 0, 0, 18, 70.71, 802978, 803, 0, 0
52450, 2, 763, 1004, 501, 5, 30.00%, 0, 0, 18, 70.91, 803344, 803, 0, 0
52456, 2, 763, 1005, 502, 5, 30.00%, 0, 0, 18, 71.00, 803712, 803, 0, 0
52461, 2, 763, 1007, 504, 5, 30.00%, 0, 0, 18, 71.37, 804074, 803, 0, 0
52466, 2, 763, 1009, 506, 5, 30.00%, 0, 0, 18, 71.45, 804434, 803, 0, 0
52471, 2, 763, 1013, 510, 5, 30.00%, 0, 0, 18, 71.85, 804797, 803, 0, 0
52476, 2, 763, 1014, 511, 5, 30.00%, 0, 0, 18, 70.51, 805165, 803, 0, 0
52481, 2, 763, 1014, 511, 5, 30.00%, 0, 0, 18, 71.57, 805525, 803, 0, 0
52486, 2, 763, 1015, 512, 5, 30.00%, 0, 0, 18, 71.60, 805896, 803, 0, 0
52491, 2, 763, 1017, 514, 5, 30.00%, 0, 0, 18, 71.15, 806253, 803, 0, 0
52496, 2, 763, 1017, 514, 5, 30.00%, 0, 0, 18, 69.91, 806604, 803, 0, 0
52501, 2, 763, 1019, 516, 5, 30.00%, 0, 0, 18, 70.57, 806963, 803, 0, 0
52506, 2, 763, 1020, 517, 5, 30.00%, 0, 0, 18, 70.38, 807318, 803, 0, 0
52511, 2, 763, 1020, 517, 5, 30.00%, 0, 0, 18, 71.03, 807676, 803, 0, 0
52516, 2, 763, 1021, 518, 5, 30.00%, 0, 0, 18, 71.16, 808035, 803, 0, 0
52521, 2, 763, 1022, 519, 5, 30.00%, 0, 0, 18, 71.31, 808392, 803, 0, 0
52526, 2, 763, 1023, 520, 5, 30.00%, 0, 0, 18, 71.71, 808751, 803, 0, 0
52532, 2, 763, 1023, 520, 5, 30.00%, 0, 0, 18, 71.86, 809124, 803, 0, 0
52537, 2, 763, 1024, 521, 5, 30.00%, 0, 0, 18, 71.66, 809485, 803, 0, 0
52542, 2, 763, 1025, 522, 5, 30.00%, 0, 0, 18, 71.73, 809845, 803, 0, 0
52547, 2, 763, 1026, 523, 5, 30.00%, 0, 0, 18, 71.58, 810206, 803, 0, 0
52552, 2, 763, 1026, 523, 5, 30.00%, 0, 0, 18, 71.52, 810579, 803, 0, 0
52557, 2, 763, 1028, 525, 5, 30.00%, 0, 0, 18, 71.57, 810937, 803, 0, 0
52562, 2, 763, 1029, 526, 5, 30.00%, 0, 0, 18, 71.42, 811296, 803, 0, 0
52567, 2, 763, 1029, 526, 5, 30.00%, 0, 0, 18, 71.63, 811655, 803, 0, 0
52572, 2, 763, 1029, 526, 5, 30.00%, 0, 0, 18, 71.23, 812025, 803, 0, 0
52577, 2, 763, 1031, 528, 5, 30.00%, 0, 0, 18, 71.29, 812386, 803, 0, 0
52582, 2, 763, 1034, 531, 5, 30.00%, 0, 0, 18, 70.97, 812743, 803, 0, 0
52587, 2, 763, 1034, 531, 5, 30.00%, 0, 0, 18, 71.69, 813103, 803, 0, 0
52592, 2, 763, 1034, 531, 5, 30.00%, 0, 0, 18, 71.43, 813460, 803, 0, 0
52597, 2, 924, 1035, 531, 4, 30.00%, 0, 0, 18, 71.95, 813821, 803, 0, 0
52602, 2, 924, 1035, 531, 4, 30.00%, 0, 0, 18, 71.11, 814190, 803, 0, 0
52608, 2, 924, 1035, 531, 4, 30.00%, 0, 0, 18, 71.45, 814562, 803, 0, 0
52613, 2, 924, 1035, 531, 4, 30.00%, 0, 0, 18, 71.57, 814935, 803, 0, 0
52618, 2, 924, 1035, 531, 4, 30.00%, 0, 0, 18, 71.74, 815298, 803, 0, 0
52623, 2, 924, 1035, 531, 4, 30.00%, 0, 0, 18, 71.55, 815657, 803, 0, 0
52628, 2, 924, 1036, 532, 4, 30.00%, 0, 0, 18, 71.74, 816023, 803, 0, 0
52633, 2, 924, 1036, 532, 4, 30.00%, 0, 0, 18, 71.56, 816381, 803, 0, 0
52638, 2, 924, 1036, 532, 4, 30.00%, 0, 0, 18, 71.79, 816740, 803, 0, 0
52643, 2, 924, 1036, 532, 4, 30.00%, 0, 0, 18, 71.60, 817098, 803, 0, 0
52648, 2, 924, 1036, 532, 4, 30.00%, 0, 0, 18, 71.69, 817457, 803, 0, 0
52653, 2, 924, 1036, 532, 4, 30.00%, 0, 0, 18, 71.56, 817815, 803, 0, 0
52658, 2, 924, 1036, 532, 4, 30.00%, 0, 0, 18, 71.67, 818175, 803, 0, 0
52663, 2, 924, 1036, 532, 4, 30.00%, 0, 0, 18, 71.32, 818546, 803, 0, 0
52668, 2, 924, 1036, 532, 4, 30.00%, 0, 0, 18, 71.65, 818905, 803, 0, 0
52673, 2, 924, 1036, 532, 4, 30.00%, 0, 0, 18, 71.62, 819264, 803, 0, 0
52678, 2, 924, 1036, 532, 4, 30.00%, 0, 0, 18, 71.64, 819624, 803, 0, 0
52684, 2, 924, 1036, 532, 4, 30.00%, 0, 0, 18, 71.66, 819998, 803, 0, 0
52689, 2, 924, 1036, 532, 4, 30.00%, 0, 0, 18, 71.83, 820358, 803, 0, 0
52694, 2, 924, 1036, 532, 4, 30.00%, 0, 0, 18, 71.52, 820730, 803, 0, 0
52699, 2, 924, 1036, 532, 4, 30.00%, 0, 0, 18, 71.57, 821089, 803, 0, 0
52704, 2, 924, 1036, 532, 4, 30.00%, 0, 0, 18, 70.93, 821442, 803, 0, 0
52709, 2, 924, 1036, 532, 4, 30.00%, 0, 0, 18, 71.23, 821800, 803, 0, 0
52714, 2, 924, 1036, 532, 4, 30.00%, 0, 0, 18, 71.15, 822171, 803, 0, 0
52719, 2, 924, 1036, 532, 4, 30.00%, 0, 0, 18, 71.00, 822541, 803, 0, 0
52724, 2, 924, 1036, 532, 4, 30.00%, 0, 0, 18, 70.96, 822897, 803, 0, 0
52729, 2, 924, 1036, 532, 4, 30.00%, 0, 0, 18, 71.35, 823269, 803, 0, 0
52735, 2, 924, 1036, 532, 4, 30.00%, 0, 0, 18, 67.63, 823616, 803, 0, 0
52740, 2, 924, 1036, 532, 4, 30.00%, 0, 0, 18, 65.89, 823957, 803, 0, 0
52745, 2, 924, 1036, 532, 4, 30.00%, 0, 0, 18, 65.11, 824294, 803, 0, 0
52750, 2, 924, 1036, 532, 4, 30.00%, 0, 0, 18, 66.99, 824636, 803, 0, 0
52755, 2, 924, 1036, 532, 4, 30.00%, 0, 0, 18, 69.50, 824984, 803, 0, 0
52760, 2, 924, 1036, 532, 4, 30.00%, 0, 0, 18, 70.98, 825343, 803, 0, 0
52765, 2, 924, 1036, 532, 4, 30.00%, 0, 0, 18, 68.08, 825696, 803, 0, 0
52771, 2, 924, 1036, 532, 4, 30.00%, 0, 0, 18, 69.02, 826048, 803, 0, 0
52776, 2, 924, 1036, 532, 4, 30.00%, 0, 0, 18, 69.17, 826402, 803, 0, 0
52781, 2, 924, 1036, 532, 4, 30.00%, 0, 0, 18, 69.09, 826761, 803, 0, 0
52786, 2, 924, 1036, 532, 4, 30.00%, 0, 0, 18, 70.05, 827121, 803, 0, 0
52791, 2, 924, 1036, 532, 4, 30.00%, 0, 0, 18, 70.80, 827477, 803, 0, 0
52796, 2, 924, 1036, 532, 4, 30.00%, 0, 0, 18, 70.91, 827845, 803, 0, 0
52801, 2, 924, 1036, 532, 4, 30.00%, 0, 0, 18, 69.93, 828205, 803, 0, 0
52807, 2, 924, 1036, 532, 4, 30.00%, 0, 0, 18, 69.40, 828556, 803, 0, 0
52812, 2, 924, 1036, 532, 4, 30.00%, 0, 0, 18, 67.92, 828905, 803, 0, 0
52817, 2, 924, 1036, 532, 4, 30.00%, 0, 0, 18, 65.06, 829240, 803, 0, 0
52822, 2, 924, 1036, 532, 4, 30.00%, 0, 0, 18, 66.74, 829589, 803, 0, 0
52827, 2, 924, 1036, 532, 4, 30.00%, 0, 0, 18, 67.93, 829942, 803, 0, 0
52832, 2, 924, 1036, 532, 4, 30.00%, 0, 0, 18, 68.65, 830302, 803, 0, 0
52838, 2, 924, 1036, 532, 4, 30.00%, 0, 0, 18, 69.27, 830662, 803, 0, 0
52843, 2, 924, 1036, 532, 4, 30.00%, 0, 0, 18, 66.00, 831004, 803, 0, 0
52848, 2, 924, 1036, 532, 4, 30.00%, 0, 0, 18, 69.94, 831361, 803, 0, 0
52853, 2, 924, 1036, 532, 4, 30.00%, 0, 0, 18, 67.87, 831715, 803, 0, 0
52858, 2, 924, 1036, 532, 4, 30.00%, 0, 0, 18, 69.16, 832076, 803, 0, 0
52863, 2, 924, 1036, 532, 4, 30.00%, 0, 0, 18, 69.98, 832439, 803, 0, 0
52869, 2, 924, 1036, 532, 4, 30.00%, 0, 0, 18, 70.14, 832804, 803, 0, 0
52874, 2, 924, 1036, 532, 4, 30.00%, 0, 0, 18, 69.58, 833163, 803, 0, 0
52879, 2, 924, 1036, 532, 4, 30.00%, 0, 0, 18, 70.43, 833530, 803, 0, 0
52884, 2, 924, 1036, 532, 4, 30.00%, 0, 0, 18, 70.66, 833885, 803, 0, 0
52889, 2, 924, 1036, 532, 4, 30.00%, 0, 0, 18, 69.94, 834245, 803, 0, 0
52894, 2, 924, 1036, 532, 4, 30.00%, 0, 0, 18, 70.23, 834609, 803, 0, 0
52900, 2, 924, 1036, 532, 4, 30.00%, 0, 0, 18, 66.34, 834950, 803, 0, 0
52905, 2, 924, 1036, 532, 4, 30.00%, 0, 0, 18, 66.73, 835295, 803, 0, 0
52910, 2, 924, 1036, 532, 4, 30.00%, 0, 0, 18, 66.84, 835638, 803, 0, 0
52915, 2, 924, 1036, 532, 4, 30.00%, 0, 0, 18, 67.90, 835982, 803, 0, 0
52920, 2, 924, 1036, 532, 4, 30.00%, 0, 0, 18, 70.08, 836336, 803, 0, 0
52925, 2, 924, 1036, 532, 4, 30.00%, 0, 0, 18, 70.40, 836702, 803, 0, 0
52930, 2, 924, 1036, 532, 4, 30.00%, 0, 0, 18, 70.54, 837057, 803, 0, 0
52935, 2, 924, 1036, 532, 4, 30.00%, 0, 0, 18, 70.29, 837422, 803, 0, 0
52941, 2, 924, 1036, 532, 4, 30.00%, 0, 0, 18, 70.51, 837776, 803, 0, 0
52946, 2, 924, 1036, 532, 4, 30.00%, 0, 0, 18, 70.70, 838130, 803, 0, 0
52951, 2, 924, 1036, 532, 4, 30.00%, 0, 0, 18, 70.90, 838488, 803, 0, 0
52956, 2, 924, 1036, 532, 4, 30.00%, 0, 0, 18, 68.50, 838843, 803, 0, 0
52961, 2, 924, 1036, 532, 4, 30.00%, 0, 0, 18, 66.42, 839186, 803, 0, 0
52966, 2, 924, 1036, 532, 4, 30.00%, 0, 0, 18, 69.27, 839544, 803, 0, 0
52971, 2, 924, 1036, 532, 4, 30.00%, 0, 0, 18, 70.64, 839902, 803, 0, 0
52976, 2, 924, 1036, 532, 4, 30.00%, 0, 0, 18, 70.78, 840256, 803, 0, 0
52981, 2, 924, 1036, 532, 4, 30.00%, 0, 0, 18, 70.93, 840613, 803, 0, 0
52986, 2, 924, 1036, 532, 4, 30.00%, 0, 0, 18, 70.89, 840968, 803, 0, 0
52991, 2, 924, 1037, 533, 4, 30.00%, 0, 0, 18, 70.63, 841327, 803, 0, 0
52996, 2, 924, 1037, 533, 4, 30.00%, 0, 0, 18, 68.75, 841668, 803, 0, 0
53001, 2, 924, 1037, 533, 4, 30.00%, 0, 0, 18, 68.30, 842015, 803, 0, 0
53006, 2, 924, 1037, 533, 4, 30.00%, 0, 0, 18, 67.89, 842368, 803, 0, 0
53012, 2, 924, 1037, 533, 4, 30.00%, 0, 0, 18, 67.28, 842715, 803, 0, 0
53017, 2, 924, 1037, 533, 4, 30.00%, 0, 0, 18, 65.68, 843054, 803, 0, 0
53022, 2, 924, 1037, 533, 4, 30.00%, 0, 0, 18, 66.45, 843401, 803, 0, 0
53027, 2, 924, 1037, 533, 4, 30.00%, 0, 0, 18, 66.50, 843746, 803, 0, 0
53032, 2, 924, 1037, 533, 4, 30.00%, 0, 0, 18, 66.25, 844080, 803, 0, 0
53037, 2, 924, 1037, 533, 4, 30.00%, 0, 0, 18, 65.63, 844418, 803, 0, 0
53043, 2, 924, 1037, 533, 4, 30.00%, 0, 0, 18, 64.68, 844751, 803, 0, 0
53048, 2, 924, 1037, 533, 4, 30.00%, 0, 0, 18, 66.56, 845099, 803, 0, 0
53053, 2, 924, 1037, 533, 4, 30.00%, 0, 0, 18, 67.76, 845449, 803, 0, 0
53058, 2, 924, 1037, 533, 4, 30.00%, 0, 0, 18, 67.03, 845792, 803, 0, 0
53063, 2, 924, 1037, 533, 4, 30.00%, 0, 0, 18, 69.25, 846155, 803, 0, 0
53068, 2, 924, 1037, 533, 4, 30.00%, 0, 0, 18, 70.31, 846511, 803, 0, 0
53073, 2, 924, 1037, 533, 4, 30.00%, 0, 0, 18, 70.24, 846875, 803, 0, 0
53079, 2, 924, 1037, 533, 4, 30.00%, 0, 0, 18, 70.43, 847230, 803, 0, 0
53084, 2, 924, 1037, 533, 4, 30.00%, 0, 0, 18, 70.08, 847592, 803, 0, 0
53089, 2, 924, 1037, 533, 4, 30.00%, 0, 0, 18, 70.58, 847949, 803, 0, 0
53094, 2, 924, 1037, 533, 4, 30.00%, 0, 0, 18, 70.43, 848304, 803, 0, 0
53099, 2, 924, 1037, 533, 4, 30.00%, 0, 0, 18, 70.29, 848670, 803, 0, 0
53104, 2, 924, 1037, 533, 4, 30.00%, 0, 0, 18, 70.44, 849023, 803, 0, 0
53109, 2, 924, 1037, 533, 4, 30.00%, 0, 0, 18, 70.66, 849377, 803, 0, 0
53114, 2, 924, 1037, 533, 4, 30.00%, 0, 0, 18, 69.83, 849736, 803, 0, 0
53119, 2, 924, 1037, 533, 4, 30.00%, 0, 0, 18, 70.32, 850089, 803, 0, 0
53124, 2, 924, 1037, 533, 4, 30.00%, 0, 0, 18, 67.48, 850440, 803, 0, 0
53129, 2, 924, 1037, 533, 4, 30.00%, 0, 0, 18, 68.98, 850783, 803, 0, 0
53134, 2, 924, 1037, 533, 4, 30.00%, 0, 0, 18, 70.45, 851139, 803, 0, 0
53140, 2, 924, 1037, 533, 4, 30.00%, 0, 0, 18, 70.12, 851503, 803, 0, 0
53145, 2, 924, 1037, 533, 4, 30.00%, 0, 0, 18, 67.97, 851850, 803, 0, 0
53150, 2, 924, 1037, 533, 4, 30.00%, 0, 0, 18, 69.29, 852210, 803, 0, 0
53155, 2, 924, 1037, 533, 4, 30.00%, 0, 0, 18, 69.84, 852562, 803, 0, 0
53160, 2, 924, 1037, 533, 4, 30.00%, 0, 0, 18, 70.33, 852915, 803, 0, 0
53165, 2, 924, 1037, 533, 4, 30.00%, 0, 0, 18, 70.67, 853283, 803, 0, 0
53170, 2, 924, 1037, 533, 4, 30.00%, 0, 0, 18, 70.55, 853637, 803, 0, 0
53175, 2, 924, 1037, 533, 4, 30.00%, 0, 0, 18, 68.71, 853992, 803, 0, 0
53181, 2, 924, 1037, 533, 4, 30.00%, 0, 0, 18, 66.49, 854333, 803, 0, 0
53186, 2, 924, 1037, 533, 4, 30.00%, 0, 0, 18, 69.35, 854695, 803, 0, 0
53191, 2, 924, 1037, 533, 4, 30.00%, 0, 0, 18, 70.25, 855049, 803, 0, 0
53196, 2, 924, 1037, 533, 4, 30.00%, 0, 0, 18, 69.05, 855404, 803, 0, 0
53201, 2, 924, 1037, 533, 4, 30.00%, 0, 0, 18, 68.80, 855762, 803, 0, 0
53206, 2, 924, 1037, 533, 4, 30.00%, 0, 0, 18, 70.04, 856114, 803, 0, 0
53211, 2, 924, 1037, 533, 4, 30.00%, 0, 0, 18, 70.44, 856469, 803, 0, 0
53216, 2, 924, 1037, 533, 4, 30.00%, 0, 0, 18, 70.56, 856825, 803, 0, 0
53221, 2, 971, 1038, 533, 4, 30.00%, 0, 0, 18, 70.28, 857182, 803, 0, 0
53227, 2, 971, 1038, 533, 4, 30.00%, 0, 0, 18, 70.54, 857549, 803, 0, 0
53232, 2, 971, 1038, 533, 4, 30.00%, 0, 0, 18, 70.60, 857903, 803, 0, 0
53237, 2, 971, 1038, 533, 4, 30.00%, 0, 0, 18, 70.91, 858258, 803, 0, 0
53242, 2, 1010, 1039, 533, 4, 30.00%, 0, 0, 18, 70.80, 858621, 803, 0, 0
53247, 2, 1010, 1039, 533, 4, 30.00%, 0, 0, 18, 70.14, 858985, 803, 0, 0
53252, 2, 1010, 1039, 533, 4, 30.00%, 0, 0, 18, 69.60, 859344, 803, 0, 0
53257, 2, 1010, 1039, 533, 4, 30.00%, 0, 0, 18, 68.20, 859686, 803, 0, 0
53262, 2, 1010, 1039, 533, 4, 30.00%, 0, 0, 18, 68.44, 860029, 803, 0, 0
53267, 2, 1010, 1039, 533, 4, 30.00%, 0, 0, 18, 69.05, 860372, 803, 0, 0
53272, 2, 1010, 1039, 533, 4, 30.00%, 0, 0, 18, 70.10, 860728, 803, 0, 0
53277, 2, 1010, 1039, 533, 4, 30.00%, 0, 0, 18, 67.52, 861061, 803, 0, 0
53282, 2, 1010, 1039, 533, 4, 30.00%, 0, 0, 18, 67.96, 861412, 803, 0, 0
53287, 2, 1010, 1039, 533, 4, 30.00%, 0, 0, 18, 68.15, 861764, 803, 0, 0
53293, 2, 1010, 1039, 533, 4, 30.00%, 0, 0, 18, 66.58, 862110, 803, 0, 0
53298, 2, 1010, 1039, 533, 4, 30.00%, 0, 0, 18, 65.70, 862438, 803, 0, 0
53303, 2, 1010, 1039, 533, 4, 30.00%, 0, 0, 18, 67.90, 862788, 803, 0, 0
53308, 2, 1010, 1039, 533, 4, 30.00%, 0, 0, 18, 67.05, 863123, 803, 0, 0
53313, 2, 1010, 1039, 533, 4, 30.00%, 0, 0, 18, 68.24, 863474, 803, 0, 0
53318, 2, 1010, 1039, 533, 4, 30.00%, 0, 0, 18, 67.79, 863823, 803, 0, 0
53323, 2, 1010, 1039, 533, 4, 30.00%, 0, 0, 18, 68.85, 864179, 803, 0, 0
53328, 2, 1010, 1039, 533, 4, 30.00%, 0, 0, 18, 70.18, 864532, 803, 0, 0
53333, 2, 1010, 1039, 533, 4, 30.00%, 0, 0, 18, 67.95, 864886, 803, 0, 0
53339, 2, 1010, 1039, 533, 4, 30.00%, 0, 0, 18, 69.60, 865249, 803, 0, 0
53344, 2, 1010, 1039, 533, 4, 30.00%, 0, 0, 18, 70.10, 865603, 803, 0, 0
53349, 2, 1010, 1039, 533, 4, 30.00%, 0, 0, 18, 67.47, 865948, 803, 0, 0
53354, 2, 1010, 1039, 533, 4, 30.00%, 0, 0, 18, 63.70, 866273, 803, 0, 0
53359, 2, 1010, 1039, 533, 4, 30.00%, 0, 0, 18, 64.67, 866606, 803, 0, 0
53364, 2, 1010, 1039, 533, 4, 30.00%, 0, 0, 18, 65.17, 866943, 803, 0, 0
53370, 2, 1010, 1039, 533, 4, 30.00%, 0, 0, 18, 64.68, 867277, 803, 0, 0
53375, 2, 1010, 1039, 533, 4, 30.00%, 0, 0, 18, 68.79, 867627, 803, 0, 0
53380, 2, 1010, 1039, 533, 4, 30.00%, 0, 0, 18, 70.27, 867983, 803, 0, 0
53385, 2, 1010, 1039, 533, 4, 30.00%, 0, 0, 18, 70.34, 868337, 803, 0, 0
53390, 2, 1010, 1039, 533, 4, 30.00%, 0, 0, 18, 70.46, 868692, 803, 0, 0
53395, 2, 1010, 1039, 533, 4, 30.00%, 0, 0, 18, 68.88, 869048, 803, 0, 0
53400, 2, 1010, 1039, 533, 4, 30.00%, 0, 0, 18, 69.31, 869405, 803, 0, 0
53405, 2, 1010, 1039, 533, 4, 30.00%, 0, 0, 18, 69.47, 869762, 803, 0, 0
53410, 2, 1010, 1039, 533, 4, 30.00%, 0, 0, 18, 69.36, 870116, 803, 0, 0
53415, 2, 1010, 1039, 533, 4, 30.00%, 0, 0, 18, 69.23, 870473, 803, 0, 0
53421, 2, 1010, 1039, 533, 4, 30.00%, 0, 0, 18, 65.62, 870810, 803, 0, 0
53426, 2, 1010, 1039, 533, 4, 30.00%, 0, 0, 18, 65.25, 871150, 803, 0, 0
53431, 2, 1010, 1039, 533, 4, 30.00%, 0, 0, 18, 64.88, 871482, 803, 0, 0
53436, 2, 1010, 1039, 533, 4, 30.00%, 0, 0, 18, 67.45, 871826, 803, 0, 0
53441, 2, 1010, 1039, 533, 4, 30.00%, 0, 0, 18, 69.68, 872189, 803, 0, 0
53446, 2, 1010, 1039, 533, 4, 30.00%, 0, 0, 18, 67.90, 872527, 803, 0, 0
53451, 2, 1010, 1039, 533, 4, 30.00%, 0, 0, 18, 68.80, 872876, 803, 0, 0
53456, 2, 1010, 1039, 533, 4, 30.00%, 0, 0, 18, 65.55, 873210, 803, 0, 0
53462, 2, 1010, 1039, 533, 4, 30.00%, 0, 0, 18, 66.76, 873553, 803, 0, 0
53467, 2, 1010, 1039, 533, 4, 30.00%, 0, 0, 18, 68.02, 873907, 803, 0, 0
53472, 2, 1010, 1039, 533, 4, 30.00%, 0, 0, 18, 67.13, 874252, 803, 0, 0
53477, 2, 1010, 1039, 533, 4, 30.00%, 0, 0, 18, 67.89, 874603, 803, 0, 0
53482, 2, 1010, 1039, 533, 4, 30.00%, 0, 0, 18, 64.73, 874934, 803, 0, 0
53487, 2, 1010, 1039, 533, 4, 30.00%, 0, 0, 18, 65.59, 875265, 803, 0, 0
53493, 2, 1010, 1039, 533, 4, 30.00%, 0, 0, 18, 62.73, 875580, 803, 0, 0
53498, 2, 1010, 1039, 533, 4, 30.00%, 0, 0, 18, 61.73, 875892, 803, 0, 0
53503, 2, 1010, 1039, 533, 4, 30.00%, 0, 0, 18, 65.09, 876225, 803, 0, 0
53508, 2, 1010, 1039, 533, 4, 30.00%, 0, 0, 18, 63.44, 876538, 803, 0, 0
53513, 2, 1010, 1039, 533, 4, 30.00%, 0, 0, 18, 61.40, 876837, 803, 0, 0
53518, 2, 1010, 1039, 533, 4, 30.00%, 0, 0, 18, 62.51, 877159, 803, 0, 0
53523, 2, 1010, 1039, 533, 4, 30.00%, 0, 0, 18, 63.38, 877485, 803, 0, 0
53528, 2, 1010, 1039, 533, 4, 30.00%, 0, 0, 18, 64.02, 877815, 803, 0, 0
53533, 2, 1010, 1039, 533, 4, 30.00%, 0, 0, 18, 64.76, 878153, 803, 0, 0
53538, 2, 1010, 1039, 533, 4, 30.00%, 0, 0, 18, 65.09, 878480, 803, 0, 0
53543, 2, 1010, 1039, 533, 4, 30.00%, 0, 0, 18, 65.01, 878817, 803, 0, 0
53548, 2, 1010, 1039, 533, 4, 30.00%, 0, 0, 18, 65.32, 879144, 803, 0, 0
53553, 2, 1010, 1039, 533, 4, 30.00%, 0, 0, 18, 62.38, 879452, 803, 0, 0
53559, 2, 1010, 1039, 533, 4, 30.00%, 0, 0, 18, 62.50, 879771, 803, 0, 0
53564, 2, 1010, 1039, 533, 4, 30.00%, 0, 0, 18, 64.22, 880096, 803, 0, 0
53569, 2, 1010, 1039, 533, 4, 30.00%, 0, 0, 18, 63.25, 880419, 803, 0, 0
53574, 2, 1010, 1039, 533, 4, 30.00%, 0, 0, 18, 64.10, 880739, 803, 0, 0
53579, 2, 1010, 1039, 533, 4, 30.00%, 0, 0, 18, 64.79, 881069, 803, 0, 0
53584, 2, 1010, 1039, 533, 4, 30.00%, 0, 0, 18, 64.71, 881395, 803, 0, 0
53589, 2, 1010, 1039, 533, 4, 30.00%, 0, 0, 18, 65.10, 881722, 803, 0, 0
53594, 2, 1010, 1039, 533, 4, 30.00%, 0, 0, 18, 64.79, 882051, 803, 0, 0
53599, 2, 1010, 1039, 533, 4, 30.00%, 0, 0, 18, 65.00, 882377, 803, 0, 0
53604, 2, 1010, 1039, 533, 4, 30.00%, 0, 0, 18, 64.78, 882701, 803, 0, 0
53609, 2, 1010, 1039, 533, 4, 30.00%, 0, 0, 18, 65.32, 883031, 803, 0, 0
53614, 2, 1010, 1039, 533, 4, 30.00%, 0, 0, 18, 65.28, 883358, 803, 0, 0
53619, 2, 1010, 1039, 533, 4, 30.00%, 0, 0, 18, 65.16, 883687, 803, 0, 0
53624, 2, 1010, 1039, 533, 4, 30.00%, 0, 0, 18, 64.98, 884024, 803, 0, 0
53629, 2, 1010, 1039, 533, 4, 30.00%, 0, 0, 18, 65.58, 884355, 803, 0, 0
53635, 2, 1010, 1039, 533, 4, 30.00%, 0, 0, 18, 62.66, 884675, 803, 0, 0
53640, 2, 1010, 1039, 533, 4, 30.00%, 0, 0, 18, 60.87, 884984, 803, 0, 0
53645, 2, 1010, 1039, 533, 4, 30.00%, 0, 0, 18, 60.78, 885290, 803, 0, 0
53650, 2, 1010, 1039, 533, 4, 30.00%, 0, 0, 18, 63.35, 885622, 803, 0, 0
53655, 2, 1010, 1039, 533, 4, 30.00%, 0, 0, 18, 63.16, 885951, 803, 0, 0
53660, 2, 1010, 1039, 533, 4, 30.00%, 0, 0, 18, 63.89, 886282, 803, 0, 0
53665, 2, 1010, 1039, 533, 4, 30.00%, 0, 0, 18, 61.57, 886606, 803, 0, 0
53671, 2, 1010, 1039, 533, 4, 30.00%, 0, 0, 18, 64.64, 886946, 803, 0, 0
53676, 2, 1010, 1039, 533, 4, 30.00%, 0, 0, 18, 61.38, 887260, 803, 0, 0
53681, 2, 1010, 1039, 533, 4, 30.00%, 0, 0, 18, 62.75, 887577, 803, 0, 0
53686, 2, 1010, 1039, 533, 4, 30.00%, 0, 0, 18, 62.87, 887890, 803, 0, 0
53691, 2, 1010, 1039, 533, 4, 30.00%, 0, 0, 18, 64.64, 888214, 803, 0, 0
53696, 2, 1010, 1039, 533, 4, 30.00%, 0, 0, 18, 65.27, 888540, 803, 0, 0
53701, 2, 1010, 1039, 533, 4, 30.00%, 0, 0, 18, 65.53, 888881, 803, 0, 0
53706, 2, 1010, 1039, 533, 4, 30.00%, 0, 0, 18, 65.64, 889211, 803, 0, 0
53711, 2, 1010, 1039, 533, 4, 30.00%, 0, 0, 18, 65.51, 889540, 803, 0, 0
53716, 2, 1010, 1039, 533, 4, 30.00%, 0, 0, 18, 64.36, 889860, 803, 0, 0
53721, 2, 1010, 1039, 533, 4, 30.00%, 0, 0, 18, 65.01, 890189, 803, 0, 0
53726, 2, 1010, 1039, 533, 4, 30.00%, 0, 0, 18, 65.47, 890518, 803, 0, 0
53731, 2, 1010, 1039, 533, 4, 30.00%, 0, 0, 18, 65.78, 890851, 803, 0, 0
53736, 2, 1010, 1039, 533, 4, 30.00%, 0, 0, 18, 64.50, 891183, 803, 0, 0
53741, 2, 1010, 1039, 533, 4, 30.00%, 0, 0, 18, 62.74, 891498, 803, 0, 0
53746, 2, 1010, 1039, 533, 4, 30.00%, 0, 0, 18, 64.91, 891826, 803, 0, 0
53751, 2, 1010, 1039, 533, 4, 30.00%, 0, 0, 18, 65.36, 892157, 803, 0, 0
53756, 2, 1010, 1039, 533, 4, 30.00%, 0, 0, 18, 64.77, 892481, 803, 0, 0
53761, 2, 1010, 1039, 533, 4, 30.00%, 0, 0, 18, 65.28, 892814, 803, 0, 0
53766, 2, 1010, 1039, 533, 4, 30.00%, 0, 0, 18, 65.28, 893143, 803, 0, 0
53771, 2, 1010, 1039, 533, 4, 30.00%, 0, 0, 18, 65.33, 893472, 803, 0, 0
53777, 2, 1010, 1039, 533, 4, 30.00%, 0, 0, 18, 65.13, 893800, 803, 0, 0
53782, 2, 1010, 1039, 533, 4, 30.00%, 0, 0, 18, 65.34, 894130, 803, 0, 0
53787, 2, 1038, 1040, 533, 3, 30.00%, 0, 0, 18, 64.90, 894458, 803, 0, 0
53792, 2, 1038, 1040, 533, 3, 30.00%, 0, 0, 18, 64.42, 894780, 803, 0, 0
53797, 2, 1038, 1040, 533, 3, 30.00%, 0, 0, 18, 64.42, 895105, 803, 0, 0
53802, 2, 1038, 1040, 533, 3, 30.00%, 0, 0, 18, 65.58, 895436, 803, 0, 0
53807, 2, 1038, 1040, 533, 3, 30.00%, 0, 0, 18, 62.73, 895746, 803, 0, 0
53812, 2, 1038, 1040, 533, 3, 30.00%, 0, 0, 18, 63.50, 896071, 803, 0, 0
53817, 2, 838, 1040, 532, 2, 30.00%, 0, 0, 18, 64.27, 896395, 803, 0, 0
53822, 2, 838, 1040, 532, 2, 30.00%, 0, 0, 18, 60.65, 896697, 803, 0, 0
53827, 2, 838, 1040, 532, 2, 30.00%, 0, 0, 18, 62.61, 897018, 803, 0, 0
53832, 2, 838, 1040, 532, 2, 30.00%, 0, 0, 18, 63.05, 897348, 803, 0, 0
53838, 2, 838, 1040, 532, 2, 30.00%, 0, 0, 18, 64.15, 897722, 803, 0, 0
53843, 2, 838, 1040, 532, 2, 30.00%, 0, 0, 18, 65.25, 898052, 803, 0, 0
53848, 2, 839, 1040, 531, 2, 30.00%, 0, 0, 18, 66.59, 898387, 803, 0, 0
53853, 2, 839, 1040, 531, 2, 30.00%, 0, 0, 18, 66.40, 898722, 803, 0, 0
53858, 2, 839, 1040, 531, 2, 30.00%, 0, 0, 18, 65.99, 899054, 803, 0, 0
53863, 2, 839, 1040, 531, 2, 30.00%, 0, 0, 18, 65.77, 899384, 803, 0, 0
53869, 2, 839, 1040, 531, 2, 30.00%, 0, 0, 18, 65.75, 899773, 803, 0, 0
53874, 2, 839, 1042, 533, 2, 30.00%, 0, 0, 18, 61.74, 900088, 803, 0, 0
53879, 2, 839, 1043, 534, 2, 30.00%, 0, 0, 18, 64.88, 900422, 803, 0, 0
53884, 2, 839, 1043, 534, 2, 30.00%, 0, 0, 18, 65.45, 900753, 803, 0, 0
53889, 2, 839, 1043, 534, 2, 30.00%, 0, 0, 18, 65.00, 901080, 803, 0, 0
53894, 2, 839, 1043, 534, 2, 30.00%, 0, 0, 18, 65.13, 901406, 803, 0, 0
53899, 2, 839, 1043, 534, 2, 30.00%, 0, 0, 18, 64.01, 901737, 803, 0, 0
53904, 2, 839, 1045, 536, 2, 30.00%, 0, 0, 18, 64.77, 902064, 803, 0, 0
53909, 2, 839, 1046, 537, 2, 30.00%, 0, 0, 18, 63.83, 902381, 803, 0, 0
53914, 2, 839, 1046, 537, 2, 30.00%, 0, 0, 18, 61.66, 902699, 803, 0, 0
53920, 2, 839, 1046, 537, 2, 30.00%, 0, 0, 18, 1.71, 902988, 803, 0, 0
53925, 2, 839, 1046, 537, 2, 30.00%, 0, 0, 18, 56.45, 903275, 803, 0, 0
53930, 2, 839, 1047, 538, 2, 30.00%, 0, 0, 18, 58.94, 903585, 803, 0, 0
53935, 2, 839, 1047, 538, 2, 30.00%, 0, 0, 18, 57.92, 903882, 803, 0, 0
53940, 2, 839, 1047, 538, 2, 30.00%, 0, 0, 18, 63.86, 904209, 803, 0, 0
53945, 2, 839, 1047, 538, 2, 30.00%, 0, 0, 18, 65.44, 904541, 803, 0, 0
53950, 2, 839, 1047, 538, 2, 30.00%, 0, 0, 18, 64.50, 904866, 803, 0, 0
53956, 2, 839, 1048, 539, 2, 30.00%, 0, 0, 18, 64.15, 905197, 803, 0, 0
53961, 2, 839, 1049, 540, 2, 30.00%, 0, 0, 18, 63.42, 905515, 803, 0, 0
53966, 2, 839, 1049, 540, 2, 30.00%, 0, 0, 18, 63.80, 905845, 803, 0, 0
53971, 2, 839, 1049, 540, 2, 30.00%, 0, 0, 18, 64.81, 906173, 803, 0, 0
53976, 2, 839, 1049, 540, 2, 30.00%, 0, 0, 18, 64.96, 906498, 803, 0, 0
53981, 2, 839, 1050, 541, 2, 30.00%, 0, 0, 18, 65.69, 906832, 803, 0, 0
53986, 2, 839, 1050, 541, 2, 30.00%, 0, 0, 18, 65.21, 907157, 803, 0, 0
53991, 2, 839, 1050, 541, 2, 30.00%, 0, 0, 18, 65.83, 907492, 803, 0, 0
53996, 2, 839, 1050, 541, 2, 30.00%, 0, 0, 18, 66.02, 907825, 803, 0, 0
54001, 2, 839, 1050, 541, 2, 30.00%, 0, 0, 18, 65.65, 908158, 803, 0, 0
54006, 2, 839, 1050, 541, 2, 30.00%, 0, 0, 18, 65.81, 908489, 803, 0, 0
54011, 2, 839, 1050, 541, 2, 30.00%, 0, 0, 18, 65.80, 908819, 803, 0, 0
54016, 2, 839, 1051, 542, 2, 30.00%, 0, 0, 18, 65.89, 909155, 803, 0, 0
54021, 2, 1035, 1052, 542, 2, 30.00%, 0, 0, 18, 66.06, 909494, 803, 0, 0
54026, 2, 1035, 1052, 542, 2, 30.00%, 0, 0, 18, 65.45, 909824, 803, 0, 0
54031, 2, 1035, 1052, 542, 2, 30.00%, 0, 0, 18, 65.00, 910151, 803, 0, 0
54037, 2, 1035, 1052, 542, 2, 30.00%, 0, 0, 18, 65.31, 910480, 803, 0, 0
54044, 2, 1035, 1052, 542, 2, 30.00%, 0, 0, 18, 63.87, 910925, 803, 0, 0
54049, 2, 1043, 1052, 541, 1, 30.00%, 0, 0, 18, 65.36, 911256, 803, 0, 0
54054, 2, 1043, 1052, 541, 1, 30.00%, 0, 0, 18, 64.95, 911581, 803, 0, 0
54059, 2, 1043, 1052, 541, 1, 30.00%, 0, 0, 18, 62.25, 911906, 803, 0, 0
54064, 2, 1043, 1052, 541, 1, 30.00%, 0, 0, 18, 63.64, 912233, 803, 0, 0
54069, 2, 1043, 1052, 541, 1, 30.00%, 0, 0, 18, 64.71, 912559, 803, 0, 0
54074, 2, 1043, 1053, 542, 1, 30.00%, 0, 0, 18, 64.63, 912887, 803, 0, 0
54079, 2, 1043, 1054, 543, 1, 30.00%, 0, 0, 18, 64.95, 913218, 803, 0, 0
54084, 2, 1043, 1056, 545, 1, 30.00%, 0, 0, 18, 64.46, 913552, 803, 0, 0
54089, 2, 1043, 1058, 547, 1, 30.00%, 0, 0, 18, 64.74, 913889, 803, 0, 0
54094, 2, 1043, 1058, 547, 1, 30.00%, 0, 0, 18, 63.57, 914209, 803, 0, 0
54100, 2, 1043, 1061, 550, 1, 30.00%, 0, 0, 18, 64.47, 914537, 803, 0, 0
54105, 2, 1043, 1061, 550, 1, 30.00%, 0, 0, 18, 64.89, 914874, 803, 0, 0
54110, 2, 1043, 1062, 551, 1, 30.00%, 0, 0, 18, 65.07, 915212, 803, 0, 0
54115, 2, 1043, 1063, 552, 1, 30.00%, 0, 0, 18, 65.03, 915543, 803, 0, 0
54120, 2, 1043, 1064, 553, 1, 30.00%, 0, 0, 18, 64.94, 915880, 803, 0, 0
54125, 2, 1043, 1065, 554, 1, 30.00%, 0, 0, 18, 64.62, 916207, 803, 0, 0
54130, 2, 1043, 1066, 555, 1, 30.00%, 0, 0, 18, 65.26, 916543, 803, 0, 0
54135, 2, 1043, 1066, 555, 1, 30.00%, 0, 0, 18, 65.29, 916870, 803, 0, 0
54141, 2, 1043, 1067, 556, 1, 30.00%, 0, 0, 18, 65.40, 917205, 803, 0, 0
54146, 2, 1043, 1067, 556, 1, 30.00%, 0, 0, 18, 63.52, 917519, 803, 0, 0
54151, 2, 1043, 1067, 556, 1, 30.00%, 0, 0, 18, 64.99, 917852, 803, 0, 0
54156, 2, 1043, 1069, 558, 1, 30.00%, 0, 0, 18, 64.11, 918177, 803, 0, 0
54161, 2, 1043, 1070, 559, 1, 30.00%, 0, 0, 18, 64.94, 918506, 803, 0, 0
54166, 2, 1043, 1071, 560, 1, 30.00%, 0, 0, 18, 64.69, 918831, 803, 0, 0
54171, 2, 1043, 1071, 560, 1, 30.00%, 0, 0, 18, 64.09, 919147, 803, 0, 0
54176, 2, 1043, 1072, 561, 1, 30.00%, 0, 0, 18, 64.89, 919484, 803, 0, 0
54181, 2, 1043, 1073, 562, 1, 30.00%, 0, 0, 18, 65.27, 919814, 803, 0, 0
54186, 2, 979, 1073, 561, 1, 30.00%, 0, 0, 18, 65.49, 920143, 803, 0, 0
54191, 2, 979, 1073, 561, 1, 30.00%, 0, 0, 18, 65.43, 920472, 803, 0, 0
54197, 2, 979, 1073, 561, 1, 30.00%, 0, 0, 18, 65.15, 920810, 803, 0, 0
54202, 2, 979, 1073, 561, 1, 30.00%, 0, 0, 18, 65.15, 921140, 803, 0, 0
54207, 2, 979, 1073, 561, 1, 30.00%, 0, 0, 18, 65.34, 921515, 803, 0, 0
54212, 2, 524, 1073, 560, 1, 30.00%, 0, 0, 18, 68.83, 921857, 803, 0, 0
54218, 2, 524, 1073, 560, 1, 30.00%, 0, 0, 18, 86.98, 922328, 803, 0, 0
54223, 2, 524, 1073, 560, 1, 30.00%, 0, 0, 18, 89.97, 922795, 803, 0, 0
54228, 2, 524, 1073, 560, 1, 30.00%, 0, 0, 18, 90.97, 923262, 803, 0, 0
54233, 2, 795, 1073, 559, 1, 30.00%, 0, 0, 18, 88.63, 923726, 803, 0, 0
54238, 2, 795, 1073, 559, 1, 30.00%, 0, 0, 18, 70.69, 924059, 803, 0, 0
54243, 2, 795, 1073, 559, 1, 30.00%, 0, 0, 18, 66.68, 924388, 803, 0, 0
54248, 2, 795, 1073, 559, 1, 30.00%, 0, 0, 18, 65.66, 924717, 803, 0, 0
54254, 2, 795, 1073, 559, 1, 30.00%, 0, 0, 18, 65.02, 925122, 803, 0, 0
54259, 2, 860, 1073, 558, 1, 30.00%, 0, 0, 18, 64.37, 925440, 803, 0, 0
54264, 2, 860, 1073, 558, 1, 30.00%, 0, 0, 18, 64.46, 925775, 803, 0, 0
54269, 2, 860, 1073, 558, 1, 30.00%, 0, 0, 18, 61.90, 926091, 803, 0, 0
54274, 2, 860, 1073, 558, 1, 30.00%, 0, 0, 18, 64.12, 926415, 803, 0, 0
54280, 2, 860, 1073, 558, 1, 30.00%, 0, 0, 18, 64.67, 926747, 803, 0, 0
54285, 2, 860, 1073, 558, 1, 30.00%, 0, 0, 18, 64.78, 927084, 803, 0, 0
54290, 2, 1041, 1073, 557, 1, 30.00%, 0, 0, 18, 62.74, 927399, 803, 0, 0
54295, 2, 1041, 1073, 557, 1, 30.00%, 0, 0, 18, 61.63, 927709, 803, 0, 0
54300, 2, 1041, 1073, 557, 1, 30.00%, 0, 0, 18, 60.94, 928014, 803, 0, 0
54305, 2, 1041, 1073, 557, 1, 30.00%, 0, 0, 18, 60.89, 928320, 803, 0, 0
54310, 2, 1041, 1073, 557, 1, 30.00%, 0, 0, 18, 61.45, 928629, 803, 0, 0
54315, 2, 1041, 1073, 557, 1, 30.00%, 0, 0, 18, 60.69, 928934, 803, 0, 0
54320, 2, 1041, 1075, 559, 1, 30.00%, 0, 0, 18, 60.37, 929257, 803, 0, 0
54325, 2, 1041, 1086, 570, 1, 30.00%, 0, 0, 18, 60.70, 929570, 803, 0, 0
54330, 2, 1041, 1092, 576, 1, 30.00%, 0, 0, 18, 61.11, 929877, 803, 0, 0
54336, 2, 1041, 1096, 580, 1, 30.00%, 0, 0, 18, 60.91, 930186, 803, 0, 0
54341, 2, 1041, 1099, 583, 1, 30.00%, 0, 0, 18, 61.17, 930496, 803, 0, 0
54346, 2, 1041, 1100, 584, 1, 30.00%, 0, 0, 18, 59.69, 930775, 803, 0, 0
54351, 2, 1041, 1100, 584, 1, 30.00%, 0, 0, 18, 60.78, 931092, 803, 0, 0
54356, 2, 1041, 1103, 587, 1, 30.00%, 0, 0, 18, 60.90, 931403, 803, 0, 0
54361, 2, 1041, 1104, 588, 1, 30.00%, 0, 0, 18, 60.73, 931709, 803, 0, 0
54366, 2, 1041, 1105, 589, 1, 30.00%, 0, 0, 18, 60.76, 932021, 803, 0, 0
54371, 2, 1041, 1105, 589, 1, 30.00%, 0, 0, 18, 59.61, 932330, 803, 0, 0
54376, 2, 1041, 1105, 589, 1, 30.00%, 0, 0, 18, 60.67, 932635, 803, 0, 0
54382, 2, 1041, 1106, 590, 1, 30.00%, 0, 0, 18, 58.31, 932938, 803, 0, 0
54387, 2, 1041, 1107, 591, 1, 30.00%, 0, 0, 18, 60.20, 933242, 803, 0, 0
54392, 2, 1041, 1110, 594, 1, 30.00%, 0, 0, 18, 60.27, 933555, 803, 0, 0
54397, 2, 1041, 1110, 594, 1, 30.00%, 0, 0, 18, 60.52, 933859, 803, 0, 0
54402, 2, 1041, 1110, 594, 1, 30.00%, 0, 0, 18, 60.94, 934166, 803, 0, 0
54407, 2, 1041, 1110, 594, 1, 30.00%, 0, 0, 18, 61.00, 934471, 803, 0, 0
54412, 2, 1041, 1110, 594, 1, 30.00%, 0, 0, 18, 60.81, 934776, 803, 0, 0
54417, 2, 1041, 1110, 594, 1, 30.00%, 0, 0, 18, 61.42, 935085, 803, 0, 0
54422, 2, 1041, 1110, 594, 1, 30.00%, 0, 0, 18, 61.34, 935404, 803, 0, 0
54427, 2, 1041, 1110, 594, 1, 30.00%, 0, 0, 18, 61.72, 935714, 803, 0, 0
54432, 2, 1041, 1110, 594, 1, 30.00%, 0, 0, 18, 60.95, 936020, 803, 0, 0
54437, 2, 1041, 1110, 594, 1, 30.00%, 0, 0, 18, 61.80, 936330, 803, 0, 0
54442, 2, 1041, 1111, 595, 1, 30.00%, 0, 0, 18, 61.16, 936639, 803, 0, 0
54447, 2, 1022, 1111, 594, 1, 30.00%, 0, 0, 18, 64.56, 936965, 803, 0, 0
54452, 2, 1022, 1111, 594, 1, 30.00%, 0, 0, 18, 64.93, 937292, 803, 0, 0
54457, 2, 1022, 1111, 594, 1, 30.00%, 0, 0, 18, 65.43, 937624, 803, 0, 0
54462, 2, 1022, 1111, 594, 1, 30.00%, 0, 0, 18, 65.49, 937956, 803, 0, 0
54467, 2, 1022, 1111, 594, 1, 30.00%, 0, 0, 18, 65.37, 938284, 803, 0, 0
54472, 2, 1022, 1111, 594, 1, 30.00%, 0, 0, 18, 65.25, 938613, 803, 0, 0
54477, 2, 1022, 1111, 594, 1, 30.00%, 0, 0, 18, 65.89, 938943, 803, 0, 0
54482, 2, 1022, 1111, 594, 1, 30.00%, 0, 0, 18, 65.66, 939274, 803, 0, 0
54487, 2, 1022, 1111, 594, 1, 30.00%, 0, 0, 18, 65.81, 939609, 803, 0, 0
54493, 2, 1022, 1111, 594, 1, 30.00%, 0, 0, 18, 65.06, 939945, 803, 0, 0
54498, 2, 1022, 1111, 594, 1, 30.00%, 0, 0, 18, 65.13, 940274, 803, 0, 0
54503, 2, 1022, 1111, 594, 1, 30.00%, 0, 0, 18, 65.69, 940607, 803, 0, 0
54508, 2, 1022, 1111, 594, 1, 30.00%, 0, 0, 18, 65.67, 940937, 803, 0, 0
54513, 2, 1022, 1111, 594, 1, 30.00%, 0, 0, 18, 65.44, 941278, 803, 0, 0
54518, 2, 1022, 1111, 594, 1, 30.00%, 0, 0, 18, 65.79, 941608, 803, 0, 0
54523, 2, 1022, 1111, 594, 1, 30.00%, 0, 0, 18, 66.11, 941941, 803, 0, 0
54528, 2, 1022, 1111, 594, 1, 30.00%, 0, 0, 18, 66.30, 942275, 803, 0, 0
54533, 2, 1022, 1111, 594, 1, 30.00%, 0, 0, 18, 65.80, 942607, 803, 0, 0
54538, 2, 1022, 1111, 594, 1, 30.00%, 0, 0, 18, 65.96, 942940, 803, 0, 0
54543, 2, 1022, 1111, 594, 1, 30.00%, 0, 0, 18, 65.42, 943268, 803, 0, 0
54548, 2, 1022, 1111, 594, 1, 30.00%, 0, 0, 18, 65.64, 943597, 803, 0, 0
54553, 2, 1022, 1111, 594, 1, 30.00%, 0, 0, 18, 64.89, 943921, 803, 0, 0
54558, 2, 1022, 1111, 594, 1, 30.00%, 0, 0, 18, 65.26, 944249, 803, 0, 0
54563, 2, 1022, 1111, 594, 1, 30.00%, 0, 0, 18, 63.15, 944561, 803, 0, 0
54568, 2, 1022, 1111, 594, 1, 30.00%, 0, 0, 18, 64.83, 944889, 803, 0, 0
54573, 2, 1022, 1111, 594, 1, 30.00%, 0, 0, 18, 65.43, 945219, 803, 0, 0
54579, 2, 1022, 1111, 594, 1, 30.00%, 0, 0, 18, 65.42, 945560, 803, 0, 0
54584, 2, 1022, 1111, 594, 1, 30.00%, 0, 0, 18, 65.04, 945887, 803, 0, 0
54589, 2, 1022, 1111, 594, 1, 30.00%, 0, 0, 18, 65.40, 946215, 803, 0, 0
54594, 2, 1022, 1111, 594, 1, 30.00%, 0, 0, 18, 65.51, 946545, 803, 0, 0
54599, 2, 1022, 1111, 594, 1, 30.00%, 0, 0, 18, 65.69, 946878, 803, 0, 0
54604, 2, 1022, 1111, 594, 1, 30.00%, 0, 0, 18, 65.14, 947205, 803, 0, 0
54609, 2, 1022, 1111, 594, 1, 30.00%, 0, 0, 18, 65.72, 947539, 803, 0, 0
54614, 2, 1022, 1111, 594, 1, 30.00%, 0, 0, 18, 65.24, 947865, 803, 0, 0
54619, 2, 1022, 1111, 594, 1, 30.00%, 0, 0, 18, 65.53, 948194, 803, 0, 0
54624, 2, 1022, 1111, 594, 1, 30.00%, 0, 0, 18, 65.74, 948525, 803, 0, 0
54629, 2, 1022, 1111, 594, 1, 30.00%, 0, 0, 18, 65.17, 948859, 803, 0, 0
54634, 2, 1022, 1111, 594, 1, 30.00%, 0, 0, 18, 65.71, 949189, 803, 0, 0
54639, 2, 1022, 1111, 594, 1, 30.00%, 0, 0, 18, 65.99, 949521, 803, 0, 0
54644, 2, 1022, 1111, 594, 1, 30.00%, 0, 0, 18, 65.73, 949850, 803, 0, 0
54649, 2, 1022, 1111, 594, 1, 30.00%, 0, 0, 18, 65.80, 950183, 803, 0, 0
54654, 2, 1022, 1111, 594, 1, 30.00%, 0, 0, 18, 65.16, 950509, 803, 0, 0
54659, 2, 1022, 1111, 594, 1, 30.00%, 0, 0, 18, 66.13, 950844, 803, 0, 0
54664, 2, 1022, 1111, 594, 1, 30.00%, 0, 0, 18, 65.99, 951175, 803, 0, 0
54669, 2, 1022, 1111, 594, 1, 30.00%, 0, 0, 18, 65.99, 951508, 803, 0, 0
54674, 2, 1022, 1111, 594, 1, 30.00%, 0, 0, 18, 65.76, 951836, 803, 0, 0
54679, 2, 1022, 1111, 594, 1, 30.00%, 0, 0, 18, 66.49, 952172, 803, 0, 0
54684, 2, 1022, 1111, 594, 1, 30.00%, 0, 0, 18, 65.96, 952503, 803, 0, 0
54689, 2, 1022, 1111, 594, 1, 30.00%, 0, 0, 18, 65.46, 952843, 803, 0, 0
54694, 2, 1022, 1111, 594, 1, 30.00%, 0, 0, 18, 65.79, 953174, 803, 0, 0
54700, 2, 1022, 1111, 594, 1, 30.00%, 0, 0, 18, 65.72, 953507, 803, 0, 0
54705, 2, 1022, 1111, 594, 1, 30.00%, 0, 0, 18, 65.63, 953837, 803, 0, 0
54710, 2, 1022, 1111, 594, 1, 30.00%, 0, 0, 18, 66.06, 954171, 803, 0, 0
54715, 2, 1022, 1111, 594, 1, 30.00%, 0, 0, 18, 65.90, 954502, 803, 0, 0
54720, 2, 1022, 1111, 594, 1, 30.00%, 0, 0, 18, 66.23, 954836, 803, 0, 0
54725, 2, 1022, 1111, 594, 1, 30.00%, 0, 0, 18, 66.07, 955170, 803, 0, 0
54730, 2, 1022, 1111, 594, 1, 30.00%, 0, 0, 18, 66.31, 955505, 803, 0, 0
54735, 2, 1022, 1111, 594, 1, 30.00%, 0, 0, 18, 66.15, 955836, 803, 0, 0
54740, 2, 1022, 1111, 594, 1, 30.00%, 0, 0, 18, 66.20, 956169, 803, 0, 0
54745, 2, 1022, 1111, 594, 1, 30.00%, 0, 0, 18, 66.19, 956503, 803, 0, 0
54750, 2, 1022, 1111, 594, 1, 30.00%, 0, 0, 18, 66.29, 956836, 803, 0, 0
54755, 2, 1022, 1111, 594, 1, 30.00%, 0, 0, 18, 66.32, 957170, 803, 0, 0
54760, 2, 1022, 1111, 594, 1, 30.00%, 0, 0, 18, 66.31, 957504, 803, 0, 0
54765, 2, 1022, 1111, 594, 1, 30.00%, 0, 0, 18, 66.27, 957838, 803, 0, 0
54770, 2, 1022, 1111, 594, 1, 30.00%, 0, 0, 18, 66.36, 958173, 803, 0, 0
54775, 2, 1022, 1111, 594, 1, 30.00%, 0, 0, 18, 66.27, 958505, 803, 0, 0
54780, 2, 1022, 1111, 594, 1, 30.00%, 0, 0, 18, 66.04, 958837, 803, 0, 0
54785, 2, 1022, 1111, 594, 1, 30.00%, 0, 0, 18, 66.11, 959169, 803, 0, 0
54790, 2, 1022, 1111, 594, 1, 30.00%, 0, 0, 18, 66.18, 959502, 803, 0, 0
54795, 2, 1022, 1111, 594, 1, 30.00%, 0, 0, 18, 66.11, 959834, 803, 0, 0
54800, 2, 1022, 1111, 594, 1, 30.00%, 0, 0, 18, 66.38, 960168, 803, 0, 0
54805, 2, 1022, 1111, 594, 1, 30.00%, 0, 0, 18, 66.11, 960503, 803, 0, 0
54810, 2, 1022, 1111, 594, 1, 30.00%, 0, 0, 18, 66.18, 960838, 803, 0, 0
54815, 2, 1022, 1111, 594, 1, 30.00%, 0, 0, 18, 65.50, 961167, 803, 0, 0
54820, 2, 1022, 1111, 594, 1, 30.00%, 0, 0, 18, 66.33, 961502, 803, 0, 0
54825, 2, 1022, 1111, 594, 1, 30.00%, 0, 0, 18, 65.88, 961833, 803, 0, 0
54831, 2, 1022, 1111, 594, 1, 30.00%, 0, 0, 18, 66.00, 962168, 803, 0, 0
54836, 2, 1022, 1111, 594, 1, 30.00%, 0, 0, 18, 64.69, 962489, 803, 0, 0
54841, 2, 1022, 1111, 594, 1, 30.00%, 0, 0, 18, 65.39, 962818, 803, 0, 0
54846, 2, 1022, 1111, 594, 1, 30.00%, 0, 0, 18, 65.65, 963150, 803, 0, 0
54851, 2, 1022, 1111, 594, 1, 30.00%, 0, 0, 18, 66.22, 963486, 803, 0, 0
54856, 2, 1022, 1111, 594, 1, 30.00%, 0, 0, 18, 65.66, 963817, 803, 0, 0
54861, 2, 1022, 1111, 594, 1, 30.00%, 0, 0, 18, 64.16, 964146, 803, 0, 0
54866, 2, 1022, 1111, 594, 1, 30.00%, 0, 0, 18, 64.23, 964476, 803, 0, 0
54871, 2, 1022, 1111, 594, 1, 30.00%, 0, 0, 18, 65.92, 964810, 803, 0, 0
54876, 2, 1022, 1111, 594, 1, 30.00%, 0, 0, 18, 65.38, 965140, 803, 0, 0
54881, 2, 1022, 1111, 594, 1, 30.00%, 0, 0, 18, 64.98, 965467, 803, 0, 0
54886, 2, 1022, 1111, 594, 1, 30.00%, 0, 0, 18, 66.28, 965801, 803, 0, 0
54891, 2, 1022, 1111, 594, 1, 30.00%, 0, 0, 18, 66.55, 966137, 803, 0, 0
54896, 2, 1022, 1111, 594, 1, 30.00%, 0, 0, 18, 66.62, 966472, 803, 0, 0
54901, 2, 1022, 1111, 594, 1, 30.00%, 0, 0, 18, 66.83, 966808, 803, 0, 0
54906, 2, 1022, 1111, 594, 1, 30.00%, 0, 0, 18, 66.83, 967143, 803, 0, 0
54911, 2, 1022, 1111, 594, 1, 30.00%, 0, 0, 18, 66.76, 967478, 803, 0, 0
54916, 2, 1022, 1111, 594, 1, 30.00%, 0, 0, 18, 66.71, 967813, 803, 0, 0
54921, 2, 1022, 1111, 594, 1, 30.00%, 0, 0, 18, 66.62, 968146, 803, 0, 0
54926, 2, 1022, 1111, 594, 1, 30.00%, 0, 0, 18, 66.49, 968481, 803, 0, 0
54932, 2, 1022, 1111, 594, 1, 30.00%, 0, 0, 18, 63.64, 968813, 803, 0, 0
54937, 2, 1022, 1111, 594, 1, 30.00%, 0, 0, 18, 66.54, 969149, 803, 0, 0
54942, 2, 1022, 1111, 594, 1, 30.00%, 0, 0, 18, 67.09, 969498, 803, 0, 0
54947, 2, 1022, 1111, 594, 1, 30.00%, 0, 0, 18, 66.96, 969832, 803, 0, 0
54952, 2, 1022, 1111, 594, 1, 30.00%, 0, 0, 18, 66.97, 970168, 803, 0, 0
54957, 2, 1022, 1111, 594, 1, 30.00%, 0, 0, 18, 66.43, 970500, 803, 0, 0
54962, 2, 1022, 1111, 594, 1, 30.00%, 0, 0, 18, 65.64, 970838, 803, 0, 0
54967, 2, 1022, 1111, 594, 1, 30.00%, 0, 0, 18, 65.11, 971166, 803, 0, 0
54972, 2, 1022, 1111, 594, 1, 30.00%, 0, 0, 18, 65.32, 971495, 803, 0, 0
54977, 2, 1022, 1111, 594, 1, 30.00%, 0, 0, 18, 66.00, 971828, 803, 0, 0
54982, 2, 1022, 1111, 594, 1, 30.00%, 0, 0, 18, 65.52, 972156, 803, 0, 0
54987, 2, 1022, 1111, 594, 1, 30.00%, 0, 0, 18, 63.12, 972483, 803, 0, 0
54992, 2, 942, 1111, 593, 0, 30.00%, 0, 0, 18, 64.02, 972819, 803, 0, 0
54998, 2, 942, 1111, 593, 0, 30.00%, 0, 0, 18, 64.70, 973156, 803, 0, 0
55003, 2, 942, 1111, 593, 0, 30.00%, 0, 0, 18, 64.39, 973484, 803, 0, 0
55008, 2, 942, 1111, 593, 0, 30.00%, 0, 0, 18, 62.63, 973800, 803, 0, 0
55013, 2, 942, 1111, 593, 0, 30.00%, 0, 0, 18, 63.45, 974130, 803, 0, 0
55018, 2, 40, 1111, 592, 0, 30.00%, 0, 0, 18, 73.55, 974497, 803, 0, 0
55023, 2, 949, 1111, 592, 0, 30.00%, 0, 0, 18, 65.55, 974827, 803, 0, 0
55029, 2, 949, 1111, 592, 0, 30.00%, 0, 0, 18, 63.19, 975150, 803, 0, 0
55034, 2, 949, 1111, 592, 0, 30.00%, 0, 0, 18, 62.83, 975472, 803, 0, 0
55039, 2, 949, 1111, 592, 0, 30.00%, 0, 0, 18, 62.27, 975794, 803, 0, 0
55044, 2, 949, 1111, 592, 0, 30.00%, 0, 0, 18, 61.55, 976115, 803, 0, 0
55049, 2, 949, 1111, 592, 0, 30.00%, 0, 0, 18, 61.20, 976430, 803, 0, 0
55054, 2, 949, 1112, 593, 0, 30.00%, 0, 0, 18, 61.13, 976738, 803, 0, 0
55059, 2, 518, 1112, 592, 0, 30.00%, 0, 0, 18, 75.84, 977113, 803, 0, 0
55065, 2, 518, 1112, 592, 0, 30.00%, 0, 0, 18, 84.52, 977555, 803, 0, 0
55072, 2, 518, 1112, 592, 0, 30.00%, 0, 0, 18, 89.56, 978191, 803, 0, 0
55077, 2, 951, 1112, 591, 0, 30.00%, 0, 0, 18, 85.55, 978637, 803, 0, 0
55082, 2, 951, 1112, 591, 0, 30.00%, 0, 0, 18, 67.72, 978964, 803, 0, 0
55087, 2, 951, 1112, 591, 0, 30.00%, 0, 0, 18, 63.96, 979288, 803, 0, 0
55092, 2, 951, 1112, 591, 0, 30.00%, 0, 0, 18, 63.08, 979612, 803, 0, 0
55097, 2, 951, 1112, 591, 0, 30.00%, 0, 0, 18, 63.40, 979938, 803, 0, 0
55102, 2, 951, 1112, 591, 0, 30.00%, 0, 0, 18, 63.51, 980260, 803, 0, 0
55108, 2, 951, 1113, 592, 0, 30.00%, 0, 0, 18, 63.42, 980590, 803, 0, 0
55113, 2, 944, 1113, 591, 0, 30.00%, 0, 0, 18, 63.13, 980914, 803, 0, 0
55118, 2, 944, 1113, 591, 0, 30.00%, 0, 0, 18, 64.52, 981250, 803, 0, 0
55123, 2, 944, 1113, 591, 0, 30.00%, 0, 0, 18, 64.48, 981582, 803, 0, 0
55128, 2, 944, 1113, 591, 0, 30.00%, 0, 0, 18, 64.98, 981908, 803, 0, 0
55133, 2, 944, 1113, 591, 0, 30.00%, 0, 0, 18, 64.95, 982238, 803, 0, 0
55138, 2, 1013, 1113, 590, 0, 30.00%, 0, 0, 18, 64.39, 982569, 803, 0, 0
55143, 2, 1013, 1113, 590, 0, 30.00%, 0, 0, 18, 63.95, 982897, 803, 0, 0
55148, 2, 1013, 1113, 590, 0, 30.00%, 0, 0, 18, 60.47, 983209, 803, 0, 0
55154, 2, 1013, 1113, 590, 0, 30.00%, 0, 0, 18, 62.13, 983530, 803, 0, 0
55159, 2, 1013, 1113, 590, 0, 30.00%, 0, 0, 18, 56.90, 983822, 803, 0, 0
55164, 2, 1013, 1113, 590, 0, 30.00%, 0, 0, 18, 61.68, 984183, 803, 0, 0
55170, 2, 1097, 1113, 589, 0, 30.00%, 0, 0, 18, 62.71, 984508, 803, 0, 0
55175, 2, 1097, 1113, 589, 0, 30.00%, 0, 0, 18, 62.75, 984832, 803, 0, 0
56077, 2, 1097, 1113, 589, 0, 30.00%, 0, 0, 18, 0.01, 985111, 803, 0, 0
56082, 2, 1097, 1113, 589, 0, 30.00%, 0, 0, 18, 62.81, 985434, 803, 0, 0
56087, 2, 1097, 1113, 589, 0, 30.00%, 0, 0, 18, 63.22, 985759, 803, 0, 0
56092, 2, 1097, 1113, 589, 0, 30.00%, 0, 0, 18, 63.47, 986084, 803, 0, 0
56098, 2, 1097, 1113, 589, 0, 30.00%, 0, 0, 18, 63.09, 986408, 803, 0, 0
56103, 2, 1097, 1113, 589, 0, 30.00%, 0, 0, 18, 63.11, 986727, 803, 0, 0
56108, 2, 1049, 1113, 588, 0, 30.00%, 0, 0, 18, 64.18, 987059, 803, 0, 0
56113, 2, 1049, 1113, 588, 0, 30.00%, 0, 0, 18, 64.98, 987389, 803, 0, 0
56118, 2, 1049, 1113, 588, 0, 30.00%, 0, 0, 18, 63.56, 987716, 803, 0, 0
56123, 2, 1049, 1113, 588, 0, 30.00%, 0, 0, 18, 64.08, 988040, 803, 0, 0
56128, 2, 1049, 1113, 588, 0, 30.00%, 0, 0, 18, 64.75, 988367, 803, 0, 0
56133, 2, 990, 1113, 587, 0, 30.00%, 0, 0, 18, 64.91, 988695, 803, 0, 0
56138, 2, 990, 1113, 587, 0, 30.00%, 0, 0, 18, 64.32, 989026, 803, 0, 0
56143, 2, 990, 1113, 587, 0, 30.00%, 0, 0, 18, 64.80, 989361, 803, 0, 0
56149, 2, 990, 1113, 587, 0, 30.00%, 0, 0, 18, 64.47, 989687, 803, 0, 0
56154, 2, 990, 1113, 587, 0, 30.00%, 0, 0, 18, 64.51, 990016, 803, 0, 0
56159, 2, 990, 1113, 587, 0, 30.00%, 0, 0, 18, 64.36, 990375, 803, 0, 0
56164, 2, 990, 1115, 589, 0, 30.00%, 0, 0, 18, 64.02, 990704, 803, 0, 0
56169, 2, 990, 1115, 589, 0, 30.00%, 0, 0, 18, 63.96, 991035, 803, 0, 0
56175, 2, 990, 1115, 589, 0, 30.00%, 0, 0, 18, 64.00, 991359, 803, 0, 0
56180, 2, 990, 1116, 590, 0, 30.00%, 0, 0, 18, 63.94, 991682, 803, 0, 0
56185, 2, 990, 1116, 590, 0, 30.00%, 0, 0, 18, 64.45, 992012, 803, 0, 0
56190, 2, 990, 1116, 590, 0, 30.00%, 0, 0, 18, 64.74, 992346, 803, 0, 0
56195, 2, 990, 1116, 590, 0, 30.00%, 0, 0, 18, 64.42, 992675, 803, 0, 0
56200, 2, 1019, 1116, 589, 0, 30.00%, 0, 0, 18, 65.70, 993018, 803, 0, 0
56205, 2, 1019, 1116, 589, 0, 30.00%, 0, 0, 18, 65.65, 993349, 803, 0, 0
56210, 2, 1019, 1116, 589, 0, 30.00%, 0, 0, 18, 65.25, 993679, 803, 0, 0
56215, 2, 1019, 1116, 589, 0, 30.00%, 0, 0, 18, 65.32, 994011, 803, 0, 0
56220, 2, 1019, 1116, 589, 0, 30.00%, 0, 0, 18, 65.74, 994349, 803, 0, 0
56226, 2, 861, 1116, 588, 0, 30.00%, 0, 0, 18, 66.34, 994684, 803, 0, 0
56231, 2, 861, 1116, 588, 0, 30.00%, 0, 0, 18, 66.08, 995016, 803, 0, 0
56236, 2, 861, 1116, 588, 0, 30.00%, 0, 0, 18, 65.89, 995347, 803, 0, 0
56241, 2, 861, 1116, 588, 0, 30.00%, 0, 0, 18, 57.35, 995617, 803, 0, 0
56247, 2, 861, 1116, 588, 0, 30.00%, 0, 0, 18, 62.77, 996012, 803, 0, 0
56252, 2, 874, 1116, 587, 0, 30.00%, 0, 0, 18, 64.49, 996336, 803, 0, 0
56257, 2, 874, 1116, 587, 0, 30.00%, 0, 0, 18, 62.38, 996641, 803, 0, 0
56310, 2, 874, 1116, 587, 0, 30.00%, 0, 0, 18, 0.09, 996646, 803, 0, 0
56315, 2, 874, 1116, 587, 0, 30.00%, 0, 0, 18, 65.95, 996978, 803, 0, 0
56320, 2, 874, 1116, 587, 0, 30.00%, 0, 0, 18, 66.44, 997311, 803, 0, 0
56326, 2, 874, 1116, 587, 0, 30.00%, 0, 0, 18, 65.96, 997642, 803, 0, 0
56331, 2, 874, 1116, 587, 0, 30.00%, 0, 0, 18, 66.12, 997978, 803, 0, 0
56336, 2, 1093, 1116, 586, 0, 30.00%, 0, 0, 18, 63.95, 998307, 803, 0, 0
56341, 2, 1093, 1116, 586, 0, 30.00%, 0, 0, 18, 63.05, 998632, 803, 0, 0
56346, 2, 1093, 1116, 586, 0, 30.00%, 0, 0, 18, 62.65, 998957, 803, 0, 0
56351, 2, 1093, 1116, 586, 0, 30.00%, 0, 0, 18, 62.60, 999281, 803, 0, 0
56356, 2, 1093, 1116, 586, 0, 30.00%, 0, 0, 18, 62.67, 999605, 803, 0, 0
56362, 2, 1093, 1116, 586, 0, 30.00%, 0, 0, 18, 62.20, 999926, 803, 0, 0
56367, 2, 1093, 1116, 586, 0, 30.00%, 0, 0, 18, 62.71, 1000249, 803, 0, 0
56372, 2, 916, 1116, 585, 0, 30.00%, 0, 0, 18, 65.20, 1000585, 803, 0, 0
56377, 2, 916, 1116, 585, 0, 30.00%, 0, 0, 18, 65.04, 1000914, 803, 0, 0
56382, 2, 916, 1116, 585, 0, 30.00%, 0, 0, 18, 63.80, 1001242, 803, 0, 0
56387, 2, 916, 1116, 585, 0, 30.00%, 0, 0, 18, 62.17, 1001565, 803, 0, 0
56392, 2, 916, 1116, 585, 0, 30.00%, 0, 0, 18, 63.31, 1001894, 803, 0, 0
56397, 2, 551, 1116, 584, 0, 30.00%, 0, 0, 18, 67.48, 1002228, 803, 0, 0
56403, 2, 551, 1116, 584, 0, 30.00%, 0, 0, 18, 82.71, 1002681, 803, 0, 0
56408, 2, 551, 1116, 584, 0, 30.00%, 0, 0, 18, 87.42, 1003131, 803, 0, 0
56413, 2, 551, 1116, 584, 0, 30.00%, 0, 0, 18, 87.34, 1003584, 803, 0, 0
56418, 2, 1072, 1116, 583, 0, 30.00%, 0, 0, 18, 81.74, 1004028, 803, 0, 0
56423, 2, 1072, 1116, 583, 0, 30.00%, 0, 0, 18, 65.70, 1004348, 803, 0, 0
56428, 2, 1072, 1116, 583, 0, 30.00%, 0, 0, 18, 62.70, 1004670, 803, 0, 0
56434, 2, 1072, 1116, 583, 0, 30.00%, 0, 0, 18, 62.74, 1004995, 803, 0, 0
56439, 2, 1072, 1116, 583, 0, 30.00%, 0, 0, 18, 63.02, 1005320, 803, 0, 0
56444, 2, 1072, 1116, 583, 0, 30.00%, 0, 0, 18, 63.24, 1005645, 803, 0, 0
56449, 2, 1072, 1116, 583, 0, 30.00%, 0, 0, 18, 62.99, 1005961, 803, 0, 0
56454, 2, 1072, 1117, 584, 0, 30.00%, 0, 0, 18, 63.17, 1006289, 803, 0, 0
56459, 2, 1072, 1118, 585, 0, 30.00%, 0, 0, 18, 61.84, 1006608, 803, 0, 0
56464, 2, 1072, 1118, 585, 0, 30.00%, 0, 0, 18, 62.72, 1006931, 803, 0, 0
56470, 2, 492, 1118, 584, 0, 30.00%, 0, 0, 18, 76.68, 1007312, 803, 0, 0
56475, 2, 945, 1118, 584, 0, 30.00%, 0, 0, 18, 71.54, 1007699, 803, 0, 0
56480, 2, 945, 1118, 584, 0, 30.00%, 0, 0, 18, 67.41, 1008034, 803, 0, 0
56485, 2, 945, 1118, 584, 0, 30.00%, 0, 0, 18, 65.78, 1008365, 803, 0, 0
56490, 2, 945, 1118, 584, 0, 30.00%, 0, 0, 18, 66.00, 1008699, 803, 0, 0
56495, 2, 945, 1118, 584, 0, 30.00%, 0, 0, 18, 64.58, 1009029, 803, 0, 0
56500, 2, 743, 1118, 583, 0, 30.00%, 0, 0, 18, 69.68, 1009389, 803, 0, 0
56505, 2, 743, 1118, 583, 0, 30.00%, 0, 0, 18, 72.76, 1009762, 803, 0, 0
56510, 2, 743, 1118, 583, 0, 30.00%, 0, 0, 18, 74.12, 1010138, 803, 0, 0
56516, 2, 743, 1118, 583, 0, 30.00%, 0, 0, 18, 71.83, 1010506, 803, 0, 0
56521, 2, 743, 1118, 583, 0, 30.00%, 0, 0, 18, 69.91, 1010860, 803, 0, 0
56526, 2, 743, 1118, 583, 0, 30.00%, 0, 0, 18, 72.03, 1011228, 803, 0, 0
56531, 2, 1082, 1118, 582, 0, 30.00%, 0, 0, 18, 63.54, 1011553, 803, 0, 0
56536, 2, 1082, 1118, 582, 0, 30.00%, 0, 0, 18, 59.96, 1011852, 803, 0, 0
56541, 2, 1082, 1118, 582, 0, 30.00%, 0, 0, 18, 59.64, 1012162, 803, 0, 0
56546, 2, 1082, 1118, 582, 0, 30.00%, 0, 0, 18, 60.21, 1012475, 803, 0, 0
56551, 2, 610, 1118, 581, 0, 30.00%, 0, 0, 18, 65.50, 1012801, 803, 0, 0
56557, 2, 610, 1118, 581, 0, 30.00%, 0, 0, 18, 70.80, 1013171, 803, 0, 0
56562, 2, 610, 1118, 581, 0, 30.00%, 0, 0, 18, 69.63, 1013529, 803, 0, 0
56567, 2, 610, 1118, 581, 0, 30.00%, 0, 0, 18, 72.18, 1013898, 803, 0, 0
56572, 2, 610, 1118, 581, 0, 30.00%, 0, 0, 18, 73.50, 1014274, 803, 0, 0
56577, 2, 610, 1118, 581, 0, 30.00%, 0, 0, 18, 73.85, 1014650, 803, 0, 0
56582, 2, 1098, 1118, 580, 0, 30.00%, 0, 0, 18, 64.29, 1014977, 803, 0, 0
56587, 2, 1098, 1118, 580, 0, 30.00%, 0, 0, 18, 62.50, 1015298, 803, 0, 0
56592, 2, 1098, 1118, 580, 0, 30.00%, 0, 0, 18, 60.72, 1015599, 803, 0, 0
56597, 2, 1098, 1118, 580, 0, 30.00%, 0, 0, 18, 60.24, 1015898, 803, 0, 0
56602, 2, 1098, 1118, 580, 0, 30.00%, 0, 0, 18, 59.90, 1016207, 803, 0, 0
56607, 2, 1098, 1118, 580, 0, 30.00%, 0, 0, 18, 59.34, 1016505, 803, 0, 0
56613, 2, 1098, 1118, 580, 0, 30.00%, 0, 0, 18, 60.26, 1016821, 803, 0, 0
56618, 2, 1067, 1118, 579, 0, 30.00%, 0, 0, 18, 61.56, 1017129, 803, 0, 0
56623, 2, 1067, 1118, 579, 0, 30.00%, 0, 0, 18, 63.47, 1017463, 803, 0, 0
56628, 2, 1067, 1118, 579, 0, 30.00%, 0, 0, 18, 64.89, 1017800, 803, 0, 0
56633, 2, 1067, 1118, 579, 0, 30.00%, 0, 0, 18, 64.55, 1018133, 803, 0, 0
56639, 2, 1067, 1118, 579, 0, 30.00%, 0, 0, 18, 65.42, 1018505, 803, 0, 0
56644, 2, 877, 1118, 578, 0, 30.00%, 0, 0, 18, 65.65, 1018834, 803, 0, 0
56649, 2, 877, 1118, 578, 0, 30.00%, 0, 0, 18, 65.68, 1019165, 803, 0, 0
56654, 2, 877, 1118, 578, 0, 30.00%, 0, 0, 18, 64.86, 1019492, 803, 0, 0
56659, 2, 877, 1118, 578, 0, 30.00%, 0, 0, 18, 65.35, 1019819, 803, 0, 0
56664, 2, 877, 1118, 578, 0, 30.00%, 0, 0, 18, 64.51, 1020150, 803, 0, 0
56669, 2, 877, 1118, 578, 0, 30.00%, 0, 0, 18, 65.28, 1020482, 803, 0, 0
56674, 2, 680, 1118, 577, 0, 30.00%, 0, 0, 18, 69.15, 1020843, 803, 0, 0
56680, 2, 680, 1118, 577, 0, 30.00%, 0, 0, 18, 69.95, 1021210, 803, 0, 0
56685, 2, 680, 1118, 577, 0, 30.00%, 0, 0, 18, 72.02, 1021580, 803, 0, 0
56690, 2, 680, 1118, 577, 0, 30.00%, 0, 0, 18, 72.15, 1021950, 803, 0, 0
56696, 2, 680, 1118, 577, 0, 30.00%, 0, 0, 18, 72.97, 1022404, 803, 0, 0
56701, 2, 1050, 1118, 576, 0, 30.00%, 0, 0, 18, 67.61, 1022753, 803, 0, 0
56706, 2, 1050, 1118, 576, 0, 30.00%, 0, 0, 18, 63.01, 1023074, 803, 0, 0
56712, 2, 1050, 1118, 576, 0, 30.00%, 0, 0, 18, 63.14, 1023398, 803, 0, 0
56717, 2, 1050, 1118, 576, 0, 30.00%, 0, 0, 18, 62.12, 1023720, 803, 0, 0
56722, 2, 1050, 1118, 576, 0, 30.00%, 0, 0, 18, 62.55, 1024042, 803, 0, 0
56728, 2, 1050, 1118, 576, 0, 30.00%, 0, 0, 18, 63.12, 1024433, 803, 0, 0
56733, 2, 104, 1118, 575, 0, 30.00%, 0, 0, 18, 67.95, 1024773, 803, 0, 0
56738, 2, 635, 1118, 574, 0, 30.00%, 0, 0, 18, 74.85, 1025178, 803, 0, 0
56743, 2, 635, 1118, 574, 0, 30.00%, 0, 0, 18, 73.45, 1025552, 803, 0, 0
56749, 2, 635, 1118, 574, 0, 30.00%, 0, 0, 18, 72.36, 1025924, 803, 0, 0
56754, 2, 635, 1118, 574, 0, 30.00%, 0, 0, 18, 71.49, 1026295, 803, 0, 0
56759, 2, 635, 1118, 574, 0, 30.00%, 0, 0, 18, 72.26, 1026689, 803, 0, 0
56764, 2, 553, 1118, 573, 0, 30.00%, 0, 0, 18, 82.93, 1027110, 803, 0, 0
56769, 2, 523, 1118, 573, 0, 30.00%, 0, 0, 18, 86.36, 1027561, 803, 0, 0
56774, 2, 523, 1118, 573, 0, 30.00%, 0, 0, 18, 86.59, 1028006, 803, 0, 0
56780, 2, 523, 1118, 573, 0, 30.00%, 0, 0, 18, 88.85, 1028473, 803, 0, 0
56785, 2, 1040, 1118, 572, 0, 30.00%, 0, 0, 18, 82.67, 1028910, 803, 0, 0
56790, 2, 1040, 1118, 572, 0, 30.00%, 0, 0, 18, 67.19, 1029239, 803, 0, 0
56795, 2, 1040, 1118, 572, 0, 30.00%, 0, 0, 18, 63.66, 1029557, 803, 0, 0
56800, 2, 1040, 1118, 572, 0, 30.00%, 0, 0, 18, 64.17, 1029883, 803, 0, 0
56807, 2, 1040, 1118, 572, 0, 30.00%, 0, 0, 18, 63.45, 1030305, 803, 0, 0
56812, 2, 1040, 1119, 573, 0, 30.00%, 0, 0, 18, 62.91, 1030632, 803, 0, 0
56817, 2, 1040, 1120, 574, 0, 30.00%, 0, 0, 18, 63.33, 1030960, 803, 0, 0
56822, 2, 1040, 1120, 574, 0, 30.00%, 0, 0, 18, 63.83, 1031285, 803, 0, 0
56827, 2, 699, 1120, 573, 0, 30.00%, 0, 0, 18, 66.96, 1031625, 803, 0, 0
56832, 2, 699, 1120, 573, 0, 30.00%, 0, 0, 18, 71.19, 1031998, 803, 0, 0
56838, 2, 699, 1120, 573, 0, 30.00%, 0, 0, 18, 73.25, 1032377, 803, 0, 0
56843, 2, 699, 1120, 573, 0, 30.00%, 0, 0, 18, 72.65, 1032751, 803, 0, 0
56848, 2, 699, 1120, 573, 0, 30.00%, 0, 0, 18, 72.04, 1033121, 803, 0, 0
56853, 2, 699, 1121, 574, 0, 30.00%, 0, 0, 18, 72.95, 1033498, 803, 0, 0
56858, 2, 754, 1121, 573, 0, 30.00%, 0, 0, 18, 72.59, 1033874, 803, 0, 0
56863, 2, 754, 1121, 573, 0, 30.00%, 0, 0, 18, 72.02, 1034246, 803, 0, 0
56868, 2, 754, 1121, 573, 0, 30.00%, 0, 0, 18, 72.05, 1034621, 803, 0, 0
56874, 2, 754, 1121, 573, 0, 30.00%, 0, 0, 18, 72.83, 1034996, 803, 0, 0
56879, 2, 754, 1121, 573, 0, 30.00%, 0, 0, 18, 72.92, 1035376, 803, 0, 0
56884, 2, 754, 1122, 574, 0, 30.00%, 0, 0, 18, 72.95, 1035755, 803, 0, 0
56889, 2, 850, 1122, 573, 0, 30.00%, 0, 0, 18, 69.97, 1036118, 803, 0, 0
56894, 2, 850, 1122, 573, 0, 30.00%, 0, 0, 18, 63.95, 1036442, 803, 0, 0
56899, 2, 850, 1122, 573, 0, 30.00%, 0, 0, 18, 64.97, 1036773, 803, 0, 0
56904, 2, 850, 1122, 573, 0, 30.00%, 0, 0, 18, 64.50, 1037106, 803, 0, 0
56910, 2, 850, 1122, 573, 0, 30.00%, 0, 0, 18, 65.03, 1037441, 803, 0, 0
56915, 2, 865, 1122, 572, 0, 30.00%, 0, 0, 18, 64.47, 1037777, 803, 0, 0
56920, 2, 865, 1122, 572, 0, 30.00%, 0, 0, 18, 65.07, 1038114, 803, 0, 0
56925, 2, 865, 1122, 572, 0, 30.00%, 0, 0, 18, 64.43, 1038444, 803, 0, 0
56930, 2, 865, 1122, 572, 0, 30.00%, 0, 0, 18, 64.64, 1038780, 803, 0, 0
56937, 2, 865, 1122, 572, 0, 30.00%, 0, 0, 18, 64.56, 1039199, 803, 0, 0
56942, 2, 996, 1122, 571, 0, 30.00%, 0, 0, 18, 64.94, 1039526, 803, 0, 0
56947, 2, 996, 1122, 571, 0, 30.00%, 0, 0, 18, 64.47, 1039854, 803, 0, 0
56952, 2, 996, 1122, 571, 0, 30.00%, 0, 0, 18, 64.53, 1040183, 803, 0, 0
56957, 2, 996, 1122, 571, 0, 30.00%, 0, 0, 18, 63.25, 1040507, 803, 0, 0
56962, 2, 996, 1122, 571, 0, 30.00%, 0, 0, 18, 63.43, 1040834, 803, 0, 0
56967, 2, 996, 1122, 571, 0, 30.00%, 0, 0, 18, 62.83, 1041157, 803, 0, 0
56973, 2, 996, 1122, 571, 0, 30.00%, 0, 0, 18, 62.89, 1041485, 803, 0, 0
56978, 2, 996, 1123, 572, 0, 30.00%, 0, 0, 18, 63.43, 1041815, 803, 0, 0
56983, 2, 996, 1124, 573, 0, 30.00%, 0, 0, 18, 63.20, 1042139, 803, 0, 0
56988, 2, 996, 1124, 573, 0, 30.00%, 0, 0, 18, 61.36, 1042457, 803, 0, 0
56993, 2, 1094, 1124, 572, 0, 30.00%, 0, 0, 18, 60.27, 1042759, 803, 0, 0
56998, 2, 1094, 1124, 572, 0, 30.00%, 0, 0, 18, 59.15, 1043062, 803, 0, 0
57003, 2, 1094, 1124, 572, 0, 30.00%, 0, 0, 18, 59.18, 1043365, 803, 0, 0
57009, 2, 1094, 1124, 572, 0, 30.00%, 0, 0, 18, 61.54, 1043689, 803, 0, 0
57014, 2, 1094, 1124, 572, 0, 30.00%, 0, 0, 18, 61.66, 1043996, 803, 0, 0
57019, 2, 1094, 1124, 572, 0, 30.00%, 0, 0, 18, 61.16, 1044302, 803, 0, 0
57024, 2, 1094, 1124, 572, 0, 30.00%, 0, 0, 18, 61.48, 1044622, 803, 0, 0
57029, 2, 1094, 1124, 572, 0, 30.00%, 0, 0, 18, 61.48, 1044943, 803, 0, 0
57034, 2, 883, 1124, 571, 0, 30.00%, 0, 0, 18, 63.08, 1045273, 803, 0, 0
57039, 2, 883, 1124, 571, 0, 30.00%, 0, 0, 18, 64.26, 1045608, 803, 0, 0
57045, 2, 883, 1124, 571, 0, 30.00%, 0, 0, 18, 64.57, 1045941, 803, 0, 0
57050, 2, 883, 1124, 571, 0, 30.00%, 0, 0, 18, 64.45, 1046267, 803, 0, 0
57055, 2, 883, 1124, 571, 0, 30.00%, 0, 0, 18, 63.95, 1046598, 803, 0, 0
57060, 2, 670, 1124, 570, 0, 30.00%, 0, 0, 18, 65.70, 1046922, 803, 0, 0
57065, 2, 670, 1124, 570, 0, 30.00%, 0, 0, 18, 67.91, 1047278, 803, 0, 0
57070, 2, 670, 1124, 570, 0, 30.00%, 0, 0, 18, 71.13, 1047649, 803, 0, 0
57075, 2, 670, 1124, 570, 0, 30.00%, 0, 0, 18, 72.57, 1048022, 803, 0, 0
57080, 2, 670, 1124, 570, 0, 30.00%, 0, 0, 18, 73.54, 1048396, 803, 0, 0
57085, 2, 670, 1124, 570, 0, 30.00%, 0, 0, 18, 72.87, 1048769, 803, 0, 0
57091, 2, 1104, 1124, 569, 0, 30.00%, 0, 0, 18, 63.34, 1049091, 803, 0, 0
57096, 2, 1104, 1124, 569, 0, 30.00%, 0, 0, 18, 61.56, 1049397, 803, 0, 0
57101, 2, 1104, 1124, 569, 0, 30.00%, 0, 0, 18, 60.85, 1049700, 803, 0, 0
57106, 2, 1104, 1124, 569, 0, 30.00%, 0, 0, 18, 60.83, 1050006, 803, 0, 0
57111, 2, 1104, 1124, 569, 0, 30.00%, 0, 0, 18, 61.53, 1050317, 803, 0, 0
57116, 2, 1104, 1124, 569, 0, 30.00%, 0, 0, 18, 60.23, 1050630, 803, 0, 0
57121, 2, 1104, 1124, 569, 0, 30.00%, 0, 0, 18, 60.41, 1050945, 803, 0, 0
57126, 2, 1048, 1124, 568, 0, 30.00%, 0, 0, 18, 62.01, 1051259, 803, 0, 0
57131, 2, 1048, 1124, 568, 0, 30.00%, 0, 0, 18, 64.33, 1051584, 803, 0, 0
57137, 2, 1048, 1124, 568, 0, 30.00%, 0, 0, 18, 65.39, 1051925, 803, 0, 0
57142, 2, 1048, 1124, 568, 0, 30.00%, 0, 0, 18, 64.66, 1052250, 803, 0, 0
57147, 2, 1048, 1124, 568, 0, 30.00%, 0, 0, 18, 64.23, 1052610, 803, 0, 0
57152, 2, 1048, 1125, 569, 0, 30.00%, 0, 0, 18, 65.12, 1052940, 803, 0, 0
57157, 2, 655, 1125, 568, 0, 30.00%, 0, 0, 18, 69.72, 1053299, 803, 0, 0
57162, 2, 655, 1125, 568, 0, 30.00%, 0, 0, 18, 69.79, 1053666, 803, 0, 0
57168, 2, 655, 1125, 568, 0, 30.00%, 0, 0, 18, 67.16, 1054012, 803, 0, 0
57173, 2, 655, 1125, 568, 0, 30.00%, 0, 0, 18, 68.72, 1054357, 803, 0, 0
57178, 2, 655, 1125, 568, 0, 30.00%, 0, 0, 18, 72.53, 1054732, 803, 0, 0
57183, 2, 165, 1125, 567, 0, 30.00%, 0, 0, 18, 76.60, 1055119, 803, 0, 0
57188, 2, 1051, 1125, 567, 0, 30.00%, 0, 0, 18, 69.19, 1055471, 803, 0, 0
57193, 2, 1051, 1125, 567, 0, 30.00%, 0, 0, 18, 64.51, 1055798, 803, 0, 0
57198, 2, 1051, 1125, 567, 0, 30.00%, 0, 0, 18, 61.45, 1056117, 803, 0, 0
57204, 2, 1051, 1125, 567, 0, 30.00%, 0, 0, 18, 63.28, 1056448, 803, 0, 0
57209, 2, 1051, 1125, 567, 0, 30.00%, 0, 0, 18, 64.27, 1056780, 803, 0, 0
57214, 2, 816, 1125, 566, 0, 30.00%, 0, 0, 18, 64.38, 1057111, 803, 0, 0
57219, 2, 816, 1125, 566, 0, 30.00%, 0, 0, 18, 65.51, 1057453, 803, 0, 0
57224, 2, 816, 1125, 566, 0, 30.00%, 0, 0, 18, 65.87, 1057783, 803, 0, 0
57229, 2, 816, 1125, 566, 0, 30.00%, 0, 0, 18, 65.58, 1058124, 803, 0, 0
57234, 2, 816, 1125, 566, 0, 30.00%, 0, 0, 18, 63.33, 1058448, 803, 0, 0
57240, 2, 1070, 1125, 565, 0, 30.00%, 0, 0, 18, 60.74, 1058761, 803, 0, 0
57245, 2, 1070, 1125, 565, 0, 30.00%, 0, 0, 18, 55.89, 1059051, 803, 0, 0
57250, 2, 1070, 1125, 565, 0, 30.00%, 0, 0, 18, 51.15, 1059307, 803, 0, 0
57255, 2, 1070, 1125, 565, 0, 30.00%, 0, 0, 18, 59.25, 1059615, 803, 0, 0
57260, 2, 1070, 1125, 565, 0, 30.00%, 0, 0, 18, 63.41, 1059947, 803, 0, 0
57265, 2, 1070, 1125, 565, 0, 30.00%, 0, 0, 18, 63.57, 1060279, 803, 0, 0
57270, 2, 1064, 1125, 564, 0, 30.00%, 0, 0, 18, 65.01, 1060607, 803, 0, 0
57276, 2, 1064, 1125, 564, 0, 30.00%, 0, 0, 18, 64.42, 1060939, 803, 0, 0
57281, 2, 1064, 1125, 564, 0, 30.00%, 0, 0, 18, 64.43, 1061271, 803, 0, 0
57286, 2, 1064, 1125, 564, 0, 30.00%, 0, 0, 18, 64.97, 1061599, 803, 0, 0
57291, 2, 1064, 1125, 564, 0, 30.00%, 0, 0, 18, 64.38, 1061944, 803, 0, 0
57296, 2, 993, 1125, 563, 0, 30.00%, 0, 0, 18, 61.44, 1062248, 803, 0, 0
57301, 2, 993, 1125, 563, 0, 30.00%, 0, 0, 18, 59.08, 1062539, 803, 0, 0
57306, 2, 993, 1125, 563, 0, 30.00%, 0, 0, 18, 59.40, 1062849, 803, 0, 0
57311, 2, 993, 1125, 563, 0, 30.00%, 0, 0, 18, 60.70, 1063153, 803, 0, 0
57317, 2, 993, 1125, 563, 0, 30.00%, 0, 0, 18, 60.43, 1063467, 803, 0, 0
57322, 2, 1111, 1125, 562, 0, 30.00%, 0, 0, 18, 60.42, 1063771, 803, 0, 0
57327, 2, 1111, 1125, 562, 0, 30.00%, 0, 0, 18, 56.49, 1064053, 803, 0, 0
57332, 2, 1111, 1125, 562, 0, 30.00%, 0, 0, 18, 58.65, 1064360, 803, 0, 0
57337, 2, 1111, 1125, 562, 0, 30.00%, 0, 0, 18, 58.80, 1064669, 803, 0, 0
57342, 2, 1111, 1125, 562, 0, 30.00%, 0, 0, 18, 59.60, 1064974, 803, 0, 0
57347, 2, 1111, 1125, 562, 0, 30.00%, 0, 0, 18, 61.53, 1065296, 803, 0, 0
57352, 2, 1111, 1125, 562, 0, 30.00%, 0, 0, 18, 61.97, 1065613, 803, 0, 0
57357, 2, 618, 1125, 561, 0, 30.00%, 0, 0, 18, 66.44, 1065939, 803, 0, 0
57363, 2, 618, 1125, 561, 0, 30.00%, 0, 0, 18, 70.70, 1066312, 803, 0, 0
57368, 2, 618, 1125, 561, 0, 30.00%, 0, 0, 18, 70.04, 1066679, 803, 0, 0
57373, 2, 618, 1125, 561, 0, 30.00%, 0, 0, 18, 69.56, 1067035, 803, 0, 0
57378, 2, 618, 1125, 561, 0, 30.00%, 0, 0, 18, 72.32, 1067408, 803, 0, 0
57383, 2, 618, 1125, 561, 0, 30.00%, 0, 0, 18, 72.99, 1067790, 803, 0, 0
57388, 2, 779, 1125, 560, 0, 30.00%, 0, 0, 18, 68.07, 1068141, 803, 0, 0
57394, 2, 779, 1125, 560, 0, 30.00%, 0, 0, 18, 65.48, 1068478, 803, 0, 0
57399, 2, 779, 1125, 560, 0, 30.00%, 0, 0, 18, 66.36, 1068823, 803, 0, 0
57404, 2, 779, 1125, 560, 0, 30.00%, 0, 0, 18, 66.38, 1069166, 803, 0, 0
57409, 2, 779, 1125, 560, 0, 30.00%, 0, 0, 18, 66.40, 1069508, 803, 0, 0
57414, 2, 843, 1125, 559, 0, 30.00%, 0, 0, 18, 65.27, 1069845, 803, 0, 0
57419, 2, 843, 1125, 559, 0, 30.00%, 0, 0, 18, 64.64, 1070171, 803, 0, 0
57424, 2, 843, 1125, 559, 0, 30.00%, 0, 0, 18, 63.96, 1070497, 803, 0, 0
57429, 2, 843, 1125, 559, 0, 30.00%, 0, 0, 18, 64.04, 1070822, 803, 0, 0
57435, 2, 843, 1125, 559, 0, 30.00%, 0, 0, 18, 63.68, 1071147, 803, 0, 0
57441, 2, 843, 1125, 559, 0, 30.00%, 0, 0, 18, 63.96, 1071577, 803, 0, 0
57446, 2, 290, 1125, 558, 0, 30.00%, 0, 0, 18, 67.76, 1071916, 803, 0, 0
57452, 2, 515, 1125, 558, 0, 30.00%, 0, 0, 18, 85.67, 1072388, 803, 0, 0
57457, 2, 515, 1125, 558, 0, 30.00%, 0, 0, 18, 86.30, 1072831, 803, 0, 0
57462, 2, 515, 1125, 558, 0, 30.00%, 0, 0, 18, 87.11, 1073275, 803, 0, 0
57467, 2, 1114, 1125, 557, 0, 30.00%, 0, 0, 18, 85.36, 1073722, 803, 0, 0
57472, 2, 1114, 1125, 557, 0, 30.00%, 0, 0, 18, 67.76, 1074047, 803, 0, 0
57477, 2, 1114, 1125, 557, 0, 30.00%, 0, 0, 18, 63.97, 1074370, 803, 0, 0
57482, 2, 1114, 1125, 557, 0, 30.00%, 0, 0, 18, 63.12, 1074694, 803, 0, 0
57487, 2, 1114, 1125, 557, 0, 30.00%, 0, 0, 18, 63.33, 1075011, 803, 0, 0
57492, 2, 863, 1125, 556, 0, 30.00%, 0, 0, 18, 63.84, 1075337, 803, 0, 0
57497, 2, 863, 1125, 556, 0, 30.00%, 0, 0, 18, 63.91, 1075664, 803, 0, 0
57503, 2, 863, 1125, 556, 0, 30.00%, 0, 0, 18, 63.75, 1075989, 803, 0, 0
57508, 2, 863, 1125, 556, 0, 30.00%, 0, 0, 18, 63.82, 1076314, 803, 0, 0
57513, 2, 863, 1125, 556, 0, 30.00%, 0, 0, 18, 63.61, 1076638, 803, 0, 0
57519, 2, 863, 1125, 556, 0, 30.00%, 0, 0, 18, 63.89, 1077045, 803, 0, 0
57524, 2, 853, 1125, 555, 0, 30.00%, 0, 0, 18, 64.48, 1077373, 803, 0, 0
57529, 2, 853, 1125, 555, 0, 30.00%, 0, 0, 18, 66.14, 1077706, 803, 0, 0
57534, 2, 853, 1125, 555, 0, 30.00%, 0, 0, 18, 66.00, 1078037, 803, 0, 0
57539, 2, 853, 1125, 555, 0, 30.00%, 0, 0, 18, 66.19, 1078368, 803, 0, 0
57546, 2, 853, 1125, 555, 0, 30.00%, 0, 0, 18, 66.24, 1078819, 803, 0, 0
57551, 2, 1063, 1125, 554, 0, 30.00%, 0, 0, 18, 66.75, 1079167, 803, 0, 0
57556, 2, 1063, 1125, 554, 0, 30.00%, 0, 0, 18, 66.38, 1079511, 803, 0, 0
57561, 2, 1063, 1125, 554, 0, 30.00%, 0, 0, 18, 66.22, 1079845, 803, 0, 0
57566, 2, 1063, 1125, 554, 0, 30.00%, 0, 0, 18, 66.75, 1080179, 803, 0, 0
57572, 2, 1063, 1125, 554, 0, 30.00%, 0, 0, 18, 66.78, 1080523, 803, 0, 0
57577, 2, 1112, 1125, 553, 0, 30.00%, 0, 0, 18, 65.71, 1080863, 803, 0, 0
57582, 2, 1112, 1125, 553, 0, 30.00%, 0, 0, 18, 65.15, 1081202, 803, 0, 0
57587, 2, 1112, 1125, 553, 0, 30.00%, 0, 0, 18, 64.02, 1081527, 803, 0, 0
57592, 2, 1112, 1125, 553, 0, 30.00%, 0, 0, 18, 63.98, 1081853, 803, 0, 0
57597, 2, 1112, 1125, 553, 0, 30.00%, 0, 0, 18, 63.51, 1082177, 803, 0, 0
57602, 2, 1112, 1125, 553, 0, 30.00%, 0, 0, 18, 64.26, 1082504, 803, 0, 0
57608, 2, 1112, 1125, 553, 0, 30.00%, 0, 0, 18, 64.39, 1082834, 803, 0, 0
57613, 2, 864, 1125, 552, 0, 30.00%, 0, 0, 18, 84.34, 1083287, 803, 0, 0
57618, 2, 864, 1125, 552, 0, 30.00%, 0, 0, 18, 69.25, 1083625, 803, 0, 0
57623, 2, 864, 1125, 552, 0, 30.00%, 0, 0, 18, 66.51, 1083957, 803, 0, 0
57628, 2, 864, 1125, 552, 0, 30.00%, 0, 0, 18, 66.01, 1084289, 803, 0, 0
57633, 2, 864, 1125, 552, 0, 30.00%, 0, 0, 18, 65.75, 1084619, 803, 0, 0
57638, 2, 864, 1125, 552, 0, 30.00%, 0, 0, 18, 65.58, 1084951, 803, 0, 0
57643, 2, 852, 1125, 551, 0, 30.00%, 0, 0, 18, 63.26, 1085262, 803, 0, 0
57648, 2, 852, 1125, 551, 0, 30.00%, 0, 0, 18, 63.20, 1085591, 803, 0, 0
57653, 2, 852, 1125, 551, 0, 30.00%, 0, 0, 18, 64.48, 1085915, 803, 0, 0
57658, 2, 852, 1125, 551, 0, 30.00%, 0, 0, 18, 65.66, 1086257, 803, 0, 0
57664, 2, 852, 1125, 551, 0, 30.00%, 0, 0, 18, 66.07, 1086598, 803, 0, 0
57669, 2, 1083, 1125, 550, 0, 30.00%, 0, 0, 18, 65.07, 1086927, 803, 0, 0
57674, 2, 1083, 1125, 550, 0, 30.00%, 0, 0, 18, 61.98, 1087235, 803, 0, 0
57679, 2, 1083, 1125, 550, 0, 30.00%, 0, 0, 18, 61.14, 1087543, 803, 0, 0
57684, 2, 1083, 1125, 550, 0, 30.00%, 0, 0, 18, 61.04, 1087850, 803, 0, 0
57690, 2, 1083, 1125, 550, 0, 30.00%, 0, 0, 18, 60.92, 1088205, 803, 0, 0
57695, 2, 1083, 1131, 556, 0, 30.00%, 0, 0, 18, 60.38, 1088511, 803, 0, 0
57700, 2, 1083, 1133, 558, 0, 30.00%, 0, 0, 18, 60.71, 1088826, 803, 0, 0
57705, 2, 1083, 1133, 558, 0, 30.00%, 0, 0, 18, 58.11, 1089120, 803, 0, 0
57710, 2, 1083, 1134, 559, 0, 30.00%, 0, 0, 18, 58.28, 1089407, 803, 0, 0
57715, 2, 1083, 1136, 561, 0, 30.00%, 0, 0, 18, 58.84, 1089704, 803, 0, 0
57720, 2, 1083, 1136, 561, 0, 30.00%, 0, 0, 18, 58.08, 1090001, 803, 0, 0
57725, 2, 1083, 1137, 562, 0, 30.00%, 0, 0, 18, 55.95, 1090289, 803, 0, 0
57730, 2, 1083, 1137, 562, 0, 30.00%, 0, 0, 18, 59.42, 1090592, 803, 0, 0
57735, 2, 1083, 1139, 564, 0, 30.00%, 0, 0, 18, 59.89, 1090901, 803, 0, 0
57740, 2, 1083, 1139, 564, 0, 30.00%, 0, 0, 18, 60.80, 1091209, 803, 0, 0
57745, 2, 1083, 1140, 565, 0, 30.00%, 0, 0, 18, 61.00, 1091519, 803, 0, 0
57751, 2, 1083, 1141, 566, 0, 30.00%, 0, 0, 18, 61.16, 1091831, 803, 0, 0
57756, 2, 1083, 1143, 568, 0, 30.00%, 0, 0, 18, 60.06, 1092133, 803, 0, 0
57761, 2, 1083, 1143, 568, 0, 30.00%, 0, 0, 18, 60.10, 1092445, 803, 0, 0
57766, 2, 1083, 1143, 568, 0, 30.00%, 0, 0, 18, 60.33, 1092749, 803, 0, 0
57771, 2, 1083, 1144, 569, 0, 30.00%, 0, 0, 18, 61.06, 1093057, 803, 0, 0
57776, 2, 1083, 1144, 569, 0, 30.00%, 0, 0, 18, 60.41, 1093368, 803, 0, 0
57781, 2, 1083, 1144, 569, 0, 30.00%, 0, 0, 18, 61.00, 1093675, 803, 0, 0
57786, 2, 1083, 1144, 569, 0, 30.00%, 0, 0, 18, 60.70, 1093979, 803, 0, 0
57791, 2, 1083, 1144, 569, 0, 30.00%, 0, 0, 18, 61.13, 1094287, 803, 0, 0
57796, 2, 1083, 1144, 569, 0, 30.00%, 0, 0, 18, 61.19, 1094596, 803, 0, 0
57801, 2, 1083, 1144, 569, 0, 30.00%, 0, 0, 18, 60.60, 1094901, 803, 0, 0
57806, 2, 1083, 1144, 569, 0, 30.00%, 0, 0, 18, 61.01, 1095209, 803, 0, 0
57811, 2, 1083, 1144, 569, 0, 30.00%, 0, 0, 18, 60.00, 1095508, 803, 0, 0
57816, 2, 908, 1144, 568, 0, 30.00%, 0, 0, 18, 66.18, 1095875, 803, 0, 0
57821, 2, 908, 1144, 568, 0, 30.00%, 0, 0, 18, 64.44, 1096203, 803, 0, 0
57827, 2, 908, 1144, 568, 0, 30.00%, 0, 0, 18, 64.03, 1096538, 803, 0, 0
57832, 2, 908, 1144, 568, 0, 30.00%, 0, 0, 18, 64.26, 1096867, 803, 0, 0
57837, 2, 908, 1144, 568, 0, 30.00%, 0, 0, 18, 64.65, 1097201, 803, 0, 0
57842, 2, 908, 1144, 568, 0, 30.00%, 0, 0, 18, 65.04, 1097534, 803, 0, 0
57847, 2, 907, 1144, 567, 0, 30.00%, 0, 0, 18, 66.00, 1097877, 803, 0, 0
57852, 2, 907, 1144, 567, 0, 30.00%, 0, 0, 18, 65.52, 1098215, 803, 0, 0
57858, 2, 907, 1144, 567, 0, 30.00%, 0, 0, 18, 65.71, 1098545, 803, 0, 0
57863, 2, 907, 1144, 567, 0, 30.00%, 0, 0, 18, 65.71, 1098874, 803, 0, 0
57868, 2, 907, 1144, 567, 0, 30.00%, 0, 0, 18, 66.17, 1099212, 803, 0, 0
57873, 2, 88, 1144, 566, 0, 30.00%, 0, 0, 18, 73.94, 1099583, 803, 0, 0
57878, 2, 593, 1144, 566, 0, 30.00%, 0, 0, 18, 74.96, 1099979, 803, 0, 0
57883, 2, 593, 1144, 566, 0, 30.00%, 0, 0, 18, 74.43, 1100362, 803, 0, 0
57888, 2, 593, 1144, 566, 0, 30.00%, 0, 0, 18, 74.29, 1100742, 803, 0, 0
57893, 2, 593, 1144, 566, 0, 30.00%, 0, 0, 18, 74.58, 1101116, 803, 0, 0
57898, 2, 593, 1144, 566, 0, 30.00%, 0, 0, 18, 74.84, 1101494, 803, 0, 0
57903, 2, 1139, 1144, 565, 0, 30.00%, 0, 0, 18, 65.83, 1101827, 803, 0, 0
57908, 2, 1139, 1144, 565, 0, 30.00%, 0, 0, 18, 61.25, 1102132, 803, 0, 0
57914, 2, 1139, 1144, 565, 0, 30.00%, 0, 0, 18, 58.96, 1102436, 803, 0, 0
57919, 2, 1139, 1144, 565, 0, 30.00%, 0, 0, 18, 59.33, 1102740, 803, 0, 0
57924, 2, 1139, 1144, 565, 0, 30.00%, 0, 0, 18, 59.77, 1103040, 803, 0, 0
57929, 2, 1139, 1147, 568, 0, 30.00%, 0, 0, 18, 59.68, 1103343, 803, 0, 0
57934, 2, 1139, 1150, 571, 0, 30.00%, 0, 0, 18, 58.10, 1103639, 803, 0, 0
57939, 2, 1139, 1153, 574, 0, 30.00%, 0, 0, 18, 57.76, 1103927, 803, 0, 0
57944, 2, 1139, 1154, 575, 0, 30.00%, 0, 0, 18, 58.02, 1104225, 803, 0, 0
57949, 2, 1139, 1155, 576, 0, 30.00%, 0, 0, 18, 58.54, 1104526, 803, 0, 0
57954, 2, 1139, 1156, 577, 0, 30.00%, 0, 0, 18, 58.83, 1104822, 803, 0, 0
57959, 2, 1139, 1157, 578, 0, 30.00%, 0, 0, 18, 58.80, 1105122, 803, 0, 0
57964, 2, 1139, 1157, 578, 0, 30.00%, 0, 0, 18, 58.06, 1105420, 803, 0, 0
57970, 2, 1139, 1157, 578, 0, 30.00%, 0, 0, 18, 58.46, 1105720, 803, 0, 0
57975, 2, 1139, 1157, 578, 0, 30.00%, 0, 0, 18, 58.50, 1106019, 803, 0, 0
57980, 2, 1139, 1159, 580, 0, 30.00%, 0, 0, 18, 57.78, 1106313, 803, 0, 0
57985, 2, 1139, 1159, 580, 0, 30.00%, 0, 0, 18, 58.28, 1106612, 803, 0, 0
57990, 2, 1139, 1160, 581, 0, 30.00%, 0, 0, 18, 57.97, 1106905, 803, 0, 0
57995, 2, 1139, 1163, 584, 0, 30.00%, 0, 0, 18, 57.51, 1107201, 803, 0, 0
58000, 2, 1139, 1163, 584, 0, 30.00%, 0, 0, 18, 55.79, 1107480, 803, 0, 0
58005, 2, 1139, 1163, 584, 0, 30.00%, 0, 0, 18, 57.20, 1107777, 803, 0, 0
58011, 2, 1139, 1163, 584, 0, 30.00%, 0, 0, 18, 58.00, 1108076, 803, 0, 0
58016, 2, 1139, 1163, 584, 0, 30.00%, 0, 0, 18, 58.09, 1108376, 803, 0, 0
58021, 2, 1139, 1163, 584, 0, 30.00%, 0, 0, 18, 58.47, 1108676, 803, 0, 0
58026, 2, 1139, 1163, 584, 0, 30.00%, 0, 0, 18, 56.67, 1108956, 803, 0, 0
58031, 2, 1139, 1163, 584, 0, 30.00%, 0, 0, 18, 58.00, 1109255, 803, 0, 0
58036, 2, 1139, 1164, 585, 0, 30.00%, 0, 0, 18, 56.50, 1109540, 803, 0, 0
58041, 2, 1139, 1164, 585, 0, 30.00%, 0, 0, 18, 57.95, 1109841, 803, 0, 0
58046, 2, 1139, 1164, 585, 0, 30.00%, 0, 0, 18, 58.44, 1110141, 803, 0, 0
58051, 2, 1139, 1164, 585, 0, 30.00%, 0, 0, 18, 57.81, 1110439, 803, 0, 0
58057, 2, 899, 1164, 584, 0, 30.00%, 0, 0, 18, 60.68, 1110756, 803, 0, 0
58062, 2, 899, 1164, 584, 0, 30.00%, 0, 0, 18, 61.64, 1111078, 803, 0, 0
58067, 2, 899, 1164, 584, 0, 30.00%, 0, 0, 18, 62.41, 1111402, 803, 0, 0
58072, 2, 899, 1164, 584, 0, 30.00%, 0, 0, 18, 61.89, 1111725, 803, 0, 0
58077, 2, 899, 1164, 584, 0, 30.00%, 0, 0, 18, 57.65, 1112008, 803, 0, 0
58084, 2, 899, 1164, 584, 0, 30.00%, 0, 0, 18, 60.80, 1112432, 803, 0, 0
58089, 2, 559, 1164, 583, 0, 30.00%, 0, 0, 18, 65.21, 1112764, 803, 0, 0
58094, 2, 559, 1164, 583, 0, 30.00%, 0, 0, 18, 82.30, 1113208, 803, 0, 0
58100, 2, 559, 1164, 583, 0, 30.00%, 0, 0, 18, 85.09, 1113647, 803, 0, 0
58105, 2, 559, 1164, 583, 0, 30.00%, 0, 0, 18, 84.24, 1114081, 803, 0, 0
58110, 2, 530, 1164, 582, 0, 30.00%, 0, 0, 18, 87.64, 1114534, 803, 0, 0
58115, 2, 530, 1164, 582, 0, 30.00%, 0, 0, 18, 86.85, 1114981, 803, 0, 0
58121, 2, 530, 1164, 582, 0, 30.00%, 0, 0, 18, 87.51, 1115520, 803, 0, 0
58126, 2, 1137, 1164, 581, 0, 30.00%, 0, 0, 18, 82.89, 1115958, 803, 0, 0
58131, 2, 1137, 1164, 581, 0, 30.00%, 0, 0, 18, 62.50, 1116256, 803, 0, 0
58137, 2, 1137, 1164, 581, 0, 30.00%, 0, 0, 18, 57.67, 1116547, 803, 0, 0
58142, 2, 1137, 1164, 581, 0, 30.00%, 0, 0, 18, 57.09, 1116833, 803, 0, 0
58147, 2, 1137, 1164, 581, 0, 30.00%, 0, 0, 18, 58.44, 1117133, 803, 0, 0
58152, 2, 1137, 1164, 581, 0, 30.00%, 0, 0, 18, 58.69, 1117468, 803, 0, 0
58157, 2, 913, 1164, 580, 0, 30.00%, 0, 0, 18, 70.77, 1117808, 803, 0, 0
58163, 2, 913, 1164, 580, 0, 30.00%, 0, 0, 18, 66.01, 1118149, 803, 0, 0
58168, 2, 913, 1164, 580, 0, 30.00%, 0, 0, 18, 64.70, 1118481, 803, 0, 0
58173, 2, 913, 1164, 580, 0, 30.00%, 0, 0, 18, 63.86, 1118810, 803, 0, 0
58178, 2, 913, 1164, 580, 0, 30.00%, 0, 0, 18, 63.80, 1119138, 803, 0, 0
58183, 2, 913, 1164, 580, 0, 30.00%, 0, 0, 18, 64.84, 1119470, 803, 0, 0
58188, 2, 1162, 1164, 579, 0, 30.00%, 0, 0, 18, 60.75, 1119786, 803, 0, 0
58193, 2, 1162, 1164, 579, 0, 30.00%, 0, 0, 18, 59.39, 1120086, 803, 0, 0
58199, 2, 1162, 1164, 579, 0, 30.00%, 0, 0, 18, 58.99, 1120386, 803, 0, 0
58204, 2, 1162, 1164, 579, 0, 30.00%, 0, 0, 18, 58.84, 1120687, 803, 0, 0
58209, 2, 1162, 1164, 579, 0, 30.00%, 0, 0, 18, 57.67, 1120984, 803, 0, 0
58214, 2, 1162, 1167, 582, 0, 30.00%, 0, 0, 18, 58.10, 1121285, 803, 0, 0
58219, 2, 1162, 1167, 582, 0, 30.00%, 0, 0, 18, 58.27, 1121585, 803, 0, 0
58224, 2, 1162, 1168, 583, 0, 30.00%, 0, 0, 18, 58.04, 1121885, 803, 0, 0
58229, 2, 1162, 1169, 584, 0, 30.00%, 0, 0, 18, 58.15, 1122185, 803, 0, 0
58235, 2, 1162, 1169, 584, 0, 30.00%, 0, 0, 18, 58.63, 1122485, 803, 0, 0
58240, 2, 1162, 1169, 584, 0, 30.00%, 0, 0, 18, 58.83, 1122785, 803, 0, 0
58245, 2, 1162, 1170, 585, 0, 30.00%, 0, 0, 18, 58.68, 1123088, 803, 0, 0
58250, 2, 1162, 1170, 585, 0, 30.00%, 0, 0, 18, 57.96, 1123388, 803, 0, 0
58255, 2, 1162, 1170, 585, 0, 30.00%, 0, 0, 18, 58.51, 1123688, 803, 0, 0
58260, 2, 1162, 1170, 585, 0, 30.00%, 0, 0, 18, 56.44, 1123981, 803, 0, 0
58265, 2, 1162, 1173, 588, 0, 30.00%, 0, 0, 18, 56.73, 1124274, 803, 0, 0
58271, 2, 1162, 1173, 588, 0, 30.00%, 0, 0, 18, 57.85, 1124572, 803, 0, 0
58276, 2, 1162, 1173, 588, 0, 30.00%, 0, 0, 18, 56.77, 1124849, 803, 0, 0
58281, 2, 1162, 1173, 588, 0, 30.00%, 0, 0, 18, 54.43, 1125131, 803, 0, 0
58286, 2, 1162, 1173, 588, 0, 30.00%, 0, 0, 18, 58.19, 1125430, 803, 0, 0
58291, 2, 1162, 1173, 588, 0, 30.00%, 0, 0, 18, 59.14, 1125730, 803, 0, 0
58296, 2, 1162, 1173, 588, 0, 30.00%, 0, 0, 18, 59.20, 1126029, 803, 0, 0
58301, 2, 1162, 1173, 588, 0, 30.00%, 0, 0, 18, 59.52, 1126330, 803, 0, 0
58306, 2, 1162, 1173, 588, 0, 30.00%, 0, 0, 18, 59.47, 1126631, 803, 0, 0
58311, 2, 1162, 1173, 588, 0, 30.00%, 0, 0, 18, 59.43, 1126932, 803, 0, 0
58316, 2, 1162, 1173, 588, 0, 30.00%, 0, 0, 18, 59.40, 1127232, 803, 0, 0
58321, 2, 1162, 1173, 588, 0, 30.00%, 0, 0, 18, 59.47, 1127534, 803, 0, 0
58326, 2, 1162, 1173, 588, 0, 30.00%, 0, 0, 18, 59.21, 1127835, 803, 0, 0
58331, 2, 1162, 1173, 588, 0, 30.00%, 0, 0, 18, 59.51, 1128136, 803, 0, 0
58337, 2, 644, 1173, 587, 0, 30.00%, 0, 0, 18, 63.62, 1128454, 803, 0, 0
58342, 2, 644, 1173, 587, 0, 30.00%, 0, 0, 18, 70.77, 1128824, 803, 0, 0
58347, 2, 644, 1173, 587, 0, 30.00%, 0, 0, 18, 73.30, 1129199, 803, 0, 0
58352, 2, 644, 1173, 587, 0, 30.00%, 0, 0, 18, 72.48, 1129571, 803, 0, 0
58357, 2, 644, 1173, 587, 0, 30.00%, 0, 0, 18, 72.99, 1129945, 803, 0, 0
58362, 2, 644, 1173, 587, 0, 30.00%, 0, 0, 18, 73.62, 1130318, 803, 0, 0
58367, 2, 1146, 1173, 586, 0, 30.00%, 0, 0, 18, 62.68, 1130634, 803, 0, 0
58372, 2, 1146, 1173, 586, 0, 30.00%, 0, 0, 18, 58.72, 1130934, 803, 0, 0
58377, 2, 1146, 1173, 586, 0, 30.00%, 0, 0, 18, 57.09, 1131229, 803, 0, 0
58382, 2, 1146, 1173, 586, 0, 30.00%, 0, 0, 18, 56.79, 1131513, 803, 0, 0
58388, 2, 1146, 1173, 586, 0, 30.00%, 0, 0, 18, 58.01, 1131813, 803, 0, 0
58393, 2, 1146, 1173, 586, 0, 30.00%, 0, 0, 18, 58.45, 1132116, 803, 0, 0
58398, 2, 434, 1173, 585, 0, 30.00%, 0, 0, 18, 85.64, 1132575, 803, 0, 0
58403, 2, 434, 1173, 585, 0, 30.00%, 0, 0, 18, 89.33, 1133043, 803, 0, 0
58408, 2, 702, 1173, 584, 0, 30.00%, 0, 0, 18, 78.11, 1133437, 803, 0, 0
58413, 2, 702, 1173, 584, 0, 30.00%, 0, 0, 18, 73.68, 1133809, 803, 0, 0
58418, 2, 702, 1173, 584, 0, 30.00%, 0, 0, 18, 72.49, 1134180, 803, 0, 0
58424, 2, 702, 1173, 584, 0, 30.00%, 0, 0, 18, 71.36, 1134547, 803, 0, 0
58429, 2, 702, 1173, 584, 0, 30.00%, 0, 0, 18, 67.95, 1134910, 803, 0, 0
58434, 2, 1109, 1173, 583, 0, 30.00%, 0, 0, 18, 62.99, 1135243, 803, 0, 0
58439, 2, 1109, 1173, 583, 0, 30.00%, 0, 0, 18, 60.71, 1135546, 803, 0, 0
58444, 2, 1109, 1173, 583, 0, 30.00%, 0, 0, 18, 60.19, 1135857, 803, 0, 0
58449, 2, 1109, 1173, 583, 0, 30.00%, 0, 0, 18, 60.59, 1136164, 803, 0, 0
58455, 2, 1109, 1173, 583, 0, 30.00%, 0, 0, 18, 60.72, 1136479, 803, 0, 0
58460, 2, 692, 1173, 582, 0, 30.00%, 0, 0, 18, 66.48, 1136817, 803, 0, 0
58465, 2, 692, 1173, 582, 0, 30.00%, 0, 0, 18, 72.17, 1137197, 803, 0, 0
58470, 2, 692, 1173, 582, 0, 30.00%, 0, 0, 18, 73.70, 1137577, 803, 0, 0
58475, 2, 692, 1173, 582, 0, 30.00%, 0, 0, 18, 73.64, 1137952, 803, 0, 0
58480, 2, 692, 1173, 582, 0, 30.00%, 0, 0, 18, 73.85, 1138329, 803, 0, 0
58485, 2, 1126, 1173, 581, 0, 30.00%, 0, 0, 18, 73.40, 1138707, 803, 0, 0
58490, 2, 1126, 1173, 581, 0, 30.00%, 0, 0, 18, 63.92, 1139017, 803, 0, 0
58496, 2, 1126, 1173, 581, 0, 30.00%, 0, 0, 18, 61.75, 1139326, 803, 0, 0
58501, 2, 1126, 1173, 581, 0, 30.00%, 0, 0, 18, 61.18, 1139633, 803, 0, 0
58507, 2, 1126, 1173, 581, 0, 30.00%, 0, 0, 18, 61.32, 1140049, 803, 0, 0
58512, 2, 516, 1173, 580, 0, 30.00%, 0, 0, 18, 63.13, 1140364, 803, 0, 0
58517, 2, 516, 1173, 580, 0, 30.00%, 0, 0, 18, 87.19, 1140836, 803, 0, 0
58522, 2, 516, 1173, 580, 0, 30.00%, 0, 0, 18, 91.90, 1141310, 803, 0, 0
58528, 2, 516, 1173, 580, 0, 30.00%, 0, 0, 18, 93.03, 1141782, 803, 0, 0
58533, 2, 1172, 1173, 579, 0, 30.00%, 0, 0, 18, 69.99, 1142142, 803, 0, 0
58538, 2, 1172, 1173, 579, 0, 30.00%, 0, 0, 18, 59.79, 1142427, 803, 0, 0
58543, 2, 1172, 1173, 579, 0, 30.00%, 0, 0, 18, 57.83, 1142713, 803, 0, 0
58548, 2, 1172, 1173, 579, 0, 30.00%, 0, 0, 18, 56.56, 1142999, 803, 0, 0
58553, 2, 1172, 1173, 579, 0, 30.00%, 0, 0, 18, 56.25, 1143283, 803, 0, 0
58558, 2, 1172, 1173, 579, 0, 30.00%, 0, 0, 18, 55.98, 1143568, 803, 0, 0
58563, 2, 1172, 1176, 582, 0, 30.00%, 0, 0, 18, 56.27, 1143858, 803, 0, 0
58568, 2, 1172, 1179, 585, 0, 30.00%, 0, 0, 18, 56.05, 1144148, 803, 0, 0
58573, 2, 1172, 1181, 587, 0, 30.00%, 0, 0, 18, 55.64, 1144433, 803, 0, 0
58578, 2, 1172, 1184, 590, 0, 30.00%, 0, 0, 18, 56.54, 1144722, 803, 0, 0
58584, 2, 1172, 1186, 592, 0, 30.00%, 0, 0, 18, 56.37, 1145009, 803, 0, 0
58589, 2, 1172, 1188, 594, 0, 30.00%, 0, 0, 18, 56.17, 1145295, 803, 0, 0
58594, 2, 1172, 1190, 596, 0, 30.00%, 0, 0, 18, 55.39, 1145581, 803, 0, 0
58599, 2, 1172, 1190, 596, 0, 30.00%, 0, 0, 18, 56.04, 1145865, 803, 0, 0
58604, 2, 1172, 1190, 596, 0, 30.00%, 0, 0, 18, 56.27, 1146149, 803, 0, 0
58609, 2, 1172, 1190, 596, 0, 30.00%, 0, 0, 18, 56.61, 1146436, 803, 0, 0
58614, 2, 1172, 1190, 596, 0, 30.00%, 0, 0, 18, 56.42, 1146722, 803, 0, 0
58619, 2, 1172, 1190, 596, 0, 30.00%, 0, 0, 18, 56.61, 1147008, 803, 0, 0
58624, 2, 1172, 1190, 596, 0, 30.00%, 0, 0, 18, 56.48, 1147294, 803, 0, 0
58629, 2, 1172, 1191, 597, 0, 30.00%, 0, 0, 18, 56.24, 1147578, 803, 0, 0
58634, 2, 1172, 1191, 597, 0, 30.00%, 0, 0, 18, 56.94, 1147865, 803, 0, 0
58639, 2, 1172, 1192, 598, 0, 30.00%, 0, 0, 18, 57.09, 1148154, 803, 0, 0
58644, 2, 1172, 1192, 598, 0, 30.00%, 0, 0, 18, 56.87, 1148440, 803, 0, 0
58649, 2, 1172, 1192, 598, 0, 30.00%, 0, 0, 18, 55.88, 1148717, 803, 0, 0
58654, 2, 1172, 1192, 598, 0, 30.00%, 0, 0, 18, 55.21, 1148997, 803, 0, 0
58660, 2, 1172, 1192, 598, 0, 30.00%, 0, 0, 18, 56.35, 1149284, 803, 0, 0
58665, 2, 1172, 1192, 598, 0, 30.00%, 0, 0, 18, 56.35, 1149570, 803, 0, 0
58670, 2, 1172, 1192, 598, 0, 30.00%, 0, 0, 18, 54.31, 1149844, 803, 0, 0
58675, 2, 1172, 1192, 598, 0, 30.00%, 0, 0, 18, 55.91, 1150129, 803, 0, 0
58680, 2, 1172, 1192, 598, 0, 30.00%, 0, 0, 18, 56.74, 1150415, 803, 0, 0
58685, 2, 1172, 1192, 598, 0, 30.00%, 0, 0, 18, 56.42, 1150698, 803, 0, 0
58690, 2, 1172, 1192, 598, 0, 30.00%, 0, 0, 18, 56.23, 1150985, 803, 0, 0
58695, 2, 690, 1192, 597, 0, 30.00%, 0, 0, 18, 68.74, 1151347, 803, 0, 0
58700, 2, 690, 1192, 597, 0, 30.00%, 0, 0, 18, 72.78, 1151722, 803, 0, 0
58705, 2, 690, 1192, 597, 0, 30.00%, 0, 0, 18, 73.06, 1152101, 803, 0, 0
58710, 2, 690, 1192, 597, 0, 30.00%, 0, 0, 18, 73.48, 1152476, 803, 0, 0
58716, 2, 690, 1193, 598, 0, 30.00%, 0, 0, 18, 73.32, 1152855, 803, 0, 0
58721, 2, 1108, 1193, 597, 0, 30.00%, 0, 0, 18, 67.81, 1153207, 803, 0, 0
58726, 2, 1108, 1193, 597, 0, 30.00%, 0, 0, 18, 63.18, 1153518, 803, 0, 0
58731, 2, 1108, 1193, 597, 0, 30.00%, 0, 0, 18, 62.56, 1153842, 803, 0, 0
58736, 2, 1108, 1193, 597, 0, 30.00%, 0, 0, 18, 62.30, 1154153, 803, 0, 0
58741, 2, 1108, 1193, 597, 0, 30.00%, 0, 0, 18, 62.22, 1154477, 803, 0, 0
58746, 2, 1108, 1193, 597, 0, 30.00%, 0, 0, 18, 60.25, 1154770, 803, 0, 0
58753, 2, 1108, 1193, 597, 0, 30.00%, 0, 0, 18, 61.92, 1155182, 803, 0, 0
58758, 2, 580, 1193, 596, 0, 30.00%, 0, 0, 18, 64.23, 1155513, 803, 0, 0
58763, 2, 580, 1193, 596, 0, 30.00%, 0, 0, 18, 71.28, 1155890, 803, 0, 0
58768, 2, 580, 1193, 596, 0, 30.00%, 0, 0, 18, 71.40, 1156253, 803, 0, 0
58773, 2, 580, 1193, 596, 0, 30.00%, 0, 0, 18, 72.72, 1156627, 803, 0, 0
58778, 2, 580, 1193, 596, 0, 30.00%, 0, 0, 18, 72.91, 1157000, 803, 0, 0
58783, 2, 580, 1193, 596, 0, 30.00%, 0, 0, 18, 73.07, 1157371, 803, 0, 0
58789, 2, 1061, 1193, 595, 0, 30.00%, 0, 0, 18, 68.21, 1157725, 803, 0, 0
58794, 2, 1061, 1193, 595, 0, 30.00%, 0, 0, 18, 63.67, 1158051, 803, 0, 0
58799, 2, 1061, 1193, 595, 0, 30.00%, 0, 0, 18, 64.26, 1158382, 803, 0, 0
58804, 2, 1061, 1193, 595, 0, 30.00%, 0, 0, 18, 64.84, 1158709, 803, 0, 0
58809, 2, 1061, 1193, 595, 0, 30.00%, 0, 0, 18, 65.51, 1159041, 803, 0, 0
58814, 2, 1033, 1193, 594, 0, 30.00%, 0, 0, 18, 63.78, 1159372, 803, 0, 0
58819, 2, 1033, 1193, 594, 0, 30.00%, 0, 0, 18, 62.77, 1159694, 803, 0, 0
58824, 2, 1033, 1193, 594, 0, 30.00%, 0, 0, 18, 63.31, 1160019, 803, 0, 0
58830, 2, 1033, 1193, 594, 0, 30.00%, 0, 0, 18, 62.77, 1160342, 803, 0, 0
58835, 2, 1033, 1193, 594, 0, 30.00%, 0, 0, 18, 62.73, 1160665, 803, 0, 0
58840, 2, 1033, 1193, 594, 0, 30.00%, 0, 0, 18, 60.51, 1160978, 803, 0, 0
58845, 2, 1033, 1193, 594, 0, 30.00%, 0, 0, 18, 62.09, 1161299, 803, 0, 0
58850, 2, 1179, 1193, 593, 0, 30.00%, 0, 0, 18, 59.18, 1161611, 803, 0, 0
58855, 2, 1179, 1193, 593, 0, 30.00%, 0, 0, 18, 56.15, 1161893, 803, 0, 0
58860, 2, 1179, 1193, 593, 0, 30.00%, 0, 0, 18, 54.64, 1162164, 803, 0, 0
58865, 2, 1179, 1193, 593, 0, 30.00%, 0, 0, 18, 54.01, 1162438, 803, 0, 0
58870, 2, 1179, 1193, 593, 0, 30.00%, 0, 0, 18, 51.40, 1162696, 803, 0, 0
58875, 2, 1179, 1193, 593, 0, 30.00%, 0, 0, 18, 52.06, 1162953, 803, 0, 0
58881, 2, 1179, 1193, 593, 0, 30.00%, 0, 0, 18, 52.57, 1163269, 803, 0, 0
58887, 2, 1179, 1193, 593, 0, 30.00%, 0, 0, 18, 54.33, 1163553, 803, 0, 0
58892, 2, 1178, 1193, 592, 0, 30.00%, 0, 0, 18, 55.53, 1163835, 803, 0, 0
58897, 2, 1178, 1193, 592, 0, 30.00%, 0, 0, 18, 55.69, 1164117, 803, 0, 0
58902, 2, 1178, 1193, 592, 0, 30.00%, 0, 0, 18, 55.65, 1164397, 803, 0, 0
58907, 2, 1178, 1193, 592, 0, 30.00%, 0, 0, 18, 55.31, 1164683, 803, 0, 0
58912, 2, 1178, 1193, 592, 0, 30.00%, 0, 0, 18, 55.74, 1164966, 803, 0, 0
58919, 2, 1178, 1193, 592, 0, 30.00%, 0, 0, 18, 55.37, 1165334, 803, 0, 0
58924, 2, 1178, 1194, 593, 0, 30.00%, 0, 0, 18, 54.87, 1165612, 803, 0, 0
58929, 2, 1178, 1196, 595, 0, 30.00%, 0, 0, 18, 55.52, 1165895, 803, 0, 0
58934, 2, 1178, 1196, 595, 0, 30.00%, 0, 0, 18, 56.42, 1166180, 803, 0, 0
58939, 2, 1178, 1197, 596, 0, 30.00%, 0, 0, 18, 55.27, 1166460, 803, 0, 0
58944, 2, 1178, 1197, 596, 0, 30.00%, 0, 0, 18, 54.59, 1166734, 803, 0, 0
58949, 2, 1178, 1197, 596, 0, 30.00%, 0, 0, 18, 54.89, 1167011, 803, 0, 0
58954, 2, 1178, 1198, 597, 0, 30.00%, 0, 0, 18, 54.41, 1167294, 803, 0, 0
58959, 2, 1178, 1200, 599, 0, 30.00%, 0, 0, 18, 54.39, 1167572, 803, 0, 0
58964, 2, 1178, 1200, 599, 0, 30.00%, 0, 0, 18, 51.50, 1167826, 803, 0, 0
58970, 2, 1178, 1200, 599, 0, 30.00%, 0, 0, 18, 52.98, 1168099, 803, 0, 0
58975, 2, 1178, 1200, 599, 0, 30.00%, 0, 0, 18, 55.10, 1168377, 803, 0, 0
58980, 2, 1178, 1200, 599, 0, 30.00%, 0, 0, 18, 54.84, 1168652, 803, 0, 0
58985, 2, 1178, 1200, 599, 0, 30.00%, 0, 0, 18, 54.71, 1168936, 803, 0, 0
58990, 2, 1178, 1200, 599, 0, 30.00%, 0, 0, 18, 53.81, 1169207, 803, 0, 0
58995, 2, 1178, 1200, 599, 0, 30.00%, 0, 0, 18, 52.69, 1169471, 803, 0, 0
59000, 2, 1178, 1200, 599, 0, 30.00%, 0, 0, 18, 53.06, 1169745, 803, 0, 0
59005, 2, 1178, 1200, 599, 0, 30.00%, 0, 0, 18, 52.73, 1170018, 803, 0, 0
59010, 2, 1178, 1200, 599, 0, 30.00%, 0, 0, 18, 51.21, 1170278, 803, 0, 0
59015, 2, 1178, 1200, 599, 0, 30.00%, 0, 0, 18, 52.70, 1170551, 803, 0, 0
59021, 2, 1178, 1200, 599, 0, 30.00%, 0, 0, 18, 54.89, 1170829, 803, 0, 0
59026, 2, 1178, 1201, 600, 0, 30.00%, 0, 0, 18, 55.30, 1171116, 803, 0, 0
59031, 2, 1178, 1201, 600, 0, 30.00%, 0, 0, 18, 53.69, 1171391, 803, 0, 0
59036, 2, 1178, 1202, 601, 0, 30.00%, 0, 0, 18, 55.44, 1171670, 803, 0, 0
59041, 2, 1178, 1202, 601, 0, 30.00%, 0, 0, 18, 55.66, 1171953, 803, 0, 0
59046, 2, 1178, 1202, 601, 0, 30.00%, 0, 0, 18, 55.49, 1172236, 803, 0, 0
59051, 2, 1178, 1203, 602, 0, 30.00%, 0, 0, 18, 53.34, 1172505, 803, 0, 0
59056, 2, 1178, 1203, 602, 0, 30.00%, 0, 0, 18, 51.89, 1172760, 803, 0, 0
59061, 2, 1178, 1203, 602, 0, 30.00%, 0, 0, 18, 52.83, 1173035, 803, 0, 0
59067, 2, 1178, 1203, 602, 0, 30.00%, 0, 0, 18, 53.09, 1173311, 803, 0, 0
59072, 2, 1178, 1203, 602, 0, 30.00%, 0, 0, 18, 52.70, 1173575, 803, 0, 0
59077, 2, 1178, 1203, 602, 0, 30.00%, 0, 0, 18, 52.71, 1173849, 803, 0, 0
59082, 2, 1178, 1203, 602, 0, 30.00%, 0, 0, 18, 52.06, 1174119, 803, 0, 0
59087, 2, 1178, 1204, 603, 0, 30.00%, 0, 0, 18, 52.49, 1174382, 803, 0, 0
59092, 2, 1178, 1204, 603, 0, 30.00%, 0, 0, 18, 53.19, 1174657, 803, 0, 0
59097, 2, 1178, 1205, 604, 0, 30.00%, 0, 0, 18, 52.90, 1174927, 803, 0, 0
59102, 2, 1062, 1205, 603, 0, 30.00%, 0, 0, 18, 58.12, 1175218, 803, 0, 0
59107, 2, 1062, 1205, 603, 0, 30.00%, 0, 0, 18, 60.62, 1175536, 803, 0, 0
59113, 2, 1062, 1205, 603, 0, 30.00%, 0, 0, 18, 60.16, 1175848, 803, 0, 0
59118, 2, 1062, 1205, 603, 0, 30.00%, 0, 0, 18, 62.05, 1176171, 803, 0, 0
59123, 2, 1062, 1205, 603, 0, 30.00%, 0, 0, 18, 60.52, 1176486, 803, 0, 0
59128, 2, 749, 1205, 602, 0, 30.00%, 0, 0, 18, 63.34, 1176810, 803, 0, 0
59133, 2, 749, 1205, 602, 0, 30.00%, 0, 0, 18, 69.43, 1177176, 803, 0, 0
59138, 2, 749, 1205, 602, 0, 30.00%, 0, 0, 18, 70.51, 1177540, 803, 0, 0
59144, 2, 749, 1205, 602, 0, 30.00%, 0, 0, 18, 68.30, 1177890, 803, 0, 0
59149, 2, 749, 1205, 602, 0, 30.00%, 0, 0, 18, 70.73, 1178260, 803, 0, 0
59154, 2, 749, 1205, 602, 0, 30.00%, 0, 0, 18, 68.88, 1178604, 803, 0, 0
59159, 2, 844, 1205, 601, 0, 30.00%, 0, 0, 18, 69.19, 1178966, 803, 0, 0
59164, 2, 844, 1205, 601, 0, 30.00%, 0, 0, 18, 65.71, 1179292, 803, 0, 0
59169, 2, 844, 1205, 601, 0, 30.00%, 0, 0, 18, 65.70, 1179621, 803, 0, 0
59174, 2, 844, 1205, 601, 0, 30.00%, 0, 0, 18, 65.44, 1179962, 803, 0, 0
59180, 2, 844, 1205, 601, 0, 30.00%, 0, 0, 18, 65.69, 1180360, 803, 0, 0
59186, 2, 1092, 1205, 600, 0, 30.00%, 0, 0, 18, 64.30, 1180696, 803, 0, 0
59191, 2, 1092, 1205, 600, 0, 30.00%, 0, 0, 18, 61.23, 1181003, 803, 0, 0
59196, 2, 1092, 1205, 600, 0, 30.00%, 0, 0, 18, 60.45, 1181308, 803, 0, 0
59201, 2, 1092, 1205, 600, 0, 30.00%, 0, 0, 18, 60.37, 1181612, 803, 0, 0
59207, 2, 1092, 1205, 600, 0, 30.00%, 0, 0, 18, 60.00, 1182005, 803, 0, 0
59212, 2, 1018, 1205, 599, 0, 30.00%, 0, 0, 18, 60.22, 1182312, 803, 0, 0
59217, 2, 1018, 1205, 599, 0, 30.00%, 0, 0, 18, 63.09, 1182636, 803, 0, 0
59223, 2, 1018, 1205, 599, 0, 30.00%, 0, 0, 18, 61.49, 1182954, 803, 0, 0
59228, 2, 1018, 1205, 599, 0, 30.00%, 0, 0, 18, 62.37, 1183273, 803, 0, 0
59233, 2, 1018, 1205, 599, 0, 30.00%, 0, 0, 18, 63.70, 1183598, 803, 0, 0
59239, 2, 1018, 1205, 599, 0, 30.00%, 0, 0, 18, 64.48, 1183989, 803, 0, 0
59244, 2, 538, 1205, 598, 0, 30.00%, 0, 0, 18, 68.35, 1184333, 803, 0, 0
59249, 2, 538, 1205, 598, 0, 30.00%, 0, 0, 18, 87.53, 1184808, 803, 0, 0
59254, 2, 538, 1205, 598, 0, 30.00%, 0, 0, 18, 90.67, 1185280, 803, 0, 0
59259, 2, 538, 1205, 598, 0, 30.00%, 0, 0, 18, 90.22, 1185743, 803, 0, 0
59265, 2, 1056, 1205, 597, 0, 30.00%, 0, 0, 18, 76.07, 1186139, 803, 0, 0
59270, 2, 1056, 1205, 597, 0, 30.00%, 0, 0, 18, 66.17, 1186464, 803, 0, 0
59275, 2, 1056, 1205, 597, 0, 30.00%, 0, 0, 18, 63.40, 1186783, 803, 0, 0
59280, 2, 1056, 1205, 597, 0, 30.00%, 0, 0, 18, 62.84, 1187105, 803, 0, 0
59285, 2, 1056, 1205, 597, 0, 30.00%, 0, 0, 18, 62.77, 1187430, 803, 0, 0
59290, 2, 1056, 1205, 597, 0, 30.00%, 0, 0, 18, 63.09, 1187756, 803, 0, 0
59295, 2, 998, 1205, 596, 0, 30.00%, 0, 0, 18, 63.14, 1188080, 803, 0, 0
59300, 2, 998, 1205, 596, 0, 30.00%, 0, 0, 18, 63.59, 1188408, 803, 0, 0
59306, 2, 998, 1205, 596, 0, 30.00%, 0, 0, 18, 64.40, 1188742, 803, 0, 0
59311, 2, 998, 1205, 596, 0, 30.00%, 0, 0, 18, 64.71, 1189079, 803, 0, 0
59316, 2, 998, 1205, 596, 0, 30.00%, 0, 0, 18, 64.72, 1189412, 803, 0, 0
59321, 2, 998, 1205, 596, 0, 30.00%, 0, 0, 18, 64.26, 1189746, 803, 0, 0
59326, 2, 998, 1205, 596, 0, 30.00%, 0, 0, 18, 63.90, 1190067, 803, 0, 0
59331, 2, 239, 1205, 595, 0, 30.00%, 0, 0, 18, 77.93, 1190451, 803, 0, 0
59336, 2, 1158, 1205, 595, 0, 30.00%, 0, 0, 18, 62.21, 1190757, 803, 0, 0
59342, 2, 1158, 1205, 595, 0, 30.00%, 0, 0, 18, 59.39, 1191058, 803, 0, 0
59347, 2, 1158, 1205, 595, 0, 30.00%, 0, 0, 18, 58.95, 1191358, 803, 0, 0
59352, 2, 1158, 1205, 595, 0, 30.00%, 0, 0, 18, 59.06, 1191660, 803, 0, 0
59358, 2, 1158, 1205, 595, 0, 30.00%, 0, 0, 18, 59.31, 1192024, 803, 0, 0
59363, 2, 1102, 1205, 594, 0, 30.00%, 0, 0, 18, 58.96, 1192325, 803, 0, 0
59368, 2, 1102, 1205, 594, 0, 30.00%, 0, 0, 18, 60.24, 1192628, 803, 0, 0
59373, 2, 1102, 1205, 594, 0, 30.00%, 0, 0, 18, 59.63, 1192937, 803, 0, 0
59378, 2, 1102, 1205, 594, 0, 30.00%, 0, 0, 18, 59.61, 1193236, 803, 0, 0
59384, 2, 1102, 1205, 594, 0, 30.00%, 0, 0, 18, 60.27, 1193588, 803, 0, 0
59389, 2, 1115, 1205, 593, 0, 30.00%, 0, 0, 18, 59.89, 1193889, 803, 0, 0
59394, 2, 1115, 1205, 593, 0, 30.00%, 0, 0, 18, 62.52, 1194214, 803, 0, 0
59399, 2, 1115, 1205, 593, 0, 30.00%, 0, 0, 18, 63.72, 1194539, 803, 0, 0
59404, 2, 1115, 1205, 593, 0, 30.00%, 0, 0, 18, 63.65, 1194863, 803, 0, 0
59410, 2, 1115, 1205, 593, 0, 30.00%, 0, 0, 18, 63.52, 1195188, 803, 0, 0
59415, 2, 1115, 1205, 593, 0, 30.00%, 0, 0, 18, 63.33, 1195513, 803, 0, 0
59421, 2, 1115, 1205, 593, 0, 30.00%, 0, 0, 18, 62.91, 1195940, 803, 0, 0
59427, 2, 1167, 1205, 592, 0, 30.00%, 0, 0, 18, 63.04, 1196264, 803, 0, 0
59432, 2, 1167, 1205, 592, 0, 30.00%, 0, 0, 18, 58.18, 1196552, 803, 0, 0
59437, 2, 1167, 1205, 592, 0, 30.00%, 0, 0, 18, 56.50, 1196837, 803, 0, 0
59442, 2, 1167, 1205, 592, 0, 30.00%, 0, 0, 18, 56.25, 1197124, 803, 0, 0
59447, 2, 1167, 1205, 592, 0, 30.00%, 0, 0, 18, 56.02, 1197407, 803, 0, 0
59452, 2, 1167, 1205, 592, 0, 30.00%, 0, 0, 18, 55.39, 1197687, 803, 0, 0
59457, 2, 1167, 1205, 592, 0, 30.00%, 0, 0, 18, 56.03, 1197990, 803, 0, 0
59462, 2, 859, 1205, 591, 0, 30.00%, 0, 0, 18, 59.39, 1198287, 803, 0, 0
59467, 2, 859, 1205, 591, 0, 30.00%, 0, 0, 18, 64.46, 1198618, 803, 0, 0
59472, 2, 859, 1205, 591, 0, 30.00%, 0, 0, 18, 66.03, 1198952, 803, 0, 0
59477, 2, 859, 1205, 591, 0, 30.00%, 0, 0, 18, 66.65, 1199286, 803, 0, 0
59484, 2, 859, 1205, 591, 0, 30.00%, 0, 0, 18, 66.24, 1199689, 803, 0, 0
59489, 2, 1152, 1205, 590, 0, 30.00%, 0, 0, 18, 64.91, 1200027, 803, 0, 0
59494, 2, 1152, 1205, 590, 0, 30.00%, 0, 0, 18, 58.92, 1200326, 803, 0, 0
59499, 2, 1152, 1205, 590, 0, 30.00%, 0, 0, 18, 57.76, 1200614, 803, 0, 0
59504, 2, 1152, 1205, 590, 0, 30.00%, 0, 0, 18, 57.25, 1200912, 803, 0, 0
59509, 2, 1152, 1205, 590, 0, 30.00%, 0, 0, 18, 57.01, 1201198, 803, 0, 0
59514, 2, 1152, 1205, 590, 0, 30.00%, 0, 0, 18, 55.97, 1201478, 803, 0, 0
59519, 2, 1152, 1205, 590, 0, 30.00%, 0, 0, 18, 56.84, 1201776, 803, 0, 0
59525, 2, 1145, 1205, 589, 0, 30.00%, 0, 0, 18, 58.01, 1202077, 803, 0, 0
59530, 2, 1145, 1205, 589, 0, 30.00%, 0, 0, 18, 59.10, 1202379, 803, 0, 0
59535, 2, 1145, 1205, 589, 0, 30.00%, 0, 0, 18, 59.21, 1202679, 803, 0, 0
59540, 2, 1145, 1205, 589, 0, 30.00%, 0, 0, 18, 59.13, 1202979, 803, 0, 0
59545, 2, 1145, 1205, 589, 0, 30.00%, 0, 0, 18, 58.68, 1203277, 803, 0, 0
59550, 2, 1145, 1205, 589, 0, 30.00%, 0, 0, 18, 58.82, 1203576, 803, 0, 0
59555, 2, 1090, 1205, 588, 0, 30.00%, 0, 0, 18, 59.53, 1203883, 803, 0, 0
59560, 2, 1090, 1205, 588, 0, 30.00%, 0, 0, 18, 61.32, 1204205, 803, 0, 0
59565, 2, 1090, 1205, 588, 0, 30.00%, 0, 0, 18, 61.45, 1204515, 803, 0, 0
59570, 2, 1090, 1205, 588, 0, 30.00%, 0, 0, 18, 62.16, 1204827, 803, 0, 0
59575, 2, 1090, 1205, 588, 0, 30.00%, 0, 0, 18, 61.25, 1205135, 803, 0, 0
59580, 2, 1090, 1205, 588, 0, 30.00%, 0, 0, 18, 61.46, 1205444, 803, 0, 0
59587, 2, 1090, 1205, 588, 0, 30.00%, 0, 0, 18, 62.16, 1205884, 803, 0, 0
59593, 2, 713, 1205, 587, 0, 30.00%, 0, 0, 18, 61.45, 1206194, 803, 0, 0
59598, 2, 713, 1205, 587, 0, 30.00%, 0, 0, 18, 66.62, 1206541, 803, 0, 0
59603, 2, 713, 1205, 587, 0, 30.00%, 0, 0, 18, 67.53, 1206889, 803, 0, 0
59608, 2, 713, 1205, 587, 0, 30.00%, 0, 0, 18, 67.71, 1207236, 803, 0, 0
59613, 2, 713, 1205, 587, 0, 30.00%, 0, 0, 18, 67.85, 1207591, 803, 0, 0
59618, 2, 1170, 1205, 586, 0, 30.00%, 0, 0, 18, 61.16, 1207908, 803, 0, 0
59623, 2, 1170, 1205, 586, 0, 30.00%, 0, 0, 18, 58.39, 1208208, 803, 0, 0
59629, 2, 1170, 1205, 586, 0, 30.00%, 0, 0, 18, 58.47, 1208508, 803, 0, 0
59634, 2, 1170, 1205, 586, 0, 30.00%, 0, 0, 18, 58.07, 1208808, 803, 0, 0
59639, 2, 1170, 1205, 586, 0, 30.00%, 0, 0, 18, 57.88, 1209107, 803, 0, 0
59644, 2, 1170, 1205, 586, 0, 30.00%, 0, 0, 18, 57.84, 1209399, 803, 0, 0
59649, 2, 953, 1205, 584, 0, 30.00%, 0, 0, 18, 69.57, 1209783, 803, 0, 0
59654, 2, 953, 1205, 584, 0, 30.00%, 0, 0, 18, 66.37, 1210111, 803, 0, 0
59659, 2, 953, 1205, 584, 0, 30.00%, 0, 0, 18, 65.33, 1210438, 803, 0, 0
59664, 2, 953, 1205, 584, 0, 30.00%, 0, 0, 18, 64.95, 1210764, 803, 0, 0
59670, 2, 953, 1205, 584, 0, 30.00%, 0, 0, 18, 65.38, 1211130, 803, 0, 0
59675, 2, 1132, 1205, 583, 0, 30.00%, 0, 0, 18, 65.43, 1211473, 803, 0, 0
59680, 2, 1132, 1205, 583, 0, 30.00%, 0, 0, 18, 62.14, 1211783, 803, 0, 0
59685, 2, 1132, 1205, 583, 0, 30.00%, 0, 0, 18, 61.18, 1212091, 803, 0, 0
59690, 2, 1132, 1205, 583, 0, 30.00%, 0, 0, 18, 60.44, 1212396, 803, 0, 0
59697, 2, 1132, 1205, 583, 0, 30.00%, 0, 0, 18, 60.46, 1212789, 803, 0, 0
59702, 2, 1096, 1205, 582, 0, 30.00%, 0, 0, 18, 59.80, 1213096, 803, 0, 0
59707, 2, 1096, 1205, 582, 0, 30.00%, 0, 0, 18, 59.79, 1213397, 803, 0, 0
59712, 2, 1096, 1205, 582, 0, 30.00%, 0, 0, 18, 59.88, 1213709, 803, 0, 0
59717, 2, 1096, 1205, 582, 0, 30.00%, 0, 0, 18, 59.84, 1214020, 803, 0, 0
59724, 2, 1096, 1205, 582, 0, 30.00%, 0, 0, 18, 60.09, 1214422, 803, 0, 0
59729, 2, 1084, 1205, 581, 0, 30.00%, 0, 0, 18, 60.41, 1214727, 803, 0, 0
59734, 2, 1084, 1205, 581, 0, 30.00%, 0, 0, 18, 61.10, 1215033, 803, 0, 0
59739, 2, 1084, 1205, 581, 0, 30.00%, 0, 0, 18, 61.67, 1215342, 803, 0, 0
59744, 2, 1084, 1205, 581, 0, 30.00%, 0, 0, 18, 61.02, 1215650, 803, 0, 0
59749, 2, 1084, 1205, 581, 0, 30.00%, 0, 0, 18, 60.60, 1215956, 803, 0, 0
59754, 2, 1084, 1205, 581, 0, 30.00%, 0, 0, 18, 61.14, 1216264, 803, 0, 0
59759, 2, 1084, 1205, 581, 0, 30.00%, 0, 0, 18, 60.85, 1216571, 803, 0, 0
59764, 2, 1084, 1205, 581, 0, 30.00%, 0, 0, 18, 60.58, 1216884, 803, 0, 0
59769, 2, 481, 1205, 580, 0, 30.00%, 0, 0, 18, 81.94, 1217311, 803, 0, 0
59774, 2, 481, 1205, 580, 0, 30.00%, 0, 0, 18, 89.33, 1217790, 803, 0, 0
59780, 2, 632, 1205, 579, 0, 30.00%, 0, 0, 18, 83.87, 1218233, 803, 0, 0
59785, 2, 632, 1205, 579, 0, 30.00%, 0, 0, 18, 74.99, 1218607, 803, 0, 0
59790, 2, 632, 1205, 579, 0, 30.00%, 0, 0, 18, 73.53, 1218981, 803, 0, 0
59795, 2, 632, 1205, 579, 0, 30.00%, 0, 0, 18, 73.05, 1219355, 803, 0, 0
59800, 2, 632, 1205, 579, 0, 30.00%, 0, 0, 18, 72.87, 1219728, 803, 0, 0
59805, 2, 632, 1206, 580, 0, 30.00%, 0, 0, 18, 72.93, 1220100, 803, 0, 0
59810, 2, 632, 1207, 581, 0, 30.00%, 0, 0, 18, 72.91, 1220474, 803, 0, 0
59815, 2, 1142, 1207, 580, 0, 30.00%, 0, 0, 18, 66.62, 1220822, 803, 0, 0
59821, 2, 1142, 1207, 580, 0, 30.00%, 0, 0, 18, 59.50, 1221122, 803, 0, 0
59826, 2, 1142, 1207, 580, 0, 30.00%, 0, 0, 18, 57.73, 1221409, 803, 0, 0
59831, 2, 1142, 1207, 580, 0, 30.00%, 0, 0, 18, 57.37, 1221697, 803, 0, 0
59836, 2, 1142, 1207, 580, 0, 30.00%, 0, 0, 18, 57.13, 1221983, 803, 0, 0
59841, 2, 1142, 1207, 580, 0, 30.00%, 0, 0, 18, 57.74, 1222300, 803, 0, 0
59846, 2, 1086, 1207, 579, 0, 30.00%, 0, 0, 18, 58.62, 1222592, 803, 0, 0
59851, 2, 1086, 1207, 579, 0, 30.00%, 0, 0, 18, 58.65, 1222900, 803, 0, 0
59856, 2, 1086, 1207, 579, 0, 30.00%, 0, 0, 18, 61.91, 1223225, 803, 0, 0
59861, 2, 1086, 1207, 579, 0, 30.00%, 0, 0, 18, 61.78, 1223535, 803, 0, 0
59867, 2, 1086, 1207, 579, 0, 30.00%, 0, 0, 18, 61.48, 1223852, 803, 0, 0
59872, 2, 1198, 1207, 578, 0, 30.00%, 0, 0, 18, 57.16, 1224138, 803, 0, 0
59877, 2, 1198, 1207, 578, 0, 30.00%, 0, 0, 18, 56.95, 1224425, 803, 0, 0
59882, 2, 1198, 1207, 578, 0, 30.00%, 0, 0, 18, 55.95, 1224709, 803, 0, 0
59887, 2, 1198, 1207, 578, 0, 30.00%, 0, 0, 18, 56.29, 1224994, 803, 0, 0
59892, 2, 1198, 1207, 578, 0, 30.00%, 0, 0, 18, 55.08, 1225276, 803, 0, 0
59897, 2, 1198, 1207, 578, 0, 30.00%, 0, 0, 18, 55.94, 1225560, 803, 0, 0
59902, 2, 1198, 1208, 579, 0, 30.00%, 0, 0, 18, 55.78, 1225846, 803, 0, 0
59907, 2, 1198, 1209, 580, 0, 30.00%, 0, 0, 18, 55.73, 1226129, 803, 0, 0
59912, 2, 1057, 1209, 579, 0, 30.00%, 0, 0, 18, 58.79, 1226422, 803, 0, 0
59917, 2, 1057, 1209, 579, 0, 30.00%, 0, 0, 18, 63.85, 1226749, 803, 0, 0
59922, 2, 1057, 1209, 579, 0, 30.00%, 0, 0, 18, 65.16, 1227080, 803, 0, 0
59927, 2, 1057, 1209, 579, 0, 30.00%, 0, 0, 18, 65.23, 1227408, 803, 0, 0
59934, 2, 1057, 1209, 579, 0, 30.00%, 0, 0, 18, 65.27, 1227822, 803, 0, 0
59939, 2, 533, 1209, 578, 0, 30.00%, 0, 0, 18, 69.52, 1228168, 803, 0, 0
59944, 2, 533, 1209, 578, 0, 30.00%, 0, 0, 18, 86.60, 1228638, 803, 0, 0
59949, 2, 533, 1209, 578, 0, 30.00%, 0, 0, 18, 90.18, 1229109, 803, 0, 0
59954, 2, 533, 1209, 578, 0, 30.00%, 0, 0, 18, 91.02, 1229583, 803, 0, 0
59959, 2, 614, 1209, 577, 0, 30.00%, 0, 0, 18, 87.81, 1230042, 803, 0, 0
59965, 2, 614, 1209, 577, 0, 30.00%, 0, 0, 18, 76.47, 1230418, 803, 0, 0
59970, 2, 614, 1209, 577, 0, 30.00%, 0, 0, 18, 73.97, 1230792, 803, 0, 0
59975, 2, 614, 1209, 577, 0, 30.00%, 0, 0, 18, 73.00, 1231166, 803, 0, 0
59980, 2, 614, 1209, 577, 0, 30.00%, 0, 0, 18, 74.11, 1231542, 803, 0, 0
59985, 2, 614, 1209, 577, 0, 30.00%, 0, 0, 18, 74.39, 1231922, 803, 0, 0
59990, 2, 1075, 1209, 576, 0, 30.00%, 0, 0, 18, 81.45, 1232360, 803, 0, 0
59995, 2, 1075, 1209, 576, 0, 30.00%, 0, 0, 18, 65.94, 1232668, 803, 0, 0
60000, 2, 1075, 1209, 576, 0, 30.00%, 0, 0, 18, 63.33, 1232993, 803, 0, 0
60005, 2, 1075, 1209, 576, 0, 30.00%, 0, 0, 18, 62.77, 1233317, 803, 0, 0
60011, 2, 1075, 1209, 576, 0, 30.00%, 0, 0, 18, 62.17, 1233641, 803, 0, 0
60016, 2, 1075, 1209, 576, 0, 30.00%, 0, 0, 18, 62.14, 1233952, 803, 0, 0
60021, 2, 1075, 1209, 576, 0, 30.00%, 0, 0, 18, 62.04, 1234263, 803, 0, 0
60026, 2, 1075, 1209, 576, 0, 30.00%, 0, 0, 18, 62.03, 1234581, 803, 0, 0
60031, 2, 1117, 1209, 575, 0, 30.00%, 0, 0, 18, 66.33, 1234941, 803, 0, 0
60036, 2, 1117, 1209, 575, 0, 30.00%, 0, 0, 18, 63.68, 1235265, 803, 0, 0
60041, 2, 1117, 1209, 575, 0, 30.00%, 0, 0, 18, 62.88, 1235590, 803, 0, 0
60046, 2, 1117, 1209, 575, 0, 30.00%, 0, 0, 18, 63.37, 1235915, 803, 0, 0
60051, 2, 1117, 1209, 575, 0, 30.00%, 0, 0, 18, 62.11, 1236236, 803, 0, 0
60057, 2, 1117, 1209, 575, 0, 30.00%, 0, 0, 18, 62.34, 1236559, 803, 0, 0
60062, 2, 1117, 1209, 575, 0, 30.00%, 0, 0, 18, 63.00, 1236878, 803, 0, 0
60067, 2, 1087, 1209, 574, 0, 30.00%, 0, 0, 18, 60.03, 1237181, 803, 0, 0
60072, 2, 1087, 1209, 574, 0, 30.00%, 0, 0, 18, 60.58, 1237487, 803, 0, 0
60077, 2, 1087, 1209, 574, 0, 30.00%, 0, 0, 18, 59.82, 1237794, 803, 0, 0
60082, 2, 1087, 1209, 574, 0, 30.00%, 0, 0, 18, 60.22, 1238100, 803, 0, 0
60087, 2, 1087, 1209, 574, 0, 30.00%, 0, 0, 18, 59.75, 1238409, 803, 0, 0
60092, 2, 1143, 1209, 573, 0, 30.00%, 0, 0, 18, 59.42, 1238718, 803, 0, 0
60097, 2, 1143, 1209, 573, 0, 30.00%, 0, 0, 18, 59.75, 1239025, 803, 0, 0
60103, 2, 1143, 1209, 573, 0, 30.00%, 0, 0, 18, 59.85, 1239336, 803, 0, 0
60108, 2, 1143, 1209, 573, 0, 30.00%, 0, 0, 18, 58.87, 1239636, 803, 0, 0
60113, 2, 1143, 1209, 573, 0, 30.00%, 0, 0, 18, 59.24, 1239942, 803, 0, 0
60118, 2, 239, 1209, 572, 0, 30.00%, 0, 0, 18, 80.31, 1240341, 803, 0, 0
60123, 2, 725, 1209, 572, 0, 30.00%, 0, 0, 18, 75.15, 1240726, 803, 0, 0
60128, 2, 725, 1209, 572, 0, 30.00%, 0, 0, 18, 73.88, 1241101, 803, 0, 0
60133, 2, 725, 1209, 572, 0, 30.00%, 0, 0, 18, 72.69, 1241474, 803, 0, 0
60139, 2, 725, 1209, 572, 0, 30.00%, 0, 0, 18, 73.05, 1241849, 803, 0, 0
60144, 2, 725, 1209, 572, 0, 30.00%, 0, 0, 18, 72.28, 1242220, 803, 0, 0
60149, 2, 854, 1209, 571, 0, 30.00%, 0, 0, 18, 69.23, 1242580, 803, 0, 0
60154, 2, 854, 1209, 571, 0, 30.00%, 0, 0, 18, 66.88, 1242914, 803, 0, 0
60159, 2, 854, 1209, 571, 0, 30.00%, 0, 0, 18, 66.23, 1243255, 803, 0, 0
60164, 2, 854, 1209, 571, 0, 30.00%, 0, 0, 18, 64.09, 1243571, 803, 0, 0
60169, 2, 854, 1209, 571, 0, 30.00%, 0, 0, 18, 65.01, 1243901, 803, 0, 0
60174, 2, 361, 1209, 570, 0, 30.00%, 0, 0, 18, 75.20, 1244282, 803, 0, 0
60179, 2, 1089, 1209, 569, 0, 30.00%, 0, 0, 18, 65.79, 1244607, 803, 0, 0
61097, 2, 1089, 1209, 569, 0, 30.00%, 0, 0, 18, 0.00, 1244674, 803, 0, 0
61102, 2, 1089, 1209, 569, 0, 30.00%, 0, 0, 18, 59.82, 1244986, 803, 0, 0
61107, 2, 1089, 1209, 569, 0, 30.00%, 0, 0, 18, 61.14, 1245298, 803, 0, 0
61112, 2, 1089, 1209, 569, 0, 30.00%, 0, 0, 18, 61.11, 1245609, 803, 0, 0
61117, 2, 1176, 1209, 568, 0, 30.00%, 0, 0, 18, 58.43, 1245903, 803, 0, 0
61122, 2, 1176, 1209, 568, 0, 30.00%, 0, 0, 18, 57.84, 1246191, 803, 0, 0
61127, 2, 1176, 1209, 568, 0, 30.00%, 0, 0, 18, 57.12, 1246477, 803, 0, 0
61132, 2, 1176, 1209, 568, 0, 30.00%, 0, 0, 18, 57.32, 1246763, 803, 0, 0
61137, 2, 1176, 1209, 568, 0, 30.00%, 0, 0, 18, 57.69, 1247062, 803, 0, 0
61142, 2, 1176, 1209, 568, 0, 30.00%, 0, 0, 18, 57.40, 1247350, 803, 0, 0
61147, 2, 1176, 1210, 569, 0, 30.00%, 0, 0, 18, 51.12, 1247581, 803, 0, 0
61152, 2, 1176, 1210, 569, 0, 30.00%, 0, 0, 18, 54.96, 1247865, 803, 0, 0
61320, 2, 1176, 1211, 570, 0, 30.00%, 0, 0, 18, 0.02, 1248107, 803, 0, 0
61325, 2, 1176, 1211, 570, 0, 30.00%, 0, 0, 18, 53.31, 1248377, 803, 0, 0
61330, 2, 1176, 1211, 570, 0, 30.00%, 0, 0, 18, 53.06, 1248642, 803, 0, 0
61335, 2, 1148, 1211, 569, 0, 30.00%, 0, 0, 18, 54.50, 1248913, 803, 0, 0
61340, 2, 1148, 1211, 569, 0, 30.00%, 0, 0, 18, 54.12, 1249189, 803, 0, 0
61346, 2, 1148, 1211, 569, 0, 30.00%, 0, 0, 18, 55.43, 1249472, 803, 0, 0
61351, 2, 1148, 1211, 569, 0, 30.00%, 0, 0, 18, 56.09, 1249754, 803, 0, 0
61356, 2, 1148, 1211, 569, 0, 30.00%, 0, 0, 18, 56.66, 1250047, 803, 0, 0
61363, 2, 1148, 1211, 569, 0, 30.00%, 0, 0, 18, 56.11, 1250445, 803, 0, 0
61368, 2, 553, 1211, 568, 0, 30.00%, 0, 0, 18, 64.07, 1250755, 803, 0, 0
61373, 2, 1140, 1211, 568, 0, 30.00%, 0, 0, 18, 59.63, 1251077, 803, 0, 0
61378, 2, 1140, 1211, 568, 0, 30.00%, 0, 0, 18, 57.86, 1251364, 803, 0, 0
61383, 2, 1140, 1211, 568, 0, 30.00%, 0, 0, 18, 57.01, 1251649, 803, 0, 0
61388, 2, 1140, 1211, 568, 0, 30.00%, 0, 0, 18, 54.76, 1251929, 803, 0, 0
61393, 2, 1140, 1211, 568, 0, 30.00%, 0, 0, 18, 54.15, 1252208, 803, 0, 0
61399, 2, 1140, 1211, 568, 0, 30.00%, 0, 0, 18, 53.74, 1252488, 803, 0, 0
61404, 2, 1150, 1211, 567, 0, 30.00%, 0, 0, 18, 53.59, 1252767, 803, 0, 0
61409, 2, 1150, 1211, 567, 0, 30.00%, 0, 0, 18, 51.41, 1253027, 803, 0, 0
61414, 2, 1150, 1211, 567, 0, 30.00%, 0, 0, 18, 51.50, 1253290, 803, 0, 0
61419, 2, 1150, 1211, 567, 0, 30.00%, 0, 0, 18, 51.67, 1253553, 803, 0, 0
61424, 2, 1150, 1211, 567, 0, 30.00%, 0, 0, 18, 51.51, 1253815, 803, 0, 0
61429, 2, 1150, 1211, 567, 0, 30.00%, 0, 0, 18, 52.28, 1254078, 803, 0, 0
61434, 2, 1150, 1211, 567, 0, 30.00%, 0, 0, 18, 52.24, 1254340, 803, 0, 0
61439, 2, 1150, 1211, 567, 0, 30.00%, 0, 0, 18, 51.50, 1254602, 803, 0, 0
61444, 2, 1150, 1211, 567, 0, 30.00%, 0, 0, 18, 51.28, 1254867, 803, 0, 0
61449, 2, 1044, 1211, 566, 0, 30.00%, 0, 0, 18, 57.87, 1255162, 803, 0, 0
61455, 2, 1044, 1211, 566, 0, 30.00%, 0, 0, 18, 60.24, 1255470, 803, 0, 0
61460, 2, 1044, 1211, 566, 0, 30.00%, 0, 0, 18, 60.05, 1255780, 803, 0, 0
61465, 2, 1044, 1211, 566, 0, 30.00%, 0, 0, 18, 60.15, 1256091, 803, 0, 0
61470, 2, 1044, 1211, 566, 0, 30.00%, 0, 0, 18, 60.58, 1256404, 803, 0, 0
61475, 2, 1185, 1211, 565, 0, 30.00%, 0, 0, 18, 56.55, 1256699, 803, 0, 0
61480, 2, 1185, 1211, 565, 0, 30.00%, 0, 0, 18, 52.24, 1256959, 803, 0, 0
61485, 2, 1185, 1211, 565, 0, 30.00%, 0, 0, 18, 52.47, 1257233, 803, 0, 0
61491, 2, 1185, 1211, 565, 0, 30.00%, 0, 0, 18, 52.02, 1257495, 803, 0, 0
61496, 2, 1185, 1211, 565, 0, 30.00%, 0, 0, 18, 53.70, 1257765, 803, 0, 0
61501, 2, 1185, 1211, 565, 0, 30.00%, 0, 0, 18, 53.73, 1258036, 803, 0, 0
61507, 2, 1185, 1211, 565, 0, 30.00%, 0, 0, 18, 52.25, 1258386, 803, 0, 0
61512, 2, 1185, 1211, 565, 0, 30.00%, 0, 0, 18, 54.11, 1258660, 803, 0, 0
61518, 2, 467, 1211, 564, 0, 30.00%, 0, 0, 18, 79.76, 1259102, 803, 0, 0
61523, 2, 467, 1211, 564, 0, 30.00%, 0, 0, 18, 86.67, 1259565, 803, 0, 0
61528, 2, 825, 1211, 563, 0, 30.00%, 0, 0, 18, 72.09, 1259938, 803, 0, 0
61533, 2, 825, 1211, 563, 0, 30.00%, 0, 0, 18, 63.50, 1260257, 803, 0, 0
61538, 2, 825, 1211, 563, 0, 30.00%, 0, 0, 18, 60.97, 1260573, 803, 0, 0
61543, 2, 825, 1211, 563, 0, 30.00%, 0, 0, 18, 62.23, 1260893, 803, 0, 0
61548, 2, 825, 1211, 563, 0, 30.00%, 0, 0, 18, 63.60, 1261221, 803, 0, 0
61554, 2, 1208, 1211, 562, 0, 30.00%, 0, 0, 18, 61.75, 1261544, 803, 0, 0
61559, 2, 1208, 1211, 562, 0, 30.00%, 0, 0, 18, 56.73, 1261825, 803, 0, 0
61564, 2, 1208, 1211, 562, 0, 30.00%, 0, 0, 18, 55.94, 1262105, 803, 0, 0
61569, 2, 1208, 1211, 562, 0, 30.00%, 0, 0, 18, 55.80, 1262389, 803, 0, 0
61574, 2, 1208, 1211, 562, 0, 30.00%, 0, 0, 18, 55.66, 1262676, 803, 0, 0
61579, 2, 1208, 1211, 562, 0, 30.00%, 0, 0, 18, 55.72, 1262959, 803, 0, 0
61584, 2, 1208, 1213, 564, 0, 30.00%, 0, 0, 18, 55.57, 1263248, 803, 0, 0
61589, 2, 1208, 1227, 578, 0, 30.00%, 0, 0, 18, 55.55, 1263537, 803, 0, 0
61595, 2, 1208, 1237, 588, 0, 30.00%, 0, 0, 18, 54.90, 1263820, 803, 0, 0
61600, 2, 1208, 1238, 589, 0, 30.00%, 0, 0, 18, 55.39, 1264105, 803, 0, 0
61605, 2, 1208, 1239, 590, 0, 30.00%, 0, 0, 18, 55.13, 1264381, 803, 0, 0
61610, 2, 1208, 1243, 594, 0, 30.00%, 0, 0, 18, 54.87, 1264660, 803, 0, 0
61615, 2, 1208, 1244, 595, 0, 30.00%, 0, 0, 18, 55.39, 1264947, 803, 0, 0
61620, 2, 1208, 1246, 597, 0, 30.00%, 0, 0, 18, 55.65, 1265234, 803, 0, 0
61625, 2, 1208, 1246, 597, 0, 30.00%, 0, 0, 18, 55.16, 1265519, 803, 0, 0
61630, 2, 1208, 1246, 597, 0, 30.00%, 0, 0, 18, 54.56, 1265790, 803, 0, 0
61635, 2, 1208, 1247, 598, 0, 30.00%, 0, 0, 18, 55.15, 1266068, 803, 0, 0
61641, 2, 1208, 1247, 598, 0, 30.00%, 0, 0, 18, 54.88, 1266354, 803, 0, 0
61646, 2, 1208, 1247, 598, 0, 30.00%, 0, 0, 18, 55.40, 1266635, 803, 0, 0
61651, 2, 1208, 1247, 598, 0, 30.00%, 0, 0, 18, 54.67, 1266911, 803, 0, 0
61656, 2, 1208, 1247, 598, 0, 30.00%, 0, 0, 18, 53.50, 1267184, 803, 0, 0
61661, 2, 1208, 1247, 598, 0, 30.00%, 0, 0, 18, 54.72, 1267463, 803, 0, 0
61666, 2, 1208, 1247, 598, 0, 30.00%, 0, 0, 18, 54.94, 1267743, 803, 0, 0
61671, 2, 1208, 1248, 599, 0, 30.00%, 0, 0, 18, 53.87, 1268014, 803, 0, 0
61676, 2, 1208, 1248, 599, 0, 30.00%, 0, 0, 18, 50.37, 1268267, 803, 0, 0
61681, 2, 1208, 1249, 600, 0, 30.00%, 0, 0, 18, 49.94, 1268520, 803, 0, 0
61686, 2, 1208, 1251, 602, 0, 30.00%, 0, 0, 18, 53.24, 1268790, 803, 0, 0
61691, 2, 1208, 1251, 602, 0, 30.00%, 0, 0, 18, 53.24, 1269058, 803, 0, 0
61696, 2, 1208, 1251, 602, 0, 30.00%, 0, 0, 18, 52.61, 1269318, 803, 0, 0
61701, 2, 1208, 1252, 603, 0, 30.00%, 0, 0, 18, 53.45, 1269596, 803, 0, 0
61707, 2, 1208, 1252, 603, 0, 30.00%, 0, 0, 18, 52.32, 1269865, 803, 0, 0
61712, 2, 1208, 1252, 603, 0, 30.00%, 0, 0, 18, 53.67, 1270144, 803, 0, 0
61717, 2, 1208, 1252, 603, 0, 30.00%, 0, 0, 18, 52.67, 1270419, 803, 0, 0
61722, 2, 1208, 1252, 603, 0, 30.00%, 0, 0, 18, 52.67, 1270683, 803, 0, 0
61727, 2, 1208, 1252, 603, 0, 30.00%, 0, 0, 18, 53.27, 1270950, 803, 0, 0
61732, 2, 1208, 1253, 604, 0, 30.00%, 0, 0, 18, 53.90, 1271223, 803, 0, 0
61737, 2, 1208, 1253, 604, 0, 30.00%, 0, 0, 18, 53.94, 1271501, 803, 0, 0
61742, 2, 1208, 1253, 604, 0, 30.00%, 0, 0, 18, 55.26, 1271783, 803, 0, 0
61747, 2, 1208, 1253, 604, 0, 30.00%, 0, 0, 18, 54.90, 1272062, 803, 0, 0
61752, 2, 1208, 1254, 605, 0, 30.00%, 0, 0, 18, 55.34, 1272340, 803, 0, 0
61757, 2, 1208, 1254, 605, 0, 30.00%, 0, 0, 18, 54.90, 1272616, 803, 0, 0
61762, 2, 1208, 1254, 605, 0, 30.00%, 0, 0, 18, 54.27, 1272887, 803, 0, 0
61768, 2, 938, 1254, 604, 0, 30.00%, 0, 0, 18, 55.78, 1273174, 803, 0, 0
61773, 2, 938, 1254, 604, 0, 30.00%, 0, 0, 18, 62.33, 1273504, 803, 0, 0
61778, 2, 938, 1254, 604, 0, 30.00%, 0, 0, 18, 64.99, 1273843, 803, 0, 0
61783, 2, 938, 1254, 604, 0, 30.00%, 0, 0, 18, 64.39, 1274180, 803, 0, 0
61790, 2, 938, 1254, 604, 0, 30.00%, 0, 0, 18, 65.33, 1274621, 803, 0, 0
61795, 2, 1069, 1254, 603, 0, 30.00%, 0, 0, 18, 64.25, 1274942, 803, 0, 0
61800, 2, 1069, 1254, 603, 0, 30.00%, 0, 0, 18, 62.69, 1275254, 803, 0, 0
61805, 2, 1069, 1254, 603, 0, 30.00%, 0, 0, 18, 62.40, 1275578, 803, 0, 0
61810, 2, 1069, 1254, 603, 0, 30.00%, 0, 0, 18, 61.68, 1275885, 803, 0, 0
61815, 2, 1069, 1254, 603, 0, 30.00%, 0, 0, 18, 60.16, 1276191, 803, 0, 0
61820, 2, 1069, 1254, 603, 0, 30.00%, 0, 0, 18, 62.28, 1276515, 803, 0, 0
61827, 2, 1069, 1254, 603, 0, 30.00%, 0, 0, 18, 62.98, 1276858, 803, 0, 0
61832, 2, 1069, 1254, 603, 0, 30.00%, 0, 0, 18, 62.24, 1277107, 803, 0, 0
61837, 2, 1073, 1254, 602, 0, 30.00%, 0, 0, 18, 62.59, 1277432, 803, 0, 0
61842, 2, 1073, 1254, 602, 0, 30.00%, 0, 0, 18, 62.60, 1277756, 803, 0, 0
61848, 2, 1073, 1254, 602, 0, 30.00%, 0, 0, 18, 62.86, 1278080, 803, 0, 0
61853, 2, 1073, 1254, 602, 0, 30.00%, 0, 0, 18, 62.98, 1278405, 803, 0, 0
61858, 2, 1073, 1254, 602, 0, 30.00%, 0, 0, 18, 62.05, 1278716, 803, 0, 0
61863, 2, 1073, 1254, 602, 0, 30.00%, 0, 0, 18, 62.29, 1279028, 803, 0, 0
61868, 2, 1073, 1254, 602, 0, 30.00%, 0, 0, 18, 62.05, 1279350, 803, 0, 0
61873, 2, 590, 1254, 601, 0, 30.00%, 0, 0, 18, 60.80, 1279595, 803, 0, 0
61878, 2, 590, 1254, 601, 0, 30.00%, 0, 0, 18, 70.05, 1279972, 803, 0, 0
61883, 2, 590, 1254, 601, 0, 30.00%, 0, 0, 18, 72.59, 1280349, 803, 0, 0
61888, 2, 590, 1254, 601, 0, 30.00%, 0, 0, 18, 73.42, 1280721, 803, 0, 0
62841, 2, 590, 1254, 601, 0, 30.00%, 0, 0, 18, 0.01, 1280954, 803, 0, 0
62847, 2, 590, 1254, 601, 0, 30.00%, 0, 0, 18, 73.18, 1281389, 803, 0, 0
62852, 2, 1133, 1254, 600, 0, 30.00%, 0, 0, 18, 67.58, 1281746, 803, 0, 0
62857, 2, 1133, 1254, 600, 0, 30.00%, 0, 0, 18, 62.25, 1282052, 803, 0, 0
62862, 2, 1133, 1254, 600, 0, 30.00%, 0, 0, 18, 61.48, 1282362, 803, 0, 0
62867, 2, 1133, 1254, 600, 0, 30.00%, 0, 0, 18, 61.54, 1282673, 803, 0, 0
62872, 2, 1133, 1255, 601, 0, 30.00%, 0, 0, 18, 61.28, 1282985, 803, 0, 0
62877, 2, 950, 1255, 600, 0, 30.00%, 0, 0, 18, 64.11, 1283306, 803, 0, 0
62883, 2, 950, 1255, 600, 0, 30.00%, 0, 0, 18, 65.18, 1283650, 803, 0, 0
62888, 2, 950, 1255, 600, 0, 30.00%, 0, 0, 18, 66.71, 1283993, 803, 0, 0
62893, 2, 950, 1255, 600, 0, 30.00%, 0, 0, 18, 65.29, 1284318, 803, 0, 0
62898, 2, 950, 1255, 600, 0, 30.00%, 0, 0, 18, 65.80, 1284663, 803, 0, 0
62903, 2, 563, 1255, 599, 0, 30.00%, 0, 0, 18, 70.85, 1285010, 803, 0, 0
62908, 2, 563, 1255, 599, 0, 30.00%, 0, 0, 18, 84.80, 1285458, 803, 0, 0
62913, 2, 563, 1255, 599, 0, 30.00%, 0, 0, 18, 86.68, 1285906, 803, 0, 0
62918, 2, 563, 1255, 599, 0, 30.00%, 0, 0, 18, 87.28, 1286353, 803, 0, 0
62923, 2, 563, 1255, 599, 0, 30.00%, 0, 0, 18, 85.90, 1286792, 803, 0, 0
62929, 2, 563, 1255, 599, 0, 30.00%, 0, 0, 18, 86.75, 1287230, 803, 0, 0
62934, 2, 1186, 1255, 598, 0, 30.00%, 0, 0, 18, 64.04, 1287534, 803, 0, 0
62939, 2, 1186, 1255, 598, 0, 30.00%, 0, 0, 18, 57.42, 1287816, 803, 0, 0
62944, 2, 1186, 1255, 598, 0, 30.00%, 0, 0, 18, 56.61, 1288103, 803, 0, 0
62949, 2, 1186, 1255, 598, 0, 30.00%, 0, 0, 18, 56.88, 1288389, 803, 0, 0
62954, 2, 1186, 1255, 598, 0, 30.00%, 0, 0, 18, 56.22, 1288673, 803, 0, 0
62960, 2, 1186, 1255, 598, 0, 30.00%, 0, 0, 18, 56.60, 1289040, 803, 0, 0
62965, 2, 1186, 1255, 598, 0, 30.00%, 0, 0, 18, 55.92, 1289319, 803, 0, 0
62971, 2, 745, 1255, 597, 0, 30.00%, 0, 0, 18, 69.18, 1289689, 803, 0, 0
62976, 2, 745, 1255, 597, 0, 30.00%, 0, 0, 18, 71.90, 1290058, 803, 0, 0
62981, 2, 745, 1255, 597, 0, 30.00%, 0, 0, 18, 72.83, 1290433, 803, 0, 0
62986, 2, 745, 1255, 597, 0, 30.00%, 0, 0, 18, 72.50, 1290805, 803, 0, 0
62991, 2, 745, 1255, 597, 0, 30.00%, 0, 0, 18, 73.45, 1291186, 803, 0, 0
62996, 2, 745, 1256, 598, 0, 30.00%, 0, 0, 18, 73.32, 1291562, 803, 0, 0
63001, 2, 1147, 1256, 597, 0, 30.00%, 0, 0, 18, 71.56, 1291940, 803, 0, 0
63006, 2, 1147, 1256, 597, 0, 30.00%, 0, 0, 18, 60.98, 1292240, 803, 0, 0
63012, 2, 1147, 1256, 597, 0, 30.00%, 0, 0, 18, 58.97, 1292541, 803, 0, 0
63017, 2, 1147, 1256, 597, 0, 30.00%, 0, 0, 18, 58.67, 1292841, 803, 0, 0
63022, 2, 1147, 1256, 597, 0, 30.00%, 0, 0, 18, 57.97, 1293136, 803, 0, 0
63027, 2, 1147, 1256, 597, 0, 30.00%, 0, 0, 18, 58.54, 1293429, 803, 0, 0
63032, 2, 1110, 1256, 596, 0, 30.00%, 0, 0, 18, 59.82, 1293737, 803, 0, 0
63037, 2, 1110, 1256, 596, 0, 30.00%, 0, 0, 18, 61.40, 1294052, 803, 0, 0
63042, 2, 1110, 1256, 596, 0, 30.00%, 0, 0, 18, 61.84, 1294374, 803, 0, 0
63047, 2, 1110, 1256, 596, 0, 30.00%, 0, 0, 18, 61.76, 1294684, 803, 0, 0
63052, 2, 1110, 1256, 596, 0, 30.00%, 0, 0, 18, 61.39, 1294991, 803, 0, 0
63057, 2, 1110, 1256, 596, 0, 30.00%, 0, 0, 18, 61.79, 1295301, 803, 0, 0
63064, 2, 1110, 1256, 596, 0, 30.00%, 0, 0, 18, 61.17, 1295727, 803, 0, 0
63070, 2, 1228, 1256, 595, 0, 30.00%, 0, 0, 18, 61.66, 1296050, 803, 0, 0
63075, 2, 1228, 1256, 595, 0, 30.00%, 0, 0, 18, 56.93, 1296333, 803, 0, 0
63080, 2, 1228, 1256, 595, 0, 30.00%, 0, 0, 18, 56.17, 1296618, 803, 0, 0
63085, 2, 1228, 1256, 595, 0, 30.00%, 0, 0, 18, 55.26, 1296895, 803, 0, 0
63090, 2, 1228, 1256, 595, 0, 30.00%, 0, 0, 18, 56.08, 1297180, 803, 0, 0
63095, 2, 1228, 1256, 595, 0, 30.00%, 0, 0, 18, 55.68, 1297462, 803, 0, 0
63101, 2, 1228, 1256, 595, 0, 30.00%, 0, 0, 18, 55.95, 1297801, 803, 0, 0
63106, 2, 1228, 1256, 595, 0, 30.00%, 0, 0, 18, 55.45, 1298080, 803, 0, 0
63111, 2, 1089, 1256, 594, 0, 30.00%, 0, 0, 18, 60.28, 1298400, 803, 0, 0
63116, 2, 808, 1256, 594, 0, 30.00%, 0, 0, 18, 64.98, 1298743, 803, 0, 0
63121, 2, 808, 1256, 594, 0, 30.00%, 0, 0, 18, 65.98, 1299075, 803, 0, 0
63127, 2, 808, 1256, 594, 0, 30.00%, 0, 0, 18, 65.55, 1299415, 803, 0, 0
63134, 2, 808, 1256, 594, 0, 30.00%, 0, 0, 18, 66.16, 1299875, 803, 0, 0
63139, 2, 304, 1256, 593, 0, 30.00%, 0, 0, 18, 71.96, 1300239, 803, 0, 0
63144, 2, 1125, 1256, 593, 0, 30.00%, 0, 0, 18, 66.91, 1300606, 803, 0, 0
63149, 2, 1125, 1256, 593, 0, 30.00%, 0, 0, 18, 61.87, 1300920, 803, 0, 0
63154, 2, 1125, 1256, 593, 0, 30.00%, 0, 0, 18, 60.48, 1301234, 803, 0, 0
63159, 2, 1125, 1256, 593, 0, 30.00%, 0, 0, 18, 60.28, 1301537, 803, 0, 0
63165, 2, 1125, 1256, 593, 0, 30.00%, 0, 0, 18, 60.41, 1301848, 803, 0, 0
63170, 2, 542, 1256, 592, 0, 30.00%, 0, 0, 18, 76.09, 1302222, 803, 0, 0
63175, 2, 542, 1256, 592, 0, 30.00%, 0, 0, 18, 88.90, 1302694, 803, 0, 0
63180, 2, 542, 1256, 592, 0, 30.00%, 0, 0, 18, 91.99, 1303167, 803, 0, 0
63185, 2, 542, 1256, 592, 0, 30.00%, 0, 0, 18, 91.87, 1303631, 803, 0, 0
63190, 2, 1193, 1256, 591, 0, 30.00%, 0, 0, 18, 91.23, 1304113, 803, 0, 0
63195, 2, 1193, 1256, 591, 0, 30.00%, 0, 0, 18, 62.78, 1304392, 803, 0, 0
63200, 2, 1193, 1256, 591, 0, 30.00%, 0, 0, 18, 57.98, 1304677, 803, 0, 0
63205, 2, 1193, 1256, 591, 0, 30.00%, 0, 0, 18, 56.87, 1304964, 803, 0, 0
63210, 2, 1193, 1256, 591, 0, 30.00%, 0, 0, 18, 55.87, 1305245, 803, 0, 0
63215, 2, 1193, 1256, 591, 0, 30.00%, 0, 0, 18, 55.84, 1305528, 803, 0, 0
63221, 2, 1193, 1256, 591, 0, 30.00%, 0, 0, 18, 56.61, 1305876, 803, 0, 0
63227, 2, 1193, 1256, 591, 0, 30.00%, 0, 0, 18, 55.96, 1306162, 803, 0, 0
63232, 2, 555, 1256, 590, 0, 30.00%, 0, 0, 18, 82.63, 1306621, 803, 0, 0
63237, 2, 555, 1256, 590, 0, 30.00%, 0, 0, 18, 88.13, 1307075, 803, 0, 0
63242, 2, 555, 1256, 590, 0, 30.00%, 0, 0, 18, 88.34, 1307528, 803, 0, 0
63247, 2, 555, 1256, 590, 0, 30.00%, 0, 0, 18, 89.69, 1307994, 803, 0, 0
63252, 2, 555, 1256, 590, 0, 30.00%, 0, 0, 18, 88.81, 1308436, 803, 0, 0
63257, 2, 1245, 1256, 589, 0, 30.00%, 0, 0, 18, 64.05, 1308733, 803, 0, 0
63262, 2, 1245, 1256, 589, 0, 30.00%, 0, 0, 18, 57.81, 1309019, 803, 0, 0
63267, 2, 1245, 1256, 589, 0, 30.00%, 0, 0, 18, 56.68, 1309305, 803, 0, 0
63272, 2, 1245, 1256, 589, 0, 30.00%, 0, 0, 18, 55.73, 1309584, 803, 0, 0
63278, 2, 1245, 1256, 589, 0, 30.00%, 0, 0, 18, 56.01, 1309867, 803, 0, 0
63284, 2, 1245, 1256, 589, 0, 30.00%, 0, 0, 18, 56.05, 1310251, 803, 0, 0
63289, 2, 1245, 1257, 590, 0, 30.00%, 0, 0, 18, 55.35, 1310536, 803, 0, 0
63295, 2, 1245, 1257, 590, 0, 30.00%, 0, 0, 18, 55.95, 1310822, 803, 0, 0
63300, 2, 806, 1257, 589, 0, 30.00%, 0, 0, 18, 65.51, 1311168, 803, 0, 0
63305, 2, 806, 1257, 589, 0, 30.00%, 0, 0, 18, 66.47, 1311512, 803, 0, 0
63310, 2, 806, 1257, 589, 0, 30.00%, 0, 0, 18, 67.30, 1311860, 803, 0, 0
63317, 2, 806, 1257, 589, 0, 30.00%, 0, 0, 18, 68.18, 1312303, 803, 0, 0
63322, 2, 897, 1257, 588, 0, 30.00%, 0, 0, 18, 66.69, 1312638, 803, 0, 0
63327, 2, 897, 1257, 588, 0, 30.00%, 0, 0, 18, 66.18, 1312971, 803, 0, 0
63332, 2, 897, 1257, 588, 0, 30.00%, 0, 0, 18, 65.79, 1313302, 803, 0, 0
63337, 2, 897, 1257, 588, 0, 30.00%, 0, 0, 18, 66.26, 1313637, 803, 0, 0
63343, 2, 897, 1257, 588, 0, 30.00%, 0, 0, 18, 66.06, 1314076, 803, 0, 0
63348, 2, 1242, 1257, 587, 0, 30.00%, 0, 0, 18, 65.74, 1314419, 803, 0, 0
63354, 2, 1242, 1257, 587, 0, 30.00%, 0, 0, 18, 59.44, 1314719, 803, 0, 0
63359, 2, 1242, 1257, 587, 0, 30.00%, 0, 0, 18, 58.12, 1315019, 803, 0, 0
63364, 2, 1242, 1257, 587, 0, 30.00%, 0, 0, 18, 57.86, 1315319, 803, 0, 0
63369, 2, 1242, 1257, 587, 0, 30.00%, 0, 0, 18, 58.44, 1315619, 803, 0, 0
63374, 2, 1242, 1257, 587, 0, 30.00%, 0, 0, 18, 57.92, 1315918, 803, 0, 0
63379, 2, 1242, 1257, 587, 0, 30.00%, 0, 0, 18, 58.12, 1316218, 803, 0, 0
63385, 2, 1214, 1257, 586, 0, 30.00%, 0, 0, 18, 56.89, 1316514, 803, 0, 0
63390, 2, 1214, 1257, 586, 0, 30.00%, 0, 0, 18, 56.02, 1316799, 803, 0, 0
63395, 2, 1214, 1257, 586, 0, 30.00%, 0, 0, 18, 55.03, 1317078, 803, 0, 0
63400, 2, 1214, 1257, 586, 0, 30.00%, 0, 0, 18, 55.54, 1317362, 803, 0, 0
63405, 2, 1214, 1257, 586, 0, 30.00%, 0, 0, 18, 55.25, 1317641, 803, 0, 0
63410, 2, 1214, 1257, 586, 0, 30.00%, 0, 0, 18, 55.50, 1317920, 803, 0, 0
63415, 2, 1214, 1257, 586, 0, 30.00%, 0, 0, 18, 56.11, 1318203, 803, 0, 0
63420, 2, 1214, 1257, 586, 0, 30.00%, 0, 0, 18, 55.60, 1318482, 803, 0, 0
63425, 2, 1214, 1258, 587, 0, 30.00%, 0, 0, 18, 55.28, 1318766, 803, 0, 0
63430, 2, 1214, 1260, 589, 0, 30.00%, 0, 0, 18, 55.21, 1319045, 803, 0, 0
63435, 2, 1214, 1260, 589, 0, 30.00%, 0, 0, 18, 55.59, 1319328, 803, 0, 0
63440, 2, 1214, 1261, 590, 0, 30.00%, 0, 0, 18, 55.91, 1319612, 803, 0, 0
63446, 2, 1214, 1261, 590, 0, 30.00%, 0, 0, 18, 55.90, 1319897, 803, 0, 0
63451, 2, 1214, 1261, 590, 0, 30.00%, 0, 0, 18, 55.86, 1320180, 803, 0, 0
63456, 2, 1214, 1261, 590, 0, 30.00%, 0, 0, 18, 55.78, 1320466, 803, 0, 0
63461, 2, 1214, 1262, 591, 0, 30.00%, 0, 0, 18, 55.17, 1320750, 803, 0, 0
63466, 2, 1214, 1262, 591, 0, 30.00%, 0, 0, 18, 55.20, 1321033, 803, 0, 0
63471, 2, 1214, 1262, 591, 0, 30.00%, 0, 0, 18, 55.83, 1321316, 803, 0, 0
63476, 2, 1214, 1265, 594, 0, 30.00%, 0, 0, 18, 54.58, 1321593, 803, 0, 0
63481, 2, 1214, 1266, 595, 0, 30.00%, 0, 0, 18, 55.72, 1321879, 803, 0, 0
63486, 2, 1214, 1266, 595, 0, 30.00%, 0, 0, 18, 56.00, 1322161, 803, 0, 0
63491, 2, 1214, 1266, 595, 0, 30.00%, 0, 0, 18, 56.03, 1322446, 803, 0, 0
63497, 2, 1214, 1266, 595, 0, 30.00%, 0, 0, 18, 56.24, 1322732, 803, 0, 0
63502, 2, 1214, 1266, 595, 0, 30.00%, 0, 0, 18, 55.89, 1323017, 803, 0, 0
63507, 2, 1214, 1266, 595, 0, 30.00%, 0, 0, 18, 54.01, 1323291, 803, 0, 0
63512, 2, 1214, 1267, 596, 0, 30.00%, 0, 0, 18, 52.32, 1323552, 803, 0, 0
63517, 2, 1214, 1267, 596, 0, 30.00%, 0, 0, 18, 52.54, 1323815, 803, 0, 0
63522, 2, 1214, 1267, 596, 0, 30.00%, 0, 0, 18, 52.45, 1324079, 803, 0, 0
63527, 2, 1214, 1268, 597, 0, 30.00%, 0, 0, 18, 52.56, 1324343, 803, 0, 0
63532, 2, 1214, 1269, 598, 0, 30.00%, 0, 0, 18, 52.52, 1324606, 803, 0, 0
63537, 2, 1214, 1269, 598, 0, 30.00%, 0, 0, 18, 52.47, 1324869, 803, 0, 0
63542, 2, 1214, 1272, 601, 0, 30.00%, 0, 0, 18, 52.41, 1325132, 803, 0, 0
63547, 2, 1214, 1272, 601, 0, 30.00%, 0, 0, 18, 52.53, 1325405, 803, 0, 0
63552, 2, 1214, 1272, 601, 0, 30.00%, 0, 0, 18, 52.43, 1325669, 803, 0, 0
63557, 2, 1214, 1272, 601, 0, 30.00%, 0, 0, 18, 52.51, 1325932, 803, 0, 0
63562, 2, 1214, 1274, 603, 0, 30.00%, 0, 0, 18, 52.38, 1326197, 803, 0, 0
63567, 2, 1214, 1274, 603, 0, 30.00%, 0, 0, 18, 52.50, 1326460, 803, 0, 0
63572, 2, 1214, 1274, 603, 0, 30.00%, 0, 0, 18, 52.47, 1326724, 803, 0, 0
63577, 2, 1214, 1274, 603, 0, 30.00%, 0, 0, 18, 52.49, 1326986, 803, 0, 0
63582, 2, 1214, 1274, 603, 0, 30.00%, 0, 0, 18, 53.07, 1327261, 803, 0, 0
63588, 2, 1214, 1274, 603, 0, 30.00%, 0, 0, 18, 53.31, 1327536, 803, 0, 0
63593, 2, 1214, 1274, 603, 0, 30.00%, 0, 0, 18, 53.56, 1327811, 803, 0, 0
63598, 2, 1214, 1274, 603, 0, 30.00%, 0, 0, 18, 53.58, 1328085, 803, 0, 0
63603, 2, 1199, 1274, 602, 0, 30.00%, 0, 0, 18, 59.13, 1328407, 803, 0, 0
63608, 2, 1199, 1274, 602, 0, 30.00%, 0, 0, 18, 58.72, 1328707, 803, 0, 0
63613, 2, 1199, 1274, 602, 0, 30.00%, 0, 0, 18, 58.21, 1329007, 803, 0, 0
63618, 2, 1199, 1274, 602, 0, 30.00%, 0, 0, 18, 58.26, 1329306, 803, 0, 0
63624, 2, 1199, 1274, 602, 0, 30.00%, 0, 0, 18, 57.98, 1329605, 803, 0, 0
63630, 2, 1199, 1274, 602, 0, 30.00%, 0, 0, 18, 58.09, 1330001, 803, 0, 0
63635, 2, 720, 1274, 601, 0, 30.00%, 0, 0, 18, 58.53, 1330301, 803, 0, 0
63641, 2, 720, 1274, 601, 0, 30.00%, 0, 0, 18, 73.09, 1330699, 803, 0, 0
63646, 2, 720, 1274, 601, 0, 30.00%, 0, 0, 18, 75.66, 1331081, 803, 0, 0
63651, 2, 720, 1274, 601, 0, 30.00%, 0, 0, 18, 76.61, 1331480, 803, 0, 0
63656, 2, 720, 1274, 601, 0, 30.00%, 0, 0, 18, 74.33, 1331861, 803, 0, 0
63661, 2, 720, 1274, 601, 0, 30.00%, 0, 0, 18, 73.79, 1332236, 803, 0, 0
63666, 2, 1237, 1274, 600, 0, 30.00%, 0, 0, 18, 60.64, 1332534, 803, 0, 0
63671, 2, 1237, 1274, 600, 0, 30.00%, 0, 0, 18, 55.89, 1332808, 803, 0, 0
63676, 2, 1237, 1274, 600, 0, 30.00%, 0, 0, 18, 55.19, 1333087, 803, 0, 0
63681, 2, 1237, 1274, 600, 0, 30.00%, 0, 0, 18, 54.86, 1333361, 803, 0, 0
63686, 2, 1237, 1274, 600, 0, 30.00%, 0, 0, 18, 55.05, 1333647, 803, 0, 0
63691, 2, 1237, 1274, 600, 0, 30.00%, 0, 0, 18, 56.80, 1333935, 803, 0, 0
63697, 2, 1237, 1274, 600, 0, 30.00%, 0, 0, 18, 57.00, 1334225, 803, 0, 0
63702, 2, 672, 1274, 599, 0, 30.00%, 0, 0, 18, 57.07, 1334510, 803, 0, 0
63707, 2, 672, 1274, 599, 0, 30.00%, 0, 0, 18, 70.32, 1334885, 803, 0, 0
63712, 2, 672, 1274, 599, 0, 30.00%, 0, 0, 18, 72.50, 1335259, 803, 0, 0
63717, 2, 672, 1274, 599, 0, 30.00%, 0, 0, 18, 73.06, 1335633, 803, 0, 0
63722, 2, 672, 1274, 599, 0, 30.00%, 0, 0, 18, 73.10, 1336008, 803, 0, 0
63727, 2, 672, 1274, 599, 0, 30.00%, 0, 0, 18, 73.24, 1336376, 803, 0, 0
63732, 2, 608, 1274, 598, 0, 30.00%, 0, 0, 18, 73.68, 1336753, 803, 0, 0
63737, 2, 608, 1274, 598, 0, 30.00%, 0, 0, 18, 74.99, 1337136, 803, 0, 0
63742, 2, 608, 1274, 598, 0, 30.00%, 0, 0, 18, 75.37, 1337529, 803, 0, 0
63748, 2, 608, 1274, 598, 0, 30.00%, 0, 0, 18, 73.68, 1337903, 803, 0, 0
63753, 2, 608, 1274, 598, 0, 30.00%, 0, 0, 18, 73.47, 1338329, 803, 0, 0
63758, 2, 1270, 1274, 597, 0, 30.00%, 0, 0, 18, 63.18, 1338658, 803, 0, 0
63764, 2, 1270, 1274, 597, 0, 30.00%, 0, 0, 18, 55.70, 1338933, 803, 0, 0
63769, 2, 1270, 1274, 597, 0, 30.00%, 0, 0, 18, 54.04, 1339208, 803, 0, 0
63774, 2, 1270, 1274, 597, 0, 30.00%, 0, 0, 18, 53.56, 1339483, 803, 0, 0
63779, 2, 1270, 1274, 597, 0, 30.00%, 0, 0, 18, 53.80, 1339758, 803, 0, 0
63784, 2, 1270, 1274, 597, 0, 30.00%, 0, 0, 18, 53.23, 1340029, 803, 0, 0
63789, 2, 1270, 1274, 597, 0, 30.00%, 0, 0, 18, 53.86, 1340304, 803, 0, 0
63794, 2, 1270, 1275, 598, 0, 30.00%, 0, 0, 19, 54.06, 1340582, 803, 0, 0
63799, 2, 1270, 1276, 599, 0, 30.00%, 0, 0, 19, 53.76, 1340859, 803, 0, 0
63805, 2, 768, 1276, 598, 0, 30.00%, 0, 0, 19, 54.59, 1341138, 803, 0, 0
63810, 2, 768, 1276, 598, 0, 30.00%, 0, 0, 19, 64.98, 1341485, 803, 0, 0
63815, 2, 768, 1276, 598, 0, 30.00%, 0, 0, 19, 67.51, 1341834, 803, 0, 0
63820, 2, 768, 1276, 598, 0, 30.00%, 0, 0, 19, 68.51, 1342184, 803, 0, 0
63826, 2, 768, 1276, 598, 0, 30.00%, 0, 0, 19, 67.99, 1342597, 803, 0, 0
63831, 2, 603, 1276, 597, 0, 30.00%, 0, 0, 19, 69.47, 1342948, 803, 0, 0
63836, 2, 603, 1276, 597, 0, 30.00%, 0, 0, 19, 74.06, 1343338, 803, 0, 0
63842, 2, 603, 1276, 597, 0, 30.00%, 0, 0, 19, 75.68, 1343733, 803, 0, 0
63847, 2, 603, 1276, 597, 0, 30.00%, 0, 0, 19, 76.18, 1344129, 803, 0, 0
63852, 2, 603, 1276, 597, 0, 30.00%, 0, 0, 19, 73.57, 1344510, 803, 0, 0
63857, 2, 603, 1276, 597, 0, 30.00%, 0, 0, 19, 74.42, 1344887, 803, 0, 0
63862, 2, 1209, 1276, 596, 0, 30.00%, 0, 0, 19, 61.70, 1345189, 803, 0, 0
63867, 2, 1209, 1276, 596, 0, 30.00%, 0, 0, 19, 59.35, 1345488, 803, 0, 0
63872, 2, 1209, 1276, 596, 0, 30.00%, 0, 0, 19, 58.39, 1345787, 803, 0, 0
63877, 2, 1209, 1276, 596, 0, 30.00%, 0, 0, 19, 58.33, 1346085, 803, 0, 0
63883, 2, 1209, 1276, 596, 0, 30.00%, 0, 0, 19, 57.98, 1346383, 803, 0, 0
63888, 2, 1209, 1276, 596, 0, 30.00%, 0, 0, 19, 58.07, 1346674, 803, 0, 0
63893, 2, 492, 1276, 595, 0, 30.00%, 0, 0, 19, 75.22, 1347043, 803, 0, 0
63898, 2, 1220, 1276, 595, 0, 30.00%, 0, 0, 19, 64.52, 1347390, 803, 0, 0
63903, 2, 1220, 1276, 595, 0, 30.00%, 0, 0, 19, 58.11, 1347675, 803, 0, 0
63908, 2, 1220, 1276, 595, 0, 30.00%, 0, 0, 19, 57.06, 1347962, 803, 0, 0
63913, 2, 1220, 1276, 595, 0, 30.00%, 0, 0, 19, 56.50, 1348249, 803, 0, 0
63918, 2, 1220, 1276, 595, 0, 30.00%, 0, 0, 19, 56.39, 1348537, 803, 0, 0
63923, 2, 1220, 1276, 595, 0, 30.00%, 0, 0, 19, 56.53, 1348824, 803, 0, 0
63928, 2, 1220, 1276, 595, 0, 30.00%, 0, 0, 19, 56.84, 1349118, 803, 0, 0
63934, 2, 1220, 1276, 595, 0, 30.00%, 0, 0, 19, 56.32, 1349405, 803, 0, 0
63939, 2, 1166, 1276, 594, 0, 30.00%, 0, 0, 19, 60.58, 1349716, 803, 0, 0
63944, 2, 1166, 1276, 594, 0, 30.00%, 0, 0, 19, 57.89, 1350005, 803, 0, 0
63949, 2, 1166, 1276, 594, 0, 30.00%, 0, 0, 19, 56.89, 1350291, 803, 0, 0
63954, 2, 1166, 1276, 594, 0, 30.00%, 0, 0, 19, 56.81, 1350578, 803, 0, 0
63960, 2, 1166, 1276, 594, 0, 30.00%, 0, 0, 19, 57.06, 1350955, 803, 0, 0
63965, 2, 1166, 1276, 594, 0, 30.00%, 0, 0, 19, 56.89, 1351242, 803, 0, 0
63970, 2, 1157, 1276, 593, 0, 30.00%, 0, 0, 19, 60.21, 1351573, 803, 0, 0
63975, 2, 1157, 1276, 593, 0, 30.00%, 0, 0, 19, 59.08, 1351871, 803, 0, 0
63981, 2, 1157, 1276, 593, 0, 30.00%, 0, 0, 19, 59.45, 1352177, 803, 0, 0
63986, 2, 1157, 1276, 593, 0, 30.00%, 0, 0, 19, 58.08, 1352474, 803, 0, 0
63991, 2, 1157, 1276, 593, 0, 30.00%, 0, 0, 19, 59.29, 1352783, 803, 0, 0
63996, 2, 1157, 1276, 593, 0, 30.00%, 0, 0, 19, 59.13, 1353091, 803, 0, 0
64001, 2, 609, 1276, 592, 0, 30.00%, 0, 0, 19, 68.55, 1353438, 803, 0, 0
64007, 2, 609, 1276, 592, 0, 30.00%, 0, 0, 19, 74.51, 1353835, 803, 0, 0
64012, 2, 609, 1276, 592, 0, 30.00%, 0, 0, 19, 75.57, 1354216, 803, 0, 0
64017, 2, 609, 1276, 592, 0, 30.00%, 0, 0, 19, 75.90, 1354596, 803, 0, 0
64023, 2, 609, 1276, 592, 0, 30.00%, 0, 0, 19, 76.28, 1355096, 803, 0, 0
64028, 2, 642, 1276, 591, 0, 30.00%, 0, 0, 19, 77.28, 1355495, 803, 0, 0
64033, 2, 642, 1276, 591, 0, 30.00%, 0, 0, 19, 76.50, 1355893, 803, 0, 0
64039, 2, 642, 1276, 591, 0, 30.00%, 0, 0, 19, 76.34, 1356291, 803, 0, 0
64044, 2, 642, 1276, 591, 0, 30.00%, 0, 0, 19, 75.85, 1356685, 803, 0, 0
64049, 2, 642, 1276, 591, 0, 30.00%, 0, 0, 19, 76.57, 1357118, 803, 0, 0
64055, 2, 628, 1276, 590, 0, 30.00%, 0, 0, 19, 76.26, 1357513, 803, 0, 0
64060, 2, 628, 1276, 590, 0, 30.00%, 0, 0, 19, 76.26, 1357909, 803, 0, 0
64065, 2, 628, 1276, 590, 0, 30.00%, 0, 0, 19, 76.83, 1358306, 803, 0, 0
64070, 2, 628, 1276, 590, 0, 30.00%, 0, 0, 19, 76.27, 1358699, 803, 0, 0
64076, 2, 628, 1276, 590, 0, 30.00%, 0, 0, 19, 76.09, 1359138, 803, 0, 0
64081, 2, 1045, 1276, 589, 0, 30.00%, 0, 0, 19, 83.61, 1359571, 803, 0, 0
64086, 2, 1045, 1276, 589, 0, 30.00%, 0, 0, 19, 69.40, 1359912, 803, 0, 0
64092, 2, 1045, 1276, 589, 0, 30.00%, 0, 0, 19, 67.66, 1360262, 803, 0, 0
64097, 2, 1045, 1276, 589, 0, 30.00%, 0, 0, 19, 67.77, 1360612, 803, 0, 0
64102, 2, 1045, 1276, 589, 0, 30.00%, 0, 0, 19, 67.13, 1360999, 803, 0, 0
64108, 2, 1162, 1276, 588, 0, 30.00%, 0, 0, 19, 66.05, 1361344, 803, 0, 0
64113, 2, 1216, 1276, 588, 0, 30.00%, 0, 0, 19, 61.06, 1361646, 803, 0, 0
64118, 2, 1216, 1276, 588, 0, 30.00%, 0, 0, 19, 58.83, 1361946, 803, 0, 0
64123, 2, 1216, 1276, 588, 0, 30.00%, 0, 0, 19, 58.17, 1362246, 803, 0, 0
64128, 2, 1216, 1276, 588, 0, 30.00%, 0, 0, 19, 57.92, 1362543, 803, 0, 0
64133, 2, 1216, 1276, 588, 0, 30.00%, 0, 0, 19, 58.09, 1362842, 803, 0, 0
64139, 2, 1216, 1276, 588, 0, 30.00%, 0, 0, 19, 57.73, 1363141, 803, 0, 0
64144, 2, 1216, 1276, 588, 0, 30.00%, 0, 0, 19, 58.07, 1363437, 803, 0, 0
64149, 2, 1163, 1276, 587, 0, 30.00%, 0, 0, 19, 58.74, 1363741, 803, 0, 0
64154, 2, 1163, 1276, 587, 0, 30.00%, 0, 0, 19, 59.29, 1364043, 803, 0, 0
64159, 2, 1163, 1276, 587, 0, 30.00%, 0, 0, 19, 59.07, 1364343, 803, 0, 0
64164, 2, 1163, 1276, 587, 0, 30.00%, 0, 0, 19, 56.38, 1364636, 803, 0, 0
64169, 2, 1163, 1276, 587, 0, 30.00%, 0, 0, 19, 54.96, 1364911, 803, 0, 0
64174, 2, 1163, 1276, 587, 0, 30.00%, 0, 0, 19, 57.56, 1365211, 803, 0, 0
64180, 2, 1163, 1276, 587, 0, 30.00%, 0, 0, 19, 57.65, 1365505, 803, 0, 0
64185, 2, 884, 1276, 586, 0, 30.00%, 0, 0, 19, 60.95, 1365813, 803, 0, 0
64190, 2, 884, 1276, 586, 0, 30.00%, 0, 0, 19, 66.86, 1366163, 803, 0, 0
64195, 2, 884, 1276, 586, 0, 30.00%, 0, 0, 19, 65.92, 1366501, 803, 0, 0
64200, 2, 884, 1276, 586, 0, 30.00%, 0, 0, 19, 65.30, 1366845, 803, 0, 0
64205, 2, 884, 1276, 586, 0, 30.00%, 0, 0, 19, 62.58, 1367183, 803, 0, 0
64211, 2, 499, 1276, 585, 0, 30.00%, 0, 0, 19, 72.00, 1367548, 803, 0, 0
64216, 2, 499, 1276, 585, 0, 30.00%, 0, 0, 19, 92.18, 1368041, 803, 0, 0
64221, 2, 499, 1276, 585, 0, 30.00%, 0, 0, 19, 95.88, 1368573, 803, 0, 0
65215, 2, 499, 1276, 585, 0, 30.00%, 0, 0, 19, 0.02, 1368593, 803, 0, 0
65220, 2, 656, 1276, 584, 0, 30.00%, 0, 0, 19, 90.56, 1369067, 803, 0, 0
65225, 2, 656, 1276, 584, 0, 30.00%, 0, 0, 19, 79.95, 1369465, 803, 0, 0
65230, 2, 656, 1276, 584, 0, 30.00%, 0, 0, 19, 78.08, 1369864, 803, 0, 0
65235, 2, 656, 1276, 584, 0, 30.00%, 0, 0, 19, 77.90, 1370263, 803, 0, 0
65242, 2, 656, 1276, 584, 0, 30.00%, 0, 0, 19, 77.95, 1370795, 803, 0, 0
65247, 2, 1079, 1276, 583, 0, 30.00%, 0, 0, 19, 70.33, 1371162, 803, 0, 0
65252, 2, 1079, 1276, 583, 0, 30.00%, 0, 0, 19, 65.48, 1371490, 803, 0, 0
65257, 2, 1079, 1276, 583, 0, 30.00%, 0, 0, 19, 64.65, 1371815, 803, 0, 0
65264, 2, 1079, 1276, 583, 0, 30.00%, 0, 0, 19, 64.60, 1372250, 803, 0, 0
65269, 2, 1274, 1276, 582, 0, 30.00%, 0, 0, 19, 63.04, 1372572, 803, 0, 0
65274, 2, 1274, 1276, 582, 0, 30.00%, 0, 0, 19, 57.79, 1372855, 803, 0, 0
65279, 2, 1274, 1276, 582, 0, 30.00%, 0, 0, 19, 56.93, 1373142, 803, 0, 0
65284, 2, 1274, 1276, 582, 0, 30.00%, 0, 0, 19, 56.75, 1373429, 803, 0, 0
65289, 2, 1274, 1276, 582, 0, 30.00%, 0, 0, 19, 56.79, 1373717, 803, 0, 0
65294, 2, 1274, 1276, 582, 0, 30.00%, 0, 0, 19, 56.67, 1374005, 803, 0, 0
65300, 2, 1274, 1276, 582, 0, 30.00%, 0, 0, 19, 56.73, 1374293, 803, 0, 0
65305, 2, 1274, 1277, 583, 0, 30.00%, 0, 0, 20, 56.48, 1374578, 803, 0, 0
65310, 2, 811, 1277, 582, 0, 30.00%, 0, 0, 20, 58.15, 1374869, 803, 0, 0
65315, 2, 811, 1277, 582, 0, 30.00%, 0, 0, 20, 66.71, 1375219, 803, 0, 0
65320, 2, 811, 1277, 582, 0, 30.00%, 0, 0, 20, 68.64, 1375569, 803, 0, 0
65325, 2, 811, 1277, 582, 0, 30.00%, 0, 0, 20, 69.02, 1375919, 803, 0, 0
65331, 2, 811, 1277, 582, 0, 30.00%, 0, 0, 20, 69.15, 1376326, 803, 0, 0
65336, 2, 654, 1277, 581, 0, 30.00%, 0, 0, 20, 71.13, 1376684, 803, 0, 0
65341, 2, 654, 1277, 581, 0, 30.00%, 0, 0, 20, 76.27, 1377083, 803, 0, 0
65346, 2, 654, 1277, 581, 0, 30.00%, 0, 0, 20, 76.90, 1377481, 803, 0, 0
65351, 2, 654, 1277, 581, 0, 30.00%, 0, 0, 20, 77.33, 1377880, 803, 0, 0
65356, 2, 654, 1277, 581, 0, 30.00%, 0, 0, 20, 77.38, 1378280, 803, 0, 0
65362, 2, 88, 1277, 580, 0, 30.00%, 0, 0, 20, 80.29, 1378681, 803, 0, 0
65367, 2, 1175, 1277, 580, 0, 30.00%, 0, 0, 20, 65.42, 1379012, 803, 0, 0
65372, 2, 1175, 1277, 580, 0, 30.00%, 0, 0, 20, 60.48, 1379312, 803, 0, 0
65377, 2, 1175, 1277, 580, 0, 30.00%, 0, 0, 20, 59.18, 1379612, 803, 0, 0
65382, 2, 1175, 1277, 580, 0, 30.00%, 0, 0, 20, 59.18, 1379912, 803, 0, 0
65387, 2, 1175, 1277, 580, 0, 30.00%, 0, 0, 20, 59.18, 1380212, 803, 0, 0
65392, 2, 1175, 1277, 580, 0, 30.00%, 0, 0, 20, 59.16, 1380529, 803, 0, 0
65397, 2, 1037, 1277, 579, 0, 30.00%, 0, 0, 20, 58.99, 1380829, 803, 0, 0
65402, 2, 1037, 1277, 579, 0, 30.00%, 0, 0, 20, 67.33, 1381181, 803, 0, 0
65408, 2, 1037, 1277, 579, 0, 30.00%, 0, 0, 20, 67.32, 1381530, 803, 0, 0
65413, 2, 1037, 1277, 579, 0, 30.00%, 0, 0, 20, 67.85, 1381880, 803, 0, 0
65419, 2, 1037, 1277, 579, 0, 30.00%, 0, 0, 20, 67.61, 1382309, 803, 0, 0
65424, 2, 1173, 1277, 578, 0, 30.00%, 0, 0, 20, 66.46, 1382650, 803, 0, 0
65429, 2, 1173, 1277, 578, 0, 30.00%, 0, 0, 20, 60.63, 1382950, 803, 0, 0
65434, 2, 1173, 1277, 578, 0, 30.00%, 0, 0, 20, 59.47, 1383250, 803, 0, 0
65439, 2, 1173, 1277, 578, 0, 30.00%, 0, 0, 20, 59.23, 1383550, 803, 0, 0
65444, 2, 1173, 1277, 578, 0, 30.00%, 0, 0, 20, 59.18, 1383850, 803, 0, 0
65449, 2, 1173, 1277, 578, 0, 30.00%, 0, 0, 20, 58.93, 1384149, 803, 0, 0
65455, 2, 1173, 1277, 578, 0, 30.00%, 0, 0, 20, 58.82, 1384456, 803, 0, 0
65460, 2, 1088, 1277, 577, 0, 30.00%, 0, 0, 20, 61.29, 1384769, 803, 0, 0
65465, 2, 1088, 1277, 577, 0, 30.00%, 0, 0, 20, 64.18, 1385097, 803, 0, 0
65470, 2, 1088, 1277, 577, 0, 30.00%, 0, 0, 20, 64.72, 1385432, 803, 0, 0
65475, 2, 1088, 1277, 577, 0, 30.00%, 0, 0, 20, 64.87, 1385760, 803, 0, 0
65480, 2, 1088, 1277, 577, 0, 30.00%, 0, 0, 20, 65.05, 1386088, 803, 0, 0
65485, 2, 1088, 1277, 577, 0, 30.00%, 0, 0, 20, 64.85, 1386413, 803, 0, 0
65491, 2, 1088, 1277, 577, 0, 30.00%, 0, 0, 20, 64.93, 1386804, 803, 0, 0
65496, 2, 1212, 1277, 576, 0, 30.00%, 0, 0, 20, 61.89, 1387126, 803, 0, 0
65501, 2, 1212, 1277, 576, 0, 30.00%, 0, 0, 20, 58.80, 1387426, 803, 0, 0
65507, 2, 1212, 1277, 576, 0, 30.00%, 0, 0, 20, 58.33, 1387725, 803, 0, 0
65512, 2, 1212, 1277, 576, 0, 30.00%, 0, 0, 20, 57.84, 1388023, 803, 0, 0
65517, 2, 1212, 1277, 576, 0, 30.00%, 0, 0, 20, 57.51, 1388322, 803, 0, 0
65522, 2, 1212, 1277, 576, 0, 30.00%, 0, 0, 20, 57.52, 1388620, 803, 0, 0
65527, 2, 1212, 1277, 576, 0, 30.00%, 0, 0, 20, 57.30, 1388914, 803, 0, 0
65532, 2, 1197, 1277, 575, 0, 30.00%, 0, 0, 20, 56.50, 1389208, 803, 0, 0
65537, 2, 1197, 1277, 575, 0, 30.00%, 0, 0, 20, 58.43, 1389507, 803, 0, 0
65543, 2, 1197, 1277, 575, 0, 30.00%, 0, 0, 20, 58.73, 1389806, 803, 0, 0
65548, 2, 1197, 1277, 575, 0, 30.00%, 0, 0, 20, 58.63, 1390106, 803, 0, 0
65553, 2, 1197, 1277, 575, 0, 30.00%, 0, 0, 20, 58.93, 1390406, 803, 0, 0
65558, 2, 1197, 1277, 575, 0, 30.00%, 0, 0, 20, 58.64, 1390705, 803, 0, 0
65563, 2, 1197, 1277, 575, 0, 30.00%, 0, 0, 20, 58.82, 1391002, 803, 0, 0
65568, 2, 1189, 1277, 574, 0, 30.00%, 0, 0, 20, 59.19, 1391303, 803, 0, 0
65573, 2, 1189, 1277, 574, 0, 30.00%, 0, 0, 20, 59.26, 1391602, 803, 0, 0
65578, 2, 1189, 1277, 574, 0, 30.00%, 0, 0, 20, 59.28, 1391902, 803, 0, 0
65583, 2, 1189, 1277, 574, 0, 30.00%, 0, 0, 20, 59.58, 1392202, 803, 0, 0
65588, 2, 1189, 1277, 574, 0, 30.00%, 0, 0, 20, 59.53, 1392502, 803, 0, 0
65593, 2, 1189, 1277, 574, 0, 30.00%, 0, 0, 20, 59.62, 1392802, 803, 0, 0
65598, 2, 1189, 1277, 574, 0, 30.00%, 0, 0, 20, 59.67, 1393107, 803, 0, 0
65603, 2, 581, 1277, 573, 0, 30.00%, 0, 0, 20, 70.76, 1393465, 803, 0, 0
65609, 2, 581, 1277, 573, 0, 30.00%, 0, 0, 20, 75.91, 1393863, 803, 0, 0
65614, 2, 581, 1277, 573, 0, 30.00%, 0, 0, 20, 77.18, 1394263, 803, 0, 0
65619, 2, 581, 1277, 573, 0, 30.00%, 0, 0, 20, 77.24, 1394661, 803, 0, 0
65624, 2, 581, 1277, 573, 0, 30.00%, 0, 0, 20, 77.52, 1395069, 803, 0, 0
65629, 2, 581, 1278, 574, 0, 30.00%, 0, 0, 20, 77.07, 1395471, 803, 0, 0
65634, 2, 1202, 1278, 573, 0, 30.00%, 0, 0, 20, 62.89, 1395772, 803, 0, 0
65639, 2, 1202, 1278, 573, 0, 30.00%, 0, 0, 20, 59.85, 1396072, 803, 0, 0
65644, 2, 1202, 1278, 573, 0, 30.00%, 0, 0, 20, 59.29, 1396372, 803, 0, 0
65650, 2, 1202, 1278, 573, 0, 30.00%, 0, 0, 20, 59.19, 1396672, 803, 0, 0
65655, 2, 1202, 1278, 573, 0, 30.00%, 0, 0, 20, 58.95, 1396971, 803, 0, 0
65660, 2, 1202, 1278, 573, 0, 30.00%, 0, 0, 20, 59.11, 1397274, 803, 0, 0
65665, 2, 1223, 1278, 572, 0, 30.00%, 0, 0, 20, 58.48, 1397572, 803, 0, 0
65670, 2, 1223, 1278, 572, 0, 30.00%, 0, 0, 20, 58.51, 1397872, 803, 0, 0
65675, 2, 1223, 1278, 572, 0, 30.00%, 0, 0, 20, 58.47, 1398172, 803, 0, 0
65680, 2, 1223, 1278, 572, 0, 30.00%, 0, 0, 20, 58.48, 1398471, 803, 0, 0
65685, 2, 1223, 1278, 572, 0, 30.00%, 0, 0, 20, 58.51, 1398771, 803, 0, 0
65690, 2, 1223, 1278, 572, 0, 30.00%, 0, 0, 20, 58.40, 1399070, 803, 0, 0
65696, 2, 1223, 1278, 572, 0, 30.00%, 0, 0, 20, 58.44, 1399371, 803, 0, 0
65701, 2, 910, 1278, 571, 0, 30.00%, 0, 0, 20, 60.35, 1399677, 803, 0, 0
65706, 2, 910, 1278, 571, 0, 30.00%, 0, 0, 20, 66.72, 1400027, 803, 0, 0
65711, 2, 910, 1278, 571, 0, 30.00%, 0, 0, 20, 68.12, 1400377, 803, 0, 0
65716, 2, 910, 1278, 571, 0, 30.00%, 0, 0, 20, 67.72, 1400726, 803, 0, 0
65721, 2, 910, 1278, 571, 0, 30.00%, 0, 0, 20, 67.40, 1401074, 803, 0, 0
65726, 2, 910, 1278, 571, 0, 30.00%, 0, 0, 20, 65.96, 1401401, 803, 0, 0
65732, 2, 1226, 1278, 570, 0, 30.00%, 0, 0, 20, 60.03, 1401708, 803, 0, 0
65737, 2, 1226, 1278, 570, 0, 30.00%, 0, 0, 20, 52.86, 1401971, 803, 0, 0
65742, 2, 1226, 1278, 570, 0, 30.00%, 0, 0, 20, 51.54, 1402233, 803, 0, 0
65747, 2, 1226, 1278, 570, 0, 30.00%, 0, 0, 20, 51.07, 1402494, 803, 0, 0
65752, 2, 1226, 1278, 570, 0, 30.00%, 0, 0, 20, 52.06, 1402760, 803, 0, 0
65757, 2, 1226, 1278, 570, 0, 30.00%, 0, 0, 20, 52.30, 1403024, 803, 0, 0
65762, 2, 1226, 1278, 570, 0, 30.00%, 0, 0, 20, 57.16, 1403324, 803, 0, 0
65767, 2, 1226, 1278, 570, 0, 30.00%, 0, 0, 20, 57.76, 1403618, 803, 0, 0
65772, 2, 1262, 1278, 569, 0, 30.00%, 0, 0, 20, 56.82, 1403905, 803, 0, 0
65778, 2, 1262, 1278, 569, 0, 30.00%, 0, 0, 20, 55.53, 1404190, 803, 0, 0
65783, 2, 1262, 1278, 569, 0, 30.00%, 0, 0, 20, 55.20, 1404474, 803, 0, 0
65788, 2, 1262, 1278, 569, 0, 30.00%, 0, 0, 20, 55.19, 1404758, 803, 0, 0
65793, 2, 1262, 1278, 569, 0, 30.00%, 0, 0, 20, 55.30, 1405043, 803, 0, 0
65798, 2, 1262, 1278, 569, 0, 30.00%, 0, 0, 20, 55.10, 1405322, 803, 0, 0
65803, 2, 1262, 1278, 569, 0, 30.00%, 0, 0, 20, 55.31, 1405609, 803, 0, 0
65808, 2, 1262, 1278, 569, 0, 30.00%, 0, 0, 20, 55.28, 1405888, 803, 0, 0
65813, 2, 1262, 1280, 571, 0, 30.00%, 0, 0, 20, 54.61, 1406166, 803, 0, 0
65819, 2, 1262, 1280, 571, 0, 30.00%, 0, 0, 20, 54.47, 1406445, 803, 0, 0
65824, 2, 1262, 1281, 572, 0, 30.00%, 0, 0, 20, 54.61, 1406722, 803, 0, 0
65829, 2, 1262, 1283, 574, 0, 30.00%, 0, 0, 20, 54.13, 1406996, 803, 0, 0
65834, 2, 1262, 1283, 574, 0, 30.00%, 0, 0, 20, 54.75, 1407278, 803, 0, 0
65839, 2, 1262, 1283, 574, 0, 30.00%, 0, 0, 20, 54.90, 1407561, 803, 0, 0
65844, 2, 1262, 1283, 574, 0, 30.00%, 0, 0, 20, 54.79, 1407836, 803, 0, 0
65849, 2, 1262, 1283, 574, 0, 30.00%, 0, 0, 20, 53.02, 1408109, 803, 0, 0
65854, 2, 1262, 1283, 574, 0, 30.00%, 0, 0, 20, 54.32, 1408388, 803, 0, 0
65859, 2, 1262, 1284, 575, 0, 30.00%, 0, 0, 20, 54.76, 1408663, 803, 0, 0
65864, 2, 1262, 1285, 576, 0, 30.00%, 0, 0, 20, 55.07, 1408943, 803, 0, 0
65869, 2, 1262, 1288, 579, 0, 30.00%, 0, 0, 20, 54.94, 1409218, 803, 0, 0
65875, 2, 1262, 1288, 579, 0, 30.00%, 0, 0, 20, 54.94, 1409498, 803, 0, 0
65880, 2, 1262, 1288, 579, 0, 30.00%, 0, 0, 20, 55.03, 1409785, 803, 0, 0
65885, 2, 1262, 1288, 579, 0, 30.00%, 0, 0, 20, 55.01, 1410062, 803, 0, 0
65890, 2, 1262, 1289, 580, 0, 30.00%, 0, 0, 20, 55.03, 1410347, 803, 0, 0
65895, 2, 1262, 1289, 580, 0, 30.00%, 0, 0, 20, 54.51, 1410621, 803, 0, 0
65900, 2, 1262, 1289, 580, 0, 30.00%, 0, 0, 20, 53.53, 1410893, 803, 0, 0
65905, 2, 1262, 1291, 582, 0, 30.00%, 0, 0, 20, 54.47, 1411171, 803, 0, 0
65910, 2, 1262, 1291, 582, 0, 30.00%, 0, 0, 20, 53.38, 1411442, 803, 0, 0
65915, 2, 1262, 1292, 583, 0, 30.00%, 0, 0, 20, 54.11, 1411719, 803, 0, 0
65921, 2, 1262, 1292, 583, 0, 30.00%, 0, 0, 20, 54.15, 1412002, 803, 0, 0
65926, 2, 1262, 1293, 584, 0, 30.00%, 0, 0, 20, 54.69, 1412285, 803, 0, 0
65931, 2, 1262, 1293, 584, 0, 30.00%, 0, 0, 20, 52.92, 1412551, 803, 0, 0
65936, 2, 1262, 1293, 584, 0, 30.00%, 0, 0, 20, 54.30, 1412832, 803, 0, 0
65941, 2, 1262, 1294, 585, 0, 30.00%, 0, 0, 20, 54.47, 1413114, 803, 0, 0
65946, 2, 1262, 1294, 585, 0, 30.00%, 0, 0, 20, 54.03, 1413388, 803, 0, 0
65951, 2, 1262, 1294, 585, 0, 30.00%, 0, 0, 20, 54.47, 1413665, 803, 0, 0
65956, 2, 1262, 1295, 586, 0, 30.00%, 0, 0, 20, 53.98, 1413941, 803, 0, 0
65962, 2, 1262, 1295, 586, 0, 30.00%, 0, 0, 20, 53.38, 1414214, 803, 0, 0
65967, 2, 1262, 1295, 586, 0, 30.00%, 0, 0, 20, 54.15, 1414495, 803, 0, 0
65972, 2, 1262, 1295, 586, 0, 30.00%, 0, 0, 20, 54.38, 1414771, 803, 0, 0
65977, 2, 1262, 1295, 586, 0, 30.00%, 0, 0, 20, 54.26, 1415048, 803, 0, 0
65982, 2, 1262, 1295, 586, 0, 30.00%, 0, 0, 20, 54.88, 1415325, 803, 0, 0
65987, 2, 567, 1295, 585, 0, 30.00%, 0, 0, 20, 61.54, 1415632, 803, 0, 0
65992, 2, 567, 1295, 585, 0, 30.00%, 0, 0, 20, 73.61, 1416030, 803, 0, 0
65997, 2, 567, 1295, 585, 0, 30.00%, 0, 0, 20, 75.76, 1416426, 803, 0, 0
66003, 2, 567, 1295, 585, 0, 30.00%, 0, 0, 20, 76.84, 1416826, 803, 0, 0
66010, 2, 567, 1295, 585, 0, 30.00%, 0, 0, 20, 76.92, 1417369, 803, 0, 0
66015, 2, 444, 1295, 584, 0, 30.00%, 0, 0, 20, 89.52, 1417825, 803, 0, 0
66020, 2, 444, 1295, 584, 0, 30.00%, 0, 0, 20, 96.09, 1418336, 803, 0, 0
66025, 2, 1078, 1295, 583, 0, 30.00%, 0, 0, 20, 75.05, 1418721, 803, 0, 0
66030, 2, 1078, 1295, 583, 0, 30.00%, 0, 0, 20, 65.07, 1419046, 803, 0, 0
66036, 2, 1078, 1295, 583, 0, 30.00%, 0, 0, 20, 62.80, 1419370, 803, 0, 0
66041, 2, 1078, 1295, 583, 0, 30.00%, 0, 0, 20, 63.04, 1419695, 803, 0, 0
66046, 2, 1078, 1295, 583, 0, 30.00%, 0, 0, 20, 63.03, 1420013, 803, 0, 0
66051, 2, 1294, 1295, 582, 0, 30.00%, 0, 0, 20, 58.03, 1420318, 803, 0, 0
66056, 2, 1294, 1295, 582, 0, 30.00%, 0, 0, 20, 53.55, 1420590, 803, 0, 0
66061, 2, 1294, 1295, 582, 0, 30.00%, 0, 0, 20, 49.74, 1420842, 803, 0, 0
66066, 2, 1294, 1295, 582, 0, 30.00%, 0, 0, 20, 53.50, 1421123, 803, 0, 0
66071, 2, 1294, 1295, 582, 0, 30.00%, 0, 0, 20, 52.08, 1421382, 803, 0, 0
66077, 2, 1294, 1295, 582, 0, 30.00%, 0, 0, 20, 53.63, 1421657, 803, 0, 0
66082, 2, 1294, 1295, 582, 0, 30.00%, 0, 0, 20, 54.28, 1421934, 803, 0, 0
66087, 2, 1294, 1296, 583, 0, 30.00%, 0, 0, 20, 54.76, 1422238, 803, 0, 0
66092, 2, 1294, 1298, 585, 0, 30.00%, 0, 0, 20, 54.65, 1422523, 803, 0, 0
66097, 2, 1294, 1299, 586, 0, 30.00%, 0, 0, 20, 54.40, 1422795, 803, 0, 0
66102, 2, 1294, 1300, 587, 0, 30.00%, 0, 0, 20, 54.93, 1423080, 803, 0, 0
66108, 2, 1294, 1300, 587, 0, 30.00%, 0, 0, 20, 54.79, 1423360, 803, 0, 0
66113, 2, 1294, 1301, 588, 0, 30.00%, 0, 0, 20, 53.82, 1423637, 803, 0, 0
66118, 2, 1294, 1301, 588, 0, 30.00%, 0, 0, 20, 54.67, 1423912, 803, 0, 0
66123, 2, 1294, 1301, 588, 0, 30.00%, 0, 0, 20, 54.84, 1424196, 803, 0, 0
66128, 2, 1294, 1301, 588, 0, 30.00%, 0, 0, 20, 54.55, 1424473, 803, 0, 0
66133, 2, 1294, 1301, 588, 0, 30.00%, 0, 0, 20, 55.13, 1424760, 803, 0, 0
66138, 2, 1294, 1301, 588, 0, 30.00%, 0, 0, 20, 55.09, 1425037, 803, 0, 0
66143, 2, 1294, 1302, 589, 0, 30.00%, 0, 0, 20, 54.98, 1425318, 803, 0, 0
66149, 2, 1294, 1303, 590, 0, 30.00%, 0, 0, 20, 54.79, 1425602, 803, 0, 0
66154, 2, 1294, 1303, 590, 0, 30.00%, 0, 0, 20, 55.02, 1425882, 803, 0, 0
66159, 2, 1294, 1303, 590, 0, 30.00%, 0, 0, 20, 54.60, 1426162, 803, 0, 0
66164, 2, 1294, 1304, 591, 0, 30.00%, 0, 0, 20, 55.08, 1426442, 803, 0, 0
66169, 2, 1294, 1305, 592, 0, 30.00%, 0, 0, 20, 54.80, 1426723, 803, 0, 0
66174, 2, 1294, 1305, 592, 0, 30.00%, 0, 0, 20, 55.06, 1427002, 803, 0, 0
66179, 2, 1294, 1305, 592, 0, 30.00%, 0, 0, 20, 55.08, 1427281, 803, 0, 0
66184, 2, 1294, 1306, 593, 0, 30.00%, 0, 0, 20, 55.23, 1427559, 803, 0, 0
66189, 2, 1294, 1306, 593, 0, 30.00%, 0, 0, 20, 55.06, 1427838, 803, 0, 0
66194, 2, 1294, 1306, 593, 0, 30.00%, 0, 0, 20, 54.92, 1428118, 803, 0, 0
66199, 2, 1294, 1306, 593, 0, 30.00%, 0, 0, 20, 54.23, 1428394, 803, 0, 0
66204, 2, 1294, 1306, 593, 0, 30.00%, 0, 0, 20, 54.79, 1428670, 803, 0, 0
66210, 2, 1294, 1306, 593, 0, 30.00%, 0, 0, 20, 54.97, 1428949, 803, 0, 0
66215, 2, 1294, 1307, 594, 0, 30.00%, 0, 0, 20, 54.68, 1429226, 803, 0, 0
66220, 2, 1294, 1308, 595, 0, 30.00%, 0, 0, 20, 54.66, 1429507, 803, 0, 0
66225, 2, 1294, 1309, 596, 0, 30.00%, 0, 0, 20, 54.57, 1429779, 803, 0, 0
66230, 2, 1294, 1309, 596, 0, 30.00%, 0, 0, 20, 55.01, 1430066, 803, 0, 0
66235, 2, 1294, 1309, 596, 0, 30.00%, 0, 0, 20, 54.70, 1430347, 803, 0, 0
66240, 2, 1294, 1309, 596, 0, 30.00%, 0, 0, 20, 54.74, 1430631, 803, 0, 0
66245, 2, 1294, 1309, 596, 0, 30.00%, 0, 0, 20, 54.52, 1430912, 803, 0, 0
66251, 2, 1294, 1310, 597, 0, 30.00%, 0, 0, 20, 54.97, 1431194, 803, 0, 0
66256, 2, 1294, 1310, 597, 0, 30.00%, 0, 0, 20, 54.18, 1431472, 803, 0, 0
66261, 2, 1294, 1310, 597, 0, 30.00%, 0, 0, 20, 54.65, 1431751, 803, 0, 0
66266, 2, 675, 1311, 597, 0, 30.00%, 0, 0, 20, 63.81, 1432066, 803, 0, 0
66271, 2, 675, 1311, 597, 0, 30.00%, 0, 0, 20, 74.41, 1432465, 803, 0, 0
66276, 2, 675, 1311, 597, 0, 30.00%, 0, 0, 20, 76.16, 1432862, 803, 0, 0
66281, 2, 675, 1311, 597, 0, 30.00%, 0, 0, 20, 76.89, 1433261, 803, 0, 0
66288, 2, 675, 1311, 597, 0, 30.00%, 0, 0, 20, 76.45, 1433760, 803, 0, 0
66293, 2, 1305, 1311, 596, 0, 30.00%, 0, 0, 20, 64.28, 1434098, 803, 0, 0
66298, 2, 1305, 1311, 596, 0, 30.00%, 0, 0, 20, 56.45, 1434375, 803, 0, 0
66303, 2, 1305, 1311, 596, 0, 30.00%, 0, 0, 20, 55.41, 1434653, 803, 0, 0
66308, 2, 1305, 1311, 596, 0, 30.00%, 0, 0, 20, 55.10, 1434933, 803, 0, 0
66313, 2, 1305, 1311, 596, 0, 30.00%, 0, 0, 20, 53.84, 1435208, 803, 0, 0
66319, 2, 1305, 1311, 596, 0, 30.00%, 0, 0, 20, 54.37, 1435485, 803, 0, 0
66324, 2, 1305, 1311, 596, 0, 30.00%, 0, 0, 20, 54.66, 1435767, 803, 0, 0
66329, 2, 1305, 1311, 596, 0, 30.00%, 0, 0, 20, 55.03, 1436052, 803, 0, 0
66334, 2, 1305, 1311, 596, 0, 30.00%, 0, 0, 20, 55.00, 1436328, 803, 0, 0
66339, 2, 1305, 1312, 597, 0, 30.00%, 0, 0, 21, 54.74, 1436610, 803, 0, 0
66344, 2, 1305, 1315, 600, 0, 30.00%, 0, 0, 21, 54.13, 1436882, 803, 0, 0
66349, 2, 1305, 1315, 600, 0, 30.00%, 0, 0, 21, 54.30, 1437158, 803, 0, 0
66354, 2, 1305, 1315, 600, 0, 30.00%, 0, 0, 21, 54.52, 1437439, 803, 0, 0
66359, 2, 1305, 1315, 600, 0, 30.00%, 0, 0, 21, 54.27, 1437717, 803, 0, 0
66365, 2, 1305, 1315, 600, 0, 30.00%, 0, 0, 21, 53.47, 1437992, 803, 0, 0
66370, 2, 1305, 1315, 600, 0, 30.00%, 0, 0, 21, 53.92, 1438265, 803, 0, 0
66375, 2, 1305, 1315, 600, 0, 30.00%, 0, 0, 21, 54.18, 1438540, 803, 0, 0
66380, 2, 1305, 1315, 600, 0, 30.00%, 0, 0, 21, 54.58, 1438814, 803, 0, 0
66385, 2, 1305, 1315, 600, 0, 30.00%, 0, 0, 21, 54.46, 1439088, 803, 0, 0
66390, 2, 1305, 1315, 600, 0, 30.00%, 0, 0, 21, 54.62, 1439368, 803, 0, 0
66395, 2, 1305, 1315, 600, 0, 30.00%, 0, 0, 21, 53.64, 1439634, 803, 0, 0
66400, 2, 1305, 1315, 600, 0, 30.00%, 0, 0, 21, 54.55, 1439916, 803, 0, 0
66405, 2, 1305, 1315, 600, 0, 30.00%, 0, 0, 21, 54.91, 1440193, 803, 0, 0
66410, 2, 1305, 1315, 600, 0, 30.00%, 0, 0, 21, 54.60, 1440471, 803, 0, 0
66415, 2, 1305, 1315, 600, 0, 30.00%, 0, 0, 21, 53.29, 1440740, 803, 0, 0
66421, 2, 1305, 1315, 600, 0, 30.00%, 0, 0, 21, 54.22, 1441023, 803, 0, 0
66426, 2, 1305, 1315, 600, 0, 30.00%, 0, 0, 21, 53.46, 1441298, 803, 0, 0
66431, 2, 1305, 1315, 600, 0, 30.00%, 0, 0, 21, 54.11, 1441573, 803, 0, 0
66436, 2, 1305, 1315, 600, 0, 30.00%, 0, 0, 21, 54.37, 1441850, 803, 0, 0
66441, 2, 1305, 1316, 601, 0, 30.00%, 0, 0, 21, 54.88, 1442131, 803, 0, 0
66446, 2, 1305, 1316, 601, 0, 30.00%, 0, 0, 21, 54.53, 1442409, 803, 0, 0
66451, 2, 1305, 1316, 601, 0, 30.00%, 0, 0, 21, 52.99, 1442680, 803, 0, 0
66456, 2, 1305, 1316, 601, 0, 30.00%, 0, 0, 21, 52.81, 1442954, 803, 0, 0
66462, 2, 1305, 1317, 602, 0, 30.00%, 0, 0, 21, 53.67, 1443233, 803, 0, 0
66467, 2, 1305, 1317, 602, 0, 30.00%, 0, 0, 21, 54.39, 1443506, 803, 0, 0
66472, 2, 1305, 1317, 602, 0, 30.00%, 0, 0, 21, 53.83, 1443783, 803, 0, 0
66477, 2, 1305, 1318, 603, 0, 30.00%, 0, 0, 21, 53.97, 1444061, 803, 0, 0
66482, 2, 1305, 1318, 603, 0, 30.00%, 0, 0, 21, 54.15, 1444339, 803, 0, 0
66487, 2, 1305, 1318, 603, 0, 30.00%, 0, 0, 21, 54.40, 1444615, 803, 0, 0
66492, 2, 1305, 1318, 603, 0, 30.00%, 0, 0, 21, 54.75, 1444893, 803, 0, 0
66497, 2, 1305, 1318, 603, 0, 30.00%, 0, 0, 21, 54.61, 1445169, 803, 0, 0
66502, 2, 1305, 1318, 603, 0, 30.00%, 0, 0, 21, 54.49, 1445444, 803, 0, 0
66507, 2, 1053, 1318, 602, 0, 30.00%, 0, 0, 21, 57.91, 1445735, 803, 0, 0
66512, 2, 1053, 1318, 602, 0, 30.00%, 0, 0, 21, 65.15, 1446071, 803, 0, 0
66518, 2, 1053, 1318, 602, 0, 30.00%, 0, 0, 21, 66.23, 1446417, 803, 0, 0
66523, 2, 1053, 1318, 602, 0, 30.00%, 0, 0, 21, 66.96, 1446753, 803, 0, 0
66528, 2, 1053, 1318, 602, 0, 30.00%, 0, 0, 21, 66.97, 1447140, 803, 0, 0
66534, 2, 602, 1318, 601, 0, 30.00%, 0, 0, 21, 69.15, 1447495, 803, 0, 0
66539, 2, 602, 1318, 601, 0, 30.00%, 0, 0, 21, 75.14, 1447894, 803, 0, 0
66544, 2, 602, 1318, 601, 0, 30.00%, 0, 0, 21, 76.53, 1448294, 803, 0, 0
66549, 2, 602, 1318, 601, 0, 30.00%, 0, 0, 21, 75.64, 1448671, 803, 0, 0
66554, 2, 602, 1318, 601, 0, 30.00%, 0, 0, 21, 75.93, 1449052, 803, 0, 0
66559, 2, 602, 1318, 601, 0, 30.00%, 0, 0, 21, 76.42, 1449452, 803, 0, 0
66564, 2, 1031, 1318, 600, 0, 30.00%, 0, 0, 21, 66.98, 1449786, 803, 0, 0
66570, 2, 1031, 1318, 600, 0, 30.00%, 0, 0, 21, 64.31, 1450111, 803, 0, 0
66575, 2, 1031, 1318, 600, 0, 30.00%, 0, 0, 21, 63.41, 1450435, 803, 0, 0
66580, 2, 1031, 1318, 600, 0, 30.00%, 0, 0, 21, 64.24, 1450767, 803, 0, 0
66585, 2, 1161, 1318, 599, 0, 30.00%, 0, 0, 21, 62.98, 1451084, 803, 0, 0
66590, 2, 1161, 1318, 599, 0, 30.00%, 0, 0, 21, 61.26, 1451394, 803, 0, 0
66595, 2, 1161, 1318, 599, 0, 30.00%, 0, 0, 21, 60.43, 1451698, 803, 0, 0
66600, 2, 1161, 1318, 599, 0, 30.00%, 0, 0, 21, 61.18, 1452009, 803, 0, 0
66605, 2, 1161, 1318, 599, 0, 30.00%, 0, 0, 21, 61.32, 1452320, 803, 0, 0
66610, 2, 1161, 1318, 599, 0, 30.00%, 0, 0, 21, 60.90, 1452625, 803, 0, 0
66615, 2, 1144, 1318, 598, 0, 30.00%, 0, 0, 21, 61.22, 1452935, 803, 0, 0
66620, 2, 1144, 1318, 598, 0, 30.00%, 0, 0, 21, 61.19, 1453247, 803, 0, 0
66625, 2, 1144, 1318, 598, 0, 30.00%, 0, 0, 21, 61.38, 1453558, 803, 0, 0
66630, 2, 1144, 1318, 598, 0, 30.00%, 0, 0, 21, 61.25, 1453868, 803, 0, 0
66637, 2, 1144, 1318, 598, 0, 30.00%, 0, 0, 21, 60.83, 1454273, 803, 0, 0
66642, 2, 707, 1318, 597, 0, 30.00%, 0, 0, 21, 61.85, 1454586, 803, 0, 0
66647, 2, 707, 1318, 597, 0, 30.00%, 0, 0, 21, 73.82, 1454985, 803, 0, 0
66653, 2, 707, 1318, 597, 0, 30.00%, 0, 0, 21, 75.27, 1455378, 803, 0, 0
66658, 2, 707, 1318, 597, 0, 30.00%, 0, 0, 21, 75.94, 1455773, 803, 0, 0
66663, 2, 707, 1318, 597, 0, 30.00%, 0, 0, 21, 76.17, 1456168, 803, 0, 0
66668, 2, 707, 1318, 597, 0, 30.00%, 0, 0, 21, 76.22, 1456549, 803, 0, 0
66673, 2, 1165, 1318, 596, 0, 30.00%, 0, 0, 21, 64.44, 1456866, 803, 0, 0
66678, 2, 1165, 1318, 596, 0, 30.00%, 0, 0, 21, 61.19, 1457170, 803, 0, 0
66683, 2, 1165, 1318, 596, 0, 30.00%, 0, 0, 21, 60.30, 1457473, 803, 0, 0
66688, 2, 1165, 1318, 596, 0, 30.00%, 0, 0, 21, 59.53, 1457772, 803, 0, 0
66694, 2, 1165, 1318, 596, 0, 30.00%, 0, 0, 21, 60.02, 1458136, 803, 0, 0
66699, 2, 649, 1318, 595, 0, 30.00%, 0, 0, 21, 65.91, 1458458, 803, 0, 0
66704, 2, 649, 1318, 595, 0, 30.00%, 0, 0, 21, 74.11, 1458841, 803, 0, 0
66709, 2, 649, 1318, 595, 0, 30.00%, 0, 0, 21, 75.70, 1459237, 803, 0, 0
66715, 2, 649, 1318, 595, 0, 30.00%, 0, 0, 21, 76.28, 1459633, 803, 0, 0
66722, 2, 649, 1318, 595, 0, 30.00%, 0, 0, 21, 76.60, 1460183, 803, 0, 0
66727, 2, 1065, 1318, 594, 0, 30.00%, 0, 0, 21, 71.42, 1460557, 803, 0, 0
66732, 2, 1065, 1318, 594, 0, 30.00%, 0, 0, 21, 69.04, 1460907, 803, 0, 0
66737, 2, 1065, 1318, 594, 0, 30.00%, 0, 0, 21, 67.97, 1461257, 803, 0, 0
66742, 2, 1065, 1318, 594, 0, 30.00%, 0, 0, 21, 67.73, 1461605, 803, 0, 0
66747, 2, 1065, 1318, 594, 0, 30.00%, 0, 0, 21, 67.59, 1461945, 803, 0, 0
66753, 2, 596, 1318, 593, 0, 30.00%, 0, 0, 21, 72.67, 1462314, 803, 0, 0
66758, 2, 596, 1318, 593, 0, 30.00%, 0, 0, 21, 75.22, 1462711, 803, 0, 0
66763, 2, 596, 1318, 593, 0, 30.00%, 0, 0, 21, 76.02, 1463094, 803, 0, 0
66768, 2, 596, 1318, 593, 0, 30.00%, 0, 0, 21, 76.36, 1463476, 803, 0, 0
66774, 2, 596, 1318, 593, 0, 30.00%, 0, 0, 21, 76.52, 1463980, 803, 0, 0
66780, 2, 658, 1318, 592, 0, 30.00%, 0, 0, 21, 76.71, 1464375, 803, 0, 0
66785, 2, 658, 1318, 592, 0, 30.00%, 0, 0, 21, 76.40, 1464758, 803, 0, 0
66790, 2, 658, 1318, 592, 0, 30.00%, 0, 0, 21, 75.21, 1465148, 803, 0, 0
66795, 2, 658, 1318, 592, 0, 30.00%, 0, 0, 21, 76.32, 1465541, 803, 0, 0
66801, 2, 658, 1318, 592, 0, 30.00%, 0, 0, 21, 75.78, 1465985, 803, 0, 0
66806, 2, 1230, 1318, 591, 0, 30.00%, 0, 0, 21, 65.33, 1466319, 803, 0, 0
66811, 2, 1230, 1318, 591, 0, 30.00%, 0, 0, 21, 58.10, 1466606, 803, 0, 0
66816, 2, 1230, 1318, 591, 0, 30.00%, 0, 0, 21, 56.73, 1466893, 803, 0, 0
66821, 2, 1230, 1318, 591, 0, 30.00%, 0, 0, 21, 56.05, 1467177, 803, 0, 0
66826, 2, 1230, 1318, 591, 0, 30.00%, 0, 0, 21, 56.26, 1467463, 803, 0, 0
66831, 2, 1230, 1318, 591, 0, 30.00%, 0, 0, 21, 55.67, 1467746, 803, 0, 0
66837, 2, 1230, 1318, 591, 0, 30.00%, 0, 0, 21, 56.08, 1468032, 803, 0, 0
66842, 2, 1230, 1318, 591, 0, 30.00%, 0, 0, 21, 55.74, 1468312, 803, 0, 0
66847, 2, 1307, 1318, 590, 0, 30.00%, 0, 0, 21, 55.46, 1468593, 803, 0, 0
66852, 2, 1307, 1318, 590, 0, 30.00%, 0, 0, 21, 54.66, 1468868, 803, 0, 0
66857, 2, 1307, 1318, 590, 0, 30.00%, 0, 0, 21, 54.27, 1469146, 803, 0, 0
66862, 2, 1307, 1318, 590, 0, 30.00%, 0, 0, 21, 54.05, 1469420, 803, 0, 0
66867, 2, 1307, 1318, 590, 0, 30.00%, 0, 0, 21, 54.63, 1469695, 803, 0, 0
66872, 2, 1307, 1318, 590, 0, 30.00%, 0, 0, 21, 55.37, 1469980, 803, 0, 0
66877, 2, 1307, 1318, 590, 0, 30.00%, 0, 0, 21, 54.65, 1470255, 803, 0, 0
66883, 2, 1307, 1318, 590, 0, 30.00%, 0, 0, 21, 54.90, 1470560, 803, 0, 0
66888, 2, 1307, 1318, 590, 0, 30.00%, 0, 0, 21, 54.56, 1470838, 803, 0, 0
66893, 2, 1077, 1318, 589, 0, 30.00%, 0, 0, 21, 62.55, 1471170, 803, 0, 0
66898, 2, 1077, 1318, 589, 0, 30.00%, 0, 0, 21, 64.05, 1471506, 803, 0, 0
66903, 2, 1077, 1318, 589, 0, 30.00%, 0, 0, 21, 64.33, 1471832, 803, 0, 0
66908, 2, 1077, 1318, 589, 0, 30.00%, 0, 0, 21, 63.71, 1472156, 803, 0, 0
66913, 2, 1077, 1318, 589, 0, 30.00%, 0, 0, 21, 64.67, 1472491, 803, 0, 0
66919, 2, 1077, 1318, 589, 0, 30.00%, 0, 0, 21, 64.35, 1472819, 803, 0, 0
66924, 2, 1077, 1318, 589, 0, 30.00%, 0, 0, 21, 64.37, 1473149, 803, 0, 0
66929, 2, 1042, 1318, 588, 0, 30.00%, 0, 0, 21, 65.83, 1473489, 803, 0, 0
66934, 2, 1042, 1318, 588, 0, 30.00%, 0, 0, 21, 66.65, 1473824, 803, 0, 0
66939, 2, 1042, 1318, 588, 0, 30.00%, 0, 0, 21, 65.65, 1474154, 803, 0, 0
66944, 2, 1042, 1318, 588, 0, 30.00%, 0, 0, 21, 66.30, 1474488, 803, 0, 0
66949, 2, 1042, 1318, 588, 0, 30.00%, 0, 0, 21, 66.33, 1474823, 803, 0, 0
66954, 2, 1042, 1318, 588, 0, 30.00%, 0, 0, 21, 66.33, 1475159, 803, 0, 0
66959, 2, 1027, 1318, 587, 0, 30.00%, 0, 0, 21, 65.95, 1475499, 803, 0, 0
66964, 2, 1027, 1318, 587, 0, 30.00%, 0, 0, 21, 68.26, 1475849, 803, 0, 0
66969, 2, 1027, 1318, 587, 0, 30.00%, 0, 0, 21, 66.44, 1476192, 803, 0, 0
66975, 2, 1027, 1318, 587, 0, 30.00%, 0, 0, 21, 68.02, 1476539, 803, 0, 0
66980, 2, 1027, 1318, 587, 0, 30.00%, 0, 0, 21, 67.49, 1476918, 803, 0, 0
66985, 2, 943, 1318, 586, 0, 30.00%, 0, 0, 21, 68.13, 1477267, 803, 0, 0
66990, 2, 943, 1318, 586, 0, 30.00%, 0, 0, 21, 68.52, 1477617, 803, 0, 0
66995, 2, 943, 1318, 586, 0, 30.00%, 0, 0, 21, 68.34, 1477966, 803, 0, 0
67001, 2, 943, 1318, 586, 0, 30.00%, 0, 0, 21, 66.22, 1478307, 803, 0, 0
67006, 2, 943, 1318, 586, 0, 30.00%, 0, 0, 21, 65.45, 1478686, 803, 0, 0
67011, 2, 1129, 1318, 585, 0, 30.00%, 0, 0, 21, 63.77, 1479009, 803, 0, 0
67017, 2, 1129, 1318, 585, 0, 30.00%, 0, 0, 21, 60.57, 1479316, 803, 0, 0
67022, 2, 1129, 1318, 585, 0, 30.00%, 0, 0, 21, 62.14, 1479634, 803, 0, 0
67027, 2, 1129, 1318, 585, 0, 30.00%, 0, 0, 21, 61.98, 1479956, 803, 0, 0
67033, 2, 1129, 1318, 585, 0, 30.00%, 0, 0, 21, 62.45, 1480355, 803, 0, 0
67039, 2, 1122, 1318, 584, 0, 30.00%, 0, 0, 21, 62.93, 1480679, 803, 0, 0
67044, 2, 1122, 1318, 584, 0, 30.00%, 0, 0, 21, 66.37, 1481027, 803, 0, 0
67049, 2, 1122, 1318, 584, 0, 30.00%, 0, 0, 21, 66.49, 1481361, 803, 0, 0
67054, 2, 1122, 1318, 584, 0, 30.00%, 0, 0, 21, 66.82, 1481697, 803, 0, 0
67059, 2, 1122, 1318, 584, 0, 30.00%, 0, 0, 21, 64.91, 1482033, 803, 0, 0
67064, 2, 1122, 1318, 584, 0, 30.00%, 0, 0, 21, 65.91, 1482368, 803, 0, 0
67069, 2, 1122, 1318, 584, 0, 30.00%, 0, 0, 21, 66.05, 1482705, 803, 0, 0
67074, 2, 1242, 1318, 583, 0, 30.00%, 0, 0, 21, 62.26, 1483019, 803, 0, 0
67079, 2, 1313, 1318, 583, 0, 30.00%, 0, 0, 21, 57.29, 1483311, 803, 0, 0
67084, 2, 1313, 1318, 583, 0, 30.00%, 0, 0, 21, 54.90, 1483586, 803, 0, 0
67089, 2, 1313, 1318, 583, 0, 30.00%, 0, 0, 21, 54.35, 1483861, 803, 0, 0
67095, 2, 1313, 1318, 583, 0, 30.00%, 0, 0, 21, 54.55, 1484142, 803, 0, 0
67100, 2, 1313, 1318, 583, 0, 30.00%, 0, 0, 21, 54.35, 1484417, 803, 0, 0
67105, 2, 1313, 1318, 583, 0, 30.00%, 0, 0, 21, 54.30, 1484691, 803, 0, 0
67110, 2, 1313, 1318, 583, 0, 30.00%, 0, 0, 21, 54.40, 1484966, 803, 0, 0
67115, 2, 1313, 1318, 583, 0, 30.00%, 0, 0, 21, 54.30, 1485270, 803, 0, 0
67120, 2, 1313, 1318, 583, 0, 30.00%, 0, 0, 21, 54.58, 1485546, 803, 0, 0
67126, 2, 1164, 1318, 582, 0, 30.00%, 0, 0, 21, 59.56, 1485855, 803, 0, 0
67131, 2, 1164, 1318, 582, 0, 30.00%, 0, 0, 21, 58.86, 1486152, 803, 0, 0
67136, 2, 1164, 1318, 582, 0, 30.00%, 0, 0, 21, 58.88, 1486452, 803, 0, 0
67141, 2, 1164, 1318, 582, 0, 30.00%, 0, 0, 21, 60.54, 1486763, 803, 0, 0
67146, 2, 1164, 1318, 582, 0, 30.00%, 0, 0, 21, 61.02, 1487114, 803, 0, 0
67152, 2, 1281, 1318, 581, 0, 30.00%, 0, 0, 21, 60.93, 1487422, 803, 0, 0
67157, 2, 1281, 1318, 581, 0, 30.00%, 0, 0, 21, 55.75, 1487704, 803, 0, 0
67162, 2, 1281, 1318, 581, 0, 30.00%, 0, 0, 21, 54.51, 1487982, 803, 0, 0
67167, 2, 1281, 1318, 581, 0, 30.00%, 0, 0, 21, 54.16, 1488260, 803, 0, 0
67172, 2, 1281, 1318, 581, 0, 30.00%, 0, 0, 21, 54.61, 1488543, 803, 0, 0
67177, 2, 1281, 1318, 581, 0, 30.00%, 0, 0, 21, 54.74, 1488820, 803, 0, 0
67182, 2, 1281, 1318, 581, 0, 30.00%, 0, 0, 21, 54.93, 1489104, 803, 0, 0
67189, 2, 1281, 1318, 581, 0, 30.00%, 0, 0, 21, 54.97, 1489478, 803, 0, 0
67194, 2, 1281, 1318, 581, 0, 30.00%, 0, 0, 21, 54.53, 1489753, 803, 0, 0
67199, 2, 1309, 1318, 580, 0, 30.00%, 0, 0, 21, 54.43, 1490034, 803, 0, 0
67204, 2, 1309, 1318, 580, 0, 30.00%, 0, 0, 21, 55.37, 1490318, 803, 0, 0
67210, 2, 1309, 1318, 580, 0, 30.00%, 0, 0, 21, 53.72, 1490593, 803, 0, 0
67215, 2, 1309, 1318, 580, 0, 30.00%, 0, 0, 21, 54.23, 1490868, 803, 0, 0
67220, 2, 1309, 1318, 580, 0, 30.00%, 0, 0, 21, 54.41, 1491149, 803, 0, 0
67225, 2, 1309, 1318, 580, 0, 30.00%, 0, 0, 21, 54.91, 1491430, 803, 0, 0
67230, 2, 1309, 1318, 580, 0, 30.00%, 0, 0, 21, 54.78, 1491711, 803, 0, 0
67235, 2, 1309, 1318, 580, 0, 30.00%, 0, 0, 21, 53.51, 1491987, 803, 0, 0
67240, 2, 1279, 1318, 579, 0, 30.00%, 0, 0, 21, 53.30, 1492262, 803, 0, 0
67246, 2, 1279, 1318, 579, 0, 30.00%, 0, 0, 21, 53.46, 1492536, 803, 0, 0
67251, 2, 1279, 1318, 579, 0, 30.00%, 0, 0, 21, 53.28, 1492810, 803, 0, 0
67256, 2, 1279, 1318, 579, 0, 30.00%, 0, 0, 21, 53.45, 1493085, 803, 0, 0
67261, 2, 1279, 1318, 579, 0, 30.00%, 0, 0, 21, 53.79, 1493357, 803, 0, 0
67266, 2, 834, 1318, 578, 0, 30.00%, 0, 0, 21, 58.73, 1493652, 803, 0, 0
67271, 2, 834, 1318, 578, 0, 30.00%, 0, 0, 21, 66.89, 1494002, 803, 0, 0
67276, 2, 834, 1318, 578, 0, 30.00%, 0, 0, 21, 68.45, 1494354, 803, 0, 0
67281, 2, 834, 1318, 578, 0, 30.00%, 0, 0, 21, 67.79, 1494701, 803, 0, 0
67286, 2, 834, 1318, 578, 0, 30.00%, 0, 0, 21, 68.53, 1495051, 803, 0, 0
67291, 2, 940, 1318, 577, 0, 30.00%, 0, 0, 21, 68.58, 1495400, 803, 0, 0
67297, 2, 940, 1318, 577, 0, 30.00%, 0, 0, 21, 67.96, 1495750, 803, 0, 0
67302, 2, 940, 1318, 577, 0, 30.00%, 0, 0, 21, 67.75, 1496096, 803, 0, 0
67307, 2, 940, 1318, 577, 0, 30.00%, 0, 0, 21, 68.04, 1496446, 803, 0, 0
67312, 2, 940, 1318, 577, 0, 30.00%, 0, 0, 21, 68.01, 1496788, 803, 0, 0
67317, 2, 1159, 1318, 576, 0, 30.00%, 0, 0, 21, 66.02, 1497128, 803, 0, 0
67322, 2, 1159, 1318, 576, 0, 30.00%, 0, 0, 21, 60.85, 1497428, 803, 0, 0
67327, 2, 1159, 1318, 576, 0, 30.00%, 0, 0, 21, 58.82, 1497728, 803, 0, 0
67332, 2, 1159, 1318, 576, 0, 30.00%, 0, 0, 21, 59.00, 1498028, 803, 0, 0
67337, 2, 1159, 1318, 576, 0, 30.00%, 0, 0, 21, 59.34, 1498328, 803, 0, 0
67342, 2, 1159, 1318, 576, 0, 30.00%, 0, 0, 21, 58.98, 1498628, 803, 0, 0
67348, 2, 1159, 1318, 576, 0, 30.00%, 0, 0, 21, 58.88, 1498931, 803, 0, 0
67353, 2, 544, 1318, 575, 0, 30.00%, 0, 0, 21, 81.83, 1499338, 803, 0, 0
67358, 2, 544, 1318, 575, 0, 30.00%, 0, 0, 21, 94.87, 1499839, 803, 0, 0
67363, 2, 544, 1318, 575, 0, 30.00%, 0, 0, 21, 97.98, 1500341, 803, 0, 0
67368, 2, 544, 1318, 575, 0, 30.00%, 0, 0, 21, 98.68, 1500841, 803, 0, 0
67373, 2, 544, 1318, 575, 0, 30.00%, 0, 0, 21, 98.57, 1501348, 803, 0, 0
67378, 2, 1250, 1318, 574, 0, 30.00%, 0, 0, 21, 67.16, 1501663, 803, 0, 0
67383, 2, 1250, 1318, 574, 0, 30.00%, 0, 0, 21, 60.03, 1501963, 803, 0, 0
67389, 2, 1250, 1318, 574, 0, 30.00%, 0, 0, 21, 58.44, 1502262, 803, 0, 0
67394, 2, 1250, 1318, 574, 0, 30.00%, 0, 0, 21, 57.70, 1502561, 803, 0, 0
67399, 2, 1250, 1318, 574, 0, 30.00%, 0, 0, 21, 57.34, 1502857, 803, 0, 0
67404, 2, 1250, 1318, 574, 0, 30.00%, 0, 0, 21, 57.43, 1503165, 803, 0, 0
67409, 2, 1010, 1318, 573, 0, 30.00%, 0, 0, 21, 57.83, 1503465, 803, 0, 0
67415, 2, 1296, 1318, 573, 0, 30.00%, 0, 0, 21, 63.76, 1503806, 803, 0, 0
67420, 2, 1296, 1318, 573, 0, 30.00%, 0, 0, 21, 56.89, 1504086, 803, 0, 0
67425, 2, 1296, 1318, 573, 0, 30.00%, 0, 0, 21, 55.10, 1504370, 803, 0, 0
67430, 2, 1296, 1318, 573, 0, 30.00%, 0, 0, 21, 54.92, 1504655, 803, 0, 0
67435, 2, 1296, 1318, 573, 0, 30.00%, 0, 0, 21, 54.78, 1504932, 803, 0, 0
67440, 2, 1296, 1318, 573, 0, 30.00%, 0, 0, 21, 54.96, 1505217, 803, 0, 0
67445, 2, 1296, 1318, 573, 0, 30.00%, 0, 0, 21, 54.20, 1505495, 803, 0, 0
67451, 2, 1296, 1318, 573, 0, 30.00%, 0, 0, 21, 54.64, 1505820, 803, 0, 0
67456, 2, 1296, 1318, 573, 0, 30.00%, 0, 0, 21, 54.48, 1506099, 803, 0, 0
67462, 2, 1195, 1318, 572, 0, 30.00%, 0, 0, 21, 57.16, 1506395, 803, 0, 0
67467, 2, 1195, 1318, 572, 0, 30.00%, 0, 0, 21, 58.11, 1506694, 803, 0, 0
67472, 2, 1195, 1318, 572, 0, 30.00%, 0, 0, 21, 58.03, 1506993, 803, 0, 0
67477, 2, 1195, 1318, 572, 0, 30.00%, 0, 0, 21, 57.17, 1507286, 803, 0, 0
67482, 2, 1195, 1318, 572, 0, 30.00%, 0, 0, 21, 58.25, 1507584, 803, 0, 0
67487, 2, 1195, 1318, 572, 0, 30.00%, 0, 0, 21, 58.21, 1507892, 803, 0, 0
67493, 2, 1195, 1318, 572, 0, 30.00%, 0, 0, 21, 58.10, 1508189, 803, 0, 0
67498, 2, 575, 1318, 571, 0, 30.00%, 0, 0, 21, 73.02, 1508586, 803, 0, 0
67503, 2, 575, 1318, 571, 0, 30.00%, 0, 0, 21, 75.75, 1508982, 803, 0, 0
67508, 2, 575, 1318, 571, 0, 30.00%, 0, 0, 21, 75.62, 1509363, 803, 0, 0
67513, 2, 575, 1318, 571, 0, 30.00%, 0, 0, 21, 76.85, 1509762, 803, 0, 0
67518, 2, 575, 1318, 571, 0, 30.00%, 0, 0, 21, 76.64, 1510146, 803, 0, 0
67523, 2, 1106, 1318, 570, 0, 30.00%, 0, 0, 21, 67.83, 1510492, 803, 0, 0
67528, 2, 1106, 1318, 570, 0, 30.00%, 0, 0, 21, 65.24, 1510817, 803, 0, 0
67533, 2, 1106, 1318, 570, 0, 30.00%, 0, 0, 21, 64.95, 1511154, 803, 0, 0
67539, 2, 1106, 1318, 570, 0, 30.00%, 0, 0, 21, 63.99, 1511477, 803, 0, 0
67544, 2, 1106, 1318, 570, 0, 30.00%, 0, 0, 21, 63.93, 1511809, 803, 0, 0
67549, 2, 1106, 1318, 570, 0, 30.00%, 0, 0, 21, 64.46, 1512140, 803, 0, 0
67554, 2, 1106, 1318, 570, 0, 30.00%, 0, 0, 21, 64.92, 1512475, 803, 0, 0
67559, 2, 773, 1318, 569, 0, 30.00%, 0, 0, 21, 67.61, 1512823, 803, 0, 0
67564, 2, 773, 1318, 569, 0, 30.00%, 0, 0, 21, 68.82, 1513174, 803, 0, 0
67569, 2, 773, 1318, 569, 0, 30.00%, 0, 0, 21, 67.76, 1513518, 803, 0, 0
67574, 2, 773, 1318, 569, 0, 30.00%, 0, 0, 21, 68.87, 1513869, 803, 0, 0
67580, 2, 773, 1318, 569, 0, 30.00%, 0, 0, 21, 68.29, 1514225, 803, 0, 0
67585, 2, 1246, 1318, 568, 0, 30.00%, 0, 0, 21, 63.22, 1514549, 803, 0, 0
67590, 2, 1246, 1318, 568, 0, 30.00%, 0, 0, 21, 59.44, 1514848, 803, 0, 0
67595, 2, 1246, 1318, 568, 0, 30.00%, 0, 0, 21, 58.84, 1515148, 803, 0, 0
67600, 2, 1246, 1318, 568, 0, 30.00%, 0, 0, 21, 58.60, 1515447, 803, 0, 0
67605, 2, 1246, 1318, 568, 0, 30.00%, 0, 0, 21, 58.79, 1515747, 803, 0, 0
67610, 2, 1246, 1318, 568, 0, 30.00%, 0, 0, 21, 58.28, 1516046, 803, 0, 0
67615, 2, 1246, 1318, 568, 0, 30.00%, 0, 0, 21, 58.68, 1516348, 803, 0, 0
67621, 2, 1000, 1318, 567, 0, 30.00%, 0, 0, 21, 63.84, 1516675, 803, 0, 0
67626, 2, 1000, 1318, 567, 0, 30.00%, 0, 0, 21, 66.31, 1517023, 803, 0, 0
67631, 2, 1000, 1318, 567, 0, 30.00%, 0, 0, 21, 67.74, 1517373, 803, 0, 0
67636, 2, 1000, 1318, 567, 0, 30.00%, 0, 0, 21, 67.84, 1517723, 803, 0, 0
67641, 2, 1000, 1318, 567, 0, 30.00%, 0, 0, 21, 67.23, 1518071, 803, 0, 0
67646, 2, 1000, 1318, 567, 0, 30.00%, 0, 0, 21, 67.65, 1518425, 803, 0, 0
67652, 2, 833, 1318, 566, 0, 30.00%, 0, 0, 21, 68.67, 1518779, 803, 0, 0
67657, 2, 833, 1318, 566, 0, 30.00%, 0, 0, 21, 68.92, 1519129, 803, 0, 0
67662, 2, 833, 1318, 566, 0, 30.00%, 0, 0, 21, 69.38, 1519479, 803, 0, 0
67667, 2, 833, 1318, 566, 0, 30.00%, 0, 0, 21, 69.49, 1519829, 803, 0, 0
67672, 2, 833, 1318, 566, 0, 30.00%, 0, 0, 21, 69.62, 1520187, 803, 0, 0
67677, 2, 679, 1318, 565, 0, 30.00%, 0, 0, 21, 72.33, 1520549, 803, 0, 0
67682, 2, 679, 1318, 565, 0, 30.00%, 0, 0, 21, 77.05, 1520949, 803, 0, 0
67687, 2, 679, 1318, 565, 0, 30.00%, 0, 0, 21, 77.54, 1521348, 803, 0, 0
67692, 2, 679, 1318, 565, 0, 30.00%, 0, 0, 21, 78.09, 1521748, 803, 0, 0
67699, 2, 679, 1318, 565, 0, 30.00%, 0, 0, 21, 77.43, 1522280, 803, 0, 0
67705, 2, 285, 1318, 564, 0, 30.00%, 0, 0, 21, 87.60, 1522848, 803, 0, 0
67711, 2, 653, 1318, 563, 0, 30.00%, 0, 0, 21, 83.46, 1523294, 803, 0, 0
67716, 2, 653, 1318, 563, 0, 30.00%, 0, 0, 21, 77.36, 1523691, 803, 0, 0
67721, 2, 653, 1318, 563, 0, 30.00%, 0, 0, 21, 76.39, 1524088, 803, 0, 0
67726, 2, 653, 1318, 563, 0, 30.00%, 0, 0, 21, 76.14, 1524469, 803, 0, 0
67731, 2, 653, 1318, 563, 0, 30.00%, 0, 0, 21, 76.18, 1524865, 803, 0, 0
67736, 2, 653, 1319, 564, 0, 30.00%, 0, 0, 21, 75.10, 1525246, 803, 0, 0
67741, 2, 1138, 1319, 563, 0, 30.00%, 0, 0, 21, 63.90, 1525558, 803, 0, 0
67747, 2, 1138, 1319, 563, 0, 30.00%, 0, 0, 21, 60.17, 1525865, 803, 0, 0
67752, 2, 1138, 1319, 563, 0, 30.00%, 0, 0, 21, 62.20, 1526190, 803, 0, 0
67759, 2, 1138, 1319, 563, 0, 30.00%, 0, 0, 21, 61.61, 1526635, 803, 0, 0
67764, 2, 572, 1319, 562, 0, 30.00%, 0, 0, 21, 68.21, 1526980, 803, 0, 0
67769, 2, 572, 1319, 562, 0, 30.00%, 0, 0, 21, 74.15, 1527359, 803, 0, 0
67774, 2, 572, 1319, 562, 0, 30.00%, 0, 0, 21, 75.58, 1527741, 803, 0, 0
67779, 2, 572, 1319, 562, 0, 30.00%, 0, 0, 21, 75.40, 1528131, 803, 0, 0
67787, 2, 572, 1319, 562, 0, 30.00%, 0, 0, 21, 76.50, 1528682, 803, 0, 0
67792, 2, 513, 1319, 561, 0, 30.00%, 0, 0, 21, 86.64, 1529127, 803, 0, 0
67797, 2, 1310, 1319, 561, 0, 30.00%, 0, 0, 21, 66.89, 1529466, 803, 0, 0
67802, 2, 1310, 1319, 561, 0, 30.00%, 0, 0, 21, 56.60, 1529741, 803, 0, 0
67807, 2, 1310, 1319, 561, 0, 30.00%, 0, 0, 21, 54.57, 1530021, 803, 0, 0
67812, 2, 1310, 1319, 561, 0, 30.00%, 0, 0, 21, 54.95, 1530301, 803, 0, 0
67817, 2, 1310, 1319, 561, 0, 30.00%, 0, 0, 21, 54.88, 1530580, 803, 0, 0
67822, 2, 1310, 1319, 561, 0, 30.00%, 0, 0, 21, 54.76, 1530854, 803, 0, 0
67827, 2, 1310, 1319, 561, 0, 30.00%, 0, 0, 21, 54.47, 1531130, 803, 0, 0
67832, 2, 1310, 1319, 561, 0, 30.00%, 0, 0, 21, 54.06, 1531411, 803, 0, 0
67838, 2, 889, 1319, 560, 0, 30.00%, 0, 0, 21, 57.91, 1531702, 803, 0, 0
67843, 2, 889, 1319, 560, 0, 30.00%, 0, 0, 21, 65.85, 1532052, 803, 0, 0
67848, 2, 889, 1319, 560, 0, 30.00%, 0, 0, 21, 66.52, 1532395, 803, 0, 0
67853, 2, 889, 1319, 560, 0, 30.00%, 0, 0, 21, 67.61, 1532741, 803, 0, 0
67859, 2, 889, 1319, 560, 0, 30.00%, 0, 0, 21, 67.85, 1533127, 803, 0, 0
67864, 2, 661, 1319, 559, 0, 30.00%, 0, 0, 21, 69.26, 1533481, 803, 0, 0
67869, 2, 661, 1319, 559, 0, 30.00%, 0, 0, 21, 74.19, 1533869, 803, 0, 0
67874, 2, 661, 1319, 559, 0, 30.00%, 0, 0, 21, 76.13, 1534267, 803, 0, 0
67879, 2, 661, 1319, 559, 0, 30.00%, 0, 0, 21, 76.74, 1534666, 803, 0, 0
67884, 2, 661, 1319, 559, 0, 30.00%, 0, 0, 21, 76.34, 1535047, 803, 0, 0
67889, 2, 661, 1319, 559, 0, 30.00%, 0, 0, 21, 76.32, 1535437, 803, 0, 0
67895, 2, 510, 1319, 558, 0, 30.00%, 0, 0, 21, 68.55, 1535772, 803, 0, 0
67900, 2, 510, 1319, 558, 0, 30.00%, 0, 0, 21, 90.45, 1536266, 803, 0, 0
67905, 2, 510, 1319, 558, 0, 30.00%, 0, 0, 21, 95.41, 1536764, 803, 0, 0
67910, 2, 510, 1319, 558, 0, 30.00%, 0, 0, 21, 96.46, 1537267, 803, 0, 0
67915, 2, 1229, 1319, 557, 0, 30.00%, 0, 0, 21, 70.79, 1537629, 803, 0, 0
67921, 2, 1229, 1319, 557, 0, 30.00%, 0, 0, 21, 60.32, 1537929, 803, 0, 0
67926, 2, 1229, 1319, 557, 0, 30.00%, 0, 0, 21, 58.19, 1538228, 803, 0, 0
67931, 2, 1229, 1319, 557, 0, 30.00%, 0, 0, 21, 57.92, 1538527, 803, 0, 0
67936, 2, 1229, 1319, 557, 0, 30.00%, 0, 0, 21, 53.80, 1538795, 803, 0, 0
67941, 2, 1229, 1319, 557, 0, 30.00%, 0, 0, 21, 56.36, 1539089, 803, 0, 0
67946, 2, 1229, 1319, 557, 0, 30.00%, 0, 0, 21, 57.79, 1539391, 803, 0, 0
67952, 2, 646, 1319, 556, 0, 30.00%, 0, 0, 21, 69.89, 1539750, 803, 0, 0
67957, 2, 646, 1319, 556, 0, 30.00%, 0, 0, 21, 75.03, 1540146, 803, 0, 0
67962, 2, 646, 1319, 556, 0, 30.00%, 0, 0, 21, 75.77, 1540540, 803, 0, 0
67967, 2, 646, 1319, 556, 0, 30.00%, 0, 0, 21, 75.40, 1540932, 803, 0, 0
67972, 2, 646, 1319, 556, 0, 30.00%, 0, 0, 21, 76.34, 1541331, 803, 0, 0
67977, 2, 1236, 1319, 555, 0, 30.00%, 0, 0, 21, 66.17, 1541680, 803, 0, 0
67983, 2, 1236, 1319, 555, 0, 30.00%, 0, 0, 21, 59.95, 1541979, 803, 0, 0
67988, 2, 1236, 1319, 555, 0, 30.00%, 0, 0, 21, 58.26, 1542277, 803, 0, 0
67993, 2, 1236, 1319, 555, 0, 30.00%, 0, 0, 21, 57.97, 1542577, 803, 0, 0
67998, 2, 1236, 1319, 555, 0, 30.00%, 0, 0, 21, 57.69, 1542876, 803, 0, 0
68003, 2, 1236, 1319, 555, 0, 30.00%, 0, 0, 21, 58.03, 1543174, 803, 0, 0
68008, 2, 1236, 1319, 555, 0, 30.00%, 0, 0, 21, 57.66, 1543467, 803, 0, 0
68013, 2, 801, 1319, 554, 0, 30.00%, 0, 0, 21, 64.54, 1543796, 803, 0, 0
68019, 2, 801, 1319, 554, 0, 30.00%, 0, 0, 21, 68.08, 1544146, 803, 0, 0
68024, 2, 801, 1319, 554, 0, 30.00%, 0, 0, 21, 69.28, 1544500, 803, 0, 0
68029, 2, 801, 1319, 554, 0, 30.00%, 0, 0, 21, 68.77, 1544851, 803, 0, 0
68034, 2, 801, 1319, 554, 0, 30.00%, 0, 0, 21, 68.42, 1545191, 803, 0, 0
68039, 2, 1248, 1319, 553, 0, 30.00%, 0, 0, 21, 63.28, 1545517, 803, 0, 0
68044, 2, 1248, 1319, 553, 0, 30.00%, 0, 0, 21, 58.14, 1545813, 803, 0, 0
68049, 2, 1248, 1319, 553, 0, 30.00%, 0, 0, 21, 57.40, 1546100, 803, 0, 0
68054, 2, 1248, 1319, 553, 0, 30.00%, 0, 0, 21, 58.03, 1546400, 803, 0, 0
68059, 2, 1248, 1319, 553, 0, 30.00%, 0, 0, 21, 58.30, 1546700, 803, 0, 0
68065, 2, 1248, 1319, 553, 0, 30.00%, 0, 0, 21, 57.95, 1546999, 803, 0, 0
68070, 2, 1248, 1319, 553, 0, 30.00%, 0, 0, 21, 56.24, 1547287, 803, 0, 0
68075, 2, 659, 1319, 552, 0, 30.00%, 0, 0, 21, 66.53, 1547626, 803, 0, 0
68080, 2, 659, 1319, 552, 0, 30.00%, 0, 0, 21, 74.23, 1548019, 803, 0, 0
68085, 2, 659, 1319, 552, 0, 30.00%, 0, 0, 21, 76.24, 1548403, 803, 0, 0
68090, 2, 659, 1319, 552, 0, 30.00%, 0, 0, 21, 71.50, 1548777, 803, 0, 0
68097, 2, 659, 1319, 552, 0, 30.00%, 0, 0, 21, 72.74, 1549272, 803, 0, 0
68102, 2, 580, 1319, 551, 0, 30.00%, 0, 0, 21, 75.64, 1549666, 803, 0, 0
68107, 2, 1233, 1319, 551, 0, 30.00%, 0, 0, 21, 61.11, 1549965, 803, 0, 0
68113, 2, 1233, 1319, 551, 0, 30.00%, 0, 0, 21, 58.76, 1550265, 803, 0, 0
68118, 2, 1233, 1319, 551, 0, 30.00%, 0, 0, 21, 57.82, 1550564, 803, 0, 0
68123, 2, 1233, 1319, 551, 0, 30.00%, 0, 0, 21, 57.14, 1550859, 803, 0, 0
68128, 2, 1233, 1319, 551, 0, 30.00%, 0, 0, 21, 57.48, 1551159, 803, 0, 0
68133, 2, 1233, 1319, 551, 0, 30.00%, 0, 0, 21, 58.07, 1551462, 803, 0, 0
68139, 2, 1242, 1319, 550, 0, 30.00%, 0, 0, 21, 58.18, 1551761, 803, 0, 0
68144, 2, 627, 1319, 550, 0, 30.00%, 0, 0, 21, 59.92, 1552065, 803, 0, 0
68149, 2, 627, 1319, 550, 0, 30.00%, 0, 0, 21, 73.50, 1552461, 803, 0, 0
68154, 2, 627, 1319, 550, 0, 30.00%, 0, 0, 21, 75.40, 1552840, 803, 0, 0
68159, 2, 627, 1319, 550, 0, 30.00%, 0, 0, 21, 76.10, 1553234, 803, 0, 0
68164, 2, 627, 1319, 550, 0, 30.00%, 0, 0, 21, 76.81, 1553633, 803, 0, 0
68169, 2, 627, 1319, 550, 0, 30.00%, 0, 0, 21, 76.98, 1554030, 803, 0, 0
68175, 2, 651, 1319, 549, 0, 30.00%, 0, 0, 21, 76.83, 1554429, 803, 0, 0
68180, 2, 651, 1319, 549, 0, 30.00%, 0, 0, 21, 76.68, 1554826, 803, 0, 0
68185, 2, 651, 1319, 549, 0, 30.00%, 0, 0, 21, 76.13, 1555207, 803, 0, 0
68190, 2, 651, 1319, 549, 0, 30.00%, 0, 0, 21, 76.36, 1555602, 803, 0, 0
68195, 2, 651, 1319, 549, 0, 30.00%, 0, 0, 21, 75.81, 1555986, 803, 0, 0
68200, 2, 1241, 1319, 548, 0, 30.00%, 0, 0, 21, 62.59, 1556306, 803, 0, 0
68205, 2, 1241, 1319, 548, 0, 30.00%, 0, 0, 21, 58.58, 1556597, 803, 0, 0
68210, 2, 1241, 1319, 548, 0, 30.00%, 0, 0, 21, 56.74, 1556890, 803, 0, 0
68216, 2, 1241, 1319, 548, 0, 30.00%, 0, 0, 21, 57.61, 1557189, 803, 0, 0
68221, 2, 1241, 1319, 548, 0, 30.00%, 0, 0, 21, 57.32, 1557486, 803, 0, 0
68227, 2, 1241, 1319, 548, 0, 30.00%, 0, 0, 21, 57.13, 1557869, 803, 0, 0
68233, 2, 1204, 1319, 547, 0, 30.00%, 0, 0, 21, 58.09, 1558169, 803, 0, 0
68238, 2, 1204, 1319, 547, 0, 30.00%, 0, 0, 21, 56.69, 1558454, 803, 0, 0
68243, 2, 1204, 1319, 547, 0, 30.00%, 0, 0, 21, 57.77, 1558753, 803, 0, 0
68248, 2, 1204, 1319, 547, 0, 30.00%, 0, 0, 21, 58.11, 1559053, 803, 0, 0
68253, 2, 1204, 1319, 547, 0, 30.00%, 0, 0, 21, 58.49, 1559353, 803, 0, 0
68258, 2, 1204, 1319, 547, 0, 30.00%, 0, 0, 21, 57.81, 1559651, 803, 0, 0
68263, 2, 1204, 1319, 547, 0, 30.00%, 0, 0, 21, 58.12, 1559949, 803, 0, 0
68268, 2, 1204, 1319, 547, 0, 30.00%, 0, 0, 21, 58.29, 1560248, 803, 0, 0
68274, 2, 687, 1319, 546, 0, 30.00%, 0, 0, 21, 72.58, 1560644, 803, 0, 0
68279, 2, 687, 1319, 546, 0, 30.00%, 0, 0, 21, 74.21, 1561020, 803, 0, 0
68284, 2, 687, 1319, 546, 0, 30.00%, 0, 0, 21, 75.53, 1561411, 803, 0, 0
68289, 2, 687, 1319, 546, 0, 30.00%, 0, 0, 21, 75.86, 1561805, 803, 0, 0
68294, 2, 687, 1319, 546, 0, 30.00%, 0, 0, 21, 75.97, 1562197, 803, 0, 0
68299, 2, 1303, 1319, 545, 0, 30.00%, 0, 0, 21, 60.98, 1562494, 803, 0, 0
68304, 2, 1303, 1319, 545, 0, 30.00%, 0, 0, 21, 56.08, 1562773, 803, 0, 0
68310, 2, 1303, 1319, 545, 0, 30.00%, 0, 0, 21, 54.87, 1563058, 803, 0, 0
68315, 2, 1303, 1319, 545, 0, 30.00%, 0, 0, 21, 54.89, 1563337, 803, 0, 0
68320, 2, 1303, 1319, 545, 0, 30.00%, 0, 0, 21, 54.46, 1563612, 803, 0, 0
68325, 2, 1303, 1319, 545, 0, 30.00%, 0, 0, 21, 54.62, 1563888, 803, 0, 0
68330, 2, 1303, 1319, 545, 0, 30.00%, 0, 0, 21, 54.75, 1564173, 803, 0, 0
68335, 2, 1303, 1319, 545, 0, 30.00%, 0, 0, 21, 54.74, 1564452, 803, 0, 0
68340, 2, 597, 1319, 544, 0, 30.00%, 0, 0, 21, 64.70, 1564768, 803, 0, 0
68345, 2, 597, 1319, 544, 0, 30.00%, 0, 0, 21, 73.96, 1565164, 803, 0, 0
68350, 2, 597, 1319, 544, 0, 30.00%, 0, 0, 21, 75.72, 1565545, 803, 0, 0
68355, 2, 597, 1319, 544, 0, 30.00%, 0, 0, 21, 75.13, 1565936, 803, 0, 0
68362, 2, 597, 1319, 544, 0, 30.00%, 0, 0, 21, 76.08, 1566444, 803, 0, 0
68367, 2, 1183, 1319, 543, 0, 30.00%, 0, 0, 21, 66.12, 1566779, 803, 0, 0
68372, 2, 1183, 1319, 543, 0, 30.00%, 0, 0, 21, 58.55, 1567065, 803, 0, 0
68377, 2, 1183, 1319, 543, 0, 30.00%, 0, 0, 21, 56.81, 1567351, 803, 0, 0
68382, 2, 1183, 1319, 543, 0, 30.00%, 0, 0, 21, 54.13, 1567619, 803, 0, 0
68387, 2, 1183, 1319, 543, 0, 30.00%, 0, 0, 21, 52.61, 1567881, 803, 0, 0
68392, 2, 1183, 1319, 543, 0, 30.00%, 0, 0, 21, 54.35, 1568154, 803, 0, 0
68397, 2, 1183, 1319, 543, 0, 30.00%, 0, 0, 21, 56.13, 1568441, 803, 0, 0
68403, 2, 1183, 1319, 543, 0, 30.00%, 0, 0, 21, 56.28, 1568735, 803, 0, 0
68408, 2, 513, 1319, 542, 0, 30.00%, 0, 0, 21, 67.68, 1569062, 803, 0, 0
68413, 2, 1103, 1319, 542, 0, 30.00%, 0, 0, 21, 74.77, 1569485, 803, 0, 0
68418, 2, 1103, 1319, 542, 0, 30.00%, 0, 0, 21, 66.07, 1569809, 803, 0, 0
68423, 2, 1103, 1319, 542, 0, 30.00%, 0, 0, 21, 64.22, 1570133, 803, 0, 0
68430, 2, 1103, 1319, 542, 0, 30.00%, 0, 0, 21, 64.29, 1570555, 803, 0, 0
68435, 2, 1219, 1319, 541, 0, 30.00%, 0, 0, 21, 63.49, 1570879, 803, 0, 0
68440, 2, 1219, 1319, 541, 0, 30.00%, 0, 0, 21, 58.66, 1571166, 803, 0, 0
68445, 2, 1219, 1319, 541, 0, 30.00%, 0, 0, 21, 57.55, 1571453, 803, 0, 0
68450, 2, 1219, 1319, 541, 0, 30.00%, 0, 0, 21, 57.93, 1571753, 803, 0, 0
68455, 2, 1219, 1319, 541, 0, 30.00%, 0, 0, 21, 57.64, 1572051, 803, 0, 0
68460, 2, 1219, 1319, 541, 0, 30.00%, 0, 0, 21, 57.40, 1572337, 803, 0, 0
68465, 2, 1219, 1319, 541, 0, 30.00%, 0, 0, 21, 57.51, 1572634, 803, 0, 0
68470, 2, 1219, 1319, 541, 0, 30.00%, 0, 0, 21, 56.96, 1572918, 803, 0, 0
68475, 2, 1297, 1319, 540, 0, 30.00%, 0, 0, 21, 54.86, 1573192, 803, 0, 0
68480, 2, 1297, 1319, 540, 0, 30.00%, 0, 0, 21, 54.24, 1573467, 803, 0, 0
68485, 2, 1297, 1319, 540, 0, 30.00%, 0, 0, 21, 54.84, 1573743, 803, 0, 0
68490, 2, 1297, 1319, 540, 0, 30.00%, 0, 0, 21, 54.21, 1574015, 803, 0, 0
68495, 2, 1297, 1319, 540, 0, 30.00%, 0, 0, 21, 54.03, 1574289, 803, 0, 0
68500, 2, 1297, 1319, 540, 0, 30.00%, 0, 0, 21, 54.19, 1574564, 803, 0, 0
68506, 2, 1297, 1319, 540, 0, 30.00%, 0, 0, 21, 54.40, 1574839, 803, 0, 0
68511, 2, 1297, 1319, 540, 0, 30.00%, 0, 0, 21, 54.17, 1575116, 803, 0, 0
68516, 2, 1239, 1319, 539, 0, 30.00%, 0, 0, 21, 56.30, 1575406, 803, 0, 0
68521, 2, 1239, 1319, 539, 0, 30.00%, 0, 0, 21, 57.99, 1575706, 803, 0, 0
68526, 2, 1239, 1319, 539, 0, 30.00%, 0, 0, 21, 57.52, 1576005, 803, 0, 0
68531, 2, 1239, 1319, 539, 0, 30.00%, 0, 0, 21, 57.98, 1576305, 803, 0, 0
68536, 2, 1239, 1319, 539, 0, 30.00%, 0, 0, 21, 58.36, 1576605, 803, 0, 0
68542, 2, 1239, 1319, 539, 0, 30.00%, 0, 0, 21, 57.29, 1576902, 803, 0, 0
68547, 2, 1239, 1319, 539, 0, 30.00%, 0, 0, 21, 57.95, 1577201, 803, 0, 0
68552, 2, 619, 1319, 538, 0, 30.00%, 0, 0, 21, 66.74, 1577538, 803, 0, 0
68557, 2, 619, 1319, 538, 0, 30.00%, 0, 0, 21, 74.66, 1577935, 803, 0, 0
68562, 2, 619, 1319, 538, 0, 30.00%, 0, 0, 21, 75.99, 1578332, 803, 0, 0
68567, 2, 619, 1319, 538, 0, 30.00%, 0, 0, 21, 76.57, 1578715, 803, 0, 0
68574, 2, 619, 1319, 538, 0, 30.00%, 0, 0, 21, 76.26, 1579202, 803, 0, 0
68579, 2, 619, 1320, 539, 0, 30.00%, 0, 0, 21, 76.46, 1579600, 803, 0, 0
68584, 2, 1168, 1320, 538, 0, 30.00%, 0, 0, 21, 63.29, 1579910, 803, 0, 0
68589, 2, 1168, 1320, 538, 0, 30.00%, 0, 0, 21, 60.42, 1580213, 803, 0, 0
68594, 2, 1168, 1320, 538, 0, 30.00%, 0, 0, 21, 59.84, 1580524, 803, 0, 0
68599, 2, 1168, 1320, 538, 0, 30.00%, 0, 0, 21, 59.66, 1580828, 803, 0, 0
68605, 2, 1168, 1320, 538, 0, 30.00%, 0, 0, 21, 59.71, 1581135, 803, 0, 0
68610, 2, 1168, 1320, 538, 0, 30.00%, 0, 0, 21, 59.55, 1581441, 803, 0, 0
68615, 2, 1258, 1320, 537, 0, 30.00%, 0, 0, 21, 85.05, 1581907, 803, 0, 0
68620, 2, 1258, 1320, 537, 0, 30.00%, 0, 0, 21, 62.28, 1582193, 803, 0, 0
68625, 2, 1258, 1320, 537, 0, 30.00%, 0, 0, 21, 57.75, 1582481, 803, 0, 0
68630, 2, 1258, 1320, 537, 0, 30.00%, 0, 0, 21, 56.89, 1582767, 803, 0, 0
68635, 2, 1258, 1320, 537, 0, 30.00%, 0, 0, 21, 55.49, 1583050, 803, 0, 0
68640, 2, 1258, 1320, 537, 0, 30.00%, 0, 0, 21, 55.78, 1583337, 803, 0, 0
68645, 2, 1258, 1320, 537, 0, 30.00%, 0, 0, 21, 56.32, 1583624, 803, 0, 0
68650, 2, 1258, 1320, 537, 0, 30.00%, 0, 0, 21, 56.42, 1583912, 803, 0, 0
68656, 2, 1080, 1320, 536, 0, 30.00%, 0, 0, 21, 57.13, 1584200, 803, 0, 0
68661, 2, 1080, 1320, 536, 0, 30.00%, 0, 0, 21, 62.18, 1584524, 803, 0, 0
68666, 2, 1080, 1320, 536, 0, 30.00%, 0, 0, 21, 63.33, 1584848, 803, 0, 0
68671, 2, 1080, 1320, 536, 0, 30.00%, 0, 0, 21, 63.33, 1585171, 803, 0, 0
68676, 2, 1080, 1320, 536, 0, 30.00%, 0, 0, 21, 62.81, 1585497, 803, 0, 0
68681, 2, 895, 1320, 535, 0, 30.00%, 0, 0, 21, 66.06, 1585835, 803, 0, 0
68686, 2, 895, 1320, 535, 0, 30.00%, 0, 0, 21, 68.15, 1586185, 803, 0, 0
68691, 2, 895, 1320, 535, 0, 30.00%, 0, 0, 21, 68.39, 1586533, 803, 0, 0
68696, 2, 895, 1320, 535, 0, 30.00%, 0, 0, 21, 68.68, 1586884, 803, 0, 0
68702, 2, 895, 1320, 535, 0, 30.00%, 0, 0, 21, 68.47, 1587236, 803, 0, 0
68707, 2, 925, 1320, 534, 0, 30.00%, 0, 0, 21, 68.21, 1587584, 803, 0, 0
68712, 2, 925, 1320, 534, 0, 30.00%, 0, 0, 21, 68.97, 1587935, 803, 0, 0
68717, 2, 925, 1320, 534, 0, 30.00%, 0, 0, 21, 67.74, 1588283, 803, 0, 0
68722, 2, 925, 1320, 534, 0, 30.00%, 0, 0, 21, 67.99, 1588630, 803, 0, 0
68727, 2, 925, 1320, 534, 0, 30.00%, 0, 0, 21, 67.77, 1588982, 803, 0, 0
68732, 2, 553, 1320, 533, 0, 30.00%, 0, 0, 21, 76.25, 1589357, 803, 0, 0
68737, 2, 1221, 1320, 533, 0, 30.00%, 0, 0, 21, 64.58, 1589694, 803, 0, 0
68743, 2, 1221, 1320, 533, 0, 30.00%, 0, 0, 21, 59.18, 1589993, 803, 0, 0
68748, 2, 1221, 1320, 533, 0, 30.00%, 0, 0, 21, 58.39, 1590293, 803, 0, 0
68753, 2, 1221, 1320, 533, 0, 30.00%, 0, 0, 21, 57.75, 1590591, 803, 0, 0
68758, 2, 1221, 1320, 533, 0, 30.00%, 0, 0, 21, 56.87, 1590887, 803, 0, 0
68764, 2, 1221, 1320, 533, 0, 30.00%, 0, 0, 21, 57.60, 1591234, 803, 0, 0
68769, 2, 1192, 1320, 532, 0, 30.00%, 0, 0, 21, 57.98, 1591534, 803, 0, 0
68774, 2, 1192, 1320, 532, 0, 30.00%, 0, 0, 21, 73.05, 1591933, 803, 0, 0
68780, 2, 1192, 1320, 532, 0, 30.00%, 0, 0, 21, 75.85, 1592332, 803, 0, 0
68785, 2, 1192, 1320, 532, 0, 30.00%, 0, 0, 21, 76.43, 1592728, 803, 0, 0
68790, 2, 1192, 1320, 532, 0, 30.00%, 0, 0, 21, 76.68, 1593126, 803, 0, 0
68795, 2, 1192, 1320, 532, 0, 30.00%, 0, 0, 21, 74.54, 1593507, 803, 0, 0
68800, 2, 1232, 1320, 531, 0, 30.00%, 0, 0, 21, 63.05, 1593831, 803, 0, 0
68805, 2, 1232, 1320, 531, 0, 30.00%, 0, 0, 21, 58.92, 1594131, 803, 0, 0
68810, 2, 1232, 1320, 531, 0, 30.00%, 0, 0, 21, 56.47, 1594411, 803, 0, 0
68816, 2, 1232, 1320, 531, 0, 30.00%, 0, 0, 21, 57.14, 1594709, 803, 0, 0
68821, 2, 1232, 1320, 531, 0, 30.00%, 0, 0, 21, 58.00, 1595008, 803, 0, 0
68826, 2, 1232, 1320, 531, 0, 30.00%, 0, 0, 21, 57.76, 1595307, 803, 0, 0
68831, 2, 1232, 1320, 531, 0, 30.00%, 0, 0, 21, 57.61, 1595602, 803, 0, 0
68836, 2, 1231, 1320, 530, 0, 30.00%, 0, 0, 21, 58.02, 1595899, 803, 0, 0
68841, 2, 1231, 1320, 530, 0, 30.00%, 0, 0, 21, 57.85, 1596198, 803, 0, 0
68846, 2, 1231, 1320, 530, 0, 30.00%, 0, 0, 21, 58.28, 1596498, 803, 0, 0
68852, 2, 1231, 1320, 530, 0, 30.00%, 0, 0, 21, 57.67, 1596795, 803, 0, 0
68857, 2, 1231, 1320, 530, 0, 30.00%, 0, 0, 21, 58.16, 1597094, 803, 0, 0
68864, 2, 1231, 1320, 530, 0, 30.00%, 0, 0, 21, 57.88, 1597499, 803, 0, 0
68869, 2, 1231, 1320, 530, 0, 30.00%, 0, 0, 21, 56.25, 1597779, 803, 0, 0
68874, 2, 1300, 1320, 529, 0, 30.00%, 0, 0, 21, 54.74, 1598051, 803, 0, 0
68879, 2, 1300, 1320, 529, 0, 30.00%, 0, 0, 21, 54.90, 1598329, 803, 0, 0
68884, 2, 1300, 1320, 529, 0, 30.00%, 0, 0, 21, 54.81, 1598605, 803, 0, 0
68889, 2, 1300, 1320, 529, 0, 30.00%, 0, 0, 21, 54.56, 1598881, 803, 0, 0
68894, 2, 1300, 1320, 529, 0, 30.00%, 0, 0, 21, 54.78, 1599165, 803, 0, 0
68899, 2, 1300, 1320, 529, 0, 30.00%, 0, 0, 21, 54.77, 1599445, 803, 0, 0
68904, 2, 1300, 1320, 529, 0, 30.00%, 0, 0, 21, 54.37, 1599719, 803, 0, 0
68909, 2, 1300, 1320, 529, 0, 30.00%, 0, 0, 21, 54.75, 1599996, 803, 0, 0
68914, 2, 584, 1320, 528, 0, 30.00%, 0, 0, 21, 66.26, 1600325, 803, 0, 0
68920, 2, 584, 1320, 528, 0, 30.00%, 0, 0, 21, 74.73, 1600724, 803, 0, 0
68925, 2, 584, 1320, 528, 0, 30.00%, 0, 0, 21, 76.70, 1601124, 803, 0, 0
68930, 2, 584, 1320, 528, 0, 30.00%, 0, 0, 21, 74.93, 1601500, 803, 0, 0
68936, 2, 584, 1320, 528, 0, 30.00%, 0, 0, 21, 75.94, 1601978, 803, 0, 0
68941, 2, 1141, 1320, 527, 0, 30.00%, 0, 0, 21, 68.70, 1602340, 803, 0, 0
68947, 2, 1141, 1320, 527, 0, 30.00%, 0, 0, 21, 62.98, 1602662, 803, 0, 0
68952, 2, 1141, 1320, 527, 0, 30.00%, 0, 0, 21, 62.19, 1602973, 803, 0, 0
68957, 2, 1141, 1320, 527, 0, 30.00%, 0, 0, 21, 62.30, 1603296, 803, 0, 0
68962, 2, 1141, 1320, 527, 0, 30.00%, 0, 0, 21, 62.29, 1603615, 803, 0, 0
68967, 2, 586, 1320, 526, 0, 30.00%, 0, 0, 21, 67.11, 1603959, 803, 0, 0
68972, 2, 586, 1320, 526, 0, 30.00%, 0, 0, 21, 74.64, 1604342, 803, 0, 0
68977, 2, 586, 1320, 526, 0, 30.00%, 0, 0, 21, 76.29, 1604741, 803, 0, 0
68982, 2, 586, 1320, 526, 0, 30.00%, 0, 0, 21, 76.59, 1605124, 803, 0, 0
68987, 2, 586, 1320, 526, 0, 30.00%, 0, 0, 21, 76.48, 1605507, 803, 0, 0
68992, 2, 568, 1321, 526, 0, 30.00%, 0, 0, 21, 76.75, 1605891, 803, 0, 0
68997, 2, 568, 1321, 526, 0, 30.00%, 0, 0, 21, 76.19, 1606273, 803, 0, 0
69002, 2, 568, 1321, 526, 0, 30.00%, 0, 0, 21, 76.68, 1606657, 803, 0, 0
69008, 2, 568, 1321, 526, 0, 30.00%, 0, 0, 21, 76.52, 1607054, 803, 0, 0
69013, 2, 568, 1321, 526, 0, 30.00%, 0, 0, 21, 75.30, 1607446, 803, 0, 0
69018, 2, 568, 1321, 526, 0, 30.00%, 0, 0, 21, 76.29, 1607830, 803, 0, 0
69023, 2, 684, 1321, 525, 0, 30.00%, 0, 0, 21, 71.80, 1608185, 803, 0, 0
69028, 2, 684, 1321, 525, 0, 30.00%, 0, 0, 21, 74.16, 1608574, 803, 0, 0
69033, 2, 684, 1321, 525, 0, 30.00%, 0, 0, 21, 76.25, 1608972, 803, 0, 0
69038, 2, 684, 1321, 525, 0, 30.00%, 0, 0, 21, 75.84, 1609366, 803, 0, 0
69044, 2, 684, 1321, 525, 0, 30.00%, 0, 0, 21, 76.90, 1609766, 803, 0, 0
69049, 2, 668, 1321, 524, 0, 30.00%, 0, 0, 21, 75.87, 1610161, 803, 0, 0
69054, 2, 668, 1321, 524, 0, 30.00%, 0, 0, 21, 76.56, 1610560, 803, 0, 0
69059, 2, 668, 1321, 524, 0, 30.00%, 0, 0, 21, 76.55, 1610943, 803, 0, 0
69064, 2, 668, 1321, 524, 0, 30.00%, 0, 0, 21, 76.11, 1611324, 803, 0, 0
69069, 2, 668, 1321, 524, 0, 30.00%, 0, 0, 21, 74.68, 1611698, 803, 0, 0
69074, 2, 668, 1321, 524, 0, 30.00%, 0, 0, 21, 75.87, 1612091, 803, 0, 0
69079, 2, 1123, 1321, 523, 0, 30.00%, 0, 0, 21, 73.57, 1612477, 803, 0, 0
69084, 2, 1123, 1321, 523, 0, 30.00%, 0, 0, 21, 66.72, 1612803, 803, 0, 0
69089, 2, 1123, 1321, 523, 0, 30.00%, 0, 0, 21, 64.89, 1613133, 803, 0, 0
69095, 2, 1123, 1321, 523, 0, 30.00%, 0, 0, 21, 65.09, 1613471, 803, 0, 0
69100, 2, 1123, 1321, 523, 0, 30.00%, 0, 0, 21, 64.80, 1613798, 803, 0, 0
69105, 2, 1123, 1322, 524, 0, 30.00%, 0, 0, 21, 65.42, 1614129, 803, 0, 0
69110, 2, 1123, 1323, 525, 0, 30.00%, 0, 0, 21, 65.12, 1614464, 803, 0, 0
69115, 2, 1123, 1323, 525, 0, 30.00%, 0, 0, 21, 64.53, 1614797, 803, 0, 0
69120, 2, 569, 1323, 524, 0, 30.00%, 0, 0, 21, 80.26, 1615224, 803, 0, 0
69125, 2, 569, 1323, 524, 0, 30.00%, 0, 0, 21, 77.60, 1615624, 803, 0, 0
69131, 2, 569, 1323, 524, 0, 30.00%, 0, 0, 21, 76.93, 1616023, 803, 0, 0
69136, 2, 569, 1323, 524, 0, 30.00%, 0, 0, 21, 77.06, 1616423, 803, 0, 0
69142, 2, 569, 1323, 524, 0, 30.00%, 0, 0, 21, 76.58, 1616909, 803, 0, 0
69147, 2, 1269, 1323, 523, 0, 30.00%, 0, 0, 21, 65.32, 1617242, 803, 0, 0
69152, 2, 1269, 1323, 523, 0, 30.00%, 0, 0, 21, 56.64, 1617519, 803, 0, 0
69157, 2, 1269, 1323, 523, 0, 30.00%, 0, 0, 21, 55.00, 1617800, 803, 0, 0
69163, 2, 1269, 1323, 523, 0, 30.00%, 0, 0, 21, 54.57, 1618077, 803, 0, 0
69168, 2, 1269, 1323, 523, 0, 30.00%, 0, 0, 21, 54.12, 1618353, 803, 0, 0
69173, 2, 875, 1323, 522, 0, 30.00%, 0, 0, 21, 59.90, 1618650, 803, 0, 0
69178, 2, 875, 1323, 522, 0, 30.00%, 0, 0, 21, 66.61, 1619000, 803, 0, 0
69183, 2, 875, 1323, 522, 0, 30.00%, 0, 0, 21, 68.56, 1619350, 803, 0, 0
69188, 2, 875, 1323, 522, 0, 30.00%, 0, 0, 21, 68.41, 1619698, 803, 0, 0
69193, 2, 875, 1323, 522, 0, 30.00%, 0, 0, 21, 68.30, 1620049, 803, 0, 0
69198, 2, 1293, 1323, 521, 0, 30.00%, 0, 0, 21, 64.52, 1620388, 803, 0, 0
69203, 2, 1293, 1323, 521, 0, 30.00%, 0, 0, 21, 56.36, 1620663, 803, 0, 0
69209, 2, 1293, 1323, 521, 0, 30.00%, 0, 0, 21, 55.00, 1620945, 803, 0, 0
69214, 2, 1293, 1323, 521, 0, 30.00%, 0, 0, 21, 55.26, 1621229, 803, 0, 0
69219, 2, 1293, 1323, 521, 0, 30.00%, 0, 0, 21, 54.73, 1621511, 803, 0, 0
69224, 2, 1293, 1323, 521, 0, 30.00%, 0, 0, 21, 55.15, 1621793, 803, 0, 0
69229, 2, 1293, 1323, 521, 0, 30.00%, 0, 0, 21, 54.98, 1622073, 803, 0, 0
69235, 2, 1293, 1323, 521, 0, 30.00%, 0, 0, 21, 55.02, 1622387, 803, 0, 0
69240, 2, 1293, 1323, 521, 0, 30.00%, 0, 0, 21, 54.52, 1622669, 803, 0, 0
69245, 2, 748, 1323, 520, 0, 30.00%, 0, 0, 21, 79.13, 1623124, 803, 0, 0
69250, 2, 748, 1323, 520, 0, 30.00%, 0, 0, 21, 77.47, 1623523, 803, 0, 0
69256, 2, 748, 1323, 520, 0, 30.00%, 0, 0, 21, 77.06, 1623922, 803, 0, 0
69261, 2, 748, 1323, 520, 0, 30.00%, 0, 0, 21, 75.05, 1624310, 803, 0, 0
69267, 2, 748, 1323, 520, 0, 30.00%, 0, 0, 21, 76.61, 1624805, 803, 0, 0
69272, 2, 553, 1323, 519, 0, 30.00%, 0, 0, 21, 83.14, 1625226, 803, 0, 0
69278, 2, 1321, 1323, 519, 0, 30.00%, 0, 0, 21, 74.86, 1625617, 803, 0, 0
69283, 2, 1321, 1323, 519, 0, 30.00%, 0, 0, 21, 72.48, 1625976, 803, 0, 0
69288, 2, 1321, 1323, 519, 0, 30.00%, 0, 0, 21, 71.58, 1626334, 803, 0, 0
69293, 2, 1321, 1328, 524, 0, 30.00%, 0, 0, 21, 70.91, 1626696, 803, 0, 0
69298, 2, 1321, 1331, 527, 0, 30.00%, 0, 0, 21, 70.34, 1627056, 803, 0, 0
69303, 2, 1321, 1335, 531, 0, 30.00%, 0, 0, 21, 70.48, 1627423, 803, 0, 0
69308, 2, 1321, 1339, 535, 0, 30.00%, 0, 0, 21, 71.10, 1627782, 803, 0, 0
69313, 2, 1321, 1339, 535, 0, 30.00%, 0, 0, 21, 71.65, 1628142, 803, 0, 0
69318, 2, 1321, 1339, 535, 0, 30.00%, 0, 0, 21, 71.58, 1628500, 803, 0, 0
69323, 2, 1321, 1339, 535, 0, 30.00%, 0, 0, 21, 71.00, 1628857, 803, 0, 0
69328, 2, 1321, 1340, 536, 0, 30.00%, 0, 0, 21, 70.91, 1629215, 803, 0, 0
69333, 2, 1321, 1341, 537, 0, 30.00%, 0, 0, 21, 71.22, 1629578, 803, 0, 0
69338, 2, 1321, 1341, 537, 0, 30.00%, 0, 0, 21, 71.17, 1629936, 803, 0, 0
69343, 2, 1321, 1341, 537, 0, 30.00%, 0, 0, 21, 70.16, 1630284, 803, 0, 0
69348, 2, 1321, 1341, 537, 0, 30.00%, 0, 0, 21, 71.43, 1630658, 803, 0, 0
69353, 2, 1321, 1341, 537, 0, 30.00%, 0, 0, 21, 71.48, 1631016, 803, 0, 0
69359, 2, 1321, 1341, 537, 0, 30.00%, 0, 0, 21, 70.89, 1631384, 803, 0, 0
69364, 2, 1321, 1341, 537, 0, 30.00%, 0, 0, 21, 71.41, 1631744, 803, 0, 0
69369, 2, 1321, 1341, 537, 0, 30.00%, 0, 0, 21, 71.31, 1632114, 803, 0, 0
69374, 2, 1321, 1341, 537, 0, 30.00%, 0, 0, 21, 71.73, 1632474, 803, 0, 0
69379, 2, 1321, 1341, 537, 0, 30.00%, 0, 0, 21, 71.53, 1632847, 803, 0, 0
69384, 2, 1321, 1341, 537, 0, 30.00%, 0, 0, 21, 71.03, 1633204, 803, 0, 0
69389, 2, 1321, 1341, 537, 0, 30.00%, 0, 0, 21, 71.22, 1633562, 803, 0, 0
69394, 2, 1321, 1341, 537, 0, 30.00%, 0, 0, 21, 71.11, 1633921, 803, 0, 0
69399, 2, 1321, 1341, 537, 0, 30.00%, 0, 0, 21, 71.18, 1634277, 803, 0, 0
69404, 2, 1321, 1341, 537, 0, 30.00%, 0, 0, 21, 71.57, 1634637, 803, 0, 0
69409, 2, 1321, 1341, 537, 0, 30.00%, 0, 0, 21, 71.29, 1634993, 803, 0, 0
69414, 2, 1321, 1341, 537, 0, 30.00%, 0, 0, 21, 71.15, 1635351, 803, 0, 0
69420, 2, 1321, 1341, 537, 0, 30.00%, 0, 0, 21, 70.93, 1635721, 803, 0, 0
69425, 2, 1321, 1341, 537, 0, 30.00%, 0, 0, 21, 71.50, 1636080, 803, 0, 0
69430, 2, 1201, 1341, 536, 0, 30.00%, 0, 0, 21, 65.16, 1636420, 803, 0, 0
69435, 2, 1201, 1341, 536, 0, 30.00%, 0, 0, 21, 59.89, 1636720, 803, 0, 0
69440, 2, 1201, 1341, 536, 0, 30.00%, 0, 0, 21, 58.44, 1637020, 803, 0, 0
69445, 2, 1201, 1341, 536, 0, 30.00%, 0, 0, 21, 57.82, 1637317, 803, 0, 0
69450, 2, 1201, 1341, 536, 0, 30.00%, 0, 0, 21, 57.99, 1637617, 803, 0, 0
69455, 2, 1201, 1341, 536, 0, 30.00%, 0, 0, 21, 57.67, 1637915, 803, 0, 0
69461, 2, 1201, 1341, 536, 0, 30.00%, 0, 0, 21, 58.20, 1638218, 803, 0, 0
69466, 2, 1260, 1341, 535, 0, 30.00%, 0, 0, 21, 57.00, 1638503, 803, 0, 0
69471, 2, 1260, 1341, 535, 0, 30.00%, 0, 0, 21, 56.24, 1638789, 803, 0, 0
69476, 2, 1260, 1341, 535, 0, 30.00%, 0, 0, 21, 56.09, 1639076, 803, 0, 0
69481, 2, 1260, 1341, 535, 0, 30.00%, 0, 0, 21, 53.67, 1639343, 803, 0, 0
69486, 2, 1260, 1341, 535, 0, 30.00%, 0, 0, 21, 54.50, 1639622, 803, 0, 0
69491, 2, 1260, 1341, 535, 0, 30.00%, 0, 0, 21, 55.82, 1639907, 803, 0, 0
69496, 2, 1260, 1341, 535, 0, 30.00%, 0, 0, 21, 55.95, 1640194, 803, 0, 0
69501, 2, 1260, 1341, 535, 0, 30.00%, 0, 0, 21, 55.57, 1640477, 803, 0, 0
69506, 2, 257, 1341, 534, 0, 30.00%, 0, 0, 21, 61.60, 1640844, 803, 0, 0
69511, 2, 937, 1341, 534, 0, 30.00%, 0, 0, 21, 72.68, 1641253, 803, 0, 0
69516, 2, 937, 1341, 534, 0, 30.00%, 0, 0, 21, 69.33, 1641603, 803, 0, 0
69521, 2, 937, 1341, 534, 0, 30.00%, 0, 0, 21, 67.22, 1641936, 803, 0, 0
69527, 2, 937, 1341, 534, 0, 30.00%, 0, 0, 21, 67.15, 1642283, 803, 0, 0
69532, 2, 937, 1341, 534, 0, 30.00%, 0, 0, 21, 67.34, 1642626, 803, 0, 0
69537, 2, 1327, 1341, 533, 0, 30.00%, 0, 0, 21, 70.40, 1642989, 803, 0, 0
69542, 2, 1327, 1341, 533, 0, 30.00%, 0, 0, 21, 69.96, 1643338, 803, 0, 0
69547, 2, 1327, 1341, 533, 0, 30.00%, 0, 0, 21, 69.73, 1643690, 803, 0, 0
69552, 2, 1327, 1341, 533, 0, 30.00%, 0, 0, 21, 70.78, 1644092, 803, 0, 0
69558, 2, 893, 1341, 532, 0, 30.00%, 0, 0, 21, 70.23, 1644445, 803, 0, 0
69563, 2, 893, 1341, 532, 0, 30.00%, 0, 0, 21, 68.21, 1644793, 803, 0, 0
69568, 2, 893, 1341, 532, 0, 30.00%, 0, 0, 21, 68.45, 1645143, 803, 0, 0
69573, 2, 893, 1341, 532, 0, 30.00%, 0, 0, 21, 68.57, 1645495, 803, 0, 0
69578, 2, 893, 1341, 532, 0, 30.00%, 0, 0, 21, 68.38, 1645877, 803, 0, 0
69584, 2, 1301, 1341, 531, 0, 30.00%, 0, 0, 21, 65.56, 1646219, 803, 0, 0
69589, 2, 1301, 1341, 531, 0, 30.00%, 0, 0, 21, 57.05, 1646494, 803, 0, 0
69594, 2, 1301, 1341, 531, 0, 30.00%, 0, 0, 21, 55.25, 1646777, 803, 0, 0
69599, 2, 1301, 1341, 531, 0, 30.00%, 0, 0, 21, 54.89, 1647054, 803, 0, 0
69604, 2, 1301, 1341, 531, 0, 30.00%, 0, 0, 21, 54.69, 1647329, 803, 0, 0
69609, 2, 1301, 1341, 531, 0, 30.00%, 0, 0, 21, 54.76, 1647611, 803, 0, 0
69614, 2, 1301, 1341, 531, 0, 30.00%, 0, 0, 21, 55.15, 1647895, 803, 0, 0
69619, 2, 1301, 1342, 532, 0, 30.00%, 0, 0, 21, 54.93, 1648181, 803, 0, 0
69624, 2, 1301, 1342, 532, 0, 30.00%, 0, 0, 21, 54.83, 1648456, 803, 0, 0
69629, 2, 1287, 1342, 531, 0, 30.00%, 0, 0, 21, 53.37, 1648725, 803, 0, 0
69635, 2, 1287, 1342, 531, 0, 30.00%, 0, 0, 21, 52.58, 1648989, 803, 0, 0
69640, 2, 1287, 1342, 531, 0, 30.00%, 0, 0, 21, 52.24, 1649252, 803, 0, 0
69645, 2, 1287, 1342, 531, 0, 30.00%, 0, 0, 21, 52.27, 1649516, 803, 0, 0
69650, 2, 1287, 1342, 531, 0, 30.00%, 0, 0, 21, 52.01, 1649786, 803, 0, 0
69655, 2, 685, 1342, 530, 0, 30.00%, 0, 0, 21, 56.15, 1650062, 803, 0, 0
69660, 2, 685, 1342, 530, 0, 30.00%, 0, 0, 21, 71.34, 1650455, 803, 0, 0
69665, 2, 685, 1342, 530, 0, 30.00%, 0, 0, 21, 74.59, 1650844, 803, 0, 0
69670, 2, 685, 1342, 530, 0, 30.00%, 0, 0, 21, 76.50, 1651241, 803, 0, 0
69676, 2, 685, 1342, 530, 0, 30.00%, 0, 0, 21, 77.01, 1651640, 803, 0, 0
69681, 2, 685, 1342, 530, 0, 30.00%, 0, 0, 21, 76.72, 1652031, 803, 0, 0
69686, 2, 954, 1342, 529, 0, 30.00%, 0, 0, 21, 70.43, 1652379, 803, 0, 0
69691, 2, 954, 1342, 529, 0, 30.00%, 0, 0, 21, 69.25, 1652728, 803, 0, 0
69696, 2, 954, 1342, 529, 0, 30.00%, 0, 0, 21, 68.35, 1653078, 803, 0, 0
69702, 2, 954, 1342, 529, 0, 30.00%, 0, 0, 21, 68.38, 1653517, 803, 0, 0
69707, 2, 1066, 1342, 528, 0, 30.00%, 0, 0, 21, 68.56, 1653867, 803, 0, 0
69713, 2, 1066, 1342, 528, 0, 30.00%, 0, 0, 21, 67.13, 1654215, 803, 0, 0
69718, 2, 1066, 1342, 528, 0, 30.00%, 0, 0, 21, 66.74, 1654557, 803, 0, 0
69723, 2, 1066, 1342, 528, 0, 30.00%, 0, 0, 21, 66.41, 1654901, 803, 0, 0
69729, 2, 1066, 1342, 528, 0, 30.00%, 0, 0, 21, 66.97, 1655294, 803, 0, 0
69734, 2, 623, 1342, 527, 0, 30.00%, 0, 0, 21, 69.41, 1655652, 803, 0, 0
69739, 2, 623, 1342, 527, 0, 30.00%, 0, 0, 21, 74.20, 1656032, 803, 0, 0
69744, 2, 623, 1342, 527, 0, 30.00%, 0, 0, 21, 75.47, 1656422, 803, 0, 0
69749, 2, 623, 1342, 527, 0, 30.00%, 0, 0, 21, 75.27, 1656815, 803, 0, 0
69754, 2, 623, 1342, 527, 0, 30.00%, 0, 0, 21, 75.96, 1657197, 803, 0, 0
69760, 2, 623, 1342, 527, 0, 30.00%, 0, 0, 21, 76.00, 1657588, 803, 0, 0
69765, 2, 1025, 1342, 526, 0, 30.00%, 0, 0, 21, 69.48, 1657941, 803, 0, 0
69770, 2, 1025, 1342, 526, 0, 30.00%, 0, 0, 21, 67.92, 1658291, 803, 0, 0
69775, 2, 1025, 1342, 526, 0, 30.00%, 0, 0, 21, 66.66, 1658621, 803, 0, 0
69782, 2, 1025, 1342, 526, 0, 30.00%, 0, 0, 21, 67.35, 1659105, 803, 0, 0
69787, 2, 1285, 1342, 525, 0, 30.00%, 0, 0, 21, 65.44, 1659435, 803, 0, 0
69792, 2, 1285, 1342, 525, 0, 30.00%, 0, 0, 21, 57.42, 1659716, 803, 0, 0
69797, 2, 1285, 1342, 525, 0, 30.00%, 0, 0, 21, 55.70, 1660000, 803, 0, 0
69802, 2, 1285, 1342, 525, 0, 30.00%, 0, 0, 21, 54.85, 1660276, 803, 0, 0
69808, 2, 1285, 1342, 525, 0, 30.00%, 0, 0, 21, 53.27, 1660551, 803, 0, 0
69813, 2, 1285, 1342, 525, 0, 30.00%, 0, 0, 21, 53.75, 1660827, 803, 0, 0
69818, 2, 1285, 1342, 525, 0, 30.00%, 0, 0, 21, 54.48, 1661110, 803, 0, 0
69824, 2, 1285, 1342, 525, 0, 30.00%, 0, 0, 21, 54.64, 1661471, 803, 0, 0
69829, 2, 1285, 1342, 525, 0, 30.00%, 0, 0, 21, 54.69, 1661746, 803, 0, 0
69835, 2, 1289, 1342, 524, 0, 30.00%, 0, 0, 21, 55.06, 1662027, 803, 0, 0
69840, 2, 1289, 1342, 524, 0, 30.00%, 0, 0, 21, 54.82, 1662310, 803, 0, 0
69845, 2, 1289, 1342, 524, 0, 30.00%, 0, 0, 21, 55.19, 1662595, 803, 0, 0
69850, 2, 1289, 1342, 524, 0, 30.00%, 0, 0, 21, 54.91, 1662880, 803, 0, 0
69855, 2, 1289, 1342, 524, 0, 30.00%, 0, 0, 21, 53.43, 1663148, 803, 0, 0
69860, 2, 1289, 1342, 524, 0, 30.00%, 0, 0, 21, 53.87, 1663424, 803, 0, 0
69865, 2, 1289, 1342, 524, 0, 30.00%, 0, 0, 21, 54.62, 1663706, 803, 0, 0
69870, 2, 1289, 1342, 524, 0, 30.00%, 0, 0, 21, 54.92, 1663983, 803, 0, 0
69876, 2, 733, 1342, 523, 0, 30.00%, 0, 0, 21, 63.20, 1664303, 803, 0, 0
69881, 2, 733, 1342, 523, 0, 30.00%, 0, 0, 21, 68.60, 1664664, 803, 0, 0
69886, 2, 733, 1342, 523, 0, 30.00%, 0, 0, 21, 70.47, 1665022, 803, 0, 0
69891, 2, 733, 1342, 523, 0, 30.00%, 0, 0, 21, 70.62, 1665378, 803, 0, 0
69896, 2, 733, 1342, 523, 0, 30.00%, 0, 0, 21, 70.80, 1665733, 803, 0, 0
69901, 2, 1167, 1342, 522, 0, 30.00%, 0, 0, 21, 76.35, 1666167, 803, 0, 0
69906, 2, 1217, 1342, 522, 0, 30.00%, 0, 0, 21, 62.01, 1666467, 803, 0, 0
69911, 2, 1217, 1342, 522, 0, 30.00%, 0, 0, 21, 58.98, 1666767, 803, 0, 0
69916, 2, 1217, 1342, 522, 0, 30.00%, 0, 0, 21, 58.59, 1667067, 803, 0, 0
69922, 2, 1217, 1342, 522, 0, 30.00%, 0, 0, 21, 57.69, 1667366, 803, 0, 0
69927, 2, 1217, 1342, 522, 0, 30.00%, 0, 0, 21, 56.65, 1667659, 803, 0, 0
69934, 2, 1217, 1342, 522, 0, 30.00%, 0, 0, 21, 58.02, 1668072, 803, 0, 0
69939, 2, 1217, 1342, 522, 0, 30.00%, 0, 0, 21, 57.44, 1668359, 803, 0, 0
69944, 2, 492, 1342, 521, 0, 30.00%, 0, 0, 21, 69.42, 1668719, 803, 0, 0
69949, 2, 552, 1342, 521, 0, 30.00%, 0, 0, 21, 90.71, 1669215, 803, 0, 0
69954, 2, 552, 1342, 521, 0, 30.00%, 0, 0, 21, 93.05, 1669689, 803, 0, 0
69959, 2, 552, 1342, 521, 0, 30.00%, 0, 0, 21, 93.34, 1670160, 803, 0, 0
69965, 2, 552, 1342, 521, 0, 30.00%, 0, 0, 21, 93.66, 1670700, 803, 0, 0
69970, 2, 617, 1342, 520, 0, 30.00%, 0, 0, 21, 82.71, 1671130, 803, 0, 0
69975, 2, 617, 1342, 520, 0, 30.00%, 0, 0, 21, 77.32, 1671527, 803, 0, 0
69981, 2, 617, 1342, 520, 0, 30.00%, 0, 0, 21, 76.12, 1671922, 803, 0, 0
69986, 2, 617, 1342, 520, 0, 30.00%, 0, 0, 21, 75.40, 1672298, 803, 0, 0
69991, 2, 617, 1342, 520, 0, 30.00%, 0, 0, 21, 75.69, 1672720, 803, 0, 0
69996, 2, 629, 1342, 519, 0, 30.00%, 0, 0, 21, 76.79, 1673117, 803, 0, 0
70002, 2, 629, 1342, 519, 0, 30.00%, 0, 0, 21, 76.44, 1673513, 803, 0, 0
70007, 2, 629, 1342, 519, 0, 30.00%, 0, 0, 21, 76.69, 1673912, 803, 0, 0
70012, 2, 629, 1342, 519, 0, 30.00%, 0, 0, 21, 76.33, 1674293, 803, 0, 0
70018, 2, 629, 1342, 519, 0, 30.00%, 0, 0, 21, 76.77, 1674742, 803, 0, 0
70023, 2, 640, 1342, 518, 0, 30.00%, 0, 0, 21, 77.02, 1675142, 803, 0, 0
70028, 2, 640, 1342, 518, 0, 30.00%, 0, 0, 21, 76.24, 1675537, 803, 0, 0
70033, 2, 640, 1342, 518, 0, 30.00%, 0, 0, 21, 76.17, 1675934, 803, 0, 0
70038, 2, 640, 1342, 518, 0, 30.00%, 0, 0, 21, 76.29, 1676317, 803, 0, 0
70044, 2, 640, 1342, 518, 0, 30.00%, 0, 0, 21, 76.57, 1676763, 803, 0, 0
70049, 2, 1284, 1342, 517, 0, 30.00%, 0, 0, 21, 62.46, 1677086, 803, 0, 0
70054, 2, 1284, 1342, 517, 0, 30.00%, 0, 0, 21, 56.68, 1677361, 803, 0, 0
70059, 2, 1284, 1342, 517, 0, 30.00%, 0, 0, 21, 55.48, 1677640, 803, 0, 0
70064, 2, 1284, 1342, 517, 0, 30.00%, 0, 0, 21, 55.24, 1677918, 803, 0, 0
70069, 2, 1284, 1342, 517, 0, 30.00%, 0, 0, 21, 54.81, 1678195, 803, 0, 0
70074, 2, 1284, 1342, 517, 0, 30.00%, 0, 0, 21, 55.06, 1678474, 803, 0, 0
70079, 2, 1284, 1342, 517, 0, 30.00%, 0, 0, 21, 55.12, 1678752, 803, 0, 0
70084, 2, 1284, 1342, 517, 0, 30.00%, 0, 0, 21, 54.74, 1679026, 803, 0, 0
70090, 2, 647, 1342, 516, 0, 30.00%, 0, 0, 21, 56.51, 1679313, 803, 0, 0
70095, 2, 647, 1342, 516, 0, 30.00%, 0, 0, 21, 73.30, 1679713, 803, 0, 0
70100, 2, 647, 1342, 516, 0, 30.00%, 0, 0, 21, 75.71, 1680110, 803, 0, 0
70105, 2, 647, 1342, 516, 0, 30.00%, 0, 0, 21, 76.86, 1680510, 803, 0, 0
70110, 2, 647, 1342, 516, 0, 30.00%, 0, 0, 21, 76.20, 1680905, 803, 0, 0
70115, 2, 647, 1342, 516, 0, 30.00%, 0, 0, 21, 76.33, 1681290, 803, 0, 0
70120, 2, 1188, 1342, 515, 0, 30.00%, 0, 0, 21, 62.73, 1681596, 803, 0, 0
70126, 2, 1188, 1342, 515, 0, 30.00%, 0, 0, 21, 59.13, 1681896, 803, 0, 0
70131, 2, 1188, 1342, 515, 0, 30.00%, 0, 0, 21, 58.61, 1682196, 803, 0, 0
70136, 2, 1188, 1342, 515, 0, 30.00%, 0, 0, 21, 58.46, 1682496, 803, 0, 0
70141, 2, 1188, 1342, 515, 0, 30.00%, 0, 0, 21, 58.47, 1682796, 803, 0, 0
70146, 2, 1188, 1342, 515, 0, 30.00%, 0, 0, 21, 58.82, 1683092, 803, 0, 0
70151, 2, 1295, 1342, 514, 0, 30.00%, 0, 0, 21, 58.53, 1683392, 803, 0, 0
70156, 2, 1295, 1342, 514, 0, 30.00%, 0, 0, 21, 55.58, 1683672, 803, 0, 0
70161, 2, 1295, 1342, 514, 0, 30.00%, 0, 0, 21, 54.84, 1683954, 803, 0, 0
70166, 2, 1295, 1342, 514, 0, 30.00%, 0, 0, 21, 53.83, 1684224, 803, 0, 0
70172, 2, 1295, 1342, 514, 0, 30.00%, 0, 0, 21, 54.44, 1684504, 803, 0, 0
70177, 2, 1295, 1342, 514, 0, 30.00%, 0, 0, 21, 54.15, 1684779, 803, 0, 0
70182, 2, 1295, 1342, 514, 0, 30.00%, 0, 0, 21, 54.72, 1685060, 803, 0, 0
70189, 2, 1295, 1342, 514, 0, 30.00%, 0, 0, 21, 55.20, 1685446, 803, 0, 0
70194, 2, 1295, 1342, 514, 0, 30.00%, 0, 0, 21, 54.63, 1685723, 803, 0, 0
70199, 2, 519, 1342, 513, 0, 30.00%, 0, 0, 21, 86.40, 1686198, 803, 0, 0
70204, 2, 519, 1342, 513, 0, 30.00%, 0, 0, 21, 93.32, 1686691, 803, 0, 0
70209, 2, 519, 1342, 513, 0, 30.00%, 0, 0, 21, 94.68, 1687174, 803, 0, 0
70214, 2, 975, 1342, 512, 0, 30.00%, 0, 0, 21, 83.13, 1687610, 803, 0, 0
70219, 2, 975, 1342, 512, 0, 30.00%, 0, 0, 21, 71.45, 1687960, 803, 0, 0
70225, 2, 975, 1342, 512, 0, 30.00%, 0, 0, 21, 69.29, 1688312, 803, 0, 0
70230, 2, 975, 1342, 512, 0, 30.00%, 0, 0, 21, 68.99, 1688662, 803, 0, 0
70235, 2, 975, 1342, 512, 0, 30.00%, 0, 0, 21, 69.04, 1689021, 803, 0, 0
70240, 2, 681, 1342, 511, 0, 30.00%, 0, 0, 21, 72.15, 1689387, 803, 0, 0
70245, 2, 681, 1342, 511, 0, 30.00%, 0, 0, 21, 75.58, 1689785, 803, 0, 0
70250, 2, 681, 1342, 511, 0, 30.00%, 0, 0, 21, 76.29, 1690168, 803, 0, 0
70255, 2, 681, 1342, 511, 0, 30.00%, 0, 0, 21, 76.94, 1690567, 803, 0, 0
70262, 2, 681, 1342, 511, 0, 30.00%, 0, 0, 21, 76.79, 1691085, 803, 0, 0
70267, 2, 639, 1342, 510, 0, 30.00%, 0, 0, 21, 76.66, 1691483, 803, 0, 0
70272, 2, 639, 1342, 510, 0, 30.00%, 0, 0, 21, 75.94, 1691864, 803, 0, 0
70277, 2, 639, 1342, 510, 0, 30.00%, 0, 0, 21, 76.30, 1692247, 803, 0, 0
70283, 2, 639, 1342, 510, 0, 30.00%, 0, 0, 21, 76.18, 1692642, 803, 0, 0
70289, 2, 639, 1342, 510, 0, 30.00%, 0, 0, 21, 76.66, 1693106, 803, 0, 0
70294, 2, 639, 1343, 511, 0, 30.00%, 0, 0, 21, 76.46, 1693490, 803, 0, 0
70299, 2, 1316, 1343, 510, 0, 30.00%, 0, 0, 21, 59.10, 1693774, 803, 0, 0
70304, 2, 1316, 1343, 510, 0, 30.00%, 0, 0, 21, 55.65, 1694049, 803, 0, 0
70309, 2, 1316, 1343, 510, 0, 30.00%, 0, 0, 21, 54.46, 1694324, 803, 0, 0
70314, 2, 1316, 1343, 510, 0, 30.00%, 0, 0, 21, 54.37, 1694599, 803, 0, 0
70319, 2, 1316, 1343, 510, 0, 30.00%, 0, 0, 21, 54.24, 1694874, 803, 0, 0
70324, 2, 1316, 1343, 510, 0, 30.00%, 0, 0, 21, 53.93, 1695149, 803, 0, 0
70329, 2, 1316, 1343, 510, 0, 30.00%, 0, 0, 21, 53.81, 1695424, 803, 0, 0
70334, 2, 1316, 1344, 511, 0, 30.00%, 0, 0, 22, 52.70, 1695693, 803, 0, 0
70339, 2, 1209, 1344, 510, 0, 30.00%, 0, 0, 22, 54.68, 1695964, 803, 0, 0
70344, 2, 1265, 1344, 510, 0, 30.00%, 0, 0, 22, 56.09, 1696250, 803, 0, 0
70349, 2, 1265, 1344, 510, 0, 30.00%, 0, 0, 22, 54.45, 1696527, 803, 0, 0
70354, 2, 1265, 1344, 510, 0, 30.00%, 0, 0, 22, 55.74, 1696814, 803, 0, 0
70360, 2, 1265, 1344, 510, 0, 30.00%, 0, 0, 22, 55.42, 1697095, 803, 0, 0
70365, 2, 1265, 1344, 510, 0, 30.00%, 0, 0, 22, 55.63, 1697381, 803, 0, 0
70370, 2, 1265, 1344, 510, 0, 30.00%, 0, 0, 22, 55.97, 1697668, 803, 0, 0
70377, 2, 1265, 1344, 510, 0, 30.00%, 0, 0, 22, 55.86, 1698064, 803, 0, 0
70382, 2, 1265, 1344, 510, 0, 30.00%, 0, 0, 22, 56.07, 1698350, 803, 0, 0
70387, 2, 549, 1344, 509, 0, 30.00%, 0, 0, 22, 86.84, 1698833, 803, 0, 0
70392, 2, 549, 1344, 509, 0, 30.00%, 0, 0, 22, 93.15, 1699323, 803, 0, 0
70397, 2, 549, 1344, 509, 0, 30.00%, 0, 0, 22, 95.34, 1699821, 803, 0, 0
70403, 2, 549, 1344, 509, 0, 30.00%, 0, 0, 22, 93.73, 1700307, 803, 0, 0
70408, 2, 1338, 1344, 508, 0, 30.00%, 0, 0, 22, 93.45, 1700796, 803, 0, 0
70413, 2, 1338, 1344, 508, 0, 30.00%, 0, 0, 22, 75.92, 1701170, 803, 0, 0
70418, 2, 1338, 1344, 508, 0, 30.00%, 0, 0, 22, 72.48, 1701528, 803, 0, 0
70423, 2, 1338, 1344, 508, 0, 30.00%, 0, 0, 22, 71.66, 1701887, 803, 0, 0
70428, 2, 1338, 1344, 508, 0, 30.00%, 0, 0, 22, 71.31, 1702254, 803, 0, 0
70433, 2, 1319, 1344, 507, 0, 30.00%, 0, 0, 22, 77.55, 1702662, 803, 0, 0
70438, 2, 1319, 1344, 507, 0, 30.00%, 0, 0, 22, 76.91, 1703061, 803, 0, 0
70443, 2, 1319, 1344, 507, 0, 30.00%, 0, 0, 22, 76.63, 1703444, 803, 0, 0
70449, 2, 1319, 1344, 507, 0, 30.00%, 0, 0, 22, 76.37, 1703842, 803, 0, 0
70455, 2, 1319, 1344, 507, 0, 30.00%, 0, 0, 22, 76.60, 1704296, 803, 0, 0
70460, 2, 1253, 1344, 506, 0, 30.00%, 0, 0, 22, 70.99, 1704670, 803, 0, 0
70465, 2, 1253, 1344, 506, 0, 30.00%, 0, 0, 22, 60.83, 1704970, 803, 0, 0
70470, 2, 1253, 1344, 506, 0, 30.00%, 0, 0, 22, 58.14, 1705269, 803, 0, 0
70475, 2, 1253, 1344, 506, 0, 30.00%, 0, 0, 22, 57.77, 1705567, 803, 0, 0
70480, 2, 1253, 1344, 506, 0, 30.00%, 0, 0, 22, 58.29, 1705867, 803, 0, 0
70486, 2, 1253, 1344, 506, 0, 30.00%, 0, 0, 22, 57.94, 1706167, 803, 0, 0
70491, 2, 1253, 1344, 506, 0, 30.00%, 0, 0, 22, 57.11, 1706457, 803, 0, 0
70496, 2, 612, 1344, 505, 0, 30.00%, 0, 0, 22, 65.09, 1706786, 803, 0, 0
70501, 2, 612, 1344, 505, 0, 30.00%, 0, 0, 22, 74.00, 1707181, 803, 0, 0
70506, 2, 612, 1344, 505, 0, 30.00%, 0, 0, 22, 76.35, 1707580, 803, 0, 0
70511, 2, 612, 1344, 505, 0, 30.00%, 0, 0, 22, 76.43, 1707962, 803, 0, 0
70518, 2, 612, 1344, 505, 0, 30.00%, 0, 0, 22, 76.46, 1708492, 803, 0, 0
70523, 2, 1240, 1344, 504, 0, 30.00%, 0, 0, 22, 66.31, 1708841, 803, 0, 0
70528, 2, 1240, 1344, 504, 0, 30.00%, 0, 0, 22, 59.35, 1709128, 803, 0, 0
70534, 2, 1240, 1344, 504, 0, 30.00%, 0, 0, 22, 57.91, 1709428, 803, 0, 0
70539, 2, 1240, 1344, 504, 0, 30.00%, 0, 0, 22, 57.36, 1709715, 803, 0, 0
70544, 2, 1240, 1344, 504, 0, 30.00%, 0, 0, 22, 57.51, 1710014, 803, 0, 0
70549, 2, 1240, 1344, 504, 0, 30.00%, 0, 0, 22, 57.45, 1710302, 803, 0, 0
70554, 2, 1240, 1344, 504, 0, 30.00%, 0, 0, 22, 57.24, 1710600, 803, 0, 0
70559, 2, 791, 1344, 503, 0, 30.00%, 0, 0, 22, 63.97, 1710924, 803, 0, 0
70564, 2, 791, 1344, 503, 0, 30.00%, 0, 0, 22, 68.18, 1711276, 803, 0, 0
70569, 2, 791, 1344, 503, 0, 30.00%, 0, 0, 22, 68.56, 1711627, 803, 0, 0
70574, 2, 791, 1344, 503, 0, 30.00%, 0, 0, 22, 68.83, 1711979, 803, 0, 0
70579, 2, 791, 1344, 503, 0, 30.00%, 0, 0, 22, 68.70, 1712327, 803, 0, 0
70585, 2, 1105, 1344, 502, 0, 30.00%, 0, 0, 22, 65.63, 1712665, 803, 0, 0
70590, 2, 1105, 1344, 502, 0, 30.00%, 0, 0, 22, 63.10, 1712989, 803, 0, 0
70595, 2, 1105, 1344, 502, 0, 30.00%, 0, 0, 22, 63.21, 1713314, 803, 0, 0
70600, 2, 1105, 1344, 502, 0, 30.00%, 0, 0, 22, 62.59, 1713638, 803, 0, 0
70605, 2, 1105, 1344, 502, 0, 30.00%, 0, 0, 22, 62.78, 1713961, 803, 0, 0
70610, 2, 601, 1344, 501, 0, 30.00%, 0, 0, 22, 66.49, 1714299, 803, 0, 0
70615, 2, 601, 1344, 501, 0, 30.00%, 0, 0, 22, 74.22, 1714682, 803, 0, 0
70620, 2, 601, 1344, 501, 0, 30.00%, 0, 0, 22, 75.67, 1715064, 803, 0, 0
70626, 2, 601, 1344, 501, 0, 30.00%, 0, 0, 22, 76.61, 1715462, 803, 0, 0
70631, 2, 601, 1344, 501, 0, 30.00%, 0, 0, 22, 77.10, 1715862, 803, 0, 0
70636, 2, 1276, 1344, 500, 0, 30.00%, 0, 0, 22, 76.27, 1716249, 803, 0, 0
70641, 2, 1276, 1344, 500, 0, 30.00%, 0, 0, 22, 60.57, 1716535, 803, 0, 0
70646, 2, 1276, 1344, 500, 0, 30.00%, 0, 0, 22, 57.13, 1716823, 803, 0, 0
70651, 2, 1276, 1344, 500, 0, 30.00%, 0, 0, 22, 55.84, 1717108, 803, 0, 0
70656, 2, 1276, 1344, 500, 0, 30.00%, 0, 0, 22, 56.04, 1717394, 803, 0, 0
70661, 2, 1276, 1344, 500, 0, 30.00%, 0, 0, 22, 56.17, 1717680, 803, 0, 0
70666, 2, 1276, 1344, 500, 0, 30.00%, 0, 0, 22, 56.01, 1717966, 803, 0, 0
70672, 2, 1276, 1344, 500, 0, 30.00%, 0, 0, 22, 56.21, 1718260, 803, 0, 0
70677, 2, 1286, 1344, 499, 0, 30.00%, 0, 0, 22, 55.89, 1718546, 803, 0, 0
70682, 2, 1286, 1344, 499, 0, 30.00%, 0, 0, 22, 55.42, 1718829, 803, 0, 0
70687, 2, 1286, 1344, 499, 0, 30.00%, 0, 0, 22, 55.06, 1719106, 803, 0, 0
70692, 2, 1286, 1344, 499, 0, 30.00%, 0, 0, 22, 54.97, 1719390, 803, 0, 0
70697, 2, 1286, 1344, 499, 0, 30.00%, 0, 0, 22, 55.16, 1719671, 803, 0, 0
70702, 2, 1286, 1344, 499, 0, 30.00%, 0, 0, 22, 55.07, 1719948, 803, 0, 0
70707, 2, 1286, 1344, 499, 0, 30.00%, 0, 0, 22, 55.06, 1720228, 803, 0, 0
70714, 2, 1286, 1344, 499, 0, 30.00%, 0, 0, 22, 54.47, 1720599, 803, 0, 0
70719, 2, 1286, 1344, 499, 0, 30.00%, 0, 0, 22, 54.55, 1720877, 803, 0, 0
70724, 2, 812, 1344, 498, 0, 30.00%, 0, 0, 22, 65.90, 1721222, 803, 0, 0
70729, 2, 812, 1344, 498, 0, 30.00%, 0, 0, 22, 67.42, 1721572, 803, 0, 0
70735, 2, 812, 1344, 498, 0, 30.00%, 0, 0, 22, 68.40, 1721922, 803, 0, 0
70741, 2, 812, 1344, 498, 0, 30.00%, 0, 0, 22, 67.92, 1722378, 803, 0, 0
70746, 2, 1160, 1344, 497, 0, 30.00%, 0, 0, 22, 66.22, 1722721, 803, 0, 0
70752, 2, 1160, 1344, 497, 0, 30.00%, 0, 0, 22, 60.09, 1723021, 803, 0, 0
70757, 2, 1160, 1344, 497, 0, 30.00%, 0, 0, 22, 59.47, 1723321, 803, 0, 0
70762, 2, 1160, 1344, 497, 0, 30.00%, 0, 0, 22, 59.10, 1723621, 803, 0, 0
70767, 2, 1160, 1344, 497, 0, 30.00%, 0, 0, 22, 59.13, 1723921, 803, 0, 0
70772, 2, 1160, 1344, 497, 0, 30.00%, 0, 0, 22, 59.35, 1724221, 803, 0, 0
70777, 2, 1160, 1344, 497, 0, 30.00%, 0, 0, 22, 59.15, 1724524, 803, 0, 0
70782, 2, 595, 1344, 496, 0, 30.00%, 0, 0, 22, 69.39, 1724873, 803, 0, 0
70787, 2, 595, 1344, 496, 0, 30.00%, 0, 0, 22, 75.01, 1725257, 803, 0, 0
70792, 2, 595, 1344, 496, 0, 30.00%, 0, 0, 22, 75.89, 1725638, 803, 0, 0
70797, 2, 595, 1344, 496, 0, 30.00%, 0, 0, 22, 76.15, 1726021, 803, 0, 0
70803, 2, 595, 1344, 496, 0, 30.00%, 0, 0, 22, 76.44, 1726498, 803, 0, 0
70808, 2, 1156, 1344, 495, 0, 30.00%, 0, 0, 22, 68.06, 1726843, 803, 0, 0
70813, 2, 1156, 1344, 495, 0, 30.00%, 0, 0, 22, 62.00, 1727152, 803, 0, 0
70819, 2, 1156, 1344, 495, 0, 30.00%, 0, 0, 22, 60.95, 1727460, 803, 0, 0
70824, 2, 1156, 1344, 495, 0, 30.00%, 0, 0, 22, 61.53, 1727769, 803, 0, 0
70829, 2, 1156, 1344, 495, 0, 30.00%, 0, 0, 22, 61.52, 1728080, 803, 0, 0
70834, 2, 1156, 1344, 495, 0, 30.00%, 0, 0, 22, 61.27, 1728394, 803, 0, 0
70839, 2, 573, 1344, 494, 0, 30.00%, 0, 0, 22, 68.77, 1728736, 803, 0, 0
70844, 2, 573, 1344, 494, 0, 30.00%, 0, 0, 22, 74.05, 1729116, 803, 0, 0
70849, 2, 573, 1344, 494, 0, 30.00%, 0, 0, 22, 76.06, 1729513, 803, 0, 0
70854, 2, 573, 1344, 494, 0, 30.00%, 0, 0, 22, 76.33, 1729896, 803, 0, 0
70860, 2, 573, 1344, 494, 0, 30.00%, 0, 0, 22, 76.71, 1730379, 803, 0, 0
70865, 2, 1179, 1344, 493, 0, 30.00%, 0, 0, 22, 66.36, 1730727, 803, 0, 0
70871, 2, 1169, 1344, 493, 0, 30.00%, 0, 0, 22, 59.87, 1731026, 803, 0, 0
70876, 2, 1169, 1344, 493, 0, 30.00%, 0, 0, 22, 58.98, 1731325, 803, 0, 0
70881, 2, 1169, 1344, 493, 0, 30.00%, 0, 0, 22, 58.53, 1731625, 803, 0, 0
70886, 2, 1169, 1344, 493, 0, 30.00%, 0, 0, 22, 58.52, 1731925, 803, 0, 0
70891, 2, 1169, 1344, 493, 0, 30.00%, 0, 0, 22, 58.54, 1732225, 803, 0, 0
70896, 2, 1169, 1344, 493, 0, 30.00%, 0, 0, 22, 58.95, 1732525, 803, 0, 0
70901, 2, 1169, 1344, 493, 0, 30.00%, 0, 0, 22, 59.28, 1732827, 803, 0, 0
70906, 2, 1130, 1344, 492, 0, 30.00%, 0, 0, 22, 61.78, 1733148, 803, 0, 0
70911, 2, 1130, 1344, 492, 0, 30.00%, 0, 0, 22, 62.15, 1733460, 803, 0, 0
70916, 2, 1130, 1344, 492, 0, 30.00%, 0, 0, 22, 61.40, 1733766, 803, 0, 0
70921, 2, 1130, 1344, 492, 0, 30.00%, 0, 0, 22, 61.24, 1734076, 803, 0, 0
70927, 2, 1130, 1344, 492, 0, 30.00%, 0, 0, 22, 61.45, 1734413, 803, 0, 0
70932, 2, 855, 1344, 491, 0, 30.00%, 0, 0, 22, 64.59, 1734734, 803, 0, 0
70937, 2, 855, 1344, 491, 0, 30.00%, 0, 0, 22, 68.28, 1735086, 803, 0, 0
70942, 2, 855, 1344, 491, 0, 30.00%, 0, 0, 22, 68.45, 1735436, 803, 0, 0
70947, 2, 855, 1344, 491, 0, 30.00%, 0, 0, 22, 68.45, 1735786, 803, 0, 0
70952, 2, 855, 1344, 491, 0, 30.00%, 0, 0, 22, 68.57, 1736132, 803, 0, 0
70957, 2, 1317, 1344, 490, 0, 30.00%, 0, 0, 22, 64.64, 1736468, 803, 0, 0
70963, 2, 1317, 1344, 490, 0, 30.00%, 0, 0, 22, 54.62, 1736732, 803, 0, 0
70968, 2, 1317, 1344, 490, 0, 30.00%, 0, 0, 22, 51.85, 1736995, 803, 0, 0
70973, 2, 1317, 1344, 490, 0, 30.00%, 0, 0, 22, 51.43, 1737257, 803, 0, 0
70978, 2, 1317, 1344, 490, 0, 30.00%, 0, 0, 22, 51.44, 1737520, 803, 0, 0
70983, 2, 1317, 1345, 491, 0, 30.00%, 0, 0, 22, 51.60, 1737783, 803, 0, 0
70988, 2, 1317, 1346, 492, 0, 30.00%, 0, 0, 22, 51.49, 1738046, 803, 0, 0
70993, 2, 1317, 1346, 492, 0, 30.00%, 0, 0, 22, 51.41, 1738309, 803, 0, 0
70998, 2, 1317, 1348, 494, 0, 30.00%, 0, 0, 22, 51.61, 1738570, 803, 0, 0
71003, 2, 1317, 1349, 495, 0, 30.00%, 0, 0, 22, 51.39, 1738829, 803, 0, 0
71008, 2, 1317, 1349, 495, 0, 30.00%, 0, 0, 22, 51.34, 1739092, 803, 0, 0
71013, 2, 1317, 1351, 497, 0, 30.00%, 0, 0, 22, 51.45, 1739352, 803, 0, 0
71019, 2, 1317, 1352, 498, 0, 30.00%, 0, 0, 22, 51.39, 1739619, 803, 0, 0
71024, 2, 1317, 1354, 500, 0, 30.00%, 0, 0, 22, 51.52, 1739884, 803, 0, 0
71029, 2, 1317, 1354, 500, 0, 30.00%, 0, 0, 22, 51.10, 1740147, 803, 0, 0
71034, 2, 1317, 1354, 500, 0, 30.00%, 0, 0, 22, 50.98, 1740411, 803, 0, 0
71039, 2, 1317, 1355, 501, 0, 30.00%, 0, 0, 22, 50.88, 1740667, 803, 0, 0
71044, 2, 1317, 1355, 501, 0, 30.00%, 0, 0, 22, 51.28, 1740930, 803, 0, 0
71049, 2, 1317, 1356, 502, 0, 30.00%, 0, 0, 22, 51.05, 1741188, 803, 0, 0
71054, 2, 1317, 1356, 502, 0, 30.00%, 0, 0, 22, 50.65, 1741447, 803, 0, 0
71059, 2, 1317, 1357, 503, 0, 30.00%, 0, 0, 22, 49.57, 1741696, 803, 0, 0
71065, 2, 1317, 1358, 504, 0, 30.00%, 0, 0, 22, 50.84, 1741960, 803, 0, 0
71070, 2, 1317, 1358, 504, 0, 30.00%, 0, 0, 22, 51.17, 1742223, 803, 0, 0
71075, 2, 1317, 1358, 504, 0, 30.00%, 0, 0, 22, 51.17, 1742487, 803, 0, 0
71080, 2, 1317, 1358, 504, 0, 30.00%, 0, 0, 22, 51.29, 1742750, 803, 0, 0
71085, 2, 1317, 1358, 504, 0, 30.00%, 0, 0, 22, 51.31, 1743014, 803, 0, 0
71090, 2, 1317, 1359, 505, 0, 30.00%, 0, 0, 22, 51.19, 1743275, 803, 0, 0
71095, 2, 1317, 1361, 507, 0, 30.00%, 0, 0, 22, 50.89, 1743536, 803, 0, 0
71101, 2, 1317, 1362, 508, 0, 30.00%, 0, 0, 22, 51.32, 1743800, 803, 0, 0
71106, 2, 1317, 1364, 510, 0, 30.00%, 0, 0, 22, 51.55, 1744067, 803, 0, 0
71111, 2, 1317, 1365, 511, 0, 30.00%, 0, 0, 22, 51.40, 1744331, 803, 0, 0
71116, 2, 1317, 1365, 511, 0, 30.00%, 0, 0, 22, 51.46, 1744595, 803, 0, 0
71121, 2, 1317, 1366, 512, 0, 30.00%, 0, 0, 22, 51.08, 1744857, 803, 0, 0
71126, 2, 1317, 1367, 513, 0, 30.00%, 0, 0, 22, 51.01, 1745113, 803, 0, 0
71131, 2, 1317, 1368, 514, 0, 30.00%, 0, 0, 22, 50.73, 1745376, 803, 0, 0
71137, 2, 1317, 1368, 514, 0, 30.00%, 0, 0, 22, 51.21, 1745640, 803, 0, 0
71142, 2, 1317, 1368, 514, 0, 30.00%, 0, 0, 22, 50.86, 1745902, 803, 0, 0
71147, 2, 1317, 1368, 514, 0, 30.00%, 0, 0, 22, 51.06, 1746166, 803, 0, 0
71152, 2, 1317, 1368, 514, 0, 30.00%, 0, 0, 22, 51.05, 1746429, 803, 0, 0
71157, 2, 1317, 1368, 514, 0, 30.00%, 0, 0, 22, 51.45, 1746693, 803, 0, 0
71162, 2, 1317, 1368, 514, 0, 30.00%, 0, 0, 22, 51.17, 1746956, 803, 0, 0
71167, 2, 1317, 1368, 514, 0, 30.00%, 0, 0, 22, 51.21, 1747220, 803, 0, 0
71173, 2, 1317, 1368, 514, 0, 30.00%, 0, 0, 22, 51.25, 1747482, 803, 0, 0
71178, 2, 1171, 1368, 513, 0, 30.00%, 0, 0, 22, 58.59, 1747787, 803, 0, 0
71183, 2, 1171, 1368, 513, 0, 30.00%, 0, 0, 22, 60.15, 1748098, 803, 0, 0
71188, 2, 1171, 1368, 513, 0, 30.00%, 0, 0, 22, 61.04, 1748407, 803, 0, 0
71193, 2, 1171, 1368, 513, 0, 30.00%, 0, 0, 22, 61.10, 1748718, 803, 0, 0
71198, 2, 1171, 1368, 513, 0, 30.00%, 0, 0, 22, 60.79, 1749052, 803, 0, 0
71203, 2, 758, 1368, 512, 0, 30.00%, 0, 0, 22, 61.41, 1749363, 803, 0, 0
71209, 2, 758, 1368, 512, 0, 30.00%, 0, 0, 22, 73.86, 1749762, 803, 0, 0
71214, 2, 758, 1368, 512, 0, 30.00%, 0, 0, 22, 76.77, 1750161, 803, 0, 0
71219, 2, 758, 1368, 512, 0, 30.00%, 0, 0, 22, 77.26, 1750561, 803, 0, 0
71224, 2, 758, 1368, 512, 0, 30.00%, 0, 0, 22, 76.35, 1750959, 803, 0, 0
71229, 2, 758, 1368, 512, 0, 30.00%, 0, 0, 22, 76.67, 1751346, 803, 0, 0
71234, 2, 1155, 1368, 511, 0, 30.00%, 0, 0, 22, 64.89, 1751677, 803, 0, 0
71239, 2, 1155, 1368, 511, 0, 30.00%, 0, 0, 22, 60.54, 1751977, 803, 0, 0
71245, 2, 1155, 1368, 511, 0, 30.00%, 0, 0, 22, 58.61, 1752276, 803, 0, 0
71250, 2, 1155, 1368, 511, 0, 30.00%, 0, 0, 22, 58.51, 1752573, 803, 0, 0
71255, 2, 1155, 1368, 511, 0, 30.00%, 0, 0, 22, 58.78, 1752873, 803, 0, 0
71260, 2, 1155, 1368, 511, 0, 30.00%, 0, 0, 22, 58.84, 1753174, 803, 0, 0
71265, 2, 545, 1368, 510, 0, 30.00%, 0, 0, 22, 76.31, 1753547, 803, 0, 0
71270, 2, 545, 1368, 510, 0, 30.00%, 0, 0, 22, 94.68, 1754058, 803, 0, 0
71275, 2, 545, 1368, 510, 0, 30.00%, 0, 0, 22, 98.60, 1754564, 803, 0, 0
71280, 2, 545, 1368, 510, 0, 30.00%, 0, 0, 22, 96.35, 1755053, 803, 0, 0
71285, 2, 545, 1368, 510, 0, 30.00%, 0, 0, 22, 98.76, 1755555, 803, 0, 0
71290, 2, 1232, 1368, 509, 0, 30.00%, 0, 0, 22, 73.43, 1755934, 803, 0, 0
71296, 2, 1329, 1368, 509, 0, 30.00%, 0, 0, 22, 69.57, 1756278, 803, 0, 0
71301, 2, 1329, 1368, 509, 0, 30.00%, 0, 0, 22, 70.71, 1756649, 803, 0, 0
71306, 2, 1329, 1368, 509, 0, 30.00%, 0, 0, 22, 72.04, 1757024, 803, 0, 0
71311, 2, 1329, 1368, 509, 0, 30.00%, 0, 0, 22, 71.93, 1757393, 803, 0, 0
71316, 2, 1213, 1368, 508, 0, 30.00%, 0, 0, 22, 65.62, 1757742, 803, 0, 0
71321, 2, 1213, 1368, 508, 0, 30.00%, 0, 0, 22, 59.10, 1758039, 803, 0, 0
71327, 2, 1213, 1368, 508, 0, 30.00%, 0, 0, 22, 58.45, 1758338, 803, 0, 0
71332, 2, 1213, 1368, 508, 0, 30.00%, 0, 0, 22, 58.08, 1758638, 803, 0, 0
71337, 2, 1213, 1368, 508, 0, 30.00%, 0, 0, 22, 58.35, 1758938, 803, 0, 0
71342, 2, 1213, 1368, 508, 0, 30.00%, 0, 0, 22, 57.32, 1759225, 803, 0, 0
71347, 2, 1213, 1368, 508, 0, 30.00%, 0, 0, 22, 57.04, 1759514, 803, 0, 0
71352, 2, 1120, 1368, 507, 0, 30.00%, 0, 0, 22, 65.20, 1759842, 803, 0, 0
71357, 2, 1120, 1368, 507, 0, 30.00%, 0, 0, 22, 73.56, 1760224, 803, 0, 0
71362, 2, 1120, 1368, 507, 0, 30.00%, 0, 0, 22, 76.19, 1760622, 803, 0, 0
71368, 2, 1120, 1368, 507, 0, 30.00%, 0, 0, 22, 76.70, 1761020, 803, 0, 0
71375, 2, 1120, 1368, 507, 0, 30.00%, 0, 0, 22, 76.91, 1761552, 803, 0, 0
71380, 2, 1280, 1368, 506, 0, 30.00%, 0, 0, 22, 69.34, 1761919, 803, 0, 0
71385, 2, 1280, 1368, 506, 0, 30.00%, 0, 0, 22, 58.12, 1762202, 803, 0, 0
71390, 2, 1280, 1368, 506, 0, 30.00%, 0, 0, 22, 55.42, 1762478, 803, 0, 0
71395, 2, 1280, 1368, 506, 0, 30.00%, 0, 0, 22, 55.06, 1762763, 803, 0, 0
71400, 2, 1280, 1368, 506, 0, 30.00%, 0, 0, 22, 54.83, 1763044, 803, 0, 0
71405, 2, 1280, 1368, 506, 0, 30.00%, 0, 0, 22, 53.97, 1763322, 803, 0, 0
71411, 2, 1280, 1368, 506, 0, 30.00%, 0, 0, 22, 54.45, 1763600, 803, 0, 0
71416, 2, 1280, 1368, 506, 0, 30.00%, 0, 0, 22, 54.38, 1763923, 803, 0, 0
71422, 2, 1280, 1368, 506, 0, 30.00%, 0, 0, 22, 54.58, 1764204, 803, 0, 0
71427, 2, 741, 1368, 505, 0, 30.00%, 0, 0, 22, 71.61, 1764595, 803, 0, 0
71432, 2, 741, 1368, 505, 0, 30.00%, 0, 0, 22, 74.95, 1764975, 803, 0, 0
71437, 2, 741, 1368, 505, 0, 30.00%, 0, 0, 22, 76.48, 1765374, 803, 0, 0
71442, 2, 741, 1368, 505, 0, 30.00%, 0, 0, 22, 76.26, 1765755, 803, 0, 0
71447, 2, 741, 1368, 505, 0, 30.00%, 0, 0, 22, 76.45, 1766140, 803, 0, 0
71452, 2, 1363, 1368, 504, 0, 30.00%, 0, 0, 22, 63.74, 1766466, 803, 0, 0
71457, 2, 1363, 1368, 504, 0, 30.00%, 0, 0, 22, 53.80, 1766729, 803, 0, 0
71462, 2, 1363, 1368, 504, 0, 30.00%, 0, 0, 22, 51.79, 1766993, 803, 0, 0
71467, 2, 1363, 1368, 504, 0, 30.00%, 0, 0, 22, 51.35, 1767254, 803, 0, 0
71473, 2, 1363, 1368, 504, 0, 30.00%, 0, 0, 22, 51.13, 1767517, 803, 0, 0
71478, 2, 1363, 1368, 504, 0, 30.00%, 0, 0, 22, 51.04, 1767777, 803, 0, 0
71483, 2, 1363, 1371, 507, 0, 30.00%, 0, 0, 23, 50.90, 1768037, 803, 0, 0
71488, 2, 1363, 1373, 509, 0, 30.00%, 0, 0, 23, 50.72, 1768297, 803, 0, 0
71493, 2, 1363, 1373, 509, 0, 30.00%, 0, 0, 23, 50.84, 1768560, 803, 0, 0
71498, 2, 1363, 1374, 510, 0, 30.00%, 0, 0, 23, 50.74, 1768822, 803, 0, 0
71503, 2, 1363, 1377, 513, 0, 30.00%, 0, 0, 23, 50.90, 1769080, 803, 0, 0
71508, 2, 1363, 1378, 514, 0, 30.00%, 0, 0, 23, 51.06, 1769343, 803, 0, 0
71513, 2, 1363, 1380, 516, 0, 30.00%, 0, 0, 23, 49.60, 1769591, 803, 0, 0
71518, 2, 1363, 1380, 516, 0, 30.00%, 0, 0, 23, 50.46, 1769849, 803, 0, 0
71524, 2, 1363, 1380, 516, 0, 30.00%, 0, 0, 23, 51.08, 1770112, 803, 0, 0
71529, 2, 1363, 1380, 516, 0, 30.00%, 0, 0, 23, 50.66, 1770372, 803, 0, 0
71534, 2, 1363, 1381, 517, 0, 30.00%, 0, 0, 23, 51.03, 1770630, 803, 0, 0
71539, 2, 1363, 1382, 518, 0, 30.00%, 0, 0, 23, 50.36, 1770886, 803, 0, 0
71544, 2, 1363, 1383, 519, 0, 30.03%, 0, 0, 23, 50.81, 1771149, 804, 0, 0
71549, 2, 1363, 1383, 519, 0, 30.03%, 0, 0, 23, 51.17, 1771411, 804, 0, 0
71554, 2, 1363, 1383, 519, 0, 30.03%, 0, 0, 23, 51.47, 1771675, 804, 0, 0
71559, 2, 1363, 1384, 520, 0, 30.03%, 0, 0, 23, 51.04, 1771939, 804, 0, 0
71564, 2, 1363, 1385, 521, 0, 30.03%, 0, 0, 23, 51.13, 1772194, 804, 0, 0
71570, 2, 1363, 1386, 522, 0, 30.03%, 0, 0, 23, 50.78, 1772450, 804, 0, 0
71575, 2, 1363, 1386, 522, 0, 30.03%, 0, 0, 23, 50.78, 1772711, 804, 0, 0
71580, 2, 1363, 1388, 524, 0, 30.03%, 0, 0, 23, 51.01, 1772969, 804, 0, 0
71585, 2, 1363, 1388, 524, 0, 30.03%, 0, 0, 23, 50.20, 1773227, 804, 0, 0
71590, 2, 1363, 1388, 524, 0, 30.03%, 0, 0, 23, 50.08, 1773485, 804, 0, 0
71595, 2, 1363, 1389, 525, 0, 30.03%, 0, 0, 23, 50.59, 1773748, 804, 0, 0
71600, 2, 1363, 1389, 525, 0, 30.03%, 0, 0, 23, 50.84, 1774011, 804, 0, 0
71605, 2, 1363, 1389, 525, 0, 30.03%, 0, 0, 23, 50.63, 1774271, 804, 0, 0
71611, 2, 1363, 1389, 525, 0, 30.03%, 0, 0, 23, 51.03, 1774534, 804, 0, 0
71616, 2, 1363, 1389, 525, 0, 30.03%, 0, 0, 23, 50.81, 1774797, 804, 0, 0
71621, 2, 1363, 1389, 525, 0, 30.03%, 0, 0, 23, 50.96, 1775059, 804, 0, 0
71626, 2, 1363, 1389, 525, 0, 30.03%, 0, 0, 23, 50.55, 1775319, 804, 0, 0
71631, 2, 1363, 1389, 525, 0, 30.03%, 0, 0, 23, 50.25, 1775578, 804, 0, 0
71636, 2, 1363, 1389, 525, 0, 30.03%, 0, 0, 23, 50.63, 1775840, 804, 0, 0
71642, 2, 1363, 1390, 526, 0, 30.03%, 0, 0, 23, 50.87, 1776100, 804, 0, 0
71647, 2, 1363, 1390, 526, 0, 30.03%, 0, 0, 23, 50.96, 1776361, 804, 0, 0
71652, 2, 1363, 1390, 526, 0, 30.03%, 0, 0, 23, 51.09, 1776623, 804, 0, 0
71657, 2, 1363, 1391, 527, 0, 30.03%, 0, 0, 23, 51.57, 1776883, 804, 0, 0
71662, 2, 1363, 1393, 529, 0, 30.03%, 0, 0, 23, 51.53, 1777142, 804, 0, 0
71667, 2, 1363, 1394, 530, 0, 30.03%, 0, 0, 23, 51.20, 1777408, 804, 0, 0
71672, 2, 1382, 1394, 529, 1, 30.03%, 0, 0, 23, 51.33, 1777671, 804, 0, 0
71677, 2, 1382, 1394, 529, 1, 30.03%, 0, 0, 23, 51.28, 1777934, 804, 0, 0
71682, 2, 1382, 1394, 529, 1, 30.03%, 0, 0, 23, 51.19, 1778196, 804, 0, 0
71688, 2, 1382, 1394, 529, 1, 30.03%, 0, 0, 23, 50.90, 1778457, 804, 0, 0
71694, 2, 1382, 1394, 529, 1, 30.03%, 0, 0, 23, 51.16, 1778770, 804, 0, 0
71699, 2, 1382, 1394, 529, 1, 30.03%, 0, 0, 23, 51.19, 1779032, 804, 0, 0
71704, 2, 1382, 1394, 529, 1, 30.03%, 0, 0, 23, 50.89, 1779292, 804, 0, 0
71709, 2, 1382, 1394, 529, 1, 30.03%, 0, 0, 23, 51.21, 1779555, 804, 0, 0
71714, 2, 1382, 1394, 529, 1, 30.03%, 0, 0, 23, 51.32, 1779818, 804, 0, 0
71719, 2, 1382, 1394, 529, 1, 30.03%, 0, 0, 23, 51.04, 1780079, 804, 0, 0
71724, 2, 1382, 1394, 529, 1, 30.03%, 0, 0, 23, 51.40, 1780342, 804, 0, 0
71729, 2, 1382, 1394, 529, 1, 30.03%, 0, 0, 23, 51.41, 1780606, 804, 0, 0
71735, 2, 1382, 1395, 530, 1, 30.03%, 0, 0, 24, 51.05, 1780863, 804, 0, 0
71740, 2, 1382, 1395, 530, 1, 30.03%, 0, 0, 24, 51.32, 1781126, 804, 0, 0
71745, 2, 1382, 1395, 530, 1, 30.03%, 0, 0, 24, 51.27, 1781390, 804, 0, 0
71750, 2, 1382, 1395, 530, 1, 30.03%, 0, 0, 24, 50.79, 1781648, 804, 0, 0
71755, 2, 1382, 1395, 530, 1, 30.03%, 0, 0, 24, 51.18, 1781911, 804, 0, 0
71760, 2, 1382, 1395, 530, 1, 30.03%, 0, 0, 24, 51.30, 1782175, 804, 0, 0
71765, 2, 1382, 1395, 530, 1, 30.03%, 0, 0, 24, 51.05, 1782438, 804, 0, 0
71770, 2, 1382, 1395, 530, 1, 30.03%, 0, 0, 24, 50.67, 1782697, 804, 0, 0
71776, 2, 1382, 1395, 530, 1, 30.03%, 0, 0, 24, 51.07, 1782961, 804, 0, 0
71781, 2, 1382, 1395, 530, 1, 30.03%, 0, 0, 24, 51.17, 1783224, 804, 0, 0
71786, 2, 1382, 1397, 532, 1, 30.03%, 0, 0, 24, 51.28, 1783480, 804, 0, 0
71791, 2, 1382, 1397, 532, 1, 30.03%, 0, 0, 24, 50.73, 1783740, 804, 0, 0
71796, 2, 1382, 1397, 532, 1, 30.03%, 0, 0, 24, 51.03, 1784004, 804, 0, 0
71801, 2, 1382, 1397, 532, 1, 30.03%, 0, 0, 24, 50.58, 1784264, 804, 0, 0
71806, 2, 1382, 1397, 532, 1, 30.03%, 0, 0, 24, 51.19, 1784528, 804, 0, 0
71811, 2, 1382, 1397, 532, 1, 30.03%, 0, 0, 24, 50.56, 1784789, 804, 0, 0
71817, 2, 1382, 1397, 532, 1, 30.03%, 0, 0, 24, 50.69, 1785049, 804, 0, 0
71822, 2, 1382, 1397, 532, 1, 30.03%, 0, 0, 24, 51.29, 1785313, 804, 0, 0
71827, 2, 1382, 1397, 532, 1, 30.03%, 0, 0, 24, 51.25, 1785577, 804, 0, 0
71832, 2, 1382, 1397, 532, 1, 30.03%, 0, 0, 24, 51.22, 1785840, 804, 0, 0
71837, 2, 1382, 1397, 532, 1, 30.03%, 0, 0, 24, 51.25, 1786103, 804, 0, 0
71842, 2, 1382, 1397, 532, 1, 30.03%, 0, 0, 24, 51.01, 1786363, 804, 0, 0
71847, 2, 1382, 1398, 533, 1, 30.03%, 0, 0, 24, 51.02, 1786621, 804, 0, 0
71852, 2, 1382, 1398, 533, 1, 30.03%, 0, 0, 24, 50.24, 1786881, 804, 0, 0
71858, 2, 1382, 1398, 533, 1, 30.03%, 0, 0, 24, 49.71, 1787135, 804, 0, 0
71863, 2, 1382, 1398, 533, 1, 30.03%, 0, 0, 24, 51.17, 1787398, 804, 0, 0
71868, 2, 1382, 1398, 533, 1, 30.03%, 0, 0, 24, 51.54, 1787662, 804, 0, 0
71873, 2, 1382, 1398, 533, 1, 30.03%, 0, 0, 24, 51.47, 1787925, 804, 0, 0
71878, 2, 1382, 1398, 533, 1, 30.03%, 0, 0, 24, 51.36, 1788187, 804, 0, 0
71883, 2, 1382, 1398, 533, 1, 30.03%, 0, 0, 24, 51.22, 1788448, 804, 0, 0
71888, 2, 1382, 1398, 533, 1, 30.03%, 0, 0, 24, 51.13, 1788710, 804, 0, 0
71893, 2, 1382, 1398, 533, 1, 30.03%, 0, 0, 24, 51.37, 1788973, 804, 0, 0
71899, 2, 1382, 1398, 533, 1, 30.03%, 0, 0, 24, 50.50, 1789233, 804, 0, 0
71904, 2, 1382, 1398, 533, 1, 30.03%, 0, 0, 24, 50.62, 1789492, 804, 0, 0
71909, 2, 1382, 1398, 533, 1, 30.03%, 0, 0, 24, 51.04, 1789754, 804, 0, 0
71914, 2, 1382, 1398, 533, 1, 30.03%, 0, 0, 24, 50.89, 1790016, 804, 0, 0
71919, 2, 1382, 1398, 533, 1, 30.03%, 0, 0, 24, 50.93, 1790278, 804, 0, 0
71924, 2, 1382, 1398, 533, 1, 30.03%, 0, 0, 24, 51.13, 1790539, 804, 0, 0
71929, 2, 1382, 1398, 533, 1, 30.03%, 0, 0, 24, 51.19, 1790802, 804, 0, 0
71934, 2, 1382, 1398, 533, 1, 30.03%, 0, 0, 24, 51.36, 1791065, 804, 0, 0
71940, 2, 1382, 1398, 533, 1, 30.03%, 0, 0, 24, 50.86, 1791328, 804, 0, 0
71945, 2, 1382, 1398, 533, 1, 30.03%, 0, 0, 24, 51.08, 1791592, 804, 0, 0
71950, 2, 1382, 1398, 533, 1, 30.03%, 0, 0, 24, 50.66, 1791853, 804, 0, 0
71955, 2, 1382, 1398, 533, 1, 30.03%, 0, 0, 24, 51.05, 1792115, 804, 0, 0
71960, 2, 1382, 1398, 533, 1, 30.03%, 0, 0, 24, 51.02, 1792377, 804, 0, 0
71965, 2, 1382, 1398, 533, 1, 30.03%, 0, 0, 24, 51.40, 1792640, 804, 0, 0
71970, 2, 1382, 1398, 533, 1, 30.03%, 0, 0, 24, 49.82, 1792895, 804, 0, 0
71976, 2, 1382, 1398, 533, 1, 30.03%, 0, 0, 24, 50.94, 1793159, 804, 0, 0
71981, 2, 1382, 1398, 533, 1, 30.03%, 0, 0, 24, 51.38, 1793422, 804, 0, 0
71986, 2, 1382, 1398, 533, 1, 30.03%, 0, 0, 24, 51.09, 1793686, 804, 0, 0
71991, 2, 1382, 1398, 533, 1, 30.03%, 0, 0, 24, 50.91, 1793948, 804, 0, 0
71996, 2, 1382, 1398, 533, 1, 30.03%, 0, 0, 24, 51.01, 1794212, 804, 0, 0
72001, 2, 1382, 1398, 533, 1, 30.03%, 0, 0, 24, 50.51, 1794471, 804, 0, 0
72006, 2, 1382, 1398, 533, 1, 30.03%, 0, 0, 24, 51.10, 1794734, 804, 0, 0
72012, 2, 1382, 1398, 533, 1, 30.03%, 0, 0, 24, 51.31, 1794997, 804, 0, 0
72017, 2, 1382, 1398, 533, 1, 30.03%, 0, 0, 24, 51.20, 1795260, 804, 0, 0
72022, 2, 1382, 1398, 533, 1, 30.03%, 0, 0, 24, 51.20, 1795523, 804, 0, 0
72027, 2, 1382, 1398, 533, 1, 30.03%, 0, 0, 24, 51.28, 1795786, 804, 0, 0
72032, 2, 1382, 1398, 533, 1, 30.03%, 0, 0, 24, 51.14, 1796048, 804, 0, 0
72037, 2, 1382, 1398, 533, 1, 30.03%, 0, 0, 24, 50.91, 1796310, 804, 0, 0
72042, 2, 1382, 1398, 533, 1, 30.03%, 0, 0, 24, 51.15, 1796572, 804, 0, 0
72047, 2, 1382, 1398, 533, 1, 30.03%, 0, 0, 24, 51.23, 1796836, 804, 0, 0
72053, 2, 1382, 1398, 533, 1, 30.03%, 0, 0, 24, 51.40, 1797098, 804, 0, 0
72058, 2, 1382, 1398, 533, 1, 30.03%, 0, 0, 24, 51.33, 1797361, 804, 0, 0
72063, 2, 1382, 1398, 533, 1, 30.03%, 0, 0, 24, 50.77, 1797621, 804, 0, 0
72068, 2, 1382, 1398, 533, 1, 30.03%, 0, 0, 24, 50.81, 1797884, 804, 0, 0
72073, 2, 1382, 1398, 533, 1, 30.03%, 0, 0, 24, 51.11, 1798148, 804, 0, 0
72078, 2, 1382, 1398, 533, 1, 30.03%, 0, 0, 24, 51.29, 1798412, 804, 0, 0
72083, 2, 1382, 1399, 534, 1, 30.03%, 0, 0, 24, 51.23, 1798671, 804, 0, 0
72089, 2, 1382, 1399, 534, 1, 30.03%, 0, 0, 24, 51.13, 1798933, 804, 0, 0
72094, 2, 1382, 1399, 534, 1, 30.03%, 0, 0, 24, 51.19, 1799195, 804, 0, 0
72099, 2, 1382, 1399, 534, 1, 30.03%, 0, 0, 24, 51.43, 1799456, 804, 0, 0
72104, 2, 1382, 1399, 534, 1, 30.03%, 0, 0, 24, 51.35, 1799720, 804, 0, 0
72109, 2, 1382, 1400, 535, 1, 30.03%, 0, 0, 24, 51.33, 1799985, 804, 0, 0
72114, 2, 1382, 1400, 535, 1, 30.03%, 0, 0, 24, 50.56, 1800245, 804, 0, 0
72119, 2, 1382, 1400, 535, 1, 30.03%, 0, 0, 24, 50.71, 1800507, 804, 0, 0
72124, 2, 1382, 1400, 535, 1, 30.03%, 0, 0, 24, 51.22, 1800769, 804, 0, 0
72130, 2, 1382, 1400, 535, 1, 30.03%, 0, 0, 24, 51.11, 1801032, 804, 0, 0
72135, 2, 1382, 1400, 535, 1, 30.03%, 0, 0, 24, 50.85, 1801294, 804, 0, 0
72140, 2, 1382, 1400, 535, 1, 30.03%, 0, 0, 24, 51.24, 1801557, 804, 0, 0
72145, 2, 1382, 1400, 535, 1, 30.03%, 0, 0, 24, 51.04, 1801819, 804, 0, 0
72150, 2, 1382, 1400, 535, 1, 30.03%, 0, 0, 24, 50.91, 1802082, 804, 0, 0
72155, 2, 1382, 1400, 535, 1, 30.03%, 0, 0, 24, 50.56, 1802342, 804, 0, 0
72160, 2, 1382, 1400, 535, 1, 30.03%, 0, 0, 24, 51.17, 1802606, 804, 0, 0
72166, 2, 1382, 1400, 535, 1, 30.03%, 0, 0, 24, 51.17, 1802869, 804, 0, 0
72171, 2, 1382, 1400, 535, 1, 30.03%, 0, 0, 24, 50.44, 1803128, 804, 0, 0
72176, 2, 1382, 1400, 535, 1, 30.03%, 0, 0, 24, 51.27, 1803392, 804, 0, 0
72181, 2, 1382, 1400, 535, 1, 30.03%, 0, 0, 24, 50.86, 1803653, 804, 0, 0
72186, 2, 1382, 1400, 535, 1, 30.03%, 0, 0, 24, 50.49, 1803913, 804, 0, 0
72191, 2, 1382, 1400, 535, 1, 30.03%, 0, 0, 24, 50.67, 1804173, 804, 0, 0
72196, 2, 1382, 1400, 535, 1, 30.03%, 0, 0, 24, 51.10, 1804436, 804, 0, 0
72202, 2, 1382, 1400, 535, 1, 30.03%, 0, 0, 24, 51.34, 1804700, 804, 0, 0
72207, 2, 1382, 1400, 535, 1, 30.03%, 0, 0, 24, 51.12, 1804962, 804, 0, 0
72212, 2, 1382, 1400, 535, 1, 30.03%, 0, 0, 24, 51.39, 1805224, 804, 0, 0
72217, 2, 1382, 1400, 535, 1, 30.03%, 0, 0, 24, 51.06, 1805486, 804, 0, 0
72222, 2, 1382, 1400, 535, 1, 30.03%, 0, 0, 24, 50.82, 1805747, 804, 0, 0
72227, 2, 1382, 1400, 535, 1, 30.03%, 0, 0, 24, 51.43, 1806011, 804, 0, 0
72232, 2, 1382, 1400, 535, 1, 30.03%, 0, 0, 24, 51.28, 1806273, 804, 0, 0
72237, 2, 1382, 1400, 535, 1, 30.03%, 0, 0, 24, 51.47, 1806536, 804, 0, 0
72243, 2, 1382, 1400, 535, 1, 30.03%, 0, 0, 24, 51.25, 1806799, 804, 0, 0
72248, 2, 1382, 1400, 535, 1, 30.03%, 0, 0, 24, 50.01, 1807057, 804, 0, 0
72253, 2, 1382, 1400, 535, 1, 30.03%, 0, 0, 24, 50.45, 1807314, 804, 0, 0
72258, 2, 1382, 1400, 535, 1, 30.03%, 0, 0, 24, 50.71, 1807577, 804, 0, 0
72263, 2, 1382, 1400, 535, 1, 30.03%, 0, 0, 24, 50.42, 1807833, 804, 0, 0
72268, 2, 1382, 1400, 535, 1, 30.03%, 0, 0, 24, 50.94, 1808094, 804, 0, 0
72273, 2, 1382, 1400, 535, 1, 30.03%, 0, 0, 24, 50.97, 1808358, 804, 0, 0
72279, 2, 1382, 1400, 535, 1, 30.03%, 0, 0, 24, 51.16, 1808621, 804, 0, 0
72284, 2, 1382, 1400, 535, 1, 30.03%, 0, 0, 24, 51.10, 1808883, 804, 0, 0
72289, 2, 1382, 1400, 535, 1, 30.03%, 0, 0, 24, 51.47, 1809147, 804, 0, 0
72294, 2, 1382, 1400, 535, 1, 30.03%, 0, 0, 24, 51.38, 1809411, 804, 0, 0
72299, 2, 1397, 1400, 534, 1, 30.03%, 0, 0, 24, 51.63, 1809675, 804, 0, 0
72304, 2, 1397, 1400, 534, 1, 30.03%, 0, 0, 24, 51.45, 1809939, 804, 0, 0
72309, 2, 1397, 1400, 534, 1, 30.03%, 0, 0, 24, 51.44, 1810203, 804, 0, 0
72314, 2, 1397, 1400, 534, 1, 30.03%, 0, 0, 24, 51.16, 1810464, 804, 0, 0
72321, 2, 1397, 1400, 534, 1, 30.03%, 0, 0, 24, 50.71, 1810819, 804, 0, 0
72326, 2, 643, 1400, 533, 0, 30.03%, 0, 0, 24, 66.67, 1811152, 804, 0, 0
72332, 2, 643, 1400, 533, 0, 30.03%, 0, 0, 24, 74.83, 1811549, 804, 0, 0
72337, 2, 643, 1400, 533, 0, 30.03%, 0, 0, 24, 74.79, 1811927, 804, 0, 0
72342, 2, 643, 1400, 533, 0, 30.03%, 0, 0, 24, 76.31, 1812325, 804, 0, 0
72347, 2, 643, 1400, 533, 0, 30.03%, 0, 0, 24, 76.89, 1812740, 804, 0, 0
72352, 2, 667, 1400, 532, 0, 30.03%, 0, 0, 24, 76.96, 1813137, 804, 0, 0
72357, 2, 667, 1400, 532, 0, 30.03%, 0, 0, 24, 76.50, 1813520, 804, 0, 0
72363, 2, 667, 1400, 532, 0, 30.03%, 0, 0, 24, 76.82, 1813918, 804, 0, 0
72368, 2, 667, 1400, 532, 0, 30.03%, 0, 0, 24, 75.91, 1814298, 804, 0, 0
72374, 2, 667, 1400, 532, 0, 30.03%, 0, 0, 24, 76.43, 1814762, 804, 0, 0
72380, 2, 364, 1400, 531, 0, 30.03%, 0, 0, 24, 89.08, 1815368, 804, 0, 0
72385, 2, 1006, 1400, 530, 0, 30.03%, 0, 0, 24, 82.04, 1815804, 804, 0, 0
72390, 2, 1006, 1400, 530, 0, 30.03%, 0, 0, 24, 70.78, 1816152, 804, 0, 0
72396, 2, 1006, 1400, 530, 0, 30.03%, 0, 0, 24, 68.82, 1816501, 804, 0, 0
72401, 2, 1006, 1400, 530, 0, 30.03%, 0, 0, 24, 67.04, 1816846, 804, 0, 0
72407, 2, 1006, 1400, 530, 0, 30.03%, 0, 0, 24, 68.48, 1817245, 804, 0, 0
72412, 2, 289, 1400, 529, 0, 30.03%, 0, 0, 24, 74.96, 1817619, 804, 0, 0
72417, 2, 1377, 1400, 529, 0, 30.03%, 0, 0, 24, 61.54, 1817943, 804, 0, 0
72422, 2, 1377, 1400, 529, 0, 30.03%, 0, 0, 24, 53.10, 1818204, 804, 0, 0
72427, 2, 1377, 1400, 529, 0, 30.03%, 0, 0, 24, 50.85, 1818464, 804, 0, 0
72432, 2, 1377, 1400, 529, 0, 30.03%, 0, 0, 24, 51.13, 1818727, 804, 0, 0
72439, 2, 1377, 1400, 529, 0, 30.03%, 0, 0, 24, 51.25, 1819065, 804, 0, 0
72444, 2, 1377, 1400, 529, 0, 30.03%, 0, 0, 24, 51.03, 1819328, 804, 0, 0
72449, 2, 747, 1400, 528, 0, 30.03%, 0, 0, 24, 69.84, 1819694, 804, 0, 0
72454, 2, 747, 1400, 528, 0, 30.03%, 0, 0, 24, 74.92, 1820090, 804, 0, 0
72459, 2, 747, 1400, 528, 0, 30.03%, 0, 0, 24, 76.06, 1820486, 804, 0, 0
72464, 2, 747, 1400, 528, 0, 30.03%, 0, 0, 24, 77.03, 1820886, 804, 0, 0
72470, 2, 747, 1400, 528, 0, 30.03%, 0, 0, 24, 75.46, 1821275, 804, 0, 0
72475, 2, 1257, 1400, 527, 0, 30.03%, 0, 0, 24, 65.74, 1821613, 804, 0, 0
72480, 2, 1257, 1400, 527, 0, 30.03%, 0, 0, 24, 57.85, 1821896, 804, 0, 0
72485, 2, 1257, 1400, 527, 0, 30.03%, 0, 0, 24, 55.47, 1822175, 804, 0, 0
72490, 2, 1257, 1400, 527, 0, 30.03%, 0, 0, 24, 55.64, 1822460, 804, 0, 0
72495, 2, 1257, 1400, 527, 0, 30.03%, 0, 0, 24, 55.44, 1822742, 804, 0, 0
72500, 2, 1257, 1400, 527, 0, 30.03%, 0, 0, 24, 55.89, 1823028, 804, 0, 0
72505, 2, 1257, 1400, 527, 0, 30.03%, 0, 0, 24, 55.55, 1823310, 804, 0, 0
72510, 2, 1257, 1400, 527, 0, 30.03%, 0, 0, 24, 54.52, 1823583, 804, 0, 0
72515, 2, 1372, 1400, 526, 0, 30.03%, 0, 0, 24, 53.12, 1823858, 804, 0, 0
72521, 2, 1372, 1400, 526, 0, 30.03%, 0, 0, 24, 51.31, 1824118, 804, 0, 0
72526, 2, 1372, 1400, 526, 0, 30.03%, 0, 0, 24, 51.22, 1824382, 804, 0, 0
72531, 2, 1372, 1400, 526, 0, 30.03%, 0, 0, 24, 50.89, 1824643, 804, 0, 0
72536, 2, 1372, 1400, 526, 0, 30.03%, 0, 0, 24, 51.11, 1824907, 804, 0, 0
72541, 2, 1372, 1400, 526, 0, 30.03%, 0, 0, 24, 50.96, 1825169, 804, 0, 0
72546, 2, 1282, 1400, 525, 0, 30.03%, 0, 0, 24, 51.95, 1825435, 804, 0, 0
72551, 2, 1282, 1400, 525, 0, 30.03%, 0, 0, 24, 54.18, 1825716, 804, 0, 0
72556, 2, 1282, 1400, 525, 0, 30.03%, 0, 0, 24, 54.74, 1825992, 804, 0, 0
72562, 2, 1282, 1400, 525, 0, 30.03%, 0, 0, 24, 54.68, 1826276, 804, 0, 0
72567, 2, 1282, 1400, 525, 0, 30.03%, 0, 0, 24, 54.83, 1826554, 804, 0, 0
72572, 2, 1282, 1400, 525, 0, 30.03%, 0, 0, 24, 54.90, 1826836, 804, 0, 0
72577, 2, 1282, 1400, 525, 0, 30.03%, 0, 0, 24, 54.39, 1827114, 804, 0, 0
72583, 2, 1282, 1400, 525, 0, 30.03%, 0, 0, 24, 53.63, 1827457, 804, 0, 0
72588, 2, 1282, 1400, 525, 0, 30.03%, 0, 0, 24, 53.73, 1827732, 804, 0, 0
72593, 2, 1187, 1400, 524, 0, 30.03%, 0, 0, 24, 57.71, 1828030, 804, 0, 0
72599, 2, 1187, 1400, 524, 0, 30.03%, 0, 0, 24, 58.69, 1828330, 804, 0, 0
72604, 2, 1187, 1400, 524, 0, 30.03%, 0, 0, 24, 58.91, 1828630, 804, 0, 0
72609, 2, 1187, 1400, 524, 0, 30.03%, 0, 0, 24, 58.18, 1828929, 804, 0, 0
72614, 2, 1187, 1400, 524, 0, 30.03%, 0, 0, 24, 58.68, 1829229, 804, 0, 0
72619, 2, 1187, 1400, 524, 0, 30.03%, 0, 0, 24, 57.96, 1829528, 804, 0, 0
72624, 2, 1395, 1400, 523, 0, 30.03%, 0, 0, 24, 57.37, 1829827, 804, 0, 0
72629, 2, 1395, 1400, 523, 0, 30.03%, 0, 0, 24, 52.18, 1830085, 804, 0, 0
72635, 2, 1395, 1400, 523, 0, 30.03%, 0, 0, 24, 50.99, 1830346, 804, 0, 0
72640, 2, 1395, 1400, 523, 0, 30.03%, 0, 0, 24, 50.68, 1830606, 804, 0, 0
72645, 2, 1395, 1400, 523, 0, 30.03%, 0, 0, 24, 51.39, 1830870, 804, 0, 0
72650, 2, 1395, 1400, 523, 0, 30.03%, 0, 0, 24, 51.04, 1831136, 804, 0, 0
72655, 2, 1395, 1400, 523, 0, 30.03%, 0, 0, 24, 50.95, 1831399, 804, 0, 0
72660, 2, 1238, 1400, 522, 0, 30.03%, 0, 0, 24, 55.98, 1831684, 804, 0, 0
72665, 2, 1238, 1400, 522, 0, 30.03%, 0, 0, 24, 57.35, 1831984, 804, 0, 0
72670, 2, 1238, 1400, 522, 0, 30.03%, 0, 0, 24, 57.17, 1832272, 804, 0, 0
72676, 2, 1238, 1400, 522, 0, 30.03%, 0, 0, 24, 57.62, 1832572, 804, 0, 0
72681, 2, 1238, 1400, 522, 0, 30.03%, 0, 0, 24, 55.65, 1832861, 804, 0, 0
72687, 2, 1238, 1400, 522, 0, 30.03%, 0, 0, 24, 56.96, 1833222, 804, 0, 0
72692, 2, 1238, 1400, 522, 0, 30.03%, 0, 0, 24, 57.10, 1833510, 804, 0, 0
72697, 2, 1365, 1400, 521, 0, 30.03%, 0, 0, 24, 52.57, 1833773, 804, 0, 0
72702, 2, 1365, 1400, 521, 0, 30.03%, 0, 0, 24, 51.30, 1834035, 804, 0, 0
72708, 2, 1365, 1400, 521, 0, 30.03%, 0, 0, 24, 51.27, 1834299, 804, 0, 0
72713, 2, 1365, 1400, 521, 0, 30.03%, 0, 0, 24, 51.25, 1834562, 804, 0, 0
72718, 2, 1365, 1400, 521, 0, 30.03%, 0, 0, 24, 51.27, 1834844, 804, 0, 0
72723, 2, 1365, 1400, 521, 0, 30.03%, 0, 0, 24, 51.23, 1835107, 804, 0, 0
72728, 2, 652, 1400, 520, 0, 30.03%, 0, 0, 24, 69.70, 1835486, 804, 0, 0
72734, 2, 652, 1400, 520, 0, 30.03%, 0, 0, 24, 74.17, 1835875, 804, 0, 0
72739, 2, 652, 1400, 520, 0, 30.03%, 0, 0, 24, 76.19, 1836273, 804, 0, 0
72744, 2, 652, 1400, 520, 0, 30.03%, 0, 0, 24, 76.34, 1836656, 804, 0, 0
72749, 2, 652, 1400, 520, 0, 30.03%, 0, 0, 24, 76.05, 1837043, 804, 0, 0
72754, 2, 636, 1400, 519, 0, 30.03%, 0, 0, 24, 76.80, 1837442, 804, 0, 0
72759, 2, 636, 1400, 519, 0, 30.03%, 0, 0, 24, 76.97, 1837841, 804, 0, 0
72764, 2, 636, 1400, 519, 0, 30.03%, 0, 0, 24, 76.93, 1838239, 804, 0, 0
72769, 2, 636, 1400, 519, 0, 30.03%, 0, 0, 24, 76.74, 1838622, 804, 0, 0
72775, 2, 636, 1400, 519, 0, 30.03%, 0, 0, 24, 76.61, 1839015, 804, 0, 0
72780, 2, 557, 1400, 518, 0, 30.03%, 0, 0, 24, 82.94, 1839443, 804, 0, 0
72785, 2, 557, 1400, 518, 0, 30.03%, 0, 0, 24, 86.39, 1839893, 804, 0, 0
72791, 2, 557, 1400, 518, 0, 30.03%, 0, 0, 24, 86.51, 1840424, 804, 0, 0
72796, 2, 784, 1400, 517, 0, 30.03%, 0, 0, 24, 76.34, 1840820, 804, 0, 0
72801, 2, 784, 1400, 517, 0, 30.03%, 0, 0, 24, 70.37, 1841173, 804, 0, 0
72806, 2, 784, 1400, 517, 0, 30.03%, 0, 0, 24, 69.18, 1841524, 804, 0, 0
72812, 2, 784, 1400, 517, 0, 30.03%, 0, 0, 24, 68.69, 1841874, 804, 0, 0
72817, 2, 784, 1400, 517, 0, 30.03%, 0, 0, 24, 67.68, 1842223, 804, 0, 0
72822, 2, 1131, 1400, 516, 0, 30.03%, 0, 0, 24, 64.68, 1842548, 804, 0, 0
72827, 2, 1131, 1400, 516, 0, 30.03%, 0, 0, 24, 62.54, 1842860, 804, 0, 0
72832, 2, 1131, 1400, 516, 0, 30.03%, 0, 0, 24, 61.47, 1843170, 804, 0, 0
72837, 2, 1131, 1400, 516, 0, 30.03%, 0, 0, 24, 60.63, 1843476, 804, 0, 0
72842, 2, 1131, 1400, 516, 0, 30.03%, 0, 0, 24, 61.02, 1843792, 804, 0, 0
72847, 2, 743, 1400, 515, 0, 30.03%, 0, 0, 24, 65.16, 1844116, 804, 0, 0
72852, 2, 700, 1400, 515, 0, 30.03%, 0, 0, 24, 74.98, 1844514, 804, 0, 0
72857, 2, 700, 1400, 515, 0, 30.03%, 0, 0, 24, 76.01, 1844898, 804, 0, 0
72863, 2, 700, 1400, 515, 0, 30.03%, 0, 0, 24, 75.78, 1845294, 804, 0, 0
72868, 2, 700, 1400, 515, 0, 30.03%, 0, 0, 24, 76.19, 1845676, 804, 0, 0
72873, 2, 700, 1400, 515, 0, 30.03%, 0, 0, 24, 76.11, 1846099, 804, 0, 0
72878, 2, 1388, 1400, 514, 0, 30.03%, 0, 0, 24, 63.15, 1846425, 804, 0, 0
72883, 2, 1388, 1400, 514, 0, 30.03%, 0, 0, 24, 53.38, 1846687, 804, 0, 0
72888, 2, 1388, 1400, 514, 0, 30.03%, 0, 0, 24, 51.12, 1846949, 804, 0, 0
72894, 2, 1388, 1400, 514, 0, 30.03%, 0, 0, 24, 50.82, 1847210, 804, 0, 0
72899, 2, 1388, 1400, 514, 0, 30.03%, 0, 0, 24, 50.87, 1847472, 804, 0, 0
72904, 2, 1388, 1400, 514, 0, 30.03%, 0, 0, 24, 51.11, 1847730, 804, 0, 0
72909, 2, 718, 1400, 513, 0, 30.03%, 0, 0, 24, 58.73, 1848015, 804, 0, 0
72914, 2, 718, 1400, 513, 0, 30.03%, 0, 0, 24, 72.15, 1848407, 804, 0, 0
72919, 2, 718, 1400, 513, 0, 30.03%, 0, 0, 24, 74.94, 1848788, 804, 0, 0
72924, 2, 718, 1400, 513, 0, 30.03%, 0, 0, 24, 74.68, 1849169, 804, 0, 0
72929, 2, 718, 1400, 513, 0, 30.03%, 0, 0, 24, 74.84, 1849557, 804, 0, 0
72934, 2, 718, 1400, 513, 0, 30.03%, 0, 0, 24, 74.73, 1849933, 804, 0, 0
72939, 2, 1225, 1400, 512, 0, 30.03%, 0, 0, 24, 67.94, 1850293, 804, 0, 0
72945, 2, 1225, 1400, 512, 0, 30.03%, 0, 0, 24, 60.12, 1850593, 804, 0, 0
72950, 2, 1225, 1400, 512, 0, 30.03%, 0, 0, 24, 57.89, 1850880, 804, 0, 0
72955, 2, 1225, 1400, 512, 0, 30.03%, 0, 0, 24, 58.13, 1851179, 804, 0, 0
72960, 2, 1225, 1400, 512, 0, 30.03%, 0, 0, 24, 58.11, 1851478, 804, 0, 0
72965, 2, 1225, 1400, 512, 0, 30.03%, 0, 0, 24, 58.22, 1851777, 804, 0, 0
72970, 2, 1225, 1400, 512, 0, 30.03%, 0, 0, 24, 58.24, 1852081, 804, 0, 0
72975, 2, 1288, 1400, 511, 0, 30.03%, 0, 0, 24, 56.47, 1852373, 804, 0, 0
72981, 2, 1288, 1400, 511, 0, 30.03%, 0, 0, 24, 54.79, 1852650, 804, 0, 0
72986, 2, 1288, 1400, 511, 0, 30.03%, 0, 0, 24, 54.80, 1852924, 804, 0, 0
72991, 2, 1288, 1400, 511, 0, 30.03%, 0, 0, 24, 53.77, 1853195, 804, 0, 0
72996, 2, 1288, 1400, 511, 0, 30.03%, 0, 0, 24, 54.59, 1853479, 804, 0, 0
73001, 2, 1288, 1400, 511, 0, 30.03%, 0, 0, 24, 54.22, 1853755, 804, 0, 0
73006, 2, 1288, 1400, 511, 0, 30.03%, 0, 0, 24, 54.77, 1854032, 804, 0, 0
73011, 2, 1288, 1400, 511, 0, 30.03%, 0, 0, 24, 54.91, 1854324, 804, 0, 0
73016, 2, 1288, 1400, 511, 0, 30.03%, 0, 0, 24, 54.27, 1854599, 804, 0, 0
73021, 2, 753, 1400, 510, 0, 30.03%, 0, 0, 24, 71.27, 1854986, 804, 0, 0
73026, 2, 753, 1400, 510, 0, 30.03%, 0, 0, 24, 75.22, 1855367, 804, 0, 0
73031, 2, 753, 1400, 510, 0, 30.03%, 0, 0, 24, 76.17, 1855750, 804, 0, 0
73037, 2, 753, 1400, 510, 0, 30.03%, 0, 0, 24, 77.17, 1856149, 804, 0, 0
73042, 2, 753, 1400, 510, 0, 30.03%, 0, 0, 24, 77.05, 1856539, 804, 0, 0
73047, 2, 642, 1400, 509, 0, 30.03%, 0, 0, 24, 76.40, 1856921, 804, 0, 0
73052, 2, 1222, 1400, 509, 0, 30.03%, 0, 0, 24, 61.64, 1857225, 804, 0, 0
73057, 2, 1222, 1400, 509, 0, 30.03%, 0, 0, 24, 57.56, 1857520, 804, 0, 0
73062, 2, 1222, 1400, 509, 0, 30.03%, 0, 0, 24, 57.72, 1857820, 804, 0, 0
73067, 2, 1222, 1400, 509, 0, 30.03%, 0, 0, 24, 58.06, 1858120, 804, 0, 0
73073, 2, 1222, 1400, 509, 0, 30.03%, 0, 0, 24, 58.09, 1858420, 804, 0, 0
73078, 2, 1222, 1400, 509, 0, 30.03%, 0, 0, 24, 57.63, 1858718, 804, 0, 0
73083, 2, 663, 1400, 508, 0, 30.03%, 0, 0, 24, 57.90, 1859018, 804, 0, 0
73088, 2, 663, 1400, 508, 0, 30.03%, 0, 0, 24, 73.15, 1859416, 804, 0, 0
73093, 2, 663, 1400, 508, 0, 30.03%, 0, 0, 24, 75.80, 1859811, 804, 0, 0
73099, 2, 663, 1400, 508, 0, 30.03%, 0, 0, 24, 76.69, 1860211, 804, 0, 0
73104, 2, 663, 1400, 508, 0, 30.03%, 0, 0, 24, 76.20, 1860591, 804, 0, 0
73109, 2, 663, 1400, 508, 0, 30.03%, 0, 0, 24, 76.23, 1860983, 804, 0, 0
73114, 2, 934, 1400, 507, 0, 30.03%, 0, 0, 24, 70.39, 1861340, 804, 0, 0
73119, 2, 934, 1400, 507, 0, 30.03%, 0, 0, 24, 68.69, 1861690, 804, 0, 0
73124, 2, 934, 1400, 507, 0, 30.03%, 0, 0, 24, 68.23, 1862040, 804, 0, 0
73131, 2, 934, 1400, 507, 0, 30.03%, 0, 0, 24, 68.22, 1862518, 804, 0, 0
73136, 2, 1375, 1400, 506, 0, 30.03%, 0, 0, 24, 64.92, 1862856, 804, 0, 0
73141, 2, 1375, 1400, 506, 0, 30.03%, 0, 0, 24, 54.00, 1863118, 804, 0, 0
73146, 2, 1375, 1400, 506, 0, 30.03%, 0, 0, 24, 51.09, 1863376, 804, 0, 0
73152, 2, 1375, 1400, 506, 0, 30.03%, 0, 0, 24, 50.89, 1863638, 804, 0, 0
73157, 2, 1375, 1400, 506, 0, 30.03%, 0, 0, 24, 51.06, 1863902, 804, 0, 0
73162, 2, 1375, 1400, 506, 0, 30.03%, 0, 0, 24, 50.65, 1864159, 804, 0, 0
73167, 2, 1375, 1400, 506, 0, 30.03%, 0, 0, 24, 50.81, 1864420, 804, 0, 0
73172, 2, 615, 1400, 505, 0, 30.03%, 0, 0, 24, 70.39, 1864795, 804, 0, 0
73177, 2, 615, 1400, 505, 0, 30.03%, 0, 0, 24, 74.75, 1865177, 804, 0, 0
73182, 2, 615, 1400, 505, 0, 30.03%, 0, 0, 24, 75.70, 1865558, 804, 0, 0
73187, 2, 615, 1400, 505, 0, 30.03%, 0, 0, 24, 76.15, 1865955, 804, 0, 0
73192, 2, 615, 1400, 505, 0, 30.03%, 0, 0, 24, 76.30, 1866353, 804, 0, 0
73198, 2, 665, 1400, 504, 0, 30.03%, 0, 0, 24, 76.15, 1866747, 804, 0, 0
73203, 2, 665, 1400, 504, 0, 30.03%, 0, 0, 24, 77.04, 1867145, 804, 0, 0
73208, 2, 665, 1400, 504, 0, 30.03%, 0, 0, 24, 77.22, 1867544, 804, 0, 0
73213, 2, 665, 1400, 504, 0, 30.03%, 0, 0, 24, 77.33, 1867943, 804, 0, 0
73218, 2, 665, 1400, 504, 0, 30.03%, 0, 0, 24, 76.82, 1868327, 804, 0, 0
73223, 2, 1217, 1400, 503, 0, 30.03%, 0, 0, 24, 64.69, 1868650, 804, 0, 0
73228, 2, 599, 1400, 503, 0, 30.03%, 0, 0, 24, 70.77, 1869006, 804, 0, 0
73233, 2, 599, 1400, 503, 0, 30.03%, 0, 0, 24, 73.46, 1869396, 804, 0, 0
73238, 2, 599, 1400, 503, 0, 30.03%, 0, 0, 24, 75.48, 1869778, 804, 0, 0
73244, 2, 599, 1400, 503, 0, 30.03%, 0, 0, 24, 76.57, 1870178, 804, 0, 0
73249, 2, 599, 1400, 503, 0, 30.03%, 0, 0, 24, 76.70, 1870599, 804, 0, 0
73254, 2, 1275, 1400, 502, 0, 30.03%, 0, 0, 24, 72.77, 1870980, 804, 0, 0
73259, 2, 1275, 1400, 502, 0, 30.03%, 0, 0, 24, 59.55, 1871266, 804, 0, 0
73265, 2, 1275, 1400, 502, 0, 30.03%, 0, 0, 24, 57.11, 1871553, 804, 0, 0
73270, 2, 1275, 1400, 502, 0, 30.03%, 0, 0, 24, 56.44, 1871838, 804, 0, 0
73275, 2, 1275, 1400, 502, 0, 30.03%, 0, 0, 24, 56.49, 1872124, 804, 0, 0
73280, 2, 1275, 1400, 502, 0, 30.03%, 0, 0, 24, 56.14, 1872411, 804, 0, 0
73285, 2, 1275, 1400, 502, 0, 30.03%, 0, 0, 24, 56.24, 1872697, 804, 0, 0
73290, 2, 1275, 1400, 502, 0, 30.03%, 0, 0, 24, 56.12, 1872986, 804, 0, 0
73295, 2, 682, 1400, 501, 0, 30.03%, 0, 0, 24, 63.50, 1873299, 804, 0, 0
73300, 2, 682, 1400, 501, 0, 30.03%, 0, 0, 24, 73.97, 1873696, 804, 0, 0
73305, 2, 682, 1400, 501, 0, 30.03%, 0, 0, 24, 75.58, 1874078, 804, 0, 0
73310, 2, 682, 1400, 501, 0, 30.03%, 0, 0, 24, 76.53, 1874474, 804, 0, 0
73317, 2, 682, 1400, 501, 0, 30.03%, 0, 0, 24, 77.39, 1875013, 804, 0, 0
73323, 2, 231, 1400, 500, 0, 30.03%, 0, 0, 24, 91.39, 1875476, 804, 0, 0
73328, 2, 1271, 1400, 500, 0, 30.03%, 0, 0, 24, 64.39, 1875777, 804, 0, 0
73333, 2, 1271, 1400, 500, 0, 30.03%, 0, 0, 24, 57.25, 1876062, 804, 0, 0
73338, 2, 1271, 1400, 500, 0, 30.03%, 0, 0, 24, 56.05, 1876349, 804, 0, 0
73343, 2, 1271, 1400, 500, 0, 30.03%, 0, 0, 24, 55.69, 1876632, 804, 0, 0
73348, 2, 1271, 1400, 500, 0, 30.03%, 0, 0, 24, 54.42, 1876912, 804, 0, 0
73353, 2, 1271, 1400, 500, 0, 30.03%, 0, 0, 24, 55.43, 1877196, 804, 0, 0
73359, 2, 1271, 1400, 500, 0, 30.03%, 0, 0, 24, 55.82, 1877503, 804, 0, 0
73364, 2, 1271, 1400, 500, 0, 30.03%, 0, 0, 24, 55.71, 1877789, 804, 0, 0
73369, 2, 1196, 1400, 499, 0, 30.03%, 0, 0, 24, 57.29, 1878087, 804, 0, 0
73374, 2, 1196, 1400, 499, 0, 30.03%, 0, 0, 24, 58.12, 1878387, 804, 0, 0
73379, 2, 1196, 1400, 499, 0, 30.03%, 0, 0, 24, 57.97, 1878686, 804, 0, 0
73385, 2, 1196, 1400, 499, 0, 30.03%, 0, 0, 24, 58.12, 1878986, 804, 0, 0
73390, 2, 1196, 1400, 499, 0, 30.03%, 0, 0, 24, 58.16, 1879286, 804, 0, 0
73395, 2, 1196, 1400, 499, 0, 30.03%, 0, 0, 24, 58.53, 1879588, 804, 0, 0
73400, 2, 574, 1400, 498, 0, 30.03%, 0, 0, 24, 57.98, 1879886, 804, 0, 0
73405, 2, 574, 1400, 498, 0, 30.03%, 0, 0, 24, 73.15, 1880285, 804, 0, 0
73410, 2, 574, 1400, 498, 0, 30.03%, 0, 0, 24, 75.17, 1880666, 804, 0, 0
73415, 2, 574, 1400, 498, 0, 30.03%, 0, 0, 24, 76.00, 1881049, 804, 0, 0
73420, 2, 574, 1400, 498, 0, 30.03%, 0, 0, 24, 75.49, 1881426, 804, 0, 0
73425, 2, 574, 1400, 498, 0, 30.03%, 0, 0, 24, 76.20, 1881811, 804, 0, 0
73430, 2, 694, 1400, 497, 0, 30.03%, 0, 0, 24, 76.84, 1882210, 804, 0, 0
73436, 2, 694, 1400, 497, 0, 30.03%, 0, 0, 24, 76.55, 1882603, 804, 0, 0
73441, 2, 694, 1400, 497, 0, 30.03%, 0, 0, 24, 76.67, 1883000, 804, 0, 0
73446, 2, 694, 1400, 497, 0, 30.03%, 0, 0, 24, 76.72, 1883399, 804, 0, 0
73451, 2, 694, 1400, 497, 0, 30.03%, 0, 0, 24, 76.99, 1883800, 804, 0, 0
73456, 2, 959, 1400, 496, 0, 30.03%, 0, 0, 24, 71.84, 1884167, 804, 0, 0
73461, 2, 959, 1400, 496, 0, 30.03%, 0, 0, 24, 68.95, 1884517, 804, 0, 0
73467, 2, 959, 1400, 496, 0, 30.03%, 0, 0, 24, 68.49, 1884865, 804, 0, 0
73472, 2, 959, 1400, 496, 0, 30.03%, 0, 0, 24, 68.79, 1885215, 804, 0, 0
73477, 2, 959, 1400, 496, 0, 30.03%, 0, 0, 24, 68.69, 1885567, 804, 0, 0
73482, 2, 527, 1400, 495, 0, 30.03%, 0, 0, 24, 85.92, 1886006, 804, 0, 0
73487, 2, 527, 1400, 495, 0, 30.03%, 0, 0, 24, 93.26, 1886493, 804, 0, 0
73493, 2, 527, 1400, 495, 0, 30.03%, 0, 0, 24, 94.74, 1887082, 804, 0, 0
73498, 2, 862, 1400, 494, 0, 30.03%, 0, 0, 24, 88.42, 1887537, 804, 0, 0
73503, 2, 862, 1400, 494, 0, 30.03%, 0, 0, 24, 72.17, 1887887, 804, 0, 0
73508, 2, 862, 1400, 494, 0, 30.03%, 0, 0, 24, 69.25, 1888236, 804, 0, 0
73514, 2, 862, 1400, 494, 0, 30.03%, 0, 0, 24, 68.80, 1888587, 804, 0, 0
73519, 2, 862, 1400, 494, 0, 30.03%, 0, 0, 24, 68.63, 1888957, 804, 0, 0
73524, 2, 944, 1400, 493, 0, 30.03%, 0, 0, 24, 68.51, 1889307, 804, 0, 0
73529, 2, 513, 1400, 493, 0, 30.03%, 0, 0, 24, 83.27, 1889726, 804, 0, 0
73534, 2, 1224, 1400, 493, 0, 30.03%, 0, 0, 24, 67.86, 1890087, 804, 0, 0
73539, 2, 1224, 1400, 493, 0, 30.03%, 0, 0, 24, 59.28, 1890374, 804, 0, 0
73544, 2, 1224, 1400, 493, 0, 30.03%, 0, 0, 24, 57.98, 1890662, 804, 0, 0
73550, 2, 1224, 1400, 493, 0, 30.03%, 0, 0, 24, 57.60, 1890961, 804, 0, 0
73555, 2, 1224, 1400, 493, 0, 30.03%, 0, 0, 24, 57.49, 1891248, 804, 0, 0
73560, 2, 1224, 1400, 493, 0, 30.03%, 0, 0, 24, 56.99, 1891535, 804, 0, 0
73565, 2, 1224, 1400, 493, 0, 30.03%, 0, 0, 24, 57.48, 1891828, 804, 0, 0
73570, 2, 604, 1400, 492, 0, 30.03%, 0, 0, 24, 68.40, 1892167, 804, 0, 0
73575, 2, 604, 1400, 492, 0, 30.03%, 0, 0, 24, 75.35, 1892566, 804, 0, 0
73580, 2, 604, 1400, 492, 0, 30.03%, 0, 0, 24, 75.86, 1892964, 804, 0, 0
73585, 2, 604, 1400, 492, 0, 30.03%, 0, 0, 24, 75.32, 1893358, 804, 0, 0
73591, 2, 604, 1400, 492, 0, 30.03%, 0, 0, 24, 74.04, 1893780, 804, 0, 0
73596, 2, 1118, 1400, 491, 0, 30.03%, 0, 0, 24, 70.92, 1894153, 804, 0, 0
73601, 2, 1118, 1400, 491, 0, 30.03%, 0, 0, 24, 67.80, 1894502, 804, 0, 0
73606, 2, 1118, 1400, 491, 0, 30.03%, 0, 0, 24, 67.19, 1894838, 804, 0, 0
73612, 2, 1118, 1400, 491, 0, 30.03%, 0, 0, 24, 67.49, 1895188, 804, 0, 0
73617, 2, 1118, 1400, 491, 0, 30.03%, 0, 0, 24, 67.16, 1895530, 804, 0, 0
73622, 2, 721, 1400, 490, 0, 30.03%, 0, 0, 24, 71.39, 1895893, 804, 0, 0
73627, 2, 721, 1400, 490, 0, 30.03%, 0, 0, 24, 75.44, 1896276, 804, 0, 0
73632, 2, 721, 1400, 490, 0, 30.03%, 0, 0, 24, 76.62, 1896675, 804, 0, 0
73637, 2, 721, 1400, 490, 0, 30.03%, 0, 0, 24, 75.93, 1897057, 804, 0, 0
73644, 2, 721, 1400, 490, 0, 30.03%, 0, 0, 24, 76.19, 1897583, 804, 0, 0
73649, 2, 469, 1400, 489, 0, 30.03%, 0, 0, 24, 88.58, 1898031, 804, 0, 0
73654, 2, 469, 1400, 489, 0, 30.03%, 0, 0, 24, 95.68, 1898547, 804, 0, 0
73659, 2, 1099, 1400, 488, 0, 30.03%, 0, 0, 24, 72.69, 1898911, 804, 0, 0
73664, 2, 1099, 1400, 488, 0, 30.03%, 0, 0, 24, 65.06, 1899235, 804, 0, 0
73670, 2, 1099, 1400, 488, 0, 30.03%, 0, 0, 24, 63.68, 1899559, 804, 0, 0
73676, 2, 1099, 1400, 488, 0, 30.03%, 0, 0, 24, 63.19, 1899986, 804, 0, 0
73681, 2, 1278, 1400, 487, 0, 30.03%, 0, 0, 24, 59.32, 1900285, 804, 0, 0
73686, 2, 1278, 1400, 487, 0, 30.03%, 0, 0, 24, 54.33, 1900559, 804, 0, 0
73692, 2, 1278, 1400, 487, 0, 30.03%, 0, 0, 24, 52.95, 1900831, 804, 0, 0
73697, 2, 1278, 1400, 487, 0, 30.03%, 0, 0, 24, 53.07, 1901106, 804, 0, 0
73702, 2, 1278, 1400, 487, 0, 30.03%, 0, 0, 24, 53.14, 1901397, 804, 0, 0
73707, 2, 1278, 1400, 487, 0, 30.03%, 0, 0, 24, 53.20, 1901672, 804, 0, 0
73713, 2, 582, 1400, 486, 0, 30.03%, 0, 0, 24, 71.75, 1902060, 804, 0, 0
73718, 2, 582, 1400, 486, 0, 30.03%, 0, 0, 24, 75.74, 1902458, 804, 0, 0
73723, 2, 582, 1400, 486, 0, 30.03%, 0, 0, 24, 76.49, 1902857, 804, 0, 0
73728, 2, 582, 1400, 486, 0, 30.03%, 0, 0, 24, 76.81, 1903257, 804, 0, 0
73733, 2, 582, 1400, 486, 0, 30.03%, 0, 0, 24, 76.79, 1903650, 804, 0, 0
73739, 2, 686, 1400, 485, 0, 30.03%, 0, 0, 24, 77.22, 1904049, 804, 0, 0
73744, 2, 686, 1400, 485, 0, 30.03%, 0, 0, 24, 76.72, 1904448, 804, 0, 0
73749, 2, 686, 1400, 485, 0, 30.03%, 0, 0, 24, 76.53, 1904831, 804, 0, 0
73754, 2, 686, 1400, 485, 0, 30.03%, 0, 0, 24, 76.20, 1905226, 804, 0, 0
73759, 2, 686, 1400, 485, 0, 30.03%, 0, 0, 24, 75.97, 1905623, 804, 0, 0
73764, 2, 638, 1400, 484, 0, 30.03%, 0, 0, 24, 76.38, 1906018, 804, 0, 0
73769, 2, 638, 1400, 484, 0, 30.03%, 0, 0, 24, 75.23, 1906392, 804, 0, 0
73775, 2, 638, 1400, 484, 0, 30.03%, 0, 0, 24, 76.49, 1906792, 804, 0, 0
73780, 2, 638, 1400, 484, 0, 30.03%, 0, 0, 24, 76.46, 1907187, 804, 0, 0
73785, 2, 638, 1400, 484, 0, 30.03%, 0, 0, 24, 76.30, 1907581, 804, 0, 0
73790, 2, 674, 1400, 483, 0, 30.03%, 0, 0, 24, 76.87, 1907980, 804, 0, 0
73795, 2, 674, 1400, 483, 0, 30.03%, 0, 0, 24, 76.15, 1908362, 804, 0, 0
73800, 2, 674, 1400, 483, 0, 30.03%, 0, 0, 24, 76.44, 1908745, 804, 0, 0
73805, 2, 674, 1400, 483, 0, 30.03%, 0, 0, 24, 75.19, 1909133, 804, 0, 0
73811, 2, 674, 1400, 483, 0, 30.03%, 0, 0, 24, 76.44, 1909583, 804, 0, 0
73816, 2, 688, 1400, 482, 0, 30.03%, 0, 0, 24, 76.68, 1909980, 804, 0, 0
73821, 2, 688, 1400, 482, 0, 30.03%, 0, 0, 24, 76.08, 1910360, 804, 0, 0
73826, 2, 688, 1400, 482, 0, 30.03%, 0, 0, 24, 76.35, 1910742, 804, 0, 0
73832, 2, 688, 1400, 482, 0, 30.03%, 0, 0, 24, 76.34, 1911138, 804, 0, 0
73838, 2, 688, 1400, 482, 0, 30.03%, 0, 0, 24, 76.04, 1911601, 804, 0, 0
73843, 2, 688, 1401, 483, 0, 30.03%, 0, 0, 24, 76.88, 1912000, 804, 0, 0
73848, 2, 622, 1401, 482, 0, 30.03%, 0, 0, 24, 76.76, 1912400, 804, 0, 0
73853, 2, 622, 1401, 482, 0, 30.03%, 0, 0, 24, 76.77, 1912797, 804, 0, 0
73858, 2, 622, 1401, 482, 0, 30.03%, 0, 0, 24, 74.87, 1913188, 804, 0, 0
73864, 2, 622, 1401, 482, 0, 30.03%, 0, 0, 24, 74.47, 1913571, 804, 0, 0
73869, 2, 622, 1401, 482, 0, 30.03%, 0, 0, 24, 75.50, 1913954, 804, 0, 0
73874, 2, 1243, 1401, 481, 0, 30.03%, 0, 0, 24, 89.78, 1914428, 804, 0, 0
73879, 2, 1243, 1401, 481, 0, 30.03%, 0, 0, 24, 64.38, 1914728, 804, 0, 0
73884, 2, 1243, 1401, 481, 0, 30.03%, 0, 0, 24, 58.98, 1915027, 804, 0, 0
73889, 2, 1243, 1401, 481, 0, 30.03%, 0, 0, 24, 58.22, 1915326, 804, 0, 0
73895, 2, 1243, 1401, 481, 0, 30.03%, 0, 0, 24, 57.46, 1915623, 804, 0, 0
73900, 2, 1243, 1401, 481, 0, 30.03%, 0, 0, 24, 57.87, 1915921, 804, 0, 0
73905, 2, 1243, 1401, 481, 0, 30.03%, 0, 0, 24, 58.18, 1916218, 804, 0, 0
73910, 2, 1272, 1401, 480, 0, 30.03%, 0, 0, 24, 57.63, 1916518, 804, 0, 0
73915, 2, 1272, 1401, 480, 0, 30.03%, 0, 0, 24, 56.15, 1916805, 804, 0, 0
73920, 2, 1272, 1401, 480, 0, 30.03%, 0, 0, 24, 56.04, 1917090, 804, 0, 0
73925, 2, 1272, 1401, 480, 0, 30.03%, 0, 0, 24, 55.97, 1917377, 804, 0, 0
73930, 2, 1272, 1401, 480, 0, 30.03%, 0, 0, 24, 55.81, 1917662, 804, 0, 0
73936, 2, 1272, 1401, 480, 0, 30.03%, 0, 0, 24, 55.94, 1917950, 804, 0, 0
73941, 2, 1272, 1401, 480, 0, 30.03%, 0, 0, 24, 55.79, 1918236, 804, 0, 0
73946, 2, 1272, 1401, 480, 0, 30.03%, 0, 0, 24, 55.56, 1918516, 804, 0, 0
73951, 2, 496, 1401, 479, 0, 30.03%, 0, 0, 24, 57.58, 1918808, 804, 0, 0
73956, 2, 1287, 1401, 479, 0, 30.03%, 0, 0, 24, 74.85, 1919254, 804, 0, 0
73961, 2, 1203, 1401, 479, 0, 30.03%, 0, 0, 24, 57.79, 1919520, 804, 0, 0
73966, 2, 1203, 1401, 479, 0, 30.03%, 0, 0, 24, 58.89, 1919820, 804, 0, 0
73971, 2, 1203, 1401, 479, 0, 30.03%, 0, 0, 24, 58.44, 1920119, 804, 0, 0
73976, 2, 1203, 1401, 479, 0, 30.03%, 0, 0, 24, 58.11, 1920416, 804, 0, 0
73982, 2, 1203, 1401, 479, 0, 30.03%, 0, 0, 24, 58.17, 1920716, 804, 0, 0
73987, 2, 1203, 1401, 479, 0, 30.03%, 0, 0, 24, 58.34, 1921016, 804, 0, 0
73992, 2, 1203, 1401, 479, 0, 30.03%, 0, 0, 24, 58.17, 1921313, 804, 0, 0
73997, 2, 966, 1401, 478, 0, 30.03%, 0, 0, 24, 60.57, 1921621, 804, 0, 0
74002, 2, 966, 1401, 478, 0, 30.03%, 0, 0, 24, 66.71, 1921971, 804, 0, 0
74007, 2, 966, 1401, 478, 0, 30.03%, 0, 0, 24, 67.99, 1922321, 804, 0, 0
74012, 2, 966, 1401, 478, 0, 30.03%, 0, 0, 24, 68.18, 1922671, 804, 0, 0
74018, 2, 966, 1401, 478, 0, 30.03%, 0, 0, 24, 68.11, 1923055, 804, 0, 0
74023, 2, 1283, 1401, 477, 0, 30.03%, 0, 0, 24, 65.60, 1923396, 804, 0, 0
74028, 2, 1283, 1401, 477, 0, 30.03%, 0, 0, 24, 57.17, 1923682, 804, 0, 0
74033, 2, 1283, 1401, 477, 0, 30.03%, 0, 0, 24, 55.43, 1923959, 804, 0, 0
74038, 2, 1283, 1401, 477, 0, 30.03%, 0, 0, 24, 54.54, 1924236, 804, 0, 0
74044, 2, 1283, 1401, 477, 0, 30.03%, 0, 0, 24, 54.69, 1924517, 804, 0, 0
74049, 2, 1283, 1401, 477, 0, 30.03%, 0, 0, 24, 54.41, 1924792, 804, 0, 0
74054, 2, 1283, 1401, 477, 0, 30.03%, 0, 0, 24, 54.80, 1925066, 804, 0, 0
74060, 2, 1283, 1401, 477, 0, 30.03%, 0, 0, 24, 54.73, 1925420, 804, 0, 0
74065, 2, 1283, 1401, 477, 0, 30.03%, 0, 0, 24, 54.18, 1925697, 804, 0, 0
74070, 2, 664, 1401, 476, 0, 30.03%, 0, 0, 24, 71.46, 1926084, 804, 0, 0
74075, 2, 664, 1401, 476, 0, 30.03%, 0, 0, 24, 74.71, 1926463, 804, 0, 0
74081, 2, 664, 1401, 476, 0, 30.03%, 0, 0, 24, 75.08, 1926855, 804, 0, 0
74086, 2, 664, 1401, 476, 0, 30.03%, 0, 0, 24, 72.85, 1927224, 804, 0, 0
74091, 2, 664, 1401, 476, 0, 30.03%, 0, 0, 24, 74.38, 1927605, 804, 0, 0
74096, 2, 1278, 1401, 475, 0, 30.03%, 0, 0, 24, 61.03, 1927922, 804, 0, 0
74101, 2, 1387, 1401, 475, 0, 30.03%, 0, 0, 24, 54.12, 1928186, 804, 0, 0
74106, 2, 1387, 1401, 475, 0, 30.03%, 0, 0, 24, 51.77, 1928448, 804, 0, 0
74111, 2, 1387, 1401, 475, 0, 30.03%, 0, 0, 24, 51.18, 1928710, 804, 0, 0
74116, 2, 1387, 1401, 475, 0, 30.03%, 0, 0, 24, 51.64, 1928974, 804, 0, 0
74121, 2, 1387, 1401, 475, 0, 30.03%, 0, 0, 24, 50.83, 1929235, 804, 0, 0
74126, 2, 1387, 1401, 475, 0, 30.03%, 0, 0, 24, 51.00, 1929496, 804, 0, 0
74131, 2, 1011, 1401, 474, 0, 30.03%, 0, 0, 24, 59.23, 1929790, 804, 0, 0
74137, 2, 1011, 1401, 474, 0, 30.03%, 0, 0, 24, 68.47, 1930158, 804, 0, 0
74142, 2, 1011, 1401, 474, 0, 30.03%, 0, 0, 24, 70.29, 1930514, 804, 0, 0
74147, 2, 1011, 1401, 474, 0, 30.03%, 0, 0, 24, 70.40, 1930868, 804, 0, 0
74152, 2, 1011, 1401, 474, 0, 30.03%, 0, 0, 24, 70.12, 1931228, 804, 0, 0
74157, 2, 956, 1401, 473, 0, 30.03%, 0, 0, 24, 69.01, 1931588, 804, 0, 0
74162, 2, 956, 1401, 473, 0, 30.03%, 0, 0, 24, 68.05, 1931938, 804, 0, 0
74167, 2, 956, 1401, 473, 0, 30.03%, 0, 0, 24, 67.44, 1932286, 804, 0, 0
74172, 2, 956, 1401, 473, 0, 30.03%, 0, 0, 24, 67.98, 1932636, 804, 0, 0
74178, 2, 956, 1401, 473, 0, 30.03%, 0, 0, 24, 68.73, 1932994, 804, 0, 0
74183, 2, 1261, 1401, 472, 0, 30.03%, 0, 0, 24, 62.34, 1933320, 804, 0, 0
74188, 2, 1261, 1401, 472, 0, 30.03%, 0, 0, 24, 57.57, 1933607, 804, 0, 0
74193, 2, 1261, 1401, 472, 0, 30.03%, 0, 0, 24, 56.38, 1933894, 804, 0, 0
74198, 2, 1261, 1401, 472, 0, 30.03%, 0, 0, 24, 55.92, 1934179, 804, 0, 0
74203, 2, 1261, 1401, 472, 0, 30.03%, 0, 0, 24, 55.31, 1934462, 804, 0, 0
74208, 2, 1261, 1401, 472, 0, 30.03%, 0, 0, 24, 55.43, 1934741, 804, 0, 0
74213, 2, 1261, 1401, 472, 0, 30.03%, 0, 0, 24, 54.89, 1935019, 804, 0, 0
74219, 2, 1261, 1401, 472, 0, 30.03%, 0, 0, 24, 55.31, 1935308, 804, 0, 0
74224, 2, 1234, 1401, 471, 0, 30.03%, 0, 0, 24, 56.15, 1935592, 804, 0, 0
74229, 2, 1234, 1401, 471, 0, 30.03%, 0, 0, 24, 57.43, 1935891, 804, 0, 0
74234, 2, 1234, 1401, 471, 0, 30.03%, 0, 0, 24, 57.79, 1936190, 804, 0, 0
74239, 2, 1234, 1401, 471, 0, 30.03%, 0, 0, 24, 57.82, 1936490, 804, 0, 0
74244, 2, 1234, 1401, 471, 0, 30.03%, 0, 0, 24, 57.83, 1936789, 804, 0, 0
74250, 2, 1234, 1401, 471, 0, 30.03%, 0, 0, 24, 57.85, 1937088, 804, 0, 0
74255, 2, 1234, 1401, 471, 0, 30.03%, 0, 0, 24, 57.65, 1937388, 804, 0, 0
74260, 2, 1254, 1401, 470, 0, 30.03%, 0, 0, 24, 58.92, 1937679, 804, 0, 0
74265, 2, 1254, 1401, 470, 0, 30.03%, 0, 0, 24, 62.00, 1938004, 804, 0, 0
74270, 2, 1254, 1401, 470, 0, 30.03%, 0, 0, 24, 62.62, 1938329, 804, 0, 0
74275, 2, 1254, 1401, 470, 0, 30.03%, 0, 0, 24, 62.57, 1938652, 804, 0, 0
74280, 2, 1254, 1401, 470, 0, 30.03%, 0, 0, 24, 62.27, 1938967, 804, 0, 0
74285, 2, 691, 1401, 469, 0, 30.03%, 0, 0, 24, 66.15, 1939304, 804, 0, 0
74291, 2, 691, 1401, 469, 0, 30.03%, 0, 0, 24, 75.01, 1939703, 804, 0, 0
74296, 2, 691, 1401, 469, 0, 30.03%, 0, 0, 24, 75.90, 1940099, 804, 0, 0
74301, 2, 691, 1401, 469, 0, 30.03%, 0, 0, 24, 76.38, 1940497, 804, 0, 0
74306, 2, 691, 1401, 469, 0, 30.03%, 0, 0, 24, 76.30, 1940879, 804, 0, 0
74311, 2, 184, 1401, 468, 0, 30.03%, 0, 0, 24, 77.14, 1941269, 804, 0, 0
74316, 2, 800, 1401, 468, 0, 30.03%, 0, 0, 24, 87.14, 1941756, 804, 0, 0
74321, 2, 800, 1401, 468, 0, 30.03%, 0, 0, 24, 72.70, 1942109, 804, 0, 0
74326, 2, 800, 1401, 468, 0, 30.03%, 0, 0, 24, 69.67, 1942460, 804, 0, 0
74332, 2, 800, 1401, 468, 0, 30.03%, 0, 0, 24, 67.75, 1942807, 804, 0, 0
74337, 2, 800, 1401, 468, 0, 30.03%, 0, 0, 24, 67.99, 1943152, 804, 0, 0
74342, 2, 650, 1401, 467, 0, 30.03%, 0, 0, 24, 70.90, 1943512, 804, 0, 0
74347, 2, 650, 1401, 467, 0, 30.03%, 0, 0, 24, 75.77, 1943911, 804, 0, 0
74352, 2, 650, 1401, 467, 0, 30.03%, 0, 0, 24, 75.75, 1944292, 804, 0, 0
74357, 2, 650, 1401, 467, 0, 30.03%, 0, 0, 24, 77.07, 1944691, 804, 0, 0
74362, 2, 650, 1401, 467, 0, 30.03%, 0, 0, 24, 76.66, 1945090, 804, 0, 0
74367, 2, 1236, 1401, 466, 0, 30.03%, 0, 0, 24, 74.69, 1945474, 804, 0, 0
74373, 2, 1124, 1401, 466, 0, 30.03%, 0, 0, 24, 62.19, 1945777, 804, 0, 0
74378, 2, 1124, 1401, 466, 0, 30.03%, 0, 0, 24, 66.94, 1946127, 804, 0, 0
74383, 2, 1124, 1401, 466, 0, 30.03%, 0, 0, 24, 68.04, 1946477, 804, 0, 0
74388, 2, 1124, 1401, 466, 0, 30.03%, 0, 0, 24, 68.41, 1946827, 804, 0, 0
74394, 2, 1124, 1401, 466, 0, 30.03%, 0, 0, 24, 67.07, 1947221, 804, 0, 0
74399, 2, 1124, 1401, 466, 0, 30.03%, 0, 0, 24, 61.07, 1947517, 804, 0, 0
74404, 2, 1071, 1401, 465, 0, 30.03%, 0, 0, 24, 65.17, 1947850, 804, 0, 0
74409, 2, 1071, 1401, 465, 0, 30.03%, 0, 0, 24, 66.22, 1948181, 804, 0, 0
74414, 2, 1071, 1401, 465, 0, 30.03%, 0, 0, 24, 64.57, 1948517, 804, 0, 0
74419, 2, 1071, 1401, 465, 0, 30.03%, 0, 0, 24, 66.10, 1948850, 804, 0, 0
74424, 2, 1071, 1401, 465, 0, 30.03%, 0, 0, 24, 65.64, 1949182, 804, 0, 0
74429, 2, 708, 1401, 464, 0, 30.03%, 0, 0, 24, 70.83, 1949549, 804, 0, 0
74435, 2, 708, 1401, 464, 0, 30.03%, 0, 0, 24, 74.35, 1949935, 804, 0, 0
74440, 2, 708, 1401, 464, 0, 30.03%, 0, 0, 24, 74.71, 1950321, 804, 0, 0
74445, 2, 708, 1401, 464, 0, 30.03%, 0, 0, 24, 75.58, 1950715, 804, 0, 0
74450, 2, 708, 1401, 464, 0, 30.03%, 0, 0, 24, 74.99, 1951119, 804, 0, 0
74456, 2, 521, 1401, 463, 0, 30.03%, 0, 0, 24, 86.59, 1951559, 804, 0, 0
74461, 2, 521, 1401, 463, 0, 30.03%, 0, 0, 24, 94.51, 1952057, 804, 0, 0
74467, 2, 521, 1401, 463, 0, 30.03%, 0, 0, 24, 95.63, 1952636, 804, 0, 0
74472, 2, 724, 1401, 462, 0, 30.03%, 0, 0, 24, 89.76, 1953107, 804, 0, 0
74477, 2, 724, 1401, 462, 0, 30.03%, 0, 0, 24, 79.37, 1953507, 804, 0, 0
74482, 2, 724, 1401, 462, 0, 30.03%, 0, 0, 24, 76.85, 1953890, 804, 0, 0
74487, 2, 724, 1401, 462, 0, 30.03%, 0, 0, 24, 76.65, 1954274, 804, 0, 0
74492, 2, 724, 1401, 462, 0, 30.03%, 0, 0, 24, 75.60, 1954667, 804, 0, 0
74497, 2, 1350, 1401, 461, 0, 30.03%, 0, 0, 24, 75.61, 1955060, 804, 0, 0
74503, 2, 1350, 1401, 461, 0, 30.03%, 0, 0, 24, 56.54, 1955323, 804, 0, 0
74508, 2, 1350, 1401, 461, 0, 30.03%, 0, 0, 24, 50.89, 1955583, 804, 0, 0
74513, 2, 1350, 1401, 461, 0, 30.03%, 0, 0, 24, 50.96, 1955841, 804, 0, 0
74518, 2, 1350, 1401, 461, 0, 30.03%, 0, 0, 24, 51.23, 1956104, 804, 0, 0
74523, 2, 1350, 1401, 461, 0, 30.03%, 0, 0, 24, 51.33, 1956376, 804, 0, 0
74528, 2, 1350, 1401, 461, 0, 30.03%, 0, 0, 24, 51.34, 1956640, 804, 0, 0
74534, 2, 1397, 1401, 460, 0, 30.03%, 0, 0, 24, 50.90, 1956901, 804, 0, 0
74539, 2, 1391, 1401, 460, 0, 30.03%, 0, 0, 24, 51.40, 1957163, 804, 0, 0
74544, 2, 1391, 1401, 460, 0, 30.03%, 0, 0, 24, 51.17, 1957425, 804, 0, 0
74549, 2, 1391, 1401, 460, 0, 30.03%, 0, 0, 24, 51.06, 1957687, 804, 0, 0
74554, 2, 1391, 1401, 460, 0, 30.03%, 0, 0, 24, 50.59, 1957948, 804, 0, 0
74561, 2, 1391, 1401, 460, 0, 30.03%, 0, 0, 24, 50.67, 1958303, 804, 0, 0
74566, 2, 1391, 1401, 460, 0, 30.03%, 0, 0, 24, 50.83, 1958565, 804, 0, 0
74571, 2, 1134, 1401, 459, 0, 30.03%, 0, 0, 24, 59.72, 1958882, 804, 0, 0
74577, 2, 1134, 1401, 459, 0, 30.03%, 0, 0, 24, 62.03, 1959207, 804, 0, 0
74582, 2, 1134, 1401, 459, 0, 30.03%, 0, 0, 24, 62.46, 1959529, 804, 0, 0
74589, 2, 1134, 1401, 459, 0, 30.03%, 0, 0, 24, 61.83, 1959954, 804, 0, 0
74594, 2, 1374, 1401, 458, 0, 30.03%, 0, 0, 24, 61.25, 1960275, 804, 0, 0
74599, 2, 1374, 1401, 458, 0, 30.03%, 0, 0, 24, 53.86, 1960539, 804, 0, 0
74604, 2, 1374, 1401, 458, 0, 30.03%, 0, 0, 24, 51.90, 1960802, 804, 0, 0
74609, 2, 1374, 1401, 458, 0, 30.03%, 0, 0, 24, 51.32, 1961065, 804, 0, 0
74614, 2, 1374, 1401, 458, 0, 30.03%, 0, 0, 24, 50.06, 1961320, 804, 0, 0
74619, 2, 1374, 1401, 458, 0, 30.03%, 0, 0, 24, 50.12, 1961573, 804, 0, 0
74624, 2, 1374, 1401, 458, 0, 30.03%, 0, 0, 24, 50.41, 1961833, 804, 0, 0
74629, 2, 1212, 1401, 457, 0, 30.03%, 0, 0, 24, 55.66, 1962116, 804, 0, 0
74635, 2, 698, 1401, 457, 0, 30.03%, 0, 0, 24, 71.47, 1962496, 804, 0, 0
74640, 2, 698, 1401, 457, 0, 30.03%, 0, 0, 24, 75.31, 1962894, 804, 0, 0
74645, 2, 698, 1401, 457, 0, 30.03%, 0, 0, 24, 76.26, 1963277, 804, 0, 0
74650, 2, 698, 1401, 457, 0, 30.03%, 0, 0, 24, 76.73, 1963675, 804, 0, 0
74655, 2, 698, 1401, 457, 0, 30.03%, 0, 0, 24, 76.68, 1964059, 804, 0, 0
74660, 2, 621, 1401, 456, 0, 30.03%, 0, 0, 24, 76.57, 1964458, 804, 0, 0
74665, 2, 621, 1401, 456, 0, 30.03%, 0, 0, 24, 76.49, 1964841, 804, 0, 0
74670, 2, 621, 1401, 456, 0, 30.03%, 0, 0, 24, 73.55, 1965223, 804, 0, 0
74676, 2, 621, 1401, 456, 0, 30.03%, 0, 0, 24, 73.56, 1965602, 804, 0, 0
74681, 2, 621, 1401, 456, 0, 30.03%, 0, 0, 24, 74.63, 1966010, 804, 0, 0
74686, 2, 1247, 1401, 455, 0, 30.03%, 0, 0, 24, 65.51, 1966340, 804, 0, 0
74691, 2, 1247, 1401, 455, 0, 30.03%, 0, 0, 24, 57.53, 1966617, 804, 0, 0
74696, 2, 1247, 1401, 455, 0, 30.03%, 0, 0, 24, 55.87, 1966898, 804, 0, 0
74701, 2, 1247, 1401, 455, 0, 30.03%, 0, 0, 24, 55.85, 1967191, 804, 0, 0
74706, 2, 1247, 1401, 455, 0, 30.03%, 0, 0, 24, 55.98, 1967472, 804, 0, 0
74711, 2, 1247, 1401, 455, 0, 30.03%, 0, 0, 24, 56.15, 1967757, 804, 0, 0
74716, 2, 1247, 1401, 455, 0, 30.03%, 0, 0, 24, 56.32, 1968043, 804, 0, 0
74722, 2, 1364, 1401, 454, 0, 30.03%, 0, 0, 24, 55.55, 1968326, 804, 0, 0
74727, 2, 1364, 1401, 454, 0, 30.03%, 0, 0, 24, 51.31, 1968582, 804, 0, 0
74732, 2, 1364, 1401, 454, 0, 30.03%, 0, 0, 24, 50.17, 1968831, 804, 0, 0
74737, 2, 1364, 1401, 454, 0, 30.03%, 0, 0, 24, 49.96, 1969091, 804, 0, 0
74742, 2, 1364, 1401, 454, 0, 30.03%, 0, 0, 24, 49.66, 1969347, 804, 0, 0
74747, 2, 1364, 1401, 454, 0, 30.03%, 0, 0, 24, 49.91, 1969599, 804, 0, 0
74752, 2, 1364, 1401, 454, 0, 30.03%, 0, 0, 24, 50.03, 1969857, 804, 0, 0
74757, 2, 320, 1401, 453, 0, 30.03%, 0, 0, 24, 67.21, 1970175, 804, 0, 0
74762, 2, 127, 1401, 452, 0, 30.03%, 0, 0, 24, 88.57, 1970683, 804, 0, 0
74767, 2, 1366, 1401, 452, 0, 30.03%, 0, 0, 24, 59.02, 1970945, 804, 0, 0
74772, 2, 1366, 1401, 452, 0, 30.03%, 0, 0, 24, 52.34, 1971202, 804, 0, 0
74778, 2, 1366, 1401, 452, 0, 30.03%, 0, 0, 24, 51.44, 1971466, 804, 0, 0
74783, 2, 1366, 1401, 452, 0, 30.03%, 0, 0, 24, 50.83, 1971725, 804, 0, 0
74788, 2, 1366, 1401, 452, 0, 30.03%, 0, 0, 24, 50.87, 1972011, 804, 0, 0
74793, 2, 1366, 1401, 452, 0, 30.03%, 0, 0, 24, 50.79, 1972271, 804, 0, 0
74799, 2, 1298, 1401, 451, 0, 30.03%, 0, 0, 24, 53.21, 1972546, 804, 0, 0
74804, 2, 1298, 1401, 451, 0, 30.03%, 0, 0, 24, 53.62, 1972820, 804, 0, 0
74809, 2, 1298, 1401, 451, 0, 30.03%, 0, 0, 24, 53.63, 1973095, 804, 0, 0
74814, 2, 1298, 1401, 451, 0, 30.03%, 0, 0, 24, 53.43, 1973372, 804, 0, 0
74819, 2, 1298, 1401, 451, 0, 30.03%, 0, 0, 24, 52.61, 1973635, 804, 0, 0
74824, 2, 1298, 1401, 451, 0, 30.03%, 0, 0, 24, 52.59, 1973898, 804, 0, 0
74829, 2, 1298, 1401, 451, 0, 30.03%, 0, 0, 24, 53.62, 1974172, 804, 0, 0
74834, 2, 1298, 1401, 451, 0, 30.03%, 0, 0, 24, 53.90, 1974453, 804, 0, 0
74839, 2, 755, 1401, 450, 0, 30.03%, 0, 0, 24, 59.88, 1974753, 804, 0, 0
74844, 2, 755, 1401, 450, 0, 30.03%, 0, 0, 24, 72.70, 1975133, 804, 0, 0
74849, 2, 755, 1401, 450, 0, 30.03%, 0, 0, 24, 75.52, 1975514, 804, 0, 0
74855, 2, 755, 1401, 450, 0, 30.03%, 0, 0, 24, 74.47, 1975896, 804, 0, 0
74860, 2, 755, 1401, 450, 0, 30.03%, 0, 0, 24, 75.27, 1976289, 804, 0, 0
74865, 2, 755, 1401, 450, 0, 30.03%, 0, 0, 24, 75.30, 1976672, 804, 0, 0
74870, 2, 1392, 1401, 449, 0, 30.03%, 0, 0, 24, 59.10, 1976966, 804, 0, 0
74875, 2, 1392, 1401, 449, 0, 30.03%, 0, 0, 24, 51.46, 1977215, 804, 0, 0
74880, 2, 1392, 1401, 449, 0, 30.03%, 0, 0, 24, 47.43, 1977451, 804, 0, 0
74885, 2, 1392, 1401, 449, 0, 30.03%, 0, 0, 24, 48.96, 1977704, 804, 0, 0
74890, 2, 1392, 1401, 449, 0, 30.03%, 0, 0, 24, 49.88, 1977959, 804, 0, 0
74895, 2, 1392, 1401, 449, 0, 30.03%, 0, 0, 24, 50.02, 1978212, 804, 0, 0
74900, 2, 527, 1401, 448, 0, 30.03%, 0, 0, 24, 63.95, 1978520, 804, 0, 0
74906, 2, 1345, 1401, 448, 0, 30.03%, 0, 0, 24, 68.10, 1978918, 804, 0, 0
74911, 2, 1345, 1401, 448, 0, 30.03%, 0, 0, 24, 54.59, 1979180, 804, 0, 0
74916, 2, 1345, 1401, 448, 0, 30.03%, 0, 0, 24, 50.88, 1979435, 804, 0, 0
74921, 2, 1345, 1401, 448, 0, 30.03%, 0, 0, 24, 50.72, 1979694, 804, 0, 0
74926, 2, 1345, 1401, 448, 0, 30.03%, 0, 0, 24, 49.67, 1979948, 804, 0, 0
74931, 2, 1345, 1401, 448, 0, 30.03%, 0, 0, 24, 49.05, 1980194, 804, 0, 0
74936, 2, 712, 1401, 447, 0, 30.03%, 0, 0, 24, 53.96, 1980465, 804, 0, 0
74941, 2, 712, 1401, 447, 0, 30.03%, 0, 0, 24, 70.28, 1980847, 804, 0, 0
74946, 2, 712, 1401, 447, 0, 30.03%, 0, 0, 24, 73.73, 1981228, 804, 0, 0
74951, 2, 712, 1401, 447, 0, 30.03%, 0, 0, 24, 75.25, 1981607, 804, 0, 0
74957, 2, 612, 1401, 446, 0, 30.03%, 0, 0, 24, 74.40, 1981990, 804, 0, 0
74962, 2, 696, 1401, 446, 0, 30.03%, 0, 0, 24, 74.50, 1982378, 804, 0, 0
74967, 2, 696, 1401, 446, 0, 30.03%, 0, 0, 24, 75.48, 1982758, 804, 0, 0
74972, 2, 696, 1401, 446, 0, 30.03%, 0, 0, 24, 75.09, 1983136, 804, 0, 0
74977, 2, 696, 1401, 446, 0, 30.03%, 0, 0, 24, 74.86, 1983526, 804, 0, 0
74983, 2, 696, 1401, 446, 0, 30.03%, 0, 0, 24, 75.33, 1983984, 804, 0, 0
74988, 2, 571, 1401, 445, 0, 30.03%, 0, 0, 24, 71.12, 1984339, 804, 0, 0
74993, 2, 571, 1401, 445, 0, 30.03%, 0, 0, 24, 73.17, 1984710, 804, 0, 0
74998, 2, 571, 1401, 445, 0, 30.03%, 0, 0, 24, 67.49, 1985048, 804, 0, 0
75003, 2, 571, 1401, 445, 0, 30.03%, 0, 0, 24, 72.73, 1985426, 804, 0, 0
75009, 2, 571, 1401, 445, 0, 30.03%, 0, 0, 24, 74.46, 1985814, 804, 0, 0
75014, 2, 1162, 1401, 444, 0, 30.03%, 0, 0, 24, 74.97, 1986210, 804, 0, 0
75019, 2, 1394, 1401, 444, 0, 30.03%, 0, 0, 24, 62.02, 1986517, 804, 0, 0
75024, 2, 1394, 1401, 444, 0, 30.03%, 0, 0, 24, 53.75, 1986781, 804, 0, 0
76033, 2, 1394, 1401, 444, 0, 30.03%, 0, 0, 24, 0.01, 1986857, 804, 0, 0
76038, 2, 1394, 1401, 444, 0, 30.03%, 0, 0, 24, 51.16, 1987118, 804, 0, 0
76044, 2, 1394, 1401, 444, 0, 30.03%, 0, 0, 24, 51.31, 1987381, 804, 0, 0
76049, 2, 1394, 1401, 444, 0, 30.03%, 0, 0, 24, 50.71, 1987639, 804, 0, 0
76054, 2, 1394, 1401, 444, 0, 30.03%, 0, 0, 24, 50.56, 1987899, 804, 0, 0
76059, 2, 1184, 1401, 443, 0, 30.03%, 0, 0, 24, 51.67, 1988161, 804, 0, 0
76064, 2, 1184, 1401, 443, 0, 30.03%, 0, 0, 24, 54.97, 1988444, 804, 0, 0
76069, 2, 1184, 1401, 443, 0, 30.03%, 0, 0, 24, 56.72, 1988731, 804, 0, 0
76074, 2, 1184, 1401, 443, 0, 30.03%, 0, 0, 24, 57.24, 1989019, 804, 0, 0
76079, 2, 1184, 1401, 443, 0, 30.03%, 0, 0, 24, 57.21, 1989307, 804, 0, 0
76084, 2, 1184, 1401, 443, 0, 30.03%, 0, 0, 24, 57.42, 1989595, 804, 0, 0
76089, 2, 1184, 1401, 443, 0, 30.03%, 0, 0, 24, 57.21, 1989882, 804, 0, 0
76094, 2, 1184, 1401, 443, 0, 30.03%, 0, 0, 24, 56.83, 1990175, 804, 0, 0
76099, 2, 827, 1401, 442, 0, 30.03%, 0, 0, 24, 69.30, 1990510, 804, 0, 0
76104, 2, 827, 1401, 442, 0, 30.03%, 0, 0, 24, 69.29, 1990864, 804, 0, 0
76110, 2, 827, 1401, 442, 0, 30.03%, 0, 0, 24, 68.55, 1991214, 804, 0, 0
76115, 2, 827, 1401, 442, 0, 30.03%, 0, 0, 24, 68.80, 1991565, 804, 0, 0
76120, 2, 827, 1401, 442, 0, 30.03%, 0, 0, 24, 68.55, 1991943, 804, 0, 0
76125, 2, 275, 1401, 441, 0, 30.03%, 0, 0, 24, 74.65, 1992315, 804, 0, 0
76130, 2, 1389, 1401, 441, 0, 30.03%, 0, 0, 24, 66.98, 1992687, 804, 0, 0
76135, 2, 1389, 1401, 441, 0, 30.03%, 0, 0, 24, 54.17, 1992947, 804, 0, 0
76141, 2, 1389, 1401, 441, 0, 30.03%, 0, 0, 24, 51.44, 1993210, 804, 0, 0
76146, 2, 1389, 1401, 441, 0, 30.03%, 0, 0, 24, 51.10, 1993472, 804, 0, 0
76151, 2, 1389, 1401, 441, 0, 30.03%, 0, 0, 24, 51.11, 1993734, 804, 0, 0
76156, 2, 1389, 1401, 441, 0, 30.03%, 0, 0, 24, 51.03, 1993997, 804, 0, 0
76161, 2, 1032, 1401, 440, 0, 30.03%, 0, 0, 24, 55.72, 1994278, 804, 0, 0
76166, 2, 1032, 1401, 440, 0, 30.03%, 0, 0, 24, 63.99, 1994611, 804, 0, 0
76171, 2, 1032, 1401, 440, 0, 30.03%, 0, 0, 24, 66.28, 1994947, 804, 0, 0
76176, 2, 1032, 1401, 440, 0, 30.03%, 0, 0, 24, 65.86, 1995282, 804, 0, 0
76181, 2, 1032, 1401, 440, 0, 30.03%, 0, 0, 24, 66.24, 1995616, 804, 0, 0
76186, 2, 1032, 1401, 440, 0, 30.03%, 0, 0, 24, 66.06, 1995950, 804, 0, 0
76192, 2, 1032, 1401, 440, 0, 30.03%, 0, 0, 24, 65.51, 1996293, 804, 0, 0
76197, 2, 1252, 1401, 439, 0, 30.03%, 0, 0, 24, 59.80, 1996590, 804, 0, 0
76202, 2, 1252, 1401, 439, 0, 30.03%, 0, 0, 24, 57.18, 1996876, 804, 0, 0
76207, 2, 1252, 1401, 439, 0, 30.03%, 0, 0, 24, 56.85, 1997164, 804, 0, 0
76212, 2, 1252, 1401, 439, 0, 30.03%, 0, 0, 24, 56.77, 1997450, 804, 0, 0
76217, 2, 1252, 1401, 439, 0, 30.03%, 0, 0, 24, 56.56, 1997738, 804, 0, 0
76222, 2, 1252, 1401, 439, 0, 30.03%, 0, 0, 24, 57.02, 1998025, 804, 0, 0
76227, 2, 1252, 1401, 439, 0, 30.03%, 0, 0, 24, 57.12, 1998319, 804, 0, 0
76232, 2, 637, 1401, 438, 0, 30.03%, 0, 0, 24, 61.02, 1998619, 804, 0, 0
76237, 2, 637, 1401, 438, 0, 30.03%, 0, 0, 24, 73.75, 1999017, 804, 0, 0
76242, 2, 637, 1401, 438, 0, 30.03%, 0, 0, 24, 75.58, 1999398, 804, 0, 0
76247, 2, 637, 1401, 438, 0, 30.03%, 0, 0, 24, 75.31, 1999776, 804, 0, 0
76252, 2, 637, 1401, 438, 0, 30.03%, 0, 0, 24, 76.29, 2000159, 804, 0, 0
76257, 2, 637, 1401, 438, 0, 30.03%, 0, 0, 24, 75.81, 2000548, 804, 0, 0
76262, 2, 605, 1401, 437, 0, 30.03%, 0, 0, 24, 76.13, 2000931, 804, 0, 0
76268, 2, 605, 1401, 437, 0, 30.03%, 0, 0, 24, 76.23, 2001327, 804, 0, 0
76273, 2, 605, 1401, 437, 0, 30.03%, 0, 0, 24, 76.62, 2001726, 804, 0, 0
76278, 2, 605, 1401, 437, 0, 30.03%, 0, 0, 24, 76.19, 2002108, 804, 0, 0
76283, 2, 605, 1401, 437, 0, 30.03%, 0, 0, 24, 76.33, 2002503, 804, 0, 0
76288, 2, 1347, 1401, 436, 0, 30.03%, 0, 0, 24, 58.74, 2002794, 804, 0, 0
76293, 2, 1347, 1401, 436, 0, 30.03%, 0, 0, 24, 52.66, 2003058, 804, 0, 0
76298, 2, 1347, 1401, 436, 0, 30.03%, 0, 0, 24, 51.31, 2003319, 804, 0, 0
76304, 2, 1347, 1401, 436, 0, 30.03%, 0, 0, 24, 50.89, 2003582, 804, 0, 0
76310, 2, 1347, 1401, 436, 0, 30.03%, 0, 0, 24, 50.88, 2003930, 804, 0, 0
76315, 2, 1347, 1401, 436, 0, 30.03%, 0, 0, 24, 50.65, 2004191, 804, 0, 0
76321, 2, 1397, 1401, 435, 0, 30.03%, 0, 0, 24, 50.38, 2004450, 804, 0, 0
76326, 2, 1194, 1401, 435, 0, 30.03%, 0, 0, 24, 55.82, 2004731, 804, 0, 0
76331, 2, 1194, 1401, 435, 0, 30.03%, 0, 0, 24, 58.05, 2005030, 804, 0, 0
76336, 2, 1194, 1401, 435, 0, 30.03%, 0, 0, 24, 58.13, 2005330, 804, 0, 0
76341, 2, 1194, 1401, 435, 0, 30.03%, 0, 0, 24, 58.73, 2005630, 804, 0, 0
76346, 2, 1194, 1401, 435, 0, 30.03%, 0, 0, 24, 58.74, 2005930, 804, 0, 0
76352, 2, 1194, 1401, 435, 0, 30.03%, 0, 0, 24, 58.89, 2006303, 804, 0, 0
76358, 2, 1194, 1401, 435, 0, 30.03%, 0, 0, 24, 57.92, 2006602, 804, 0, 0
76363, 2, 566, 1401, 434, 0, 30.03%, 0, 0, 24, 80.19, 2007062, 804, 0, 0
76368, 2, 566, 1401, 434, 0, 30.03%, 0, 0, 24, 73.78, 2007444, 804, 0, 0
76373, 2, 566, 1401, 434, 0, 30.03%, 0, 0, 24, 72.51, 2007812, 804, 0, 0
76378, 2, 566, 1401, 434, 0, 30.03%, 0, 0, 24, 75.28, 2008194, 804, 0, 0
76385, 2, 566, 1401, 434, 0, 30.03%, 0, 0, 24, 76.25, 2008724, 804, 0, 0
76390, 2, 841, 1401, 433, 0, 30.03%, 0, 0, 24, 72.15, 2009096, 804, 0, 0
76395, 2, 841, 1401, 433, 0, 30.03%, 0, 0, 24, 68.53, 2009445, 804, 0, 0
76400, 2, 841, 1401, 433, 0, 30.03%, 0, 0, 24, 68.17, 2009795, 804, 0, 0
76405, 2, 841, 1401, 433, 0, 30.03%, 0, 0, 24, 68.25, 2010145, 804, 0, 0
76411, 2, 841, 1401, 433, 0, 30.03%, 0, 0, 24, 68.27, 2010497, 804, 0, 0
76416, 2, 821, 1401, 432, 0, 30.03%, 0, 0, 24, 74.73, 2010882, 804, 0, 0
76421, 2, 821, 1401, 432, 0, 30.03%, 0, 0, 24, 69.61, 2011230, 804, 0, 0
76426, 2, 821, 1401, 432, 0, 30.03%, 0, 0, 24, 68.50, 2011579, 804, 0, 0
76431, 2, 821, 1401, 432, 0, 30.03%, 0, 0, 24, 68.62, 2011933, 804, 0, 0
76436, 2, 821, 1401, 432, 0, 30.03%, 0, 0, 24, 68.40, 2012292, 804, 0, 0
76442, 2, 563, 1401, 431, 0, 30.03%, 0, 0, 24, 72.76, 2012657, 804, 0, 0
76447, 2, 969, 1401, 431, 0, 30.03%, 0, 0, 24, 71.03, 2013035, 804, 0, 0
76452, 2, 969, 1401, 431, 0, 30.03%, 0, 0, 24, 68.80, 2013385, 804, 0, 0
76457, 2, 969, 1401, 431, 0, 30.03%, 0, 0, 24, 68.29, 2013734, 804, 0, 0
76462, 2, 969, 1401, 431, 0, 30.03%, 0, 0, 24, 67.83, 2014084, 804, 0, 0
76467, 2, 969, 1401, 431, 0, 30.03%, 0, 0, 24, 67.77, 2014432, 804, 0, 0
76472, 2, 474, 1401, 430, 0, 30.03%, 0, 0, 24, 87.46, 2014870, 804, 0, 0
76477, 2, 474, 1401, 430, 0, 30.03%, 0, 0, 24, 94.17, 2015369, 804, 0, 0
76483, 2, 492, 1401, 428, 0, 30.03%, 0, 0, 24, 101.44, 2015902, 804, 0, 0
76488, 2, 919, 1401, 428, 0, 30.03%, 0, 0, 24, 83.64, 2016336, 804, 0, 0
76493, 2, 919, 1401, 428, 0, 30.03%, 0, 0, 24, 71.32, 2016685, 804, 0, 0
76498, 2, 919, 1401, 428, 0, 30.03%, 0, 0, 24, 68.73, 2017035, 804, 0, 0
76503, 2, 919, 1401, 428, 0, 30.03%, 0, 0, 24, 68.77, 2017384, 804, 0, 0
76508, 2, 919, 1401, 428, 0, 30.03%, 0, 0, 24, 68.42, 2017739, 804, 0, 0
76513, 2, 1274, 1401, 427, 0, 30.03%, 0, 0, 24, 63.38, 2018071, 804, 0, 0
76518, 2, 616, 1401, 427, 0, 30.03%, 0, 0, 24, 64.88, 2018382, 804, 0, 0
76524, 2, 616, 1401, 427, 0, 30.03%, 0, 0, 24, 74.52, 2018782, 804, 0, 0
76529, 2, 616, 1401, 427, 0, 30.03%, 0, 0, 24, 76.59, 2019181, 804, 0, 0
76534, 2, 616, 1401, 427, 0, 30.03%, 0, 0, 24, 77.06, 2019581, 804, 0, 0
76541, 2, 616, 1401, 427, 0, 30.03%, 0, 0, 24, 76.49, 2020103, 804, 0, 0
76546, 2, 284, 1401, 426, 0, 30.03%, 0, 0, 24, 88.10, 2020583, 804, 0, 0
76551, 2, 677, 1401, 425, 0, 30.03%, 0, 0, 24, 83.33, 2021031, 804, 0, 0
76556, 2, 677, 1401, 425, 0, 30.03%, 0, 0, 24, 77.64, 2021428, 804, 0, 0
76562, 2, 677, 1401, 425, 0, 30.03%, 0, 0, 24, 77.08, 2021827, 804, 0, 0
76567, 2, 677, 1401, 425, 0, 30.03%, 0, 0, 24, 74.65, 2022198, 804, 0, 0
76572, 2, 677, 1401, 425, 0, 30.03%, 0, 0, 24, 75.68, 2022605, 804, 0, 0
76577, 2, 1218, 1401, 424, 0, 30.03%, 0, 0, 24, 66.12, 2022953, 804, 0, 0
76582, 2, 1218, 1401, 424, 0, 30.03%, 0, 0, 24, 59.43, 2023253, 804, 0, 0
76587, 2, 1218, 1401, 424, 0, 30.03%, 0, 0, 24, 58.23, 2023553, 804, 0, 0
76593, 2, 1218, 1401, 424, 0, 30.03%, 0, 0, 24, 57.92, 2023853, 804, 0, 0
76598, 2, 1218, 1401, 424, 0, 30.03%, 0, 0, 24, 57.58, 2024152, 804, 0, 0
76603, 2, 1218, 1401, 424, 0, 30.03%, 0, 0, 24, 58.03, 2024452, 804, 0, 0
76608, 2, 1218, 1401, 424, 0, 30.03%, 0, 0, 24, 57.61, 2024753, 804, 0, 0
76613, 2, 1177, 1401, 423, 0, 30.03%, 0, 0, 24, 58.46, 2025053, 804, 0, 0
76619, 2, 1177, 1401, 423, 0, 30.03%, 0, 0, 24, 57.40, 2025351, 804, 0, 0
76624, 2, 1177, 1401, 423, 0, 30.03%, 0, 0, 24, 58.61, 2025651, 804, 0, 0
76629, 2, 1177, 1401, 423, 0, 30.03%, 0, 0, 24, 58.07, 2025950, 804, 0, 0
76634, 2, 1177, 1401, 423, 0, 30.03%, 0, 0, 24, 58.63, 2026250, 804, 0, 0
76641, 2, 1177, 1401, 423, 0, 30.03%, 0, 0, 24, 58.57, 2026646, 804, 0, 0
76646, 2, 589, 1401, 422, 0, 30.03%, 0, 0, 24, 58.59, 2026946, 804, 0, 0
76651, 2, 589, 1401, 422, 0, 30.03%, 0, 0, 24, 72.45, 2027328, 804, 0, 0
76656, 2, 589, 1401, 422, 0, 30.03%, 0, 0, 24, 74.76, 2027723, 804, 0, 0
76661, 2, 589, 1401, 422, 0, 30.03%, 0, 0, 24, 75.39, 2028098, 804, 0, 0
76666, 2, 589, 1401, 422, 0, 30.03%, 0, 0, 24, 75.74, 2028494, 804, 0, 0
76671, 2, 589, 1401, 422, 0, 30.03%, 0, 0, 24, 76.07, 2028878, 804, 0, 0
76676, 2, 703, 1401, 421, 0, 30.03%, 0, 0, 24, 83.44, 2029324, 804, 0, 0
76682, 2, 703, 1401, 421, 0, 30.03%, 0, 0, 24, 78.42, 2029724, 804, 0, 0
76687, 2, 703, 1401, 421, 0, 30.03%, 0, 0, 24, 76.67, 2030121, 804, 0, 0
76692, 2, 703, 1401, 421, 0, 30.03%, 0, 0, 24, 76.30, 2030503, 804, 0, 0
76698, 2, 703, 1401, 421, 0, 30.03%, 0, 0, 24, 75.96, 2030985, 804, 0, 0
76703, 2, 560, 1401, 420, 0, 30.03%, 0, 0, 24, 80.68, 2031396, 804, 0, 0
76708, 2, 560, 1401, 420, 0, 30.03%, 0, 0, 24, 85.10, 2031836, 804, 0, 0
76713, 2, 560, 1401, 420, 0, 30.03%, 0, 0, 24, 90.87, 2032295, 804, 0, 0
76720, 2, 560, 1401, 420, 0, 30.03%, 0, 0, 24, 94.25, 2032959, 804, 0, 0
76725, 2, 885, 1401, 419, 0, 30.03%, 0, 0, 24, 83.37, 2033402, 804, 0, 0
76731, 2, 885, 1401, 419, 0, 30.03%, 0, 0, 24, 72.14, 2033756, 804, 0, 0
76736, 2, 885, 1401, 419, 0, 30.03%, 0, 0, 24, 68.31, 2034101, 804, 0, 0
76741, 2, 885, 1401, 419, 0, 30.03%, 0, 0, 24, 68.95, 2034452, 804, 0, 0
76746, 2, 885, 1401, 419, 0, 30.03%, 0, 0, 24, 68.76, 2034804, 804, 0, 0
76751, 2, 662, 1401, 418, 0, 30.03%, 0, 0, 24, 72.30, 2035170, 804, 0, 0
76756, 2, 662, 1401, 418, 0, 30.03%, 0, 0, 24, 75.86, 2035567, 804, 0, 0
76761, 2, 662, 1401, 418, 0, 30.03%, 0, 0, 24, 76.47, 2035967, 804, 0, 0
76767, 2, 662, 1401, 418, 0, 30.03%, 0, 0, 24, 74.78, 2036356, 804, 0, 0
76773, 2, 662, 1401, 418, 0, 30.03%, 0, 0, 24, 71.22, 2036844, 804, 0, 0
76779, 2, 873, 1401, 417, 0, 30.03%, 0, 0, 24, 70.98, 2037219, 804, 0, 0
76784, 2, 873, 1401, 417, 0, 30.03%, 0, 0, 24, 68.44, 2037569, 804, 0, 0
76789, 2, 873, 1401, 417, 0, 30.03%, 0, 0, 24, 67.52, 2037915, 804, 0, 0
76794, 2, 873, 1401, 417, 0, 30.03%, 0, 0, 24, 67.45, 2038263, 804, 0, 0
76801, 2, 873, 1401, 417, 0, 30.03%, 0, 0, 24, 67.97, 2038744, 804, 0, 0
76806, 2, 1008, 1401, 416, 0, 30.03%, 0, 0, 24, 67.83, 2039094, 804, 0, 0
76811, 2, 1008, 1401, 416, 0, 30.03%, 0, 0, 24, 68.46, 2039443, 804, 0, 0
76816, 2, 1008, 1401, 416, 0, 30.03%, 0, 0, 24, 67.67, 2039790, 804, 0, 0
76822, 2, 1008, 1401, 416, 0, 30.03%, 0, 0, 24, 68.77, 2040140, 804, 0, 0
76827, 2, 1008, 1401, 416, 0, 30.03%, 0, 0, 24, 68.63, 2040532, 804, 0, 0
76832, 2, 634, 1401, 415, 0, 30.03%, 0, 0, 24, 70.52, 2040890, 804, 0, 0
76838, 2, 634, 1401, 415, 0, 30.03%, 0, 0, 24, 74.85, 2041287, 804, 0, 0
76843, 2, 634, 1401, 415, 0, 30.03%, 0, 0, 24, 76.70, 2041686, 804, 0, 0
76848, 2, 634, 1401, 415, 0, 30.03%, 0, 0, 24, 76.41, 2042082, 804, 0, 0
76853, 2, 634, 1401, 415, 0, 30.03%, 0, 0, 24, 76.45, 2042465, 804, 0, 0
76858, 2, 788, 1401, 414, 0, 30.03%, 0, 0, 24, 76.36, 2042858, 804, 0, 0
76863, 2, 788, 1401, 414, 0, 30.03%, 0, 0, 24, 70.24, 2043209, 804, 0, 0
76868, 2, 788, 1401, 414, 0, 30.03%, 0, 0, 24, 68.61, 2043558, 804, 0, 0
76873, 2, 788, 1401, 414, 0, 30.03%, 0, 0, 24, 68.04, 2043907, 804, 0, 0
76880, 2, 788, 1401, 414, 0, 30.03%, 0, 0, 24, 68.65, 2044326, 804, 0, 0
76885, 2, 576, 1401, 413, 0, 30.03%, 0, 0, 24, 70.47, 2044684, 804, 0, 0
76890, 2, 576, 1401, 413, 0, 30.03%, 0, 0, 24, 75.78, 2045083, 804, 0, 0
76895, 2, 576, 1401, 413, 0, 30.03%, 0, 0, 24, 76.39, 2045481, 804, 0, 0
76900, 2, 576, 1401, 413, 0, 30.03%, 0, 0, 24, 76.11, 2045861, 804, 0, 0
76905, 2, 576, 1401, 413, 0, 30.03%, 0, 0, 24, 75.31, 2046238, 804, 0, 0
76910, 2, 576, 1401, 413, 0, 30.03%, 0, 0, 24, 76.06, 2046623, 804, 0, 0
76915, 2, 645, 1401, 412, 0, 30.03%, 0, 0, 24, 76.22, 2047018, 804, 0, 0
76920, 2, 645, 1401, 412, 0, 30.03%, 0, 0, 24, 77.27, 2047417, 804, 0, 0
76926, 2, 645, 1401, 412, 0, 30.03%, 0, 0, 24, 77.51, 2047817, 804, 0, 0
76931, 2, 645, 1401, 412, 0, 30.03%, 0, 0, 24, 76.99, 2048214, 804, 0, 0
76936, 2, 645, 1401, 412, 0, 30.03%, 0, 0, 24, 76.83, 2048610, 804, 0, 0
76941, 2, 732, 1401, 411, 0, 30.03%, 0, 0, 24, 76.96, 2049010, 804, 0, 0
76946, 2, 732, 1401, 411, 0, 30.03%, 0, 0, 24, 76.10, 2049406, 804, 0, 0
76951, 2, 732, 1401, 411, 0, 30.03%, 0, 0, 24, 76.18, 2049789, 804, 0, 0
76956, 2, 732, 1401, 411, 0, 30.03%, 0, 0, 24, 76.84, 2050188, 804, 0, 0
76962, 2, 732, 1401, 411, 0, 30.03%, 0, 0, 24, 76.40, 2050585, 804, 0, 0
76967, 2, 561, 1401, 410, 0, 30.03%, 0, 0, 24, 89.70, 2051049, 804, 0, 0
76972, 2, 561, 1401, 410, 0, 30.03%, 0, 0, 24, 95.05, 2051545, 804, 0, 0
76977, 2, 561, 1401, 410, 0, 30.03%, 0, 0, 24, 95.16, 2052024, 804, 0, 0
76982, 2, 1360, 1401, 409, 0, 30.03%, 0, 0, 24, 72.34, 2052395, 804, 0, 0
76987, 2, 1360, 1401, 409, 0, 30.03%, 0, 0, 24, 55.20, 2052655, 804, 0, 0
76992, 2, 1360, 1401, 409, 0, 30.03%, 0, 0, 24, 51.93, 2052918, 804, 0, 0
76997, 2, 1360, 1401, 409, 0, 30.03%, 0, 0, 24, 51.32, 2053180, 804, 0, 0
77002, 2, 1360, 1401, 409, 0, 30.03%, 0, 0, 24, 50.60, 2053437, 804, 0, 0
77008, 2, 1360, 1401, 409, 0, 30.03%, 0, 0, 24, 51.25, 2053705, 804, 0, 0
77013, 2, 1273, 1401, 408, 0, 30.03%, 0, 0, 24, 53.51, 2053976, 804, 0, 0
77018, 2, 1273, 1401, 408, 0, 30.03%, 0, 0, 24, 54.76, 2054260, 804, 0, 0
77023, 2, 1273, 1401, 408, 0, 30.03%, 0, 0, 24, 55.48, 2054542, 804, 0, 0
77028, 2, 1273, 1401, 408, 0, 30.03%, 0, 0, 24, 55.61, 2054828, 804, 0, 0
77033, 2, 1273, 1401, 408, 0, 30.03%, 0, 0, 24, 55.98, 2055115, 804, 0, 0
77038, 2, 1273, 1401, 408, 0, 30.03%, 0, 0, 24, 55.96, 2055401, 804, 0, 0
77043, 2, 1273, 1401, 408, 0, 30.03%, 0, 0, 24, 56.14, 2055688, 804, 0, 0
77049, 2, 1273, 1401, 408, 0, 30.03%, 0, 0, 24, 55.72, 2055971, 804, 0, 0
77054, 2, 706, 1401, 407, 0, 30.03%, 0, 0, 24, 64.05, 2056288, 804, 0, 0
77059, 2, 706, 1401, 407, 0, 30.03%, 0, 0, 24, 73.54, 2056668, 804, 0, 0
77064, 2, 706, 1401, 407, 0, 30.03%, 0, 0, 24, 75.89, 2057067, 804, 0, 0
77069, 2, 706, 1401, 407, 0, 30.03%, 0, 0, 24, 76.49, 2057465, 804, 0, 0
77076, 2, 706, 1401, 407, 0, 30.03%, 0, 0, 24, 76.17, 2057985, 804, 0, 0
77081, 2, 588, 1401, 406, 0, 30.03%, 0, 0, 24, 75.26, 2058371, 804, 0, 0
77086, 2, 588, 1401, 406, 0, 30.03%, 0, 0, 24, 74.16, 2058745, 804, 0, 0
77091, 2, 588, 1401, 406, 0, 30.03%, 0, 0, 24, 75.77, 2059126, 804, 0, 0
77096, 2, 588, 1401, 406, 0, 30.03%, 0, 0, 24, 75.65, 2059506, 804, 0, 0
77103, 2, 588, 1401, 406, 0, 30.03%, 0, 0, 24, 76.48, 2060004, 804, 0, 0
77108, 2, 1397, 1401, 405, 0, 30.03%, 0, 0, 24, 61.39, 2060330, 804, 0, 0
77113, 2, 1358, 1401, 405, 0, 30.03%, 0, 0, 24, 64.74, 2060636, 804, 0, 0
77118, 2, 1358, 1401, 405, 0, 30.03%, 0, 0, 24, 54.19, 2060898, 804, 0, 0
77123, 2, 1358, 1401, 405, 0, 30.03%, 0, 0, 24, 51.59, 2061160, 804, 0, 0
77128, 2, 1358, 1401, 405, 0, 30.03%, 0, 0, 24, 50.93, 2061422, 804, 0, 0
77133, 2, 1358, 1401, 405, 0, 30.03%, 0, 0, 24, 51.15, 2061686, 804, 0, 0
77139, 2, 1358, 1401, 405, 0, 30.03%, 0, 0, 24, 51.14, 2061949, 804, 0, 0
77144, 2, 1358, 1401, 405, 0, 30.03%, 0, 0, 24, 50.80, 2062209, 804, 0, 0
77149, 2, 539, 1401, 404, 0, 30.03%, 0, 0, 24, 85.20, 2062682, 804, 0, 0
77154, 2, 539, 1401, 404, 0, 30.03%, 0, 0, 24, 92.15, 2063158, 804, 0, 0
77159, 2, 539, 1401, 404, 0, 30.03%, 0, 0, 24, 93.28, 2063640, 804, 0, 0
77164, 2, 700, 1401, 403, 0, 30.03%, 0, 0, 24, 86.67, 2064092, 804, 0, 0
77169, 2, 626, 1401, 403, 0, 30.03%, 0, 0, 24, 78.15, 2064487, 804, 0, 0
77175, 2, 626, 1401, 403, 0, 30.03%, 0, 0, 24, 77.29, 2064887, 804, 0, 0
77180, 2, 626, 1401, 403, 0, 30.03%, 0, 0, 24, 76.83, 2065283, 804, 0, 0
77185, 2, 626, 1401, 403, 0, 30.03%, 0, 0, 24, 77.05, 2065682, 804, 0, 0
77190, 2, 626, 1401, 403, 0, 30.03%, 0, 0, 24, 76.89, 2066076, 804, 0, 0
77195, 2, 671, 1401, 402, 0, 30.03%, 0, 0, 24, 76.79, 2066475, 804, 0, 0
77200, 2, 671, 1401, 402, 0, 30.03%, 0, 0, 24, 76.69, 2066870, 804, 0, 0
77206, 2, 671, 1401, 402, 0, 30.03%, 0, 0, 24, 76.51, 2067268, 804, 0, 0
77211, 2, 671, 1401, 402, 0, 30.03%, 0, 0, 24, 76.93, 2067667, 804, 0, 0
77216, 2, 671, 1401, 402, 0, 30.03%, 0, 0, 24, 76.62, 2068050, 804, 0, 0
77221, 2, 1075, 1401, 401, 0, 30.03%, 0, 0, 24, 74.12, 2068447, 804, 0, 0
77226, 2, 810, 1401, 401, 0, 30.03%, 0, 0, 24, 65.74, 2068774, 804, 0, 0
77231, 2, 810, 1401, 401, 0, 30.03%, 0, 0, 24, 66.99, 2069123, 804, 0, 0
77236, 2, 810, 1401, 401, 0, 30.03%, 0, 0, 24, 66.96, 2069472, 804, 0, 0
77241, 2, 810, 1401, 401, 0, 30.03%, 0, 0, 24, 66.54, 2069807, 804, 0, 0
77247, 2, 810, 1401, 401, 0, 30.03%, 0, 0, 24, 67.40, 2070156, 804, 0, 0
77252, 2, 810, 1401, 401, 0, 30.03%, 0, 0, 24, 67.85, 2070504, 804, 0, 0
77257, 2, 1038, 1401, 400, 0, 30.03%, 0, 0, 24, 68.57, 2070855, 804, 0, 0
77262, 2, 577, 1401, 400, 0, 30.03%, 0, 0, 24, 77.01, 2071243, 804, 0, 0
77267, 2, 577, 1401, 400, 0, 30.03%, 0, 0, 24, 76.15, 2071639, 804, 0, 0
77272, 2, 577, 1401, 400, 0, 30.03%, 0, 0, 24, 76.05, 2072020, 804, 0, 0
77277, 2, 577, 1401, 400, 0, 30.03%, 0, 0, 24, 75.84, 2072401, 804, 0, 0
77282, 2, 577, 1401, 400, 0, 30.03%, 0, 0, 24, 75.72, 2072782, 804, 0, 0
77287, 2, 577, 1401, 400, 0, 30.03%, 0, 0, 24, 76.16, 2073165, 804, 0, 0
77292, 2, 1371, 1401, 399, 0, 30.03%, 0, 0, 24, 56.65, 2073430, 804, 0, 0
77298, 2, 1371, 1401, 399, 0, 30.03%, 0, 0, 24, 51.77, 2073691, 804, 0, 0
77303, 2, 1371, 1401, 399, 0, 30.03%, 0, 0, 24, 51.13, 2073953, 804, 0, 0
77308, 2, 1371, 1401, 399, 0, 30.03%, 0, 0, 24, 50.65, 2074214, 804, 0, 0
77313, 2, 1371, 1401, 399, 0, 30.03%, 0, 0, 24, 51.13, 2074496, 804, 0, 0
77318, 2, 1371, 1401, 399, 0, 30.03%, 0, 0, 24, 50.60, 2074756, 804, 0, 0
77324, 2, 598, 1401, 398, 0, 30.03%, 0, 0, 24, 68.11, 2075113, 804, 0, 0
77329, 2, 598, 1401, 398, 0, 30.03%, 0, 0, 24, 74.71, 2075506, 804, 0, 0
77334, 2, 598, 1401, 398, 0, 30.03%, 0, 0, 24, 76.18, 2075904, 804, 0, 0
77339, 2, 598, 1401, 398, 0, 30.03%, 0, 0, 24, 77.19, 2076303, 804, 0, 0
77344, 2, 598, 1401, 398, 0, 30.03%, 0, 0, 24, 77.23, 2076699, 804, 0, 0
77349, 2, 1060, 1401, 397, 0, 30.03%, 0, 0, 24, 70.69, 2077059, 804, 0, 0
77354, 2, 1060, 1401, 397, 0, 30.03%, 0, 0, 24, 68.26, 2077409, 804, 0, 0
77360, 2, 1060, 1401, 397, 0, 30.03%, 0, 0, 24, 67.43, 2077757, 804, 0, 0
77365, 2, 1060, 1401, 397, 0, 30.03%, 0, 0, 24, 67.74, 2078107, 804, 0, 0
77370, 2, 1060, 1401, 397, 0, 30.03%, 0, 0, 24, 67.85, 2078450, 804, 0, 0
77375, 2, 1215, 1401, 396, 0, 30.03%, 0, 0, 24, 61.55, 2078767, 804, 0, 0
77380, 2, 1215, 1401, 396, 0, 30.03%, 0, 0, 24, 58.53, 2079067, 804, 0, 0
77385, 2, 1215, 1401, 396, 0, 30.03%, 0, 0, 24, 57.70, 2079367, 804, 0, 0
77391, 2, 1215, 1401, 396, 0, 30.03%, 0, 0, 24, 58.34, 2079667, 804, 0, 0
77396, 2, 1215, 1401, 396, 0, 30.03%, 0, 0, 24, 58.64, 2079966, 804, 0, 0
77403, 2, 1215, 1401, 396, 0, 30.03%, 0, 0, 24, 58.74, 2080374, 804, 0, 0
77408, 2, 1215, 1401, 396, 0, 30.03%, 0, 0, 24, 57.44, 2080672, 804, 0, 0
77413, 2, 1382, 1401, 395, 0, 30.03%, 0, 0, 24, 51.71, 2080929, 804, 0, 0
77418, 2, 1236, 1401, 395, 0, 30.03%, 0, 0, 24, 55.29, 2081213, 804, 0, 0
77423, 2, 737, 1401, 395, 0, 30.03%, 0, 0, 24, 70.37, 2081590, 804, 0, 0
77428, 2, 737, 1401, 395, 0, 30.03%, 0, 0, 24, 75.11, 2081987, 804, 0, 0
77434, 2, 737, 1401, 395, 0, 30.03%, 0, 0, 24, 76.42, 2082386, 804, 0, 0
77439, 2, 737, 1401, 395, 0, 30.03%, 0, 0, 24, 75.04, 2082778, 804, 0, 0
77444, 2, 737, 1401, 395, 0, 30.03%, 0, 0, 24, 75.97, 2083173, 804, 0, 0
77449, 2, 1190, 1402, 395, 0, 30.03%, 0, 0, 24, 72.09, 2083541, 804, 0, 0
77454, 2, 1190, 1402, 395, 0, 30.03%, 0, 0, 24, 59.82, 2083828, 804, 0, 0
77459, 2, 1190, 1402, 395, 0, 30.03%, 0, 0, 24, 57.13, 2084115, 804, 0, 0
77464, 2, 1190, 1402, 395, 0, 30.03%, 0, 0, 24, 57.04, 2084402, 804, 0, 0
77469, 2, 1190, 1402, 395, 0, 30.03%, 0, 0, 24, 56.32, 2084685, 804, 0, 0
77474, 2, 1190, 1402, 395, 0, 30.03%, 0, 0, 24, 57.07, 2084973, 804, 0, 0
77479, 2, 1190, 1402, 395, 0, 30.03%, 0, 0, 24, 56.86, 2085260, 804, 0, 0
77485, 2, 1190, 1402, 395, 0, 30.03%, 0, 0, 24, 57.02, 2085555, 804, 0, 0
77490, 2, 904, 1402, 394, 0, 30.03%, 0, 0, 24, 59.64, 2085851, 804, 0, 0
77495, 2, 904, 1402, 394, 0, 30.03%, 0, 0, 24, 67.33, 2086201, 804, 0, 0
77500, 2, 904, 1402, 394, 0, 30.03%, 0, 0, 24, 68.61, 2086551, 804, 0, 0
77505, 2, 904, 1402, 394, 0, 30.03%, 0, 0, 24, 68.68, 2086901, 804, 0, 0
77510, 2, 904, 1402, 394, 0, 30.03%, 0, 0, 24, 68.87, 2087271, 804, 0, 0
77515, 2, 1344, 1402, 393, 0, 30.03%, 0, 0, 24, 64.62, 2087609, 804, 0, 0
77521, 2, 1344, 1402, 393, 0, 30.03%, 0, 0, 24, 52.53, 2087863, 804, 0, 0
77526, 2, 1344, 1402, 393, 0, 30.03%, 0, 0, 24, 50.54, 2088113, 804, 0, 0
77531, 2, 1344, 1402, 393, 0, 30.03%, 0, 0, 24, 49.82, 2088369, 804, 0, 0
77536, 2, 1344, 1402, 393, 0, 30.03%, 0, 0, 24, 49.02, 2088621, 804, 0, 0
77542, 2, 1344, 1402, 393, 0, 30.03%, 0, 0, 24, 49.54, 2088948, 804, 0, 0
77547, 2, 1344, 1402, 393, 0, 30.03%, 0, 0, 24, 49.81, 2089200, 804, 0, 0
77553, 2, 704, 1402, 392, 0, 30.03%, 0, 0, 24, 68.48, 2089567, 804, 0, 0
77558, 2, 704, 1402, 392, 0, 30.03%, 0, 0, 24, 74.73, 2089964, 804, 0, 0
77563, 2, 704, 1402, 392, 0, 30.03%, 0, 0, 24, 76.22, 2090364, 804, 0, 0
77568, 2, 704, 1402, 392, 0, 30.03%, 0, 0, 24, 76.46, 2090760, 804, 0, 0
77573, 2, 704, 1402, 392, 0, 30.03%, 0, 0, 24, 76.63, 2091146, 804, 0, 0
77578, 2, 1352, 1402, 391, 0, 30.03%, 0, 0, 24, 58.14, 2091443, 804, 0, 0
77583, 2, 1352, 1402, 391, 0, 30.03%, 0, 0, 24, 49.80, 2091681, 804, 0, 0
77589, 2, 1352, 1402, 391, 0, 30.03%, 0, 0, 24, 48.68, 2091930, 804, 0, 0
77594, 2, 1352, 1402, 391, 0, 30.03%, 0, 0, 24, 48.50, 2092180, 804, 0, 0
77599, 2, 1352, 1402, 391, 0, 30.03%, 0, 0, 24, 48.35, 2092430, 804, 0, 0
77604, 2, 1352, 1402, 391, 0, 30.03%, 0, 0, 24, 48.77, 2092689, 804, 0, 0
77609, 2, 1352, 1403, 392, 0, 30.03%, 0, 0, 24, 47.84, 2092932, 804, 0, 0
77614, 2, 1352, 1403, 392, 0, 30.03%, 0, 0, 24, 47.99, 2093182, 804, 0, 0
77620, 2, 428, 1403, 391, 0, 30.03%, 0, 0, 24, 78.12, 2093574, 804, 0, 0
77625, 2, 428, 1403, 391, 0, 30.03%, 0, 0, 24, 91.24, 2094077, 804, 0, 0
77630, 2, 1293, 1403, 390, 0, 30.03%, 0, 0, 24, 70.16, 2094444, 804, 0, 0
77635, 2, 805, 1403, 390, 0, 30.03%, 0, 0, 24, 64.14, 2094746, 804, 0, 0
77640, 2, 805, 1403, 390, 0, 30.03%, 0, 0, 24, 67.21, 2095095, 804, 0, 0
77645, 2, 805, 1403, 390, 0, 30.03%, 0, 0, 24, 67.78, 2095444, 804, 0, 0
77650, 2, 805, 1403, 390, 0, 30.03%, 0, 0, 24, 67.89, 2095793, 804, 0, 0
77655, 2, 805, 1403, 390, 0, 30.03%, 0, 0, 24, 68.54, 2096139, 804, 0, 0
77660, 2, 1178, 1403, 389, 0, 30.03%, 0, 0, 24, 65.33, 2096478, 804, 0, 0
77666, 2, 1297, 1403, 389, 0, 30.03%, 0, 0, 24, 58.46, 2096772, 804, 0, 0
77671, 2, 1208, 1403, 389, 0, 30.03%, 0, 0, 24, 56.26, 2097054, 804, 0, 0
77676, 2, 1393, 1403, 389, 0, 30.03%, 0, 0, 24, 56.56, 2097351, 804, 0, 0
77681, 2, 1393, 1403, 389, 0, 30.03%, 0, 0, 24, 52.10, 2097613, 804, 0, 0
77686, 2, 1393, 1403, 389, 0, 30.03%, 0, 0, 24, 51.13, 2097875, 804, 0, 0
77691, 2, 1393, 1403, 389, 0, 30.03%, 0, 0, 24, 51.24, 2098139, 804, 0, 0
77696, 2, 1393, 1403, 389, 0, 30.03%, 0, 0, 24, 50.99, 2098401, 804, 0, 0
77702, 2, 1393, 1403, 389, 0, 30.03%, 0, 0, 24, 51.32, 2098664, 804, 0, 0
77707, 2, 1393, 1403, 389, 0, 30.03%, 0, 0, 24, 51.39, 2098927, 804, 0, 0
77712, 2, 509, 1403, 388, 0, 30.03%, 0, 0, 24, 87.32, 2099420, 804, 0, 0
77717, 2, 509, 1403, 388, 0, 30.03%, 0, 0, 24, 94.54, 2099916, 804, 0, 0
77722, 2, 509, 1403, 388, 0, 30.03%, 0, 0, 24, 95.59, 2100401, 804, 0, 0
77727, 2, 922, 1403, 387, 0, 30.03%, 0, 0, 24, 78.65, 2100810, 804, 0, 0
77732, 2, 922, 1403, 387, 0, 30.03%, 0, 0, 24, 70.61, 2101160, 804, 0, 0
77737, 2, 922, 1403, 387, 0, 30.03%, 0, 0, 24, 68.29, 2101508, 804, 0, 0
77743, 2, 922, 1403, 387, 0, 30.03%, 0, 0, 24, 67.88, 2101858, 804, 0, 0
77748, 2, 922, 1403, 387, 0, 30.03%, 0, 0, 24, 68.57, 2102207, 804, 0, 0
77753, 2, 1135, 1403, 386, 0, 30.03%, 0, 0, 24, 65.27, 2102544, 804, 0, 0
77758, 2, 1135, 1403, 386, 0, 30.03%, 0, 0, 24, 63.15, 2102869, 804, 0, 0
77763, 2, 1135, 1403, 386, 0, 30.03%, 0, 0, 24, 62.37, 2103181, 804, 0, 0
77768, 2, 1135, 1403, 386, 0, 30.03%, 0, 0, 24, 62.39, 2103505, 804, 0, 0
77773, 2, 1135, 1403, 386, 0, 30.03%, 0, 0, 24, 61.03, 2103817, 804, 0, 0
77778, 2, 1325, 1403, 385, 0, 30.03%, 0, 0, 24, 65.10, 2104138, 804, 0, 0
77784, 2, 1325, 1403, 385, 0, 30.03%, 0, 0, 24, 70.42, 2104512, 804, 0, 0
77789, 2, 1325, 1403, 385, 0, 30.03%, 0, 0, 24, 71.04, 2104870, 804, 0, 0
77795, 2, 1325, 1403, 385, 0, 30.03%, 0, 0, 24, 70.68, 2105332, 804, 0, 0
77800, 2, 823, 1403, 384, 0, 30.03%, 0, 0, 24, 70.84, 2105685, 804, 0, 0
77805, 2, 823, 1403, 384, 0, 30.03%, 0, 0, 24, 68.85, 2106035, 804, 0, 0
77810, 2, 823, 1403, 384, 0, 30.03%, 0, 0, 24, 68.62, 2106386, 804, 0, 0
77815, 2, 823, 1403, 384, 0, 30.03%, 0, 0, 24, 68.96, 2106737, 804, 0, 0
77821, 2, 823, 1403, 384, 0, 30.03%, 0, 0, 24, 68.82, 2107090, 804, 0, 0
77826, 2, 1380, 1403, 383, 0, 30.03%, 0, 0, 24, 65.00, 2107428, 804, 0, 0
77831, 2, 1380, 1403, 383, 0, 30.03%, 0, 0, 24, 53.87, 2107690, 804, 0, 0
77836, 2, 1380, 1403, 383, 0, 30.03%, 0, 0, 24, 51.55, 2107951, 804, 0, 0
77841, 2, 1380, 1403, 383, 0, 30.03%, 0, 0, 24, 51.20, 2108213, 804, 0, 0
77846, 2, 1380, 1403, 383, 0, 30.03%, 0, 0, 24, 50.66, 2108473, 804, 0, 0
77851, 2, 1380, 1403, 383, 0, 30.03%, 0, 0, 24, 50.90, 2108737, 804, 0, 0
77856, 2, 1380, 1403, 383, 0, 30.03%, 0, 0, 24, 51.07, 2108998, 804, 0, 0
77861, 2, 611, 1403, 382, 0, 30.03%, 0, 0, 24, 70.26, 2109371, 804, 0, 0
77867, 2, 611, 1403, 382, 0, 30.03%, 0, 0, 24, 75.04, 2109766, 804, 0, 0
77872, 2, 611, 1403, 382, 0, 30.03%, 0, 0, 24, 76.34, 2110165, 804, 0, 0
77877, 2, 611, 1403, 382, 0, 30.03%, 0, 0, 24, 76.50, 2110562, 804, 0, 0
77882, 2, 611, 1403, 382, 0, 30.03%, 0, 0, 24, 76.50, 2110948, 804, 0, 0
77887, 2, 1291, 1403, 381, 0, 30.03%, 0, 0, 24, 69.91, 2111305, 804, 0, 0
77892, 2, 1291, 1403, 381, 0, 30.03%, 0, 0, 24, 57.84, 2111589, 804, 0, 0
77897, 2, 1291, 1403, 381, 0, 30.03%, 0, 0, 24, 54.83, 2111861, 804, 0, 0
77902, 2, 1291, 1403, 381, 0, 30.03%, 0, 0, 24, 54.88, 2112145, 804, 0, 0
77908, 2, 1291, 1403, 381, 0, 30.03%, 0, 0, 24, 53.82, 2112416, 804, 0, 0
77913, 2, 1291, 1403, 381, 0, 30.03%, 0, 0, 24, 54.30, 2112686, 804, 0, 0
77918, 2, 1291, 1403, 381, 0, 30.03%, 0, 0, 24, 54.27, 2112959, 804, 0, 0
77924, 2, 1291, 1403, 381, 0, 30.03%, 0, 0, 24, 54.48, 2113300, 804, 0, 0
77929, 2, 1291, 1403, 381, 0, 30.03%, 0, 0, 24, 53.94, 2113575, 804, 0, 0
77934, 2, 1100, 1403, 380, 0, 30.03%, 0, 0, 24, 61.47, 2113895, 804, 0, 0
77939, 2, 1100, 1403, 380, 0, 30.03%, 0, 0, 24, 63.14, 2114219, 804, 0, 0
77944, 2, 1100, 1403, 380, 0, 30.03%, 0, 0, 24, 63.23, 2114544, 804, 0, 0
77950, 2, 1100, 1403, 380, 0, 30.03%, 0, 0, 24, 62.62, 2114894, 804, 0, 0
77955, 2, 585, 1403, 379, 0, 30.03%, 0, 0, 24, 68.05, 2115239, 804, 0, 0
77960, 2, 585, 1403, 379, 0, 30.03%, 0, 0, 24, 73.97, 2115633, 804, 0, 0
77965, 2, 585, 1403, 379, 0, 30.03%, 0, 0, 24, 76.19, 2116016, 804, 0, 0
77970, 2, 585, 1403, 379, 0, 30.03%, 0, 0, 24, 75.65, 2116409, 804, 0, 0
77977, 2, 585, 1403, 379, 0, 30.03%, 0, 0, 24, 75.93, 2116939, 804, 0, 0
77982, 2, 1318, 1403, 378, 0, 30.03%, 0, 0, 24, 80.21, 2117356, 804, 0, 0
77988, 2, 1318, 1403, 378, 0, 30.03%, 0, 0, 24, 77.86, 2117756, 804, 0, 0
77993, 2, 1318, 1403, 378, 0, 30.03%, 0, 0, 24, 77.20, 2118155, 804, 0, 0
77998, 2, 1318, 1403, 378, 0, 30.03%, 0, 0, 24, 77.00, 2118554, 804, 0, 0
78004, 2, 1318, 1404, 379, 0, 30.03%, 0, 0, 24, 76.66, 2118993, 804, 0, 0
78009, 2, 1337, 1404, 378, 0, 30.03%, 0, 0, 24, 76.04, 2119383, 804, 0, 0
78014, 2, 1337, 1404, 378, 0, 30.03%, 0, 0, 24, 72.47, 2119742, 804, 0, 0
78019, 2, 1337, 1404, 378, 0, 30.03%, 0, 0, 24, 71.28, 2120100, 804, 0, 0
78024, 2, 1337, 1404, 378, 0, 30.03%, 0, 0, 24, 70.09, 2120451, 804, 0, 0
78029, 2, 1337, 1404, 378, 0, 30.03%, 0, 0, 24, 69.57, 2120808, 804, 0, 0
78034, 2, 1335, 1404, 377, 0, 30.03%, 0, 0, 24, 71.60, 2121182, 804, 0, 0
78039, 2, 1335, 1404, 377, 0, 30.03%, 0, 0, 24, 71.39, 2121540, 804, 0, 0
78044, 2, 1335, 1404, 377, 0, 30.03%, 0, 0, 24, 71.16, 2121898, 804, 0, 0
78049, 2, 1335, 1404, 377, 0, 30.03%, 0, 0, 24, 71.03, 2122257, 804, 0, 0
78054, 2, 767, 1404, 376, 0, 30.03%, 0, 0, 24, 69.84, 2122605, 804, 0, 0
78059, 2, 767, 1404, 376, 0, 30.03%, 0, 0, 24, 68.94, 2122957, 804, 0, 0
78065, 2, 767, 1404, 376, 0, 30.03%, 0, 0, 24, 68.22, 2123307, 804, 0, 0
78070, 2, 767, 1404, 376, 0, 30.03%, 0, 0, 24, 68.60, 2123656, 804, 0, 0
78075, 2, 767, 1404, 376, 0, 30.03%, 0, 0, 24, 68.84, 2124015, 804, 0, 0
78080, 2, 1210, 1404, 375, 0, 30.03%, 0, 0, 24, 65.96, 2124354, 804, 0, 0
78085, 2, 1210, 1404, 375, 0, 30.03%, 0, 0, 24, 59.86, 2124653, 804, 0, 0
78090, 2, 1210, 1404, 375, 0, 30.03%, 0, 0, 24, 58.66, 2124953, 804, 0, 0
78095, 2, 1210, 1404, 375, 0, 30.03%, 0, 0, 24, 58.71, 2125253, 804, 0, 0
78100, 2, 1210, 1404, 375, 0, 30.03%, 0, 0, 24, 58.48, 2125552, 804, 0, 0
78106, 2, 1210, 1404, 375, 0, 30.03%, 0, 0, 24, 58.45, 2125852, 804, 0, 0
78111, 2, 1210, 1404, 375, 0, 30.03%, 0, 0, 24, 58.38, 2126155, 804, 0, 0
78116, 2, 1314, 1404, 374, 0, 30.03%, 0, 0, 24, 58.41, 2126452, 804, 0, 0
78121, 2, 1314, 1404, 374, 0, 30.03%, 0, 0, 24, 54.03, 2126727, 804, 0, 0
78126, 2, 1314, 1404, 374, 0, 30.03%, 0, 0, 24, 52.99, 2126991, 804, 0, 0
78131, 2, 1314, 1404, 374, 0, 30.03%, 0, 0, 24, 52.84, 2127254, 804, 0, 0
78138, 2, 1314, 1404, 374, 0, 30.03%, 0, 0, 24, 53.10, 2127602, 804, 0, 0
78143, 2, 1314, 1404, 374, 0, 30.03%, 0, 0, 24, 53.18, 2127876, 804, 0, 0
78148, 2, 705, 1404, 373, 0, 30.03%, 0, 0, 24, 71.64, 2128264, 804, 0, 0
78153, 2, 705, 1404, 373, 0, 30.03%, 0, 0, 24, 75.75, 2128648, 804, 0, 0
78158, 2, 705, 1404, 373, 0, 30.03%, 0, 0, 24, 75.05, 2129026, 804, 0, 0
78163, 2, 705, 1404, 373, 0, 30.03%, 0, 0, 24, 76.09, 2129409, 804, 0, 0
78168, 2, 705, 1404, 373, 0, 30.03%, 0, 0, 24, 76.00, 2129802, 804, 0, 0
78173, 2, 890, 1404, 372, 0, 30.03%, 0, 0, 24, 71.67, 2130169, 804, 0, 0
78178, 2, 890, 1404, 372, 0, 30.03%, 0, 0, 24, 69.51, 2130521, 804, 0, 0
78183, 2, 890, 1404, 372, 0, 30.03%, 0, 0, 24, 68.77, 2130871, 804, 0, 0
78189, 2, 890, 1404, 372, 0, 30.03%, 0, 0, 24, 67.84, 2131218, 804, 0, 0
78194, 2, 890, 1404, 372, 0, 30.03%, 0, 0, 24, 68.56, 2131568, 804, 0, 0
78199, 2, 832, 1404, 371, 0, 30.03%, 0, 0, 24, 68.74, 2131919, 804, 0, 0
78204, 2, 832, 1404, 371, 0, 30.03%, 0, 0, 24, 68.14, 2132268, 804, 0, 0
78209, 2, 832, 1404, 371, 0, 30.03%, 0, 0, 24, 68.73, 2132619, 804, 0, 0
78214, 2, 832, 1404, 371, 0, 30.03%, 0, 0, 24, 68.97, 2132970, 804, 0, 0
78219, 2, 832, 1404, 371, 0, 30.03%, 0, 0, 24, 68.84, 2133319, 804, 0, 0
78224, 2, 594, 1404, 370, 0, 30.03%, 0, 0, 24, 73.78, 2133697, 804, 0, 0
78230, 2, 594, 1404, 370, 0, 30.03%, 0, 0, 24, 75.63, 2134093, 804, 0, 0
78235, 2, 594, 1404, 370, 0, 30.03%, 0, 0, 24, 76.46, 2134492, 804, 0, 0
78240, 2, 594, 1404, 370, 0, 30.03%, 0, 0, 24, 76.70, 2134890, 804, 0, 0
78245, 2, 594, 1404, 370, 0, 30.03%, 0, 0, 24, 76.78, 2135301, 804, 0, 0
78250, 2, 1151, 1404, 369, 0, 30.03%, 0, 0, 24, 67.39, 2135650, 804, 0, 0
78255, 2, 1151, 1404, 369, 0, 30.03%, 0, 0, 24, 62.30, 2135959, 804, 0, 0
78261, 2, 1151, 1404, 369, 0, 30.03%, 0, 0, 24, 61.29, 2136270, 804, 0, 0
78266, 2, 1151, 1404, 369, 0, 30.03%, 0, 0, 24, 61.10, 2136581, 804, 0, 0
78271, 2, 1151, 1404, 369, 0, 30.03%, 0, 0, 24, 60.90, 2136891, 804, 0, 0
78276, 2, 1151, 1404, 369, 0, 30.03%, 0, 0, 24, 60.49, 2137204, 804, 0, 0
78281, 2, 620, 1404, 368, 0, 30.03%, 0, 0, 24, 74.52, 2137609, 804, 0, 0
78286, 2, 620, 1404, 368, 0, 30.03%, 0, 0, 24, 74.25, 2137984, 804, 0, 0
78291, 2, 620, 1404, 368, 0, 30.03%, 0, 0, 24, 75.98, 2138367, 804, 0, 0
78296, 2, 620, 1404, 368, 0, 30.03%, 0, 0, 24, 76.13, 2138749, 804, 0, 0
78302, 2, 620, 1404, 368, 0, 30.03%, 0, 0, 24, 76.21, 2139161, 804, 0, 0
78307, 2, 1284, 1404, 367, 0, 30.03%, 0, 0, 24, 63.87, 2139497, 804, 0, 0
78312, 2, 705, 1404, 367, 0, 30.03%, 0, 0, 24, 79.31, 2139878, 804, 0, 0
78317, 2, 648, 1404, 367, 0, 30.03%, 0, 0, 24, 77.51, 2140276, 804, 0, 0
78322, 2, 648, 1404, 367, 0, 30.03%, 0, 0, 24, 76.31, 2140671, 804, 0, 0
78327, 2, 648, 1404, 367, 0, 30.03%, 0, 0, 24, 76.73, 2141070, 804, 0, 0
78332, 2, 648, 1404, 367, 0, 30.03%, 0, 0, 24, 76.41, 2141454, 804, 0, 0
78338, 2, 648, 1404, 367, 0, 30.03%, 0, 0, 24, 76.68, 2141881, 804, 0, 0
78343, 2, 1270, 1404, 366, 0, 30.03%, 0, 0, 24, 65.80, 2142218, 804, 0, 0
78348, 2, 1235, 1404, 366, 0, 30.03%, 0, 0, 24, 58.65, 2142505, 804, 0, 0
78353, 2, 1235, 1404, 366, 0, 30.03%, 0, 0, 24, 56.74, 2142791, 804, 0, 0
78358, 2, 1235, 1404, 366, 0, 30.03%, 0, 0, 24, 56.77, 2143079, 804, 0, 0
78363, 2, 1235, 1404, 366, 0, 30.03%, 0, 0, 24, 57.09, 2143367, 804, 0, 0
78368, 2, 1235, 1404, 366, 0, 30.03%, 0, 0, 24, 56.97, 2143653, 804, 0, 0
78373, 2, 1235, 1404, 366, 0, 30.03%, 0, 0, 24, 57.89, 2143953, 804, 0, 0
78379, 2, 1235, 1404, 366, 0, 30.03%, 0, 0, 24, 57.80, 2144249, 804, 0, 0
78384, 2, 600, 1404, 365, 0, 30.03%, 0, 0, 24, 65.32, 2144577, 804, 0, 0
78389, 2, 600, 1404, 365, 0, 30.03%, 0, 0, 24, 74.77, 2144976, 804, 0, 0
78394, 2, 600, 1404, 365, 0, 30.03%, 0, 0, 24, 77.24, 2145376, 804, 0, 0
78399, 2, 600, 1404, 365, 0, 30.03%, 0, 0, 24, 77.10, 2145774, 804, 0, 0
78406, 2, 600, 1404, 365, 0, 30.03%, 0, 0, 24, 76.15, 2146285, 804, 0, 0
78411, 2, 1386, 1404, 364, 0, 30.03%, 0, 0, 24, 63.56, 2146610, 804, 0, 0
78416, 2, 1386, 1404, 364, 0, 30.03%, 0, 0, 24, 54.04, 2146873, 804, 0, 0
78421, 2, 1386, 1404, 364, 0, 30.03%, 0, 0, 24, 51.94, 2147135, 804, 0, 0
78426, 2, 1386, 1404, 364, 0, 30.03%, 0, 0, 24, 51.69, 2147399, 804, 0, 0
78431, 2, 1386, 1404, 364, 0, 30.03%, 0, 0, 24, 51.47, 2147662, 804, 0, 0
78437, 2, 1386, 1404, 364, 0, 30.03%, 0, 0, 24, 51.39, 2147928, 804, 0, 0
78442, 2, 1402, 1404, 363, 0, 30.03%, 0, 0, 24, 51.14, 2148191, 804, 0, 0
78447, 2, 1402, 1404, 363, 0, 30.03%, 0, 0, 24, 49.65, 2148441, 804, 0, 0
78452, 2, 1402, 1404, 363, 0, 30.03%, 0, 0, 24, 49.25, 2148691, 804, 0, 0
78457, 2, 1402, 1404, 363, 0, 30.03%, 0, 0, 24, 49.13, 2148941, 804, 0, 0
78462, 2, 1402, 1404, 363, 0, 30.03%, 0, 0, 24, 49.11, 2149191, 804, 0, 0
78467, 2, 1402, 1404, 363, 0, 30.03%, 0, 0, 24, 48.86, 2149441, 804, 0, 0
78472, 2, 1402, 1407, 366, 0, 30.03%, 0, 0, 24, 49.10, 2149695, 804, 0, 0
78477, 2, 928, 1407, 365, 0, 30.03%, 0, 0, 24, 54.87, 2149969, 804, 0, 0
78482, 2, 928, 1407, 365, 0, 30.03%, 0, 0, 24, 64.28, 2150304, 804, 0, 0
78487, 2, 928, 1407, 365, 0, 30.03%, 0, 0, 24, 66.02, 2150638, 804, 0, 0
78492, 2, 928, 1407, 365, 0, 30.03%, 0, 0, 24, 66.78, 2150974, 804, 0, 0
78498, 2, 928, 1407, 365, 0, 30.03%, 0, 0, 24, 66.25, 2151319, 804, 0, 0
78503, 2, 928, 1407, 365, 0, 30.03%, 0, 0, 24, 66.90, 2151667, 804, 0, 0
78508, 2, 928, 1407, 365, 0, 30.03%, 0, 0, 24, 67.10, 2152015, 804, 0, 0
78513, 2, 506, 1407, 364, 0, 30.03%, 0, 0, 24, 88.06, 2152459, 804, 0, 0
78519, 2, 506, 1407, 364, 0, 30.03%, 0, 0, 24, 96.06, 2153008, 804, 0, 0
78524, 2, 117, 1407, 363, 0, 30.03%, 0, 0, 24, 102.09, 2153524, 804, 0, 0
78529, 2, 711, 1407, 363, 0, 30.03%, 0, 0, 24, 84.06, 2153950, 804, 0, 0
78534, 2, 711, 1407, 363, 0, 30.03%, 0, 0, 24, 78.61, 2154349, 804, 0, 0
78539, 2, 711, 1407, 363, 0, 30.03%, 0, 0, 24, 77.40, 2154749, 804, 0, 0
78544, 2, 711, 1407, 363, 0, 30.03%, 0, 0, 24, 77.53, 2155149, 804, 0, 0
78549, 2, 711, 1407, 363, 0, 30.03%, 0, 0, 24, 77.51, 2155543, 804, 0, 0
78555, 2, 689, 1407, 362, 0, 30.03%, 0, 0, 24, 77.34, 2155943, 804, 0, 0
78560, 2, 689, 1407, 362, 0, 30.03%, 0, 0, 24, 77.41, 2156343, 804, 0, 0
78565, 2, 689, 1407, 362, 0, 30.03%, 0, 0, 24, 77.19, 2156742, 804, 0, 0
78570, 2, 689, 1407, 362, 0, 30.03%, 0, 0, 24, 77.59, 2157142, 804, 0, 0
78575, 2, 689, 1407, 362, 0, 30.03%, 0, 0, 24, 78.16, 2157535, 804, 0, 0
78580, 2, 734, 1407, 361, 0, 30.03%, 0, 0, 24, 78.45, 2157938, 804, 0, 0
78585, 2, 734, 1407, 361, 0, 30.03%, 0, 0, 24, 78.35, 2158338, 804, 0, 0
78591, 2, 734, 1407, 361, 0, 30.03%, 0, 0, 24, 77.78, 2158738, 804, 0, 0
78596, 2, 734, 1407, 361, 0, 30.03%, 0, 0, 24, 78.19, 2159137, 804, 0, 0
78601, 2, 734, 1407, 361, 0, 30.03%, 0, 0, 24, 78.18, 2159543, 804, 0, 0
78606, 2, 850, 1407, 360, 0, 30.03%, 0, 0, 24, 89.35, 2160010, 804, 0, 0
78611, 2, 1272, 1407, 360, 0, 30.03%, 0, 0, 24, 69.33, 2160351, 804, 0, 0
78616, 2, 546, 1407, 360, 0, 30.03%, 0, 0, 24, 72.42, 2160683, 804, 0, 0
78621, 2, 546, 1407, 360, 0, 30.03%, 0, 0, 24, 97.66, 2161208, 804, 0, 0
78626, 2, 546, 1407, 360, 0, 30.03%, 0, 0, 24, 102.63, 2161747, 804, 0, 0
78632, 2, 546, 1407, 360, 0, 30.03%, 0, 0, 24, 103.32, 2162290, 804, 0, 0
78637, 2, 695, 1407, 359, 0, 30.03%, 0, 0, 24, 87.74, 2162731, 804, 0, 0
78642, 2, 695, 1407, 359, 0, 30.03%, 0, 0, 24, 79.64, 2163129, 804, 0, 0
78647, 2, 695, 1407, 359, 0, 30.03%, 0, 0, 24, 77.70, 2163528, 804, 0, 0
78652, 2, 695, 1407, 359, 0, 30.03%, 0, 0, 24, 78.01, 2163928, 804, 0, 0
78657, 2, 695, 1407, 359, 0, 30.03%, 0, 0, 24, 77.93, 2164329, 804, 0, 0
78662, 2, 1312, 1407, 358, 0, 30.03%, 0, 0, 24, 65.88, 2164663, 804, 0, 0
78667, 2, 1312, 1407, 358, 0, 30.03%, 0, 0, 24, 57.78, 2164950, 804, 0, 0
78672, 2, 1312, 1407, 358, 0, 30.03%, 0, 0, 24, 55.99, 2165234, 804, 0, 0
78678, 2, 1312, 1407, 358, 0, 30.03%, 0, 0, 24, 55.85, 2165521, 804, 0, 0
78683, 2, 1312, 1407, 358, 0, 30.03%, 0, 0, 24, 55.86, 2165808, 804, 0, 0
78688, 2, 1312, 1407, 358, 0, 30.03%, 0, 0, 24, 55.81, 2166094, 804, 0, 0
78693, 2, 1312, 1407, 358, 0, 30.03%, 0, 0, 24, 55.93, 2166382, 804, 0, 0
78698, 2, 1312, 1407, 358, 0, 30.03%, 0, 0, 24, 55.48, 2166665, 804, 0, 0
78703, 2, 1400, 1407, 357, 0, 30.03%, 0, 0, 24, 64.01, 2166981, 804, 0, 0
78708, 2, 1400, 1407, 357, 0, 30.03%, 0, 0, 24, 74.88, 2167380, 804, 0, 0
78713, 2, 1400, 1407, 357, 0, 30.03%, 0, 0, 24, 77.11, 2167779, 804, 0, 0
78719, 2, 1400, 1407, 357, 0, 30.03%, 0, 0, 24, 77.65, 2168179, 804, 0, 0
78725, 2, 1400, 1407, 357, 0, 30.03%, 0, 0, 24, 78.03, 2168696, 804, 0, 0
78730, 2, 331, 1407, 356, 0, 30.03%, 0, 0, 24, 86.26, 2169125, 804, 0, 0
78735, 2, 964, 1407, 356, 0, 30.03%, 0, 0, 24, 74.23, 2169501, 804, 0, 0
78741, 2, 964, 1407, 356, 0, 30.03%, 0, 0, 24, 69.52, 2169852, 804, 0, 0
78746, 2, 964, 1407, 356, 0, 30.03%, 0, 0, 24, 68.52, 2170201, 804, 0, 0
78751, 2, 964, 1407, 356, 0, 30.03%, 0, 0, 24, 68.70, 2170553, 804, 0, 0
78758, 2, 964, 1407, 356, 0, 30.03%, 0, 0, 24, 68.74, 2171041, 804, 0, 0
78763, 2, 558, 1407, 355, 0, 30.03%, 0, 0, 24, 75.20, 2171413, 804, 0, 0
78768, 2, 558, 1407, 355, 0, 30.03%, 0, 0, 24, 93.41, 2171911, 804, 0, 0
78773, 2, 558, 1407, 355, 0, 30.03%, 0, 0, 24, 97.58, 2172408, 804, 0, 0
78778, 2, 558, 1407, 355, 0, 30.03%, 0, 0, 24, 97.62, 2172905, 804, 0, 0
78783, 2, 558, 1407, 355, 0, 30.03%, 0, 0, 24, 98.71, 2173419, 804, 0, 0
78788, 2, 1339, 1407, 354, 0, 30.03%, 0, 0, 24, 81.56, 2173837, 804, 0, 0
78794, 2, 1339, 1407, 354, 0, 30.03%, 0, 0, 24, 74.44, 2174211, 804, 0, 0
78799, 2, 1339, 1407, 354, 0, 30.03%, 0, 0, 24, 72.82, 2174585, 804, 0, 0
78804, 2, 1339, 1407, 354, 0, 30.03%, 0, 0, 24, 72.46, 2174952, 804, 0, 0
78809, 2, 1376, 1407, 353, 0, 30.03%, 0, 0, 24, 64.00, 2175280, 804, 0, 0
78814, 2, 1376, 1407, 353, 0, 30.03%, 0, 0, 24, 54.07, 2175543, 804, 0, 0
78819, 2, 1376, 1407, 353, 0, 30.03%, 0, 0, 24, 51.79, 2175806, 804, 0, 0
78824, 2, 1376, 1407, 353, 0, 30.03%, 0, 0, 24, 51.61, 2176070, 804, 0, 0
78829, 2, 1376, 1407, 353, 0, 30.03%, 0, 0, 24, 51.41, 2176334, 804, 0, 0
78834, 2, 1376, 1407, 353, 0, 30.03%, 0, 0, 24, 51.52, 2176600, 804, 0, 0
78840, 2, 1376, 1407, 353, 0, 30.03%, 0, 0, 24, 51.45, 2176864, 804, 0, 0
78845, 2, 592, 1407, 352, 0, 30.03%, 0, 0, 24, 76.64, 2177295, 804, 0, 0
78850, 2, 592, 1407, 352, 0, 30.03%, 0, 0, 24, 77.35, 2177694, 804, 0, 0
78855, 2, 592, 1407, 352, 0, 30.03%, 0, 0, 24, 77.23, 2178093, 804, 0, 0
78860, 2, 592, 1407, 352, 0, 30.03%, 0, 0, 24, 77.56, 2178491, 804, 0, 0
78866, 2, 592, 1407, 352, 0, 30.03%, 0, 0, 24, 77.68, 2178913, 804, 0, 0
78871, 2, 683, 1407, 351, 0, 30.03%, 0, 0, 24, 78.02, 2179314, 804, 0, 0
78876, 2, 683, 1407, 351, 0, 30.03%, 0, 0, 24, 77.83, 2179714, 804, 0, 0
78881, 2, 683, 1407, 351, 0, 30.03%, 0, 0, 24, 77.53, 2180111, 804, 0, 0
78886, 2, 683, 1407, 351, 0, 30.03%, 0, 0, 24, 77.66, 2180510, 804, 0, 0
78892, 2, 683, 1407, 351, 0, 30.03%, 0, 0, 24, 77.69, 2180936, 804, 0, 0
78897, 2, 1404, 1407, 350, 0, 30.03%, 0, 0, 24, 62.56, 2181266, 804, 0, 0
78902, 2, 1404, 1407, 350, 0, 30.03%, 0, 0, 24, 52.22, 2181516, 804, 0, 0
78907, 2, 1404, 1407, 350, 0, 30.03%, 0, 0, 24, 50.03, 2181766, 804, 0, 0
78912, 2, 1404, 1407, 350, 0, 30.03%, 0, 0, 24, 48.96, 2182015, 804, 0, 0
78917, 2, 1404, 1407, 350, 0, 30.03%, 0, 0, 24, 48.36, 2182265, 804, 0, 0
78923, 2, 1404, 1407, 350, 0, 30.03%, 0, 0, 24, 48.53, 2182558, 804, 0, 0
78928, 2, 1404, 1407, 350, 0, 30.03%, 0, 0, 24, 49.18, 2182807, 804, 0, 0
78933, 2, 717, 1407, 349, 0, 30.03%, 0, 0, 24, 65.80, 2183157, 804, 0, 0
78939, 2, 717, 1407, 349, 0, 30.03%, 0, 0, 24, 70.36, 2183529, 804, 0, 0
78944, 2, 717, 1407, 349, 0, 30.03%, 0, 0, 24, 71.31, 2183889, 804, 0, 0
78950, 2, 717, 1407, 349, 0, 30.03%, 0, 0, 24, 70.43, 2184310, 804, 0, 0
78955, 2, 885, 1407, 348, 0, 30.03%, 0, 0, 24, 69.83, 2184667, 804, 0, 0
78960, 2, 885, 1408, 349, 0, 30.03%, 0, 0, 24, 69.53, 2185018, 804, 0, 0
78965, 2, 701, 1408, 349, 0, 30.03%, 0, 0, 24, 75.51, 2185407, 804, 0, 0
78970, 2, 701, 1408, 349, 0, 30.03%, 0, 0, 24, 76.95, 2185805, 804, 0, 0
78975, 2, 701, 1408, 349, 0, 30.03%, 0, 0, 24, 75.66, 2186186, 804, 0, 0
78980, 2, 701, 1408, 349, 0, 30.03%, 0, 0, 24, 77.24, 2186585, 804, 0, 0
78985, 2, 701, 1408, 349, 0, 30.03%, 0, 0, 24, 77.62, 2186989, 804, 0, 0
78991, 2, 745, 1408, 348, 0, 30.03%, 0, 0, 24, 77.85, 2187389, 804, 0, 0
78996, 2, 1095, 1408, 348, 0, 30.03%, 0, 0, 24, 69.00, 2187729, 804, 0, 0
79001, 2, 1095, 1408, 348, 0, 30.03%, 0, 0, 24, 64.97, 2188061, 804, 0, 0
79006, 2, 1095, 1408, 348, 0, 30.03%, 0, 0, 24, 64.69, 2188386, 804, 0, 0
79011, 2, 1095, 1408, 348, 0, 30.03%, 0, 0, 24, 64.64, 2188719, 804, 0, 0
79016, 2, 1095, 1408, 348, 0, 30.03%, 0, 0, 24, 64.35, 2189049, 804, 0, 0
79021, 2, 1095, 1408, 348, 0, 30.03%, 0, 0, 24, 64.63, 2189380, 804, 0, 0
79026, 2, 1095, 1408, 348, 0, 30.03%, 0, 0, 24, 64.49, 2189714, 804, 0, 0
79031, 2, 1239, 1408, 347, 0, 30.03%, 0, 0, 24, 60.90, 2190027, 804, 0, 0
79037, 2, 613, 1408, 347, 0, 30.03%, 0, 0, 24, 70.75, 2190383, 804, 0, 0
79042, 2, 613, 1408, 347, 0, 30.03%, 0, 0, 24, 76.10, 2190782, 804, 0, 0
79047, 2, 613, 1408, 347, 0, 30.03%, 0, 0, 24, 76.63, 2191177, 804, 0, 0
79052, 2, 613, 1408, 347, 0, 30.03%, 0, 0, 24, 77.10, 2191576, 804, 0, 0
79057, 2, 613, 1408, 347, 0, 30.03%, 0, 0, 24, 77.12, 2191979, 804, 0, 0
79062, 2, 1119, 1408, 346, 0, 30.03%, 0, 0, 24, 72.28, 2192352, 804, 0, 0
79068, 2, 1119, 1408, 346, 0, 30.03%, 0, 0, 24, 68.73, 2192701, 804, 0, 0
79073, 2, 1119, 1408, 346, 0, 30.03%, 0, 0, 24, 67.83, 2193050, 804, 0, 0
79078, 2, 1119, 1408, 346, 0, 30.03%, 0, 0, 24, 67.44, 2193400, 804, 0, 0
79083, 2, 1119, 1408, 346, 0, 30.03%, 0, 0, 24, 67.07, 2193740, 804, 0, 0
79088, 2, 505, 1408, 345, 0, 30.03%, 0, 0, 24, 80.49, 2194143, 804, 0, 0
79093, 2, 505, 1408, 345, 0, 30.03%, 0, 0, 24, 94.86, 2194643, 804, 0, 0
79098, 2, 505, 1408, 345, 0, 30.03%, 0, 0, 24, 96.78, 2195150, 804, 0, 0
79103, 2, 1077, 1408, 344, 0, 30.03%, 0, 0, 24, 77.00, 2195532, 804, 0, 0
79109, 2, 1342, 1408, 344, 0, 30.03%, 0, 0, 24, 76.38, 2195919, 804, 0, 0
79114, 2, 1342, 1408, 344, 0, 30.03%, 0, 0, 24, 77.31, 2196318, 804, 0, 0
79119, 2, 1342, 1408, 344, 0, 30.03%, 0, 0, 24, 77.02, 2196715, 804, 0, 0
79124, 2, 1342, 1408, 344, 0, 30.03%, 0, 0, 24, 77.27, 2197114, 804, 0, 0
79129, 2, 1342, 1408, 344, 0, 30.03%, 0, 0, 24, 75.41, 2197489, 804, 0, 0
79134, 2, 765, 1408, 343, 0, 30.03%, 0, 0, 24, 69.83, 2197837, 804, 0, 0
79139, 2, 765, 1408, 343, 0, 30.03%, 0, 0, 24, 65.43, 2198163, 804, 0, 0
79144, 2, 765, 1408, 343, 0, 30.03%, 0, 0, 24, 65.42, 2198494, 804, 0, 0
79149, 2, 765, 1408, 343, 0, 30.03%, 0, 0, 24, 68.26, 2198843, 804, 0, 0
79154, 2, 765, 1408, 343, 0, 30.03%, 0, 0, 24, 69.38, 2199207, 804, 0, 0
79160, 2, 1405, 1408, 342, 0, 30.03%, 0, 0, 24, 65.43, 2199544, 804, 0, 0
79165, 2, 1405, 1408, 342, 0, 30.03%, 0, 0, 24, 52.18, 2199793, 804, 0, 0
79170, 2, 1405, 1408, 342, 0, 30.03%, 0, 0, 24, 49.68, 2200043, 804, 0, 0
79175, 2, 1405, 1408, 342, 0, 30.03%, 0, 0, 24, 49.42, 2200293, 804, 0, 0
79180, 2, 1405, 1408, 342, 0, 30.03%, 0, 0, 24, 49.07, 2200542, 804, 0, 0
79185, 2, 1405, 1408, 342, 0, 30.03%, 0, 0, 24, 48.61, 2200791, 804, 0, 0
79190, 2, 1405, 1409, 343, 0, 30.03%, 0, 0, 25, 48.53, 2201037, 804, 0, 0
79195, 2, 1405, 1409, 343, 0, 30.03%, 0, 0, 25, 48.38, 2201286, 804, 0, 0
79200, 2, 1405, 1409, 343, 0, 30.03%, 0, 0, 25, 48.30, 2201536, 804, 0, 0
79205, 2, 1259, 1409, 342, 0, 30.03%, 0, 0, 25, 54.70, 2201823, 804, 0, 0
79211, 2, 1259, 1409, 342, 0, 30.03%, 0, 0, 25, 55.23, 2202105, 804, 0, 0
79216, 2, 1259, 1409, 342, 0, 30.03%, 0, 0, 25, 55.31, 2202391, 804, 0, 0
79221, 2, 1259, 1409, 342, 0, 30.03%, 0, 0, 25, 55.58, 2202678, 804, 0, 0
79226, 2, 1259, 1409, 342, 0, 30.03%, 0, 0, 25, 55.46, 2202964, 804, 0, 0
79231, 2, 1259, 1409, 342, 0, 30.03%, 0, 0, 25, 56.02, 2203251, 804, 0, 0
79236, 2, 1259, 1409, 342, 0, 30.03%, 0, 0, 25, 55.98, 2203538, 804, 0, 0
79241, 2, 1259, 1409, 342, 0, 30.03%, 0, 0, 25, 55.84, 2203821, 804, 0, 0
79246, 2, 1399, 1409, 341, 0, 30.03%, 0, 0, 25, 49.61, 2204071, 804, 0, 0
79252, 2, 1399, 1409, 341, 0, 30.03%, 0, 0, 25, 50.77, 2204333, 804, 0, 0
79257, 2, 1399, 1409, 341, 0, 30.03%, 0, 0, 25, 50.98, 2204596, 804, 0, 0
79262, 2, 1399, 1409, 341, 0, 30.03%, 0, 0, 25, 50.96, 2204859, 804, 0, 0
79267, 2, 1399, 1409, 341, 0, 30.03%, 0, 0, 25, 51.79, 2205147, 804, 0, 0
79272, 2, 1399, 1409, 341, 0, 30.03%, 0, 0, 25, 51.93, 2205411, 804, 0, 0
79278, 2, 1379, 1409, 340, 0, 30.03%, 0, 0, 25, 57.44, 2205727, 804, 0, 0
79283, 2, 1379, 1409, 340, 0, 30.03%, 0, 0, 25, 52.94, 2205990, 804, 0, 0
79288, 2, 1379, 1409, 340, 0, 30.03%, 0, 0, 25, 51.85, 2206254, 804, 0, 0
79293, 2, 1379, 1409, 340, 0, 30.03%, 0, 0, 25, 51.41, 2206517, 804, 0, 0
79300, 2, 1379, 1409, 340, 0, 30.03%, 0, 0, 25, 50.64, 2206864, 804, 0, 0
79305, 2, 1379, 1409, 340, 0, 30.03%, 0, 0, 25, 51.23, 2207124, 804, 0, 0
79310, 2, 1373, 1409, 339, 0, 30.03%, 0, 0, 25, 50.77, 2207385, 804, 0, 0
79315, 2, 1373, 1409, 339, 0, 30.03%, 0, 0, 25, 50.94, 2207648, 804, 0, 0
79320, 2, 1373, 1409, 339, 0, 30.03%, 0, 0, 25, 50.98, 2207911, 804, 0, 0
79325, 2, 1373, 1409, 339, 0, 30.03%, 0, 0, 25, 50.76, 2208173, 804, 0, 0
79332, 2, 1373, 1409, 339, 0, 30.03%, 0, 0, 25, 51.20, 2208493, 804, 0, 0
79337, 2, 1373, 1409, 339, 0, 30.03%, 0, 0, 25, 51.50, 2208755, 804, 0, 0
79342, 2, 1267, 1409, 338, 0, 30.03%, 0, 0, 25, 65.50, 2209123, 804, 0, 0
79347, 2, 1267, 1409, 338, 0, 30.03%, 0, 0, 25, 58.37, 2209410, 804, 0, 0
79352, 2, 1267, 1409, 338, 0, 30.03%, 0, 0, 25, 56.75, 2209697, 804, 0, 0
79357, 2, 1267, 1409, 338, 0, 30.03%, 0, 0, 25, 56.58, 2209985, 804, 0, 0
79362, 2, 1267, 1409, 338, 0, 30.03%, 0, 0, 25, 56.36, 2210271, 804, 0, 0
79367, 2, 1267, 1409, 338, 0, 30.03%, 0, 0, 25, 56.28, 2210556, 804, 0, 0
79372, 2, 1267, 1409, 338, 0, 30.03%, 0, 0, 25, 56.47, 2210843, 804, 0, 0
79377, 2, 1267, 1409, 338, 0, 30.03%, 0, 0, 25, 56.09, 2211126, 804, 0, 0
79382, 2, 689, 1410, 338, 0, 30.03%, 0, 0, 25, 65.99, 2211451, 804, 0, 0
79387, 2, 1306, 1410, 338, 0, 30.03%, 0, 0, 25, 65.44, 2211797, 804, 0, 0
79392, 2, 1306, 1410, 338, 0, 30.03%, 0, 0, 25, 57.71, 2212082, 804, 0, 0
79398, 2, 1306, 1410, 338, 0, 30.03%, 0, 0, 25, 55.87, 2212367, 804, 0, 0
79403, 2, 1306, 1410, 338, 0, 30.03%, 0, 0, 25, 55.31, 2212650, 804, 0, 0
79408, 2, 1306, 1410, 338, 0, 30.03%, 0, 0, 25, 55.56, 2212937, 804, 0, 0
79413, 2, 1306, 1410, 338, 0, 30.03%, 0, 0, 25, 55.67, 2213223, 804, 0, 0
79418, 2, 1306, 1410, 338, 0, 30.03%, 0, 0, 25, 55.28, 2213508, 804, 0, 0
79423, 2, 1306, 1410, 338, 0, 30.03%, 0, 0, 25, 54.58, 2213785, 804, 0, 0
79428, 2, 1266, 1410, 337, 0, 30.03%, 0, 0, 25, 54.21, 2214061, 804, 0, 0
79433, 2, 1266, 1410, 337, 0, 30.03%, 0, 0, 25, 55.95, 2214349, 804, 0, 0
79438, 2, 1266, 1410, 337, 0, 30.03%, 0, 0, 25, 56.56, 2214637, 804, 0, 0
79444, 2, 1266, 1410, 337, 0, 30.03%, 0, 0, 25, 56.90, 2214925, 804, 0, 0
79449, 2, 1266, 1410, 337, 0, 30.03%, 0, 0, 25, 56.56, 2215212, 804, 0, 0
79454, 2, 1266, 1410, 337, 0, 30.03%, 0, 0, 25, 55.70, 2215497, 804, 0, 0
79459, 2, 1266, 1410, 337, 0, 30.03%, 0, 0, 25, 55.59, 2215782, 804, 0, 0
79464, 2, 1266, 1410, 337, 0, 30.03%, 0, 0, 25, 55.80, 2216064, 804, 0, 0
79469, 2, 526, 1410, 336, 0, 30.03%, 0, 0, 25, 57.77, 2216354, 804, 0, 0
79474, 2, 526, 1410, 336, 0, 30.03%, 0, 0, 25, 89.64, 2216854, 804, 0, 0
79479, 2, 526, 1410, 336, 0, 30.03%, 0, 0, 25, 95.06, 2217349, 804, 0, 0
79484, 2, 526, 1410, 336, 0, 30.03%, 0, 0, 25, 96.60, 2217842, 804, 0, 0
79489, 2, 1397, 1410, 335, 0, 30.03%, 0, 0, 25, 76.00, 2218237, 804, 0, 0
79494, 2, 1380, 1410, 335, 0, 30.03%, 0, 0, 25, 56.61, 2218500, 804, 0, 0
79500, 2, 1253, 1410, 335, 0, 30.03%, 0, 0, 25, 53.87, 2218766, 804, 0, 0
79505, 2, 534, 1410, 335, 0, 30.03%, 0, 0, 25, 65.36, 2219095, 804, 0, 0
79510, 2, 534, 1410, 335, 0, 30.03%, 0, 0, 25, 87.86, 2219575, 804, 0, 0
79515, 2, 534, 1410, 335, 0, 30.03%, 0, 0, 25, 92.91, 2220058, 804, 0, 0
79520, 2, 534, 1410, 335, 0, 30.03%, 0, 0, 25, 94.11, 2220540, 804, 0, 0
79525, 2, 1403, 1410, 334, 0, 30.03%, 0, 0, 25, 88.68, 2220996, 804, 0, 0
79530, 2, 1403, 1410, 334, 0, 30.03%, 0, 0, 25, 79.38, 2221396, 804, 0, 0
79535, 2, 1403, 1410, 334, 0, 30.03%, 0, 0, 25, 77.38, 2221796, 804, 0, 0
79541, 2, 1403, 1410, 334, 0, 30.03%, 0, 0, 25, 76.68, 2222193, 804, 0, 0
79548, 2, 1403, 1410, 334, 0, 30.03%, 0, 0, 25, 76.59, 2222724, 804, 0, 0
79553, 2, 553, 1410, 333, 0, 30.03%, 0, 0, 25, 83.76, 2223147, 804, 0, 0
79558, 2, 631, 1410, 333, 0, 30.03%, 0, 0, 25, 79.91, 2223561, 804, 0, 0
79563, 2, 631, 1410, 333, 0, 30.03%, 0, 0, 25, 78.67, 2223961, 804, 0, 0
79568, 2, 631, 1410, 333, 0, 30.03%, 0, 0, 25, 77.23, 2224358, 804, 0, 0
79573, 2, 631, 1410, 333, 0, 30.03%, 0, 0, 25, 77.80, 2224758, 804, 0, 0
79578, 2, 631, 1410, 333, 0, 30.03%, 0, 0, 25, 77.10, 2225157, 804, 0, 0
79584, 2, 931, 1410, 332, 0, 30.03%, 0, 0, 25, 71.10, 2225521, 804, 0, 0
79589, 2, 931, 1410, 332, 0, 30.03%, 0, 0, 25, 68.93, 2225871, 804, 0, 0
79594, 2, 931, 1410, 332, 0, 30.03%, 0, 0, 25, 68.75, 2226222, 804, 0, 0
79599, 2, 931, 1410, 332, 0, 30.03%, 0, 0, 25, 68.42, 2226571, 804, 0, 0
79604, 2, 931, 1410, 332, 0, 30.03%, 0, 0, 25, 68.69, 2226919, 804, 0, 0
79609, 2, 1010, 1410, 331, 0, 30.03%, 0, 0, 25, 66.17, 2227260, 804, 0, 0
79614, 2, 1381, 1410, 331, 0, 30.03%, 0, 0, 25, 58.70, 2227581, 804, 0, 0
79619, 2, 1381, 1410, 331, 0, 30.03%, 0, 0, 25, 50.54, 2227831, 804, 0, 0
79625, 2, 1381, 1410, 331, 0, 30.03%, 0, 0, 25, 49.08, 2228081, 804, 0, 0
79630, 2, 1381, 1410, 331, 0, 30.03%, 0, 0, 25, 48.52, 2228329, 804, 0, 0
79635, 2, 1381, 1410, 331, 0, 30.03%, 0, 0, 25, 48.24, 2228578, 804, 0, 0
79641, 2, 1381, 1410, 331, 0, 30.03%, 0, 0, 25, 48.06, 2228856, 804, 0, 0
79646, 2, 1381, 1410, 331, 0, 30.03%, 0, 0, 25, 48.31, 2229106, 804, 0, 0
79651, 2, 947, 1410, 330, 0, 30.03%, 0, 0, 25, 66.35, 2229462, 804, 0, 0
79656, 2, 947, 1410, 330, 0, 30.03%, 0, 0, 25, 69.19, 2229816, 804, 0, 0
79661, 2, 947, 1410, 330, 0, 30.03%, 0, 0, 25, 69.37, 2230171, 804, 0, 0
79666, 2, 947, 1410, 330, 0, 30.03%, 0, 0, 25, 69.32, 2230523, 804, 0, 0
79671, 2, 947, 1410, 330, 0, 30.03%, 0, 0, 25, 68.87, 2230879, 804, 0, 0
79676, 2, 769, 1410, 329, 0, 30.03%, 0, 0, 25, 70.23, 2231237, 804, 0, 0
79682, 2, 769, 1410, 329, 0, 30.03%, 0, 0, 25, 70.07, 2231596, 804, 0, 0
79687, 2, 769, 1410, 329, 0, 30.03%, 0, 0, 25, 69.99, 2231951, 804, 0, 0
79692, 2, 769, 1410, 329, 0, 30.03%, 0, 0, 25, 69.61, 2232302, 804, 0, 0
79697, 2, 769, 1410, 329, 0, 30.03%, 0, 0, 25, 69.89, 2232656, 804, 0, 0
79702, 2, 1162, 1410, 328, 0, 30.03%, 0, 0, 25, 67.23, 2233002, 804, 0, 0
79707, 2, 1398, 1410, 328, 0, 30.03%, 0, 0, 25, 72.11, 2233350, 804, 0, 0
79712, 2, 1398, 1410, 328, 0, 30.03%, 0, 0, 25, 55.92, 2233614, 804, 0, 0
79717, 2, 1398, 1410, 328, 0, 30.03%, 0, 0, 25, 52.25, 2233877, 804, 0, 0
79722, 2, 1398, 1410, 328, 0, 30.03%, 0, 0, 25, 51.71, 2234139, 804, 0, 0
79727, 2, 1398, 1410, 328, 0, 30.03%, 0, 0, 25, 51.34, 2234401, 804, 0, 0
79732, 2, 1398, 1410, 328, 0, 30.03%, 0, 0, 25, 50.66, 2234657, 804, 0, 0
79738, 2, 1398, 1410, 328, 0, 30.03%, 0, 0, 25, 50.88, 2234920, 804, 0, 0
79743, 2, 878, 1410, 327, 0, 30.03%, 0, 0, 25, 64.90, 2235263, 804, 0, 0
79748, 2, 878, 1410, 327, 0, 30.03%, 0, 0, 25, 67.07, 2235611, 804, 0, 0
79753, 2, 878, 1410, 327, 0, 30.03%, 0, 0, 25, 68.76, 2235961, 804, 0, 0
79759, 2, 878, 1411, 328, 0, 30.03%, 0, 0, 25, 67.86, 2236360, 804, 0, 0
79764, 2, 878, 1411, 328, 0, 30.03%, 0, 0, 25, 68.85, 2236712, 804, 0, 0
79769, 2, 1154, 1411, 327, 0, 30.03%, 0, 0, 25, 59.12, 2237008, 804, 0, 0
79774, 2, 1154, 1411, 327, 0, 30.03%, 0, 0, 25, 58.28, 2237308, 804, 0, 0
79779, 2, 1154, 1411, 327, 0, 30.03%, 0, 0, 25, 58.78, 2237607, 804, 0, 0
79784, 2, 1154, 1411, 327, 0, 30.03%, 0, 0, 25, 56.85, 2237894, 804, 0, 0
79789, 2, 1154, 1411, 327, 0, 30.03%, 0, 0, 25, 57.84, 2238193, 804, 0, 0
79795, 2, 1154, 1411, 327, 0, 30.03%, 0, 0, 25, 57.87, 2238495, 804, 0, 0
79800, 2, 716, 1411, 326, 0, 30.03%, 0, 0, 25, 60.34, 2238802, 804, 0, 0
79805, 2, 716, 1411, 326, 0, 30.03%, 0, 0, 25, 81.36, 2239252, 804, 0, 0
79810, 2, 716, 1411, 326, 0, 30.03%, 0, 0, 25, 84.54, 2239695, 804, 0, 0
79815, 2, 716, 1411, 326, 0, 30.03%, 0, 0, 25, 85.52, 2240136, 804, 0, 0
79821, 2, 716, 1411, 326, 0, 30.03%, 0, 0, 25, 86.65, 2240626, 804, 0, 0
79826, 2, 750, 1411, 325, 0, 30.03%, 0, 0, 25, 80.95, 2241046, 804, 0, 0
79831, 2, 750, 1411, 325, 0, 30.03%, 0, 0, 25, 77.48, 2241443, 804, 0, 0
79836, 2, 750, 1411, 325, 0, 30.03%, 0, 0, 25, 76.32, 2241839, 804, 0, 0
79842, 2, 750, 1411, 325, 0, 30.03%, 0, 0, 25, 76.83, 2242236, 804, 0, 0
79847, 2, 750, 1411, 325, 0, 30.03%, 0, 0, 25, 76.73, 2242647, 804, 0, 0
79852, 2, 576, 1411, 324, 0, 30.03%, 0, 0, 25, 76.87, 2243044, 804, 0, 0
79857, 2, 1311, 1411, 324, 0, 30.03%, 0, 0, 25, 61.72, 2243359, 804, 0, 0
79862, 2, 1311, 1411, 324, 0, 30.03%, 0, 0, 25, 57.13, 2243645, 804, 0, 0
79868, 2, 1311, 1411, 324, 0, 30.03%, 0, 0, 25, 55.70, 2243931, 804, 0, 0
79873, 2, 1311, 1411, 324, 0, 30.03%, 0, 0, 25, 55.75, 2244218, 804, 0, 0
79878, 2, 1311, 1411, 324, 0, 30.03%, 0, 0, 25, 55.22, 2244498, 804, 0, 0
79883, 2, 1311, 1411, 324, 0, 30.03%, 0, 0, 25, 55.25, 2244781, 804, 0, 0
79888, 2, 1311, 1411, 324, 0, 30.03%, 0, 0, 25, 55.57, 2245067, 804, 0, 0
79893, 2, 1311, 1411, 324, 0, 30.03%, 0, 0, 25, 55.00, 2245346, 804, 0, 0
79898, 2, 857, 1411, 323, 0, 30.03%, 0, 0, 25, 61.64, 2245655, 804, 0, 0
79903, 2, 857, 1411, 323, 0, 30.03%, 0, 0, 25, 67.39, 2246005, 804, 0, 0
79908, 2, 857, 1411, 323, 0, 30.03%, 0, 0, 25, 68.33, 2246354, 804, 0, 0
79914, 2, 857, 1411, 323, 0, 30.03%, 0, 0, 25, 67.68, 2246701, 804, 0, 0
79919, 2, 857, 1411, 323, 0, 30.03%, 0, 0, 25, 68.08, 2247054, 804, 0, 0
79924, 2, 982, 1411, 322, 0, 30.03%, 0, 0, 25, 69.10, 2247406, 804, 0, 0
79929, 2, 982, 1411, 322, 0, 30.03%, 0, 0, 25, 68.24, 2247754, 804, 0, 0
79934, 2, 982, 1411, 322, 0, 30.03%, 0, 0, 25, 67.75, 2248097, 804, 0, 0
79939, 2, 982, 1411, 322, 0, 30.03%, 0, 0, 25, 68.53, 2248447, 804, 0, 0
79944, 2, 982, 1411, 322, 0, 30.03%, 0, 0, 25, 68.48, 2248801, 804, 0, 0
79949, 2, 1149, 1411, 321, 0, 30.03%, 0, 0, 25, 64.99, 2249138, 804, 0, 0
79954, 2, 1149, 1411, 321, 0, 30.03%, 0, 0, 25, 60.80, 2249439, 804, 0, 0
79960, 2, 1149, 1411, 321, 0, 30.03%, 0, 0, 25, 59.03, 2249737, 804, 0, 0
79965, 2, 1149, 1411, 321, 0, 30.03%, 0, 0, 25, 59.96, 2250040, 804, 0, 0
79970, 2, 1149, 1411, 321, 0, 30.03%, 0, 0, 25, 59.45, 2250345, 804, 0, 0
79975, 2, 1149, 1411, 321, 0, 30.03%, 0, 0, 25, 59.76, 2250652, 804, 0, 0
79980, 2, 1149, 1411, 321, 0, 30.03%, 0, 0, 25, 59.88, 2250954, 804, 0, 0
79985, 2, 1194, 1411, 320, 0, 30.03%, 0, 0, 25, 59.56, 2251256, 804, 0, 0
79990, 2, 1333, 1411, 320, 0, 30.03%, 0, 0, 25, 71.36, 2251646, 804, 0, 0
79995, 2, 1333, 1411, 320, 0, 30.03%, 0, 0, 25, 70.79, 2252002, 804, 0, 0
80000, 2, 1333, 1411, 320, 0, 30.03%, 0, 0, 25, 71.37, 2252374, 804, 0, 0
80006, 2, 1333, 1411, 320, 0, 30.03%, 0, 0, 25, 71.35, 2252746, 804, 0, 0
80011, 2, 1245, 1411, 319, 0, 30.03%, 0, 0, 25, 64.95, 2253090, 804, 0, 0
80016, 2, 1374, 1411, 319, 0, 30.03%, 0, 0, 25, 56.18, 2253368, 804, 0, 0
80021, 2, 1217, 1411, 319, 0, 30.03%, 0, 0, 25, 54.83, 2253637, 804, 0, 0
80026, 2, 1315, 1411, 319, 0, 30.03%, 0, 0, 25, 56.19, 2253934, 804, 0, 0
80031, 2, 1315, 1411, 319, 0, 30.03%, 0, 0, 25, 54.78, 2254209, 804, 0, 0
80036, 2, 1315, 1411, 319, 0, 30.03%, 0, 0, 25, 55.07, 2254486, 804, 0, 0
80041, 2, 1315, 1411, 319, 0, 30.03%, 0, 0, 25, 54.79, 2254771, 804, 0, 0
80046, 2, 1315, 1411, 319, 0, 30.03%, 0, 0, 25, 54.57, 2255052, 804, 0, 0
80052, 2, 1315, 1411, 319, 0, 30.03%, 0, 0, 25, 54.14, 2255325, 804, 0, 0
80057, 2, 1315, 1411, 319, 0, 30.03%, 0, 0, 25, 54.09, 2255600, 804, 0, 0
80063, 2, 1315, 1411, 319, 0, 30.03%, 0, 0, 25, 54.65, 2255934, 804, 0, 0
80068, 2, 1315, 1411, 319, 0, 30.03%, 0, 0, 25, 53.73, 2256209, 804, 0, 0
80073, 2, 912, 1411, 318, 0, 30.03%, 0, 0, 25, 65.48, 2256554, 804, 0, 0
80078, 2, 912, 1411, 318, 0, 30.03%, 0, 0, 25, 68.34, 2256907, 804, 0, 0
80083, 2, 912, 1411, 318, 0, 30.03%, 0, 0, 25, 68.54, 2257257, 804, 0, 0
80090, 2, 912, 1411, 318, 0, 30.03%, 0, 0, 25, 68.44, 2257712, 804, 0, 0
80095, 2, 984, 1411, 317, 0, 30.03%, 0, 0, 25, 68.90, 2258062, 804, 0, 0
80100, 2, 984, 1411, 317, 0, 30.03%, 0, 0, 25, 68.57, 2258412, 804, 0, 0
80105, 2, 984, 1411, 317, 0, 30.03%, 0, 0, 25, 68.05, 2258762, 804, 0, 0
80110, 2, 984, 1411, 317, 0, 30.03%, 0, 0, 25, 67.70, 2259110, 804, 0, 0
80116, 2, 984, 1411, 317, 0, 30.03%, 0, 0, 25, 67.63, 2259488, 804, 0, 0
80121, 2, 1356, 1411, 316, 0, 30.03%, 0, 0, 25, 64.84, 2259827, 804, 0, 0
80126, 2, 1356, 1411, 316, 0, 30.03%, 0, 0, 25, 54.16, 2260088, 804, 0, 0
80131, 2, 1356, 1411, 316, 0, 30.03%, 0, 0, 25, 51.48, 2260343, 804, 0, 0
80136, 2, 1356, 1411, 316, 0, 30.03%, 0, 0, 25, 51.02, 2260606, 804, 0, 0
80141, 2, 1356, 1411, 316, 0, 30.03%, 0, 0, 25, 50.86, 2260867, 804, 0, 0
80147, 2, 1356, 1411, 316, 0, 30.03%, 0, 0, 25, 51.28, 2261130, 804, 0, 0
80152, 2, 1356, 1411, 316, 0, 30.03%, 0, 0, 25, 51.56, 2261393, 804, 0, 0
80157, 2, 1384, 1411, 315, 0, 30.03%, 0, 0, 25, 50.97, 2261654, 804, 0, 0
80162, 2, 1384, 1411, 315, 0, 30.03%, 0, 0, 25, 49.89, 2261908, 804, 0, 0
80167, 2, 1384, 1411, 315, 0, 30.03%, 0, 0, 25, 50.39, 2262168, 804, 0, 0
80172, 2, 1384, 1411, 315, 0, 30.03%, 0, 0, 25, 51.24, 2262429, 804, 0, 0
80178, 2, 1384, 1411, 315, 0, 30.03%, 0, 0, 25, 51.32, 2262734, 804, 0, 0
80183, 2, 1384, 1411, 315, 0, 30.03%, 0, 0, 25, 51.51, 2262997, 804, 0, 0
80188, 2, 1367, 1411, 314, 0, 30.03%, 0, 0, 25, 51.30, 2263260, 804, 0, 0
80193, 2, 1367, 1411, 314, 0, 30.03%, 0, 0, 25, 51.06, 2263523, 804, 0, 0
80199, 2, 1367, 1411, 314, 0, 30.03%, 0, 0, 25, 51.13, 2263785, 804, 0, 0
80204, 2, 1367, 1411, 314, 0, 30.03%, 0, 0, 25, 51.36, 2264049, 804, 0, 0
80210, 2, 1367, 1411, 314, 0, 30.03%, 0, 0, 25, 50.77, 2264354, 804, 0, 0
80215, 2, 1367, 1411, 314, 0, 30.03%, 0, 0, 25, 51.01, 2264618, 804, 0, 0
80220, 2, 277, 1411, 313, 0, 30.03%, 0, 0, 25, 69.38, 2265042, 804, 0, 0
80225, 2, 1164, 1411, 313, 0, 30.03%, 0, 0, 25, 69.32, 2265420, 804, 0, 0
80230, 2, 1382, 1411, 313, 0, 30.03%, 0, 0, 25, 55.82, 2265696, 804, 0, 0
80235, 2, 901, 1411, 313, 0, 30.03%, 0, 0, 25, 62.10, 2266000, 804, 0, 0
80240, 2, 901, 1411, 313, 0, 30.03%, 0, 0, 25, 67.48, 2266352, 804, 0, 0
80245, 2, 901, 1411, 313, 0, 30.03%, 0, 0, 25, 69.40, 2266706, 804, 0, 0
80251, 2, 901, 1411, 313, 0, 30.03%, 0, 0, 25, 68.99, 2267059, 804, 0, 0
80256, 2, 901, 1411, 313, 0, 30.03%, 0, 0, 25, 69.33, 2267411, 804, 0, 0
80261, 2, 673, 1411, 312, 0, 30.03%, 0, 0, 25, 74.02, 2267784, 804, 0, 0
80266, 2, 673, 1411, 312, 0, 30.03%, 0, 0, 25, 76.90, 2268184, 804, 0, 0
80271, 2, 673, 1411, 312, 0, 30.03%, 0, 0, 25, 77.17, 2268583, 804, 0, 0
80276, 2, 673, 1411, 312, 0, 30.03%, 0, 0, 25, 76.79, 2268980, 804, 0, 0
80282, 2, 673, 1411, 312, 0, 30.03%, 0, 0, 25, 77.20, 2269421, 804, 0, 0
80287, 2, 1341, 1411, 311, 0, 30.03%, 0, 0, 25, 65.76, 2269757, 804, 0, 0
80292, 2, 1341, 1411, 311, 0, 30.03%, 0, 0, 25, 56.66, 2270030, 804, 0, 0
80297, 2, 1341, 1411, 311, 0, 30.03%, 0, 0, 25, 54.94, 2270306, 804, 0, 0
80302, 2, 1341, 1411, 311, 0, 30.03%, 0, 0, 25, 55.19, 2270582, 804, 0, 0
80307, 2, 1341, 1411, 311, 0, 30.03%, 0, 0, 25, 54.77, 2270865, 804, 0, 0
80312, 2, 1341, 1411, 311, 0, 30.03%, 0, 0, 25, 55.24, 2271145, 804, 0, 0
80317, 2, 1341, 1411, 311, 0, 30.03%, 0, 0, 25, 55.45, 2271428, 804, 0, 0
80322, 2, 1341, 1411, 311, 0, 30.03%, 0, 0, 25, 54.60, 2271708, 804, 0, 0
80328, 2, 1136, 1411, 310, 0, 30.03%, 0, 0, 25, 55.26, 2271988, 804, 0, 0
80333, 2, 1136, 1411, 310, 0, 30.03%, 0, 0, 25, 59.79, 2272297, 804, 0, 0
80338, 2, 1136, 1411, 310, 0, 30.03%, 0, 0, 25, 60.51, 2272606, 804, 0, 0
80343, 2, 1136, 1411, 310, 0, 30.03%, 0, 0, 25, 60.42, 2272911, 804, 0, 0
80348, 2, 1136, 1411, 310, 0, 30.03%, 0, 0, 25, 60.51, 2273220, 804, 0, 0
80353, 2, 1136, 1411, 310, 0, 30.03%, 0, 0, 25, 60.98, 2273535, 804, 0, 0
80358, 2, 1113, 1411, 309, 0, 30.03%, 0, 0, 25, 63.23, 2273851, 804, 0, 0
80363, 2, 1113, 1411, 309, 0, 30.03%, 0, 0, 25, 66.38, 2274200, 804, 0, 0
80368, 2, 1113, 1411, 309, 0, 30.03%, 0, 0, 25, 67.64, 2274550, 804, 0, 0
80373, 2, 1113, 1411, 309, 0, 30.03%, 0, 0, 25, 67.19, 2274886, 804, 0, 0
80379, 2, 1113, 1411, 309, 0, 30.03%, 0, 0, 25, 66.86, 2275234, 804, 0, 0
80384, 2, 1113, 1411, 309, 0, 30.03%, 0, 0, 25, 67.47, 2275577, 804, 0, 0
80389, 2, 624, 1411, 308, 0, 30.03%, 0, 0, 25, 69.98, 2275935, 804, 0, 0
80394, 2, 624, 1411, 308, 0, 30.03%, 0, 0, 25, 75.77, 2276335, 804, 0, 0
80399, 2, 624, 1411, 308, 0, 30.03%, 0, 0, 25, 76.40, 2276718, 804, 0, 0
80404, 2, 624, 1411, 308, 0, 30.03%, 0, 0, 25, 76.73, 2277116, 804, 0, 0
80409, 2, 624, 1411, 308, 0, 30.03%, 0, 0, 25, 76.29, 2277511, 804, 0, 0
80414, 2, 1222, 1411, 307, 0, 30.03%, 0, 0, 25, 74.75, 2277901, 804, 0, 0
80419, 2, 1245, 1411, 307, 0, 30.03%, 0, 0, 25, 60.54, 2278187, 804, 0, 0
80425, 2, 570, 1411, 307, 0, 30.03%, 0, 0, 25, 58.11, 2278485, 804, 0, 0
80430, 2, 570, 1411, 307, 0, 30.03%, 0, 0, 25, 74.00, 2278886, 804, 0, 0
80435, 2, 570, 1411, 307, 0, 30.03%, 0, 0, 25, 76.38, 2279286, 804, 0, 0
80440, 2, 570, 1411, 307, 0, 30.03%, 0, 0, 25, 76.18, 2279667, 804, 0, 0
80445, 2, 570, 1411, 307, 0, 30.03%, 0, 0, 25, 76.41, 2280050, 804, 0, 0
80450, 2, 570, 1411, 307, 0, 30.03%, 0, 0, 25, 76.59, 2280450, 804, 0, 0
80455, 2, 1227, 1411, 306, 0, 30.03%, 0, 0, 25, 62.25, 2280751, 804, 0, 0
80460, 2, 1227, 1411, 306, 0, 30.03%, 0, 0, 25, 58.29, 2281038, 804, 0, 0
80465, 2, 1227, 1411, 306, 0, 30.03%, 0, 0, 25, 57.20, 2281326, 804, 0, 0
80470, 2, 1227, 1411, 306, 0, 30.03%, 0, 0, 25, 56.30, 2281609, 804, 0, 0
80475, 2, 1227, 1411, 306, 0, 30.03%, 0, 0, 25, 56.46, 2281895, 804, 0, 0
80480, 2, 1227, 1411, 306, 0, 30.03%, 0, 0, 25, 57.06, 2282183, 804, 0, 0
80486, 2, 1227, 1411, 306, 0, 30.03%, 0, 0, 25, 57.15, 2282476, 804, 0, 0
80491, 2, 1357, 1411, 305, 0, 30.03%, 0, 0, 25, 54.27, 2282750, 804, 0, 0
80496, 2, 1357, 1411, 305, 0, 30.03%, 0, 0, 25, 51.97, 2283013, 804, 0, 0
80501, 2, 1357, 1411, 305, 0, 30.03%, 0, 0, 25, 50.88, 2283273, 804, 0, 0
80506, 2, 1357, 1411, 305, 0, 30.03%, 0, 0, 25, 50.85, 2283534, 804, 0, 0
80511, 2, 1357, 1411, 305, 0, 30.03%, 0, 0, 25, 51.06, 2283796, 804, 0, 0
80516, 2, 1357, 1411, 305, 0, 30.03%, 0, 0, 25, 51.47, 2284060, 804, 0, 0
80521, 2, 997, 1411, 304, 0, 30.03%, 0, 0, 25, 58.64, 2284351, 804, 0, 0
80526, 2, 997, 1411, 304, 0, 30.03%, 0, 0, 25, 66.02, 2284701, 804, 0, 0
80532, 2, 997, 1411, 304, 0, 30.03%, 0, 0, 25, 67.64, 2285050, 804, 0, 0
80537, 2, 997, 1411, 304, 0, 30.03%, 0, 0, 25, 67.32, 2285400, 804, 0, 0
80543, 2, 997, 1411, 304, 0, 30.03%, 0, 0, 25, 67.11, 2285790, 804, 0, 0
80548, 2, 726, 1411, 303, 0, 30.03%, 0, 0, 25, 68.83, 2286144, 804, 0, 0
80553, 2, 726, 1411, 303, 0, 30.03%, 0, 0, 25, 70.59, 2286500, 804, 0, 0
80558, 2, 726, 1411, 303, 0, 30.03%, 0, 0, 25, 70.52, 2286855, 804, 0, 0
80563, 2, 726, 1411, 303, 0, 30.03%, 0, 0, 25, 71.82, 2287230, 804, 0, 0
80568, 2, 726, 1411, 303, 0, 30.03%, 0, 0, 25, 70.89, 2287582, 804, 0, 0
80573, 2, 1407, 1411, 302, 0, 30.03%, 0, 0, 25, 73.89, 2287981, 804, 0, 0
80578, 2, 1407, 1411, 302, 0, 30.03%, 0, 0, 25, 69.72, 2288331, 804, 0, 0
80583, 2, 1407, 1411, 302, 0, 30.03%, 0, 0, 25, 68.92, 2288682, 804, 0, 0
80588, 2, 1407, 1411, 302, 0, 30.03%, 0, 0, 25, 68.07, 2289031, 804, 0, 0
80594, 2, 1407, 1411, 302, 0, 30.03%, 0, 0, 25, 68.51, 2289380, 804, 0, 0
80599, 2, 1304, 1411, 301, 0, 30.03%, 0, 0, 25, 68.78, 2289742, 804, 0, 0
80604, 2, 1304, 1411, 301, 0, 30.03%, 0, 0, 25, 57.80, 2290019, 804, 0, 0
80609, 2, 1304, 1411, 301, 0, 30.03%, 0, 0, 25, 55.08, 2290297, 804, 0, 0
80614, 2, 1304, 1411, 301, 0, 30.03%, 0, 0, 25, 54.71, 2290579, 804, 0, 0
80619, 2, 1304, 1411, 301, 0, 30.03%, 0, 0, 25, 53.99, 2290852, 804, 0, 0
80624, 2, 1304, 1411, 301, 0, 30.03%, 0, 0, 25, 54.24, 2291127, 804, 0, 0
80629, 2, 1304, 1411, 301, 0, 30.03%, 0, 0, 25, 55.03, 2291404, 804, 0, 0
80635, 2, 1304, 1411, 301, 0, 30.03%, 0, 0, 25, 55.05, 2291719, 804, 0, 0
80640, 2, 1304, 1411, 301, 0, 30.03%, 0, 0, 25, 55.33, 2292005, 804, 0, 0
80645, 2, 1383, 1411, 300, 0, 30.03%, 0, 0, 25, 52.82, 2292270, 804, 0, 0
80650, 2, 1383, 1411, 300, 0, 30.03%, 0, 0, 25, 51.35, 2292528, 804, 0, 0
80655, 2, 1383, 1411, 300, 0, 30.03%, 0, 0, 25, 50.54, 2292788, 804, 0, 0
80660, 2, 1383, 1411, 300, 0, 30.03%, 0, 0, 25, 50.82, 2293050, 804, 0, 0
80666, 2, 1383, 1411, 300, 0, 30.03%, 0, 0, 25, 50.68, 2293346, 804, 0, 0
80671, 2, 1383, 1411, 300, 0, 30.03%, 0, 0, 25, 50.56, 2293606, 804, 0, 0
80676, 2, 766, 1411, 299, 0, 30.03%, 0, 0, 25, 64.58, 2293949, 804, 0, 0
80682, 2, 766, 1411, 299, 0, 30.03%, 0, 0, 25, 66.16, 2294292, 804, 0, 0
80687, 2, 766, 1411, 299, 0, 30.03%, 0, 0, 25, 68.29, 2294643, 804, 0, 0
80694, 2, 766, 1411, 299, 0, 30.03%, 0, 0, 25, 68.25, 2295122, 804, 0, 0
80699, 2, 1379, 1411, 298, 0, 30.03%, 0, 0, 25, 64.59, 2295460, 804, 0, 0
80704, 2, 871, 1411, 298, 0, 30.03%, 0, 0, 25, 54.24, 2295723, 804, 0, 0
80709, 2, 871, 1411, 298, 0, 30.03%, 0, 0, 25, 65.29, 2296072, 804, 0, 0
80714, 2, 871, 1411, 298, 0, 30.03%, 0, 0, 25, 68.48, 2296422, 804, 0, 0
80719, 2, 871, 1411, 298, 0, 30.03%, 0, 0, 25, 67.99, 2296772, 804, 0, 0
80726, 2, 871, 1411, 298, 0, 30.03%, 0, 0, 25, 68.12, 2297214, 804, 0, 0
80731, 2, 906, 1411, 297, 0, 30.03%, 0, 0, 25, 68.27, 2297564, 804, 0, 0
80736, 2, 906, 1411, 297, 0, 30.03%, 0, 0, 25, 68.11, 2297914, 804, 0, 0
80741, 2, 906, 1411, 297, 0, 30.03%, 0, 0, 25, 67.69, 2298263, 804, 0, 0
80746, 2, 906, 1411, 297, 0, 30.03%, 0, 0, 25, 67.45, 2298612, 804, 0, 0
80752, 2, 906, 1411, 297, 0, 30.03%, 0, 0, 25, 67.48, 2298961, 804, 0, 0
80758, 2, 906, 1411, 297, 0, 30.03%, 0, 0, 25, 66.46, 2299374, 804, 0, 0
80763, 2, 188, 1411, 296, 0, 30.03%, 0, 0, 25, 76.31, 2299753, 804, 0, 0
80768, 2, 1034, 1411, 296, 0, 30.03%, 0, 0, 25, 68.70, 2300095, 804, 0, 0
80773, 2, 1034, 1411, 296, 0, 30.03%, 0, 0, 25, 66.30, 2300427, 804, 0, 0
80778, 2, 1034, 1411, 296, 0, 30.03%, 0, 0, 25, 65.78, 2300760, 804, 0, 0
80783, 2, 1034, 1411, 296, 0, 30.03%, 0, 0, 25, 65.66, 2301095, 804, 0, 0
80788, 2, 1034, 1411, 296, 0, 30.03%, 0, 0, 25, 65.67, 2301429, 804, 0, 0
80793, 2, 1034, 1411, 296, 0, 30.03%, 0, 0, 25, 66.08, 2301768, 804, 0, 0
80798, 2, 1290, 1411, 295, 0, 30.03%, 0, 0, 25, 62.97, 2302092, 804, 0, 0
80804, 2, 1290, 1411, 295, 0, 30.03%, 0, 0, 25, 56.09, 2302372, 804, 0, 0
80809, 2, 1290, 1411, 295, 0, 30.03%, 0, 0, 25, 54.93, 2302653, 804, 0, 0
80814, 2, 1290, 1411, 295, 0, 30.03%, 0, 0, 25, 52.96, 2302922, 804, 0, 0
80819, 2, 1290, 1411, 295, 0, 30.03%, 0, 0, 25, 52.42, 2303184, 804, 0, 0
80824, 2, 1290, 1411, 295, 0, 30.03%, 0, 0, 25, 54.05, 2303463, 804, 0, 0
80829, 2, 1290, 1411, 295, 0, 30.03%, 0, 0, 25, 54.76, 2303739, 804, 0, 0
80836, 2, 1290, 1411, 295, 0, 30.03%, 0, 0, 25, 54.76, 2304103, 804, 0, 0
80841, 2, 1290, 1411, 295, 0, 30.03%, 0, 0, 25, 54.15, 2304378, 804, 0, 0
80846, 2, 1320, 1411, 294, 0, 30.03%, 0, 0, 25, 76.95, 2304791, 804, 0, 0
80851, 2, 1320, 1411, 294, 0, 30.03%, 0, 0, 25, 76.46, 2305187, 804, 0, 0
80856, 2, 1320, 1411, 294, 0, 30.03%, 0, 0, 25, 76.03, 2305582, 804, 0, 0
80862, 2, 1320, 1411, 294, 0, 30.03%, 0, 0, 25, 76.01, 2305978, 804, 0, 0
80869, 2, 1320, 1411, 294, 0, 30.03%, 0, 0, 25, 76.00, 2306523, 804, 0, 0
80874, 2, 1039, 1411, 293, 0, 30.03%, 0, 0, 25, 73.29, 2306894, 804, 0, 0
80879, 2, 1039, 1411, 293, 0, 30.03%, 0, 0, 25, 66.69, 2307232, 804, 0, 0
80884, 2, 1039, 1411, 293, 0, 30.03%, 0, 0, 25, 66.04, 2307563, 804, 0, 0
80889, 2, 1039, 1411, 293, 0, 30.03%, 0, 0, 25, 65.81, 2307894, 804, 0, 0
80894, 2, 1039, 1411, 293, 0, 30.03%, 0, 0, 25, 65.73, 2308222, 804, 0, 0
80899, 2, 1039, 1411, 293, 0, 30.03%, 0, 0, 25, 65.59, 2308564, 804, 0, 0
80904, 2, 1039, 1411, 293, 0, 30.03%, 0, 0, 25, 65.99, 2308900, 804, 0, 0
80911, 2, 417, 1411, 292, 0, 30.03%, 0, 0, 25, 77.49, 2309437, 804, 0, 0
80916, 2, 1159, 1411, 292, 0, 30.03%, 0, 0, 25, 75.59, 2309862, 804, 0, 0
80921, 2, 220, 1411, 292, 0, 30.03%, 0, 0, 25, 90.57, 2310313, 804, 0, 0
80926, 2, 746, 1411, 292, 0, 30.03%, 0, 0, 25, 79.85, 2310717, 804, 0, 0
80931, 2, 746, 1411, 292, 0, 30.03%, 0, 0, 25, 77.37, 2311116, 804, 0, 0
80936, 2, 746, 1411, 292, 0, 30.03%, 0, 0, 25, 76.80, 2311499, 804, 0, 0
80942, 2, 746, 1411, 292, 0, 30.03%, 0, 0, 25, 76.71, 2311898, 804, 0, 0
80947, 2, 746, 1411, 292, 0, 30.03%, 0, 0, 25, 76.52, 2312285, 804, 0, 0
80952, 2, 1054, 1411, 291, 0, 30.03%, 0, 0, 25, 70.16, 2312649, 804, 0, 0
80957, 2, 1054, 1411, 291, 0, 30.03%, 0, 0, 25, 68.14, 2312998, 804, 0, 0
80962, 2, 1054, 1411, 291, 0, 30.03%, 0, 0, 25, 67.85, 2313348, 804, 0, 0
80967, 2, 1054, 1411, 291, 0, 30.03%, 0, 0, 25, 68.15, 2313697, 804, 0, 0
80972, 2, 1054, 1411, 291, 0, 30.03%, 0, 0, 25, 68.26, 2314047, 804, 0, 0
80978, 2, 547, 1411, 290, 0, 30.03%, 0, 0, 25, 84.76, 2314474, 804, 0, 0
80983, 2, 547, 1411, 290, 0, 30.03%, 0, 0, 25, 95.68, 2314976, 804, 0, 0
80988, 2, 547, 1411, 290, 0, 30.03%, 0, 0, 25, 96.13, 2315466, 804, 0, 0
80993, 2, 547, 1411, 290, 0, 30.03%, 0, 0, 25, 98.23, 2315964, 804, 0, 0
80998, 2, 547, 1411, 290, 0, 30.03%, 0, 0, 25, 98.39, 2316474, 804, 0, 0
81003, 2, 770, 1411, 289, 0, 30.03%, 0, 0, 25, 75.49, 2316838, 804, 0, 0
81008, 2, 770, 1411, 289, 0, 30.03%, 0, 0, 25, 70.53, 2317194, 804, 0, 0
81013, 2, 770, 1411, 289, 0, 30.03%, 0, 0, 25, 69.26, 2317545, 804, 0, 0
81019, 2, 770, 1411, 289, 0, 30.03%, 0, 0, 25, 69.26, 2317971, 804, 0, 0
81025, 2, 548, 1411, 288, 0, 30.03%, 0, 0, 25, 74.37, 2318341, 804, 0, 0
81030, 2, 548, 1411, 288, 0, 30.03%, 0, 0, 25, 94.03, 2318844, 804, 0, 0
81035, 2, 548, 1411, 288, 0, 30.03%, 0, 0, 25, 99.53, 2319364, 804, 0, 0
81040, 2, 548, 1411, 288, 0, 30.03%, 0, 0, 25, 99.93, 2319871, 804, 0, 0
81045, 2, 548, 1411, 288, 0, 30.03%, 0, 0, 25, 99.54, 2320379, 804, 0, 0
81050, 2, 1263, 1411, 287, 0, 30.03%, 0, 0, 25, 73.93, 2320762, 804, 0, 0
81055, 2, 1263, 1411, 287, 0, 30.03%, 0, 0, 25, 59.49, 2321046, 804, 0, 0
81060, 2, 1263, 1411, 287, 0, 30.03%, 0, 0, 25, 56.49, 2321328, 804, 0, 0
81065, 2, 1263, 1411, 287, 0, 30.03%, 0, 0, 25, 56.57, 2321616, 804, 0, 0
81070, 2, 1263, 1411, 287, 0, 30.03%, 0, 0, 25, 56.01, 2321900, 804, 0, 0
81076, 2, 1263, 1411, 287, 0, 30.03%, 0, 0, 25, 56.61, 2322187, 804, 0, 0
81081, 2, 1263, 1411, 287, 0, 30.03%, 0, 0, 25, 56.43, 2322474, 804, 0, 0
81086, 2, 1263, 1411, 287, 0, 30.03%, 0, 0, 25, 56.18, 2322751, 804, 0, 0
81091, 2, 571, 1411, 286, 0, 30.03%, 0, 0, 25, 71.25, 2323101, 804, 0, 0
81096, 2, 1155, 1411, 286, 0, 30.03%, 0, 0, 25, 64.34, 2323436, 804, 0, 0
81101, 2, 666, 1411, 286, 0, 30.03%, 0, 0, 25, 73.69, 2323823, 804, 0, 0
81106, 2, 666, 1411, 286, 0, 30.03%, 0, 0, 25, 76.20, 2324222, 804, 0, 0
81111, 2, 666, 1411, 286, 0, 30.03%, 0, 0, 25, 75.78, 2324603, 804, 0, 0
81116, 2, 666, 1411, 286, 0, 30.03%, 0, 0, 25, 77.06, 2325001, 804, 0, 0
81122, 2, 666, 1411, 286, 0, 30.03%, 0, 0, 25, 76.98, 2325399, 804, 0, 0
81127, 2, 528, 1411, 285, 0, 30.03%, 0, 0, 25, 87.98, 2325858, 804, 0, 0
81132, 2, 528, 1411, 285, 0, 30.03%, 0, 0, 25, 93.05, 2326336, 804, 0, 0
81138, 2, 528, 1411, 285, 0, 30.03%, 0, 0, 25, 94.98, 2326889, 804, 0, 0
81143, 2, 220, 1411, 284, 0, 30.03%, 0, 0, 25, 96.73, 2327381, 804, 0, 0
81148, 2, 523, 1411, 284, 0, 30.03%, 0, 0, 25, 98.34, 2327886, 804, 0, 0
81153, 2, 920, 1411, 284, 0, 30.03%, 0, 0, 25, 80.82, 2328304, 804, 0, 0
81158, 2, 920, 1411, 284, 0, 30.03%, 0, 0, 25, 70.83, 2328655, 804, 0, 0
81163, 2, 920, 1411, 284, 0, 30.03%, 0, 0, 25, 68.29, 2329002, 804, 0, 0
81168, 2, 920, 1411, 284, 0, 30.03%, 0, 0, 25, 68.37, 2329351, 804, 0, 0
81173, 2, 920, 1411, 284, 0, 30.03%, 0, 0, 25, 68.32, 2329695, 804, 0, 0
81178, 2, 710, 1411, 283, 0, 30.03%, 0, 0, 25, 71.74, 2330061, 804, 0, 0
81183, 2, 710, 1411, 283, 0, 30.03%, 0, 0, 25, 73.56, 2330436, 804, 0, 0
81189, 2, 710, 1411, 283, 0, 30.03%, 0, 0, 25, 73.13, 2330810, 804, 0, 0
81194, 2, 710, 1411, 283, 0, 30.03%, 0, 0, 25, 73.21, 2331182, 804, 0, 0
81199, 2, 944, 1411, 282, 0, 30.03%, 0, 0, 25, 69.74, 2331542, 804, 0, 0
81204, 2, 786, 1411, 282, 0, 30.03%, 0, 0, 25, 67.87, 2331891, 804, 0, 0
81209, 2, 786, 1411, 282, 0, 30.03%, 0, 0, 25, 67.30, 2332227, 804, 0, 0
81214, 2, 786, 1411, 282, 0, 30.03%, 0, 0, 25, 67.08, 2332575, 804, 0, 0
81219, 2, 786, 1411, 282, 0, 30.03%, 0, 0, 25, 66.91, 2332923, 804, 0, 0
81224, 2, 786, 1411, 282, 0, 30.03%, 0, 0, 25, 66.54, 2333261, 804, 0, 0
81229, 2, 1385, 1411, 281, 0, 30.03%, 0, 0, 25, 64.34, 2333588, 804, 0, 0
81235, 2, 1385, 1411, 281, 0, 30.03%, 0, 0, 25, 53.51, 2333848, 804, 0, 0
81240, 2, 1385, 1411, 281, 0, 30.03%, 0, 0, 25, 51.61, 2334111, 804, 0, 0
81245, 2, 1385, 1411, 281, 0, 30.03%, 0, 0, 25, 50.97, 2334373, 804, 0, 0
81250, 2, 1385, 1411, 281, 0, 30.03%, 0, 0, 25, 51.49, 2334635, 804, 0, 0
81255, 2, 1385, 1411, 281, 0, 30.03%, 0, 0, 25, 51.26, 2334892, 804, 0, 0
81260, 2, 1385, 1411, 281, 0, 30.03%, 0, 0, 25, 51.26, 2335155, 804, 0, 0
81265, 2, 809, 1411, 280, 0, 30.03%, 0, 0, 25, 64.74, 2335499, 804, 0, 0
81270, 2, 809, 1411, 280, 0, 30.03%, 0, 0, 25, 68.14, 2335849, 804, 0, 0
81275, 2, 809, 1411, 280, 0, 30.03%, 0, 0, 25, 69.01, 2336200, 804, 0, 0
81282, 2, 809, 1411, 280, 0, 30.03%, 0, 0, 25, 67.67, 2336658, 804, 0, 0
81287, 2, 693, 1411, 279, 0, 30.03%, 0, 0, 25, 70.14, 2337014, 804, 0, 0
81292, 2, 693, 1411, 279, 0, 30.03%, 0, 0, 25, 75.29, 2337411, 804, 0, 0
81298, 2, 693, 1411, 279, 0, 30.03%, 0, 0, 25, 73.97, 2337797, 804, 0, 0
81303, 2, 693, 1411, 279, 0, 30.03%, 0, 0, 25, 75.93, 2338193, 804, 0, 0
81308, 2, 693, 1411, 279, 0, 30.03%, 0, 0, 25, 76.20, 2338590, 804, 0, 0
81313, 2, 522, 1411, 278, 0, 30.03%, 0, 0, 25, 77.09, 2338988, 804, 0, 0
81318, 2, 818, 1411, 278, 0, 30.03%, 0, 0, 25, 84.99, 2339450, 804, 0, 0
81323, 2, 818, 1411, 278, 0, 30.03%, 0, 0, 25, 72.25, 2339802, 804, 0, 0
81328, 2, 818, 1411, 278, 0, 30.03%, 0, 0, 25, 69.92, 2340154, 804, 0, 0
81334, 2, 818, 1411, 278, 0, 30.03%, 0, 0, 25, 68.83, 2340504, 804, 0, 0
81339, 2, 818, 1411, 278, 0, 30.03%, 0, 0, 25, 69.27, 2340856, 804, 0, 0
81344, 2, 992, 1411, 277, 0, 30.03%, 0, 0, 25, 67.83, 2341203, 804, 0, 0
81349, 2, 992, 1411, 277, 0, 30.03%, 0, 0, 25, 67.63, 2341548, 804, 0, 0
81354, 2, 992, 1411, 277, 0, 30.03%, 0, 0, 25, 67.82, 2341897, 804, 0, 0
81359, 2, 992, 1411, 277, 0, 30.03%, 0, 0, 25, 68.27, 2342247, 804, 0, 0
81365, 2, 992, 1411, 277, 0, 30.03%, 0, 0, 25, 69.14, 2342672, 804, 0, 0
81370, 2, 824, 1411, 276, 0, 30.03%, 0, 0, 25, 68.44, 2343021, 804, 0, 0
81376, 2, 824, 1411, 276, 0, 30.03%, 0, 0, 25, 67.12, 2343363, 804, 0, 0
81381, 2, 824, 1411, 276, 0, 30.03%, 0, 0, 25, 68.33, 2343713, 804, 0, 0
81386, 2, 824, 1411, 276, 0, 30.03%, 0, 0, 25, 68.35, 2344063, 804, 0, 0
81391, 2, 824, 1411, 276, 0, 30.03%, 0, 0, 25, 68.52, 2344452, 804, 0, 0
81397, 2, 762, 1411, 275, 0, 30.03%, 0, 0, 25, 68.43, 2344805, 804, 0, 0
81402, 2, 762, 1411, 275, 0, 30.03%, 0, 0, 25, 69.07, 2345155, 804, 0, 0
81407, 2, 762, 1411, 275, 0, 30.03%, 0, 0, 25, 68.34, 2345504, 804, 0, 0
81412, 2, 762, 1411, 275, 0, 30.03%, 0, 0, 25, 68.25, 2345853, 804, 0, 0
81417, 2, 762, 1411, 275, 0, 30.03%, 0, 0, 25, 68.84, 2346229, 804, 0, 0
81423, 2, 579, 1411, 274, 0, 30.03%, 0, 0, 25, 69.94, 2346587, 804, 0, 0
81428, 2, 579, 1411, 274, 0, 30.03%, 0, 0, 25, 74.05, 2346978, 804, 0, 0
81433, 2, 579, 1411, 274, 0, 30.03%, 0, 0, 25, 75.80, 2347361, 804, 0, 0
81438, 2, 579, 1411, 274, 0, 30.03%, 0, 0, 25, 76.48, 2347759, 804, 0, 0
81443, 2, 579, 1411, 274, 0, 30.03%, 0, 0, 25, 76.56, 2348157, 804, 0, 0
81448, 2, 1136, 1411, 273, 0, 30.03%, 0, 0, 25, 76.48, 2348554, 804, 0, 0
81453, 2, 466, 1411, 273, 0, 30.03%, 0, 0, 25, 79.96, 2348924, 804, 0, 0
81458, 2, 1326, 1411, 273, 0, 30.03%, 0, 0, 25, 79.89, 2349357, 804, 0, 0
81463, 2, 1326, 1411, 273, 0, 30.03%, 0, 0, 25, 73.40, 2349717, 804, 0, 0
81468, 2, 1326, 1411, 273, 0, 30.03%, 0, 0, 25, 70.65, 2350070, 804, 0, 0
81474, 2, 1326, 1411, 273, 0, 30.03%, 0, 0, 25, 70.70, 2350441, 804, 0, 0
81479, 2, 782, 1411, 272, 0, 30.03%, 0, 0, 25, 70.96, 2350799, 804, 0, 0
81484, 2, 782, 1411, 272, 0, 30.03%, 0, 0, 25, 69.51, 2351150, 804, 0, 0
81489, 2, 782, 1411, 272, 0, 30.03%, 0, 0, 25, 68.68, 2351500, 804, 0, 0
81494, 2, 782, 1411, 272, 0, 30.03%, 0, 0, 25, 68.89, 2351850, 804, 0, 0
81499, 2, 782, 1411, 272, 0, 30.03%, 0, 0, 25, 69.36, 2352219, 804, 0, 0
81504, 2, 946, 1411, 271, 0, 30.03%, 0, 0, 25, 68.82, 2352570, 804, 0, 0
81510, 2, 946, 1411, 271, 0, 30.03%, 0, 0, 25, 67.55, 2352919, 804, 0, 0
81515, 2, 946, 1411, 271, 0, 30.03%, 0, 0, 25, 65.93, 2353262, 804, 0, 0
81520, 2, 946, 1411, 271, 0, 30.03%, 0, 0, 25, 66.49, 2353596, 804, 0, 0
81525, 2, 946, 1411, 271, 0, 30.03%, 0, 0, 25, 67.13, 2353945, 804, 0, 0
81530, 2, 946, 1411, 271, 0, 30.03%, 0, 0, 25, 67.68, 2354293, 804, 0, 0
81535, 2, 932, 1411, 270, 0, 30.03%, 0, 0, 25, 68.90, 2354650, 804, 0, 0
81540, 2, 932, 1411, 270, 0, 30.03%, 0, 0, 25, 69.01, 2355006, 804, 0, 0
81546, 2, 932, 1411, 270, 0, 30.03%, 0, 0, 25, 63.08, 2355331, 804, 0, 0
81551, 2, 932, 1411, 270, 0, 30.03%, 0, 0, 25, 67.27, 2355678, 804, 0, 0
81556, 2, 932, 1411, 270, 0, 30.03%, 0, 0, 25, 68.53, 2356033, 804, 0, 0
81561, 2, 304, 1411, 269, 0, 30.03%, 0, 0, 25, 81.03, 2356433, 804, 0, 0
81566, 2, 1076, 1411, 269, 0, 30.03%, 0, 0, 25, 69.16, 2356783, 804, 0, 0
81571, 2, 1076, 1411, 269, 0, 30.03%, 0, 0, 25, 66.73, 2357118, 804, 0, 0
81576, 2, 1076, 1411, 269, 0, 30.03%, 0, 0, 25, 65.42, 2357453, 804, 0, 0
81581, 2, 1076, 1411, 269, 0, 30.03%, 0, 0, 25, 64.83, 2357788, 804, 0, 0
81587, 2, 1076, 1411, 269, 0, 30.03%, 0, 0, 25, 64.07, 2358118, 804, 0, 0
81592, 2, 1076, 1411, 269, 0, 30.03%, 0, 0, 25, 65.06, 2358446, 804, 0, 0
81597, 2, 1076, 1411, 269, 0, 30.03%, 0, 0, 25, 64.79, 2358779, 804, 0, 0
81602, 2, 1341, 1411, 268, 0, 30.03%, 0, 0, 25, 57.95, 2359072, 804, 0, 0
81607, 2, 1023, 1411, 268, 0, 30.03%, 0, 0, 25, 61.59, 2359384, 804, 0, 0
81612, 2, 1023, 1411, 268, 0, 30.03%, 0, 0, 25, 64.94, 2359711, 804, 0, 0
81617, 2, 1023, 1411, 268, 0, 30.03%, 0, 0, 25, 65.13, 2360050, 804, 0, 0
81622, 2, 1023, 1411, 268, 0, 30.03%, 0, 0, 25, 65.77, 2360379, 804, 0, 0
81627, 2, 1023, 1411, 268, 0, 30.03%, 0, 0, 25, 65.52, 2360709, 804, 0, 0
81632, 2, 1023, 1411, 268, 0, 30.03%, 0, 0, 25, 64.10, 2361036, 804, 0, 0
81637, 2, 1023, 1411, 268, 0, 30.03%, 0, 0, 25, 64.25, 2361365, 804, 0, 0
81643, 2, 1004, 1411, 267, 0, 30.03%, 0, 0, 25, 65.64, 2361705, 804, 0, 0
81648, 2, 1004, 1411, 267, 0, 30.03%, 0, 0, 25, 65.70, 2362038, 804, 0, 0
81653, 2, 1004, 1411, 267, 0, 30.03%, 0, 0, 25, 65.80, 2362370, 804, 0, 0
81658, 2, 1004, 1411, 267, 0, 30.03%, 0, 0, 25, 66.50, 2362706, 804, 0, 0
81663, 2, 1004, 1411, 267, 0, 30.03%, 0, 0, 25, 66.27, 2363037, 804, 0, 0
81668, 2, 1004, 1411, 267, 0, 30.03%, 0, 0, 25, 66.14, 2363371, 804, 0, 0
81673, 2, 1004, 1411, 267, 0, 30.03%, 0, 0, 25, 65.82, 2363708, 804, 0, 0
81678, 2, 606, 1411, 266, 0, 30.03%, 0, 0, 25, 72.57, 2364083, 804, 0, 0
81683, 2, 606, 1411, 266, 0, 30.03%, 0, 0, 25, 75.06, 2364478, 804, 0, 0
81689, 2, 606, 1411, 266, 0, 30.03%, 0, 0, 25, 76.06, 2364875, 804, 0, 0
81694, 2, 606, 1411, 266, 0, 30.03%, 0, 0, 25, 76.65, 2365272, 804, 0, 0
81699, 2, 606, 1411, 266, 0, 30.03%, 0, 0, 25, 76.82, 2365689, 804, 0, 0
81704, 2, 1256, 1411, 265, 0, 30.03%, 0, 0, 25, 66.36, 2366039, 804, 0, 0
81710, 2, 1256, 1411, 265, 0, 30.03%, 0, 0, 25, 60.03, 2366338, 804, 0, 0
81715, 2, 1256, 1411, 265, 0, 30.03%, 0, 0, 25, 58.60, 2366637, 804, 0, 0
81720, 2, 1256, 1411, 265, 0, 30.03%, 0, 0, 25, 57.85, 2366936, 804, 0, 0
81725, 2, 1256, 1411, 265, 0, 30.03%, 0, 0, 25, 58.22, 2367236, 804, 0, 0
81730, 2, 1256, 1411, 265, 0, 30.03%, 0, 0, 25, 57.99, 2367535, 804, 0, 0
81735, 2, 1256, 1411, 265, 0, 30.03%, 0, 0, 25, 57.23, 2367823, 804, 0, 0
81740, 2, 988, 1411, 264, 0, 30.03%, 0, 0, 25, 63.36, 2368147, 804, 0, 0
81745, 2, 988, 1411, 264, 0, 30.03%, 0, 0, 25, 67.50, 2368498, 804, 0, 0
81751, 2, 988, 1411, 264, 0, 30.03%, 0, 0, 25, 68.75, 2368848, 804, 0, 0
81756, 2, 988, 1411, 264, 0, 30.03%, 0, 0, 25, 68.83, 2369201, 804, 0, 0
81761, 2, 988, 1411, 264, 0, 30.03%, 0, 0, 25, 68.78, 2369551, 804, 0, 0
81766, 2, 1368, 1411, 263, 0, 30.03%, 0, 0, 25, 59.98, 2369868, 804, 0, 0
81771, 2, 1368, 1411, 263, 0, 30.03%, 0, 0, 25, 52.80, 2370128, 804, 0, 0
81776, 2, 1368, 1411, 263, 0, 30.03%, 0, 0, 25, 51.38, 2370390, 804, 0, 0
81781, 2, 1368, 1411, 263, 0, 30.03%, 0, 0, 25, 51.01, 2370650, 804, 0, 0
81786, 2, 1368, 1411, 263, 0, 30.03%, 0, 0, 25, 50.30, 2370909, 804, 0, 0
81792, 2, 1368, 1411, 263, 0, 30.03%, 0, 0, 25, 50.10, 2371169, 804, 0, 0
81797, 2, 1308, 1411, 262, 0, 30.03%, 0, 0, 25, 51.74, 2371435, 804, 0, 0
81802, 2, 1308, 1411, 262, 0, 30.03%, 0, 0, 25, 54.26, 2371710, 804, 0, 0
81807, 2, 1308, 1411, 262, 0, 30.03%, 0, 0, 25, 54.44, 2371992, 804, 0, 0
81812, 2, 1308, 1411, 262, 0, 30.03%, 0, 0, 25, 54.12, 2372270, 804, 0, 0
81817, 2, 1308, 1411, 262, 0, 30.03%, 0, 0, 25, 55.43, 2372557, 804, 0, 0
81822, 2, 1308, 1411, 262, 0, 30.03%, 0, 0, 25, 55.07, 2372834, 804, 0, 0
81827, 2, 1308, 1411, 262, 0, 30.03%, 0, 0, 25, 54.56, 2373112, 804, 0, 0
81833, 2, 1308, 1411, 262, 0, 30.03%, 0, 0, 25, 54.17, 2373427, 804, 0, 0
81838, 2, 1308, 1411, 262, 0, 30.03%, 0, 0, 25, 54.72, 2373711, 804, 0, 0
81844, 2, 468, 1411, 261, 0, 30.03%, 0, 0, 25, 67.60, 2374082, 804, 0, 0
81849, 2, 657, 1411, 261, 0, 30.03%, 0, 0, 25, 80.55, 2374533, 804, 0, 0
81854, 2, 657, 1411, 261, 0, 30.03%, 0, 0, 25, 77.69, 2374933, 804, 0, 0
81859, 2, 657, 1411, 261, 0, 30.03%, 0, 0, 25, 76.94, 2375331, 804, 0, 0
81864, 2, 657, 1411, 261, 0, 30.03%, 0, 0, 25, 76.27, 2375726, 804, 0, 0
81870, 2, 657, 1411, 261, 0, 30.03%, 0, 0, 25, 76.37, 2376173, 804, 0, 0
81875, 2, 1302, 1411, 260, 0, 30.03%, 0, 0, 25, 64.19, 2376511, 804, 0, 0
81880, 2, 1302, 1411, 260, 0, 30.03%, 0, 0, 25, 57.30, 2376793, 804, 0, 0
81886, 2, 1302, 1411, 260, 0, 30.03%, 0, 0, 25, 55.25, 2377076, 804, 0, 0
81891, 2, 1302, 1411, 260, 0, 30.03%, 0, 0, 25, 55.41, 2377358, 804, 0, 0
81896, 2, 1302, 1411, 260, 0, 30.03%, 0, 0, 25, 54.88, 2377642, 804, 0, 0
81901, 2, 1302, 1411, 260, 0, 30.03%, 0, 0, 25, 54.54, 2377922, 804, 0, 0
81906, 2, 1302, 1411, 260, 0, 30.03%, 0, 0, 25, 54.45, 2378197, 804, 0, 0
81911, 2, 1302, 1411, 260, 0, 30.03%, 0, 0, 25, 54.07, 2378471, 804, 0, 0
81916, 2, 760, 1411, 259, 0, 30.03%, 0, 0, 25, 56.21, 2378755, 804, 0, 0
81921, 2, 760, 1411, 259, 0, 30.03%, 0, 0, 25, 66.14, 2379107, 804, 0, 0
81926, 2, 760, 1411, 259, 0, 30.03%, 0, 0, 25, 68.54, 2379460, 804, 0, 0
81932, 2, 760, 1411, 259, 0, 30.03%, 0, 0, 25, 69.22, 2379816, 804, 0, 0
81937, 2, 760, 1411, 259, 0, 30.03%, 0, 0, 25, 69.21, 2380202, 804, 0, 0
81942, 2, 989, 1411, 258, 0, 30.03%, 0, 0, 25, 68.79, 2380552, 804, 0, 0
81947, 2, 989, 1411, 258, 0, 30.03%, 0, 0, 25, 67.82, 2380901, 804, 0, 0
81953, 2, 989, 1411, 258, 0, 30.03%, 0, 0, 25, 67.41, 2381250, 804, 0, 0
81958, 2, 989, 1411, 258, 0, 30.03%, 0, 0, 25, 68.53, 2381600, 804, 0, 0
81963, 2, 989, 1411, 258, 0, 30.03%, 0, 0, 25, 67.75, 2381950, 804, 0, 0
81968, 2, 989, 1411, 258, 0, 30.03%, 0, 0, 25, 67.01, 2382285, 804, 0, 0
81973, 2, 179, 1411, 257, 0, 30.03%, 0, 0, 25, 91.35, 2382750, 804, 0, 0
81978, 2, 802, 1411, 257, 0, 30.03%, 0, 0, 25, 76.84, 2383142, 804, 0, 0
81983, 2, 802, 1411, 257, 0, 30.03%, 0, 0, 25, 70.71, 2383494, 804, 0, 0
81988, 2, 802, 1411, 257, 0, 30.03%, 0, 0, 25, 67.78, 2383839, 804, 0, 0
81993, 2, 802, 1411, 257, 0, 30.03%, 0, 0, 25, 67.78, 2384182, 804, 0, 0
81999, 2, 802, 1411, 257, 0, 30.03%, 0, 0, 25, 68.52, 2384537, 804, 0, 0
82004, 2, 615, 1411, 256, 0, 30.03%, 0, 0, 25, 73.25, 2384908, 804, 0, 0
82009, 2, 1041, 1411, 256, 0, 30.03%, 0, 0, 25, 67.75, 2385257, 804, 0, 0
82014, 2, 1200, 1411, 256, 0, 30.03%, 0, 0, 25, 61.40, 2385566, 804, 0, 0
82019, 2, 1200, 1411, 256, 0, 30.03%, 0, 0, 25, 59.03, 2385866, 804, 0, 0
82024, 2, 1200, 1411, 256, 0, 30.03%, 0, 0, 25, 59.02, 2386166, 804, 0, 0
82029, 2, 1200, 1411, 256, 0, 30.03%, 0, 0, 25, 58.33, 2386465, 804, 0, 0
82034, 2, 1200, 1411, 256, 0, 30.03%, 0, 0, 25, 58.44, 2386765, 804, 0, 0
82041, 2, 1200, 1411, 256, 0, 30.03%, 0, 0, 25, 58.47, 2387140, 804, 0, 0
82046, 2, 1200, 1411, 256, 0, 30.03%, 0, 0, 25, 58.06, 2387439, 804, 0, 0
82051, 2, 921, 1411, 255, 0, 30.03%, 0, 0, 25, 65.72, 2387789, 804, 0, 0
82056, 2, 921, 1411, 255, 0, 30.03%, 0, 0, 25, 66.75, 2388125, 804, 0, 0
82061, 2, 921, 1411, 255, 0, 30.03%, 0, 0, 25, 66.98, 2388473, 804, 0, 0
82066, 2, 921, 1411, 255, 0, 30.03%, 0, 0, 25, 66.17, 2388806, 804, 0, 0
82071, 2, 921, 1411, 255, 0, 30.03%, 0, 0, 25, 65.80, 2389135, 804, 0, 0
82077, 2, 921, 1411, 255, 0, 30.03%, 0, 0, 25, 66.33, 2389472, 804, 0, 0
82082, 2, 1397, 1411, 254, 0, 30.03%, 0, 0, 25, 57.09, 2389764, 804, 0, 0
82087, 2, 1303, 1411, 254, 0, 30.03%, 0, 0, 25, 73.53, 2390124, 804, 0, 0
82092, 2, 1303, 1411, 254, 0, 30.03%, 0, 0, 25, 58.83, 2390400, 804, 0, 0
82097, 2, 848, 1411, 254, 0, 30.03%, 0, 0, 25, 67.23, 2390752, 804, 0, 0
82102, 2, 848, 1411, 254, 0, 30.03%, 0, 0, 25, 68.61, 2391102, 804, 0, 0
82107, 2, 848, 1411, 254, 0, 30.03%, 0, 0, 25, 68.91, 2391453, 804, 0, 0
82113, 2, 848, 1411, 254, 0, 30.03%, 0, 0, 25, 68.68, 2391883, 804, 0, 0
82118, 2, 1140, 1411, 253, 0, 30.03%, 0, 0, 25, 66.40, 2392228, 804, 0, 0
82123, 2, 553, 1411, 253, 0, 30.03%, 0, 0, 25, 69.53, 2392562, 804, 0, 0
82129, 2, 728, 1411, 253, 0, 30.03%, 0, 0, 25, 87.77, 2393044, 804, 0, 0
82134, 2, 728, 1411, 253, 0, 30.03%, 0, 0, 25, 78.51, 2393426, 804, 0, 0
82139, 2, 728, 1411, 253, 0, 30.03%, 0, 0, 25, 76.36, 2393805, 804, 0, 0
82144, 2, 728, 1411, 253, 0, 30.03%, 0, 0, 25, 76.19, 2394202, 804, 0, 0
82149, 2, 728, 1411, 253, 0, 30.03%, 0, 0, 25, 75.33, 2394594, 804, 0, 0
82154, 2, 728, 1411, 253, 0, 30.03%, 0, 0, 25, 75.54, 2394980, 804, 0, 0
82159, 2, 1361, 1411, 252, 0, 30.03%, 0, 0, 25, 76.01, 2395394, 804, 0, 0
82164, 2, 1361, 1411, 252, 0, 30.03%, 0, 0, 25, 55.13, 2395650, 804, 0, 0
82169, 2, 1361, 1411, 252, 0, 30.03%, 0, 0, 25, 51.89, 2395910, 804, 0, 0
82174, 2, 1361, 1411, 252, 0, 30.03%, 0, 0, 25, 52.11, 2396174, 804, 0, 0
82180, 2, 1361, 1411, 252, 0, 30.03%, 0, 0, 25, 51.51, 2396436, 804, 0, 0
82185, 2, 1361, 1411, 252, 0, 30.03%, 0, 0, 25, 51.54, 2396699, 804, 0, 0
82190, 2, 471, 1411, 251, 0, 30.03%, 0, 0, 25, 56.28, 2396977, 804, 0, 0
82195, 2, 744, 1411, 251, 0, 30.03%, 0, 0, 25, 77.11, 2397422, 804, 0, 0
82200, 2, 744, 1411, 251, 0, 30.03%, 0, 0, 25, 76.68, 2397820, 804, 0, 0
82205, 2, 744, 1411, 251, 0, 30.03%, 0, 0, 25, 76.56, 2398218, 804, 0, 0
82210, 2, 744, 1411, 251, 0, 30.03%, 0, 0, 25, 76.01, 2398599, 804, 0, 0
82216, 2, 744, 1411, 251, 0, 30.03%, 0, 0, 25, 75.95, 2399064, 804, 0, 0
82221, 2, 687, 1411, 250, 0, 30.03%, 0, 0, 25, 76.24, 2399448, 804, 0, 0
82227, 2, 715, 1411, 250, 0, 30.03%, 0, 0, 25, 75.76, 2399842, 804, 0, 0
82232, 2, 715, 1411, 250, 0, 30.03%, 0, 0, 25, 75.74, 2400222, 804, 0, 0
82237, 2, 715, 1411, 250, 0, 30.03%, 0, 0, 25, 75.77, 2400605, 804, 0, 0
82242, 2, 715, 1411, 250, 0, 30.03%, 0, 0, 25, 75.14, 2400993, 804, 0, 0
82247, 2, 715, 1411, 250, 0, 30.03%, 0, 0, 25, 75.31, 2401384, 804, 0, 0
82252, 2, 1092, 1411, 249, 0, 30.03%, 0, 0, 25, 67.89, 2401738, 804, 0, 0
82257, 2, 1263, 1411, 249, 0, 30.03%, 0, 0, 25, 70.58, 2402097, 804, 0, 0
82262, 2, 1263, 1411, 249, 0, 30.03%, 0, 0, 25, 58.45, 2402376, 804, 0, 0
82268, 2, 630, 1411, 249, 0, 30.03%, 0, 0, 25, 74.30, 2402795, 804, 0, 0
82273, 2, 630, 1411, 249, 0, 30.03%, 0, 0, 25, 76.32, 2403192, 804, 0, 0
82278, 2, 630, 1411, 249, 0, 30.03%, 0, 0, 25, 75.86, 2403574, 804, 0, 0
82283, 2, 630, 1411, 249, 0, 30.03%, 0, 0, 25, 76.28, 2403972, 804, 0, 0
82288, 2, 630, 1411, 249, 0, 30.03%, 0, 0, 25, 76.94, 2404371, 804, 0, 0
82293, 2, 641, 1411, 248, 0, 30.03%, 0, 0, 25, 77.25, 2404771, 804, 0, 0
82298, 2, 641, 1411, 248, 0, 30.03%, 0, 0, 25, 76.45, 2405153, 804, 0, 0
82303, 2, 641, 1411, 248, 0, 30.03%, 0, 0, 25, 76.23, 2405536, 804, 0, 0
82308, 2, 641, 1411, 248, 0, 30.03%, 0, 0, 25, 76.38, 2405919, 804, 0, 0
82314, 2, 641, 1411, 248, 0, 30.03%, 0, 0, 25, 76.10, 2406327, 804, 0, 0
82319, 2, 1203, 1411, 247, 0, 30.03%, 0, 0, 25, 66.36, 2406677, 804, 0, 0
82324, 2, 1157, 1411, 247, 0, 30.03%, 0, 0, 25, 60.67, 2406977, 804, 0, 0
82329, 2, 991, 1411, 247, 0, 30.03%, 0, 0, 25, 63.68, 2407310, 804, 0, 0
82334, 2, 991, 1411, 247, 0, 30.03%, 0, 0, 25, 65.54, 2407644, 804, 0, 0
82339, 2, 991, 1411, 247, 0, 30.03%, 0, 0, 25, 65.83, 2407975, 804, 0, 0
82344, 2, 991, 1411, 247, 0, 30.03%, 0, 0, 25, 65.01, 2408302, 804, 0, 0
82349, 2, 991, 1411, 247, 0, 30.03%, 0, 0, 25, 65.52, 2408632, 804, 0, 0
82355, 2, 991, 1411, 247, 0, 30.03%, 0, 0, 25, 65.89, 2409012, 804, 0, 0
82360, 2, 1409, 1411, 246, 0, 30.03%, 0, 0, 25, 65.94, 2409340, 804, 0, 0
82365, 2, 1409, 1411, 246, 0, 30.03%, 0, 0, 25, 73.61, 2409735, 804, 0, 0
82371, 2, 1409, 1411, 246, 0, 30.03%, 0, 0, 25, 75.59, 2410130, 804, 0, 0
82376, 2, 1409, 1411, 246, 0, 30.03%, 0, 0, 25, 75.64, 2410521, 804, 0, 0
82381, 2, 1409, 1411, 246, 0, 30.03%, 0, 0, 25, 75.03, 2410900, 804, 0, 0
82386, 2, 1409, 1411, 246, 0, 30.03%, 0, 0, 25, 75.65, 2411285, 804, 0, 0
82391, 2, 1396, 1411, 245, 0, 30.03%, 0, 0, 25, 62.86, 2411605, 804, 0, 0
82396, 2, 1396, 1411, 245, 0, 30.03%, 0, 0, 25, 51.97, 2411856, 804, 0, 0
82401, 2, 1396, 1411, 245, 0, 30.03%, 0, 0, 25, 51.17, 2412118, 804, 0, 0
82406, 2, 1396, 1411, 245, 0, 30.03%, 0, 0, 25, 51.65, 2412381, 804, 0, 0
82411, 2, 1396, 1411, 245, 0, 30.03%, 0, 0, 25, 50.82, 2412642, 804, 0, 0
82416, 2, 1396, 1411, 245, 0, 30.03%, 0, 0, 25, 50.87, 2412903, 804, 0, 0
82421, 2, 633, 1411, 244, 0, 30.03%, 0, 0, 25, 59.64, 2413193, 804, 0, 0
82427, 2, 633, 1411, 244, 0, 30.03%, 0, 0, 25, 73.21, 2413592, 804, 0, 0
82432, 2, 633, 1411, 244, 0, 30.03%, 0, 0, 25, 75.13, 2413973, 804, 0, 0
82437, 2, 633, 1411, 244, 0, 30.03%, 0, 0, 25, 76.09, 2414354, 804, 0, 0
82442, 2, 633, 1411, 244, 0, 30.03%, 0, 0, 25, 76.37, 2414753, 804, 0, 0
82447, 2, 1129, 1411, 243, 0, 30.03%, 0, 0, 25, 73.96, 2415141, 804, 0, 0
82452, 2, 553, 1411, 243, 0, 30.03%, 0, 0, 25, 72.57, 2415491, 804, 0, 0
82457, 2, 1299, 1411, 243, 0, 30.03%, 0, 0, 25, 84.17, 2415961, 804, 0, 0
82462, 2, 1299, 1411, 243, 0, 30.03%, 0, 0, 25, 60.88, 2416238, 804, 0, 0
82468, 2, 1299, 1411, 243, 0, 30.03%, 0, 0, 25, 54.32, 2416511, 804, 0, 0
82473, 2, 1299, 1411, 243, 0, 30.03%, 0, 0, 25, 54.21, 2416786, 804, 0, 0
82478, 2, 1299, 1411, 243, 0, 30.03%, 0, 0, 25, 54.33, 2417067, 804, 0, 0
82483, 2, 1299, 1411, 243, 0, 30.03%, 0, 0, 25, 54.52, 2417346, 804, 0, 0
82488, 2, 1299, 1411, 243, 0, 30.03%, 0, 0, 25, 54.94, 2417623, 804, 0, 0
82494, 2, 1299, 1411, 243, 0, 30.03%, 0, 0, 25, 54.89, 2417968, 804, 0, 0
82499, 2, 1299, 1411, 243, 0, 30.03%, 0, 0, 25, 54.15, 2418243, 804, 0, 0
82504, 2, 798, 1411, 242, 0, 30.03%, 0, 0, 25, 64.65, 2418584, 804, 0, 0
82510, 2, 798, 1411, 242, 0, 30.03%, 0, 0, 25, 67.46, 2418932, 804, 0, 0
82515, 2, 798, 1411, 242, 0, 30.03%, 0, 0, 25, 68.07, 2419281, 804, 0, 0
82522, 2, 798, 1411, 242, 0, 30.03%, 0, 0, 25, 68.32, 2419754, 804, 0, 0
82527, 2, 1284, 1411, 241, 0, 30.03%, 0, 0, 25, 65.52, 2420093, 804, 0, 0
82532, 2, 753, 1411, 241, 0, 30.03%, 0, 0, 25, 58.82, 2420378, 804, 0, 0
82537, 2, 642, 1411, 241, 0, 30.03%, 0, 0, 25, 72.34, 2420759, 804, 0, 0
82542, 2, 714, 1411, 241, 0, 30.03%, 0, 0, 25, 72.38, 2421138, 804, 0, 0
82547, 2, 714, 1411, 241, 0, 30.03%, 0, 0, 25, 71.56, 2421496, 804, 0, 0
82552, 2, 714, 1411, 241, 0, 30.03%, 0, 0, 25, 72.21, 2421871, 804, 0, 0
82557, 2, 714, 1411, 241, 0, 30.03%, 0, 0, 25, 72.25, 2422246, 804, 0, 0
82563, 2, 831, 1411, 240, 0, 30.03%, 0, 0, 25, 69.16, 2422602, 804, 0, 0
82568, 2, 831, 1411, 240, 0, 30.03%, 0, 0, 25, 68.72, 2422951, 804, 0, 0
82573, 2, 831, 1411, 240, 0, 30.03%, 0, 0, 25, 67.95, 2423298, 804, 0, 0
82578, 2, 831, 1411, 240, 0, 30.03%, 0, 0, 25, 68.38, 2423647, 804, 0, 0
82583, 2, 831, 1411, 240, 0, 30.03%, 0, 0, 25, 63.97, 2423976, 804, 0, 0
82588, 2, 513, 1411, 239, 0, 30.03%, 0, 0, 25, 84.59, 2424410, 804, 0, 0
82593, 2, 781, 1411, 239, 0, 30.03%, 0, 0, 25, 74.77, 2424798, 804, 0, 0
82598, 2, 781, 1411, 239, 0, 30.03%, 0, 0, 25, 69.93, 2425148, 804, 0, 0
82604, 2, 781, 1411, 239, 0, 30.03%, 0, 0, 25, 68.78, 2425499, 804, 0, 0
82611, 2, 781, 1411, 239, 0, 30.03%, 0, 0, 25, 68.73, 2425986, 804, 0, 0
82616, 2, 1351, 1411, 238, 0, 30.03%, 0, 0, 25, 76.67, 2426365, 804, 0, 0
82621, 2, 1351, 1411, 238, 0, 30.03%, 0, 0, 25, 57.13, 2426629, 804, 0, 0
82626, 2, 1351, 1411, 238, 0, 30.03%, 0, 0, 25, 52.10, 2426891, 804, 0, 0
82631, 2, 1351, 1411, 238, 0, 30.03%, 0, 0, 25, 51.29, 2427152, 804, 0, 0
82636, 2, 1351, 1411, 238, 0, 30.03%, 0, 0, 25, 51.84, 2427415, 804, 0, 0
82641, 2, 1351, 1411, 238, 0, 30.03%, 0, 0, 25, 51.29, 2427679, 804, 0, 0
82646, 2, 1351, 1411, 238, 0, 30.03%, 0, 0, 25, 51.03, 2427940, 804, 0, 0
82652, 2, 793, 1411, 237, 0, 30.03%, 0, 0, 25, 64.20, 2428281, 804, 0, 0
82657, 2, 793, 1411, 237, 0, 30.03%, 0, 0, 25, 67.87, 2428631, 804, 0, 0
82662, 2, 793, 1411, 237, 0, 30.03%, 0, 0, 25, 68.32, 2428979, 804, 0, 0
82667, 2, 793, 1411, 237, 0, 30.03%, 0, 0, 25, 68.52, 2429329, 804, 0, 0
82672, 2, 793, 1411, 237, 0, 30.03%, 0, 0, 25, 68.46, 2429681, 804, 0, 0
82677, 2, 562, 1411, 236, 0, 30.03%, 0, 0, 25, 85.92, 2430121, 804, 0, 0
82682, 2, 562, 1411, 236, 0, 30.03%, 0, 0, 25, 90.43, 2430595, 804, 0, 0
82687, 2, 562, 1411, 236, 0, 30.03%, 0, 0, 25, 90.71, 2431071, 804, 0, 0
82693, 2, 1180, 1411, 235, 0, 30.03%, 0, 0, 25, 75.60, 2431475, 804, 0, 0
82698, 2, 1180, 1411, 235, 0, 30.03%, 0, 0, 25, 61.16, 2431762, 804, 0, 0
82703, 2, 1180, 1411, 235, 0, 30.03%, 0, 0, 25, 57.81, 2432049, 804, 0, 0
82708, 2, 1180, 1411, 235, 0, 30.03%, 0, 0, 25, 57.43, 2432337, 804, 0, 0
82713, 2, 1180, 1411, 235, 0, 30.03%, 0, 0, 25, 57.05, 2432625, 804, 0, 0
82718, 2, 1180, 1411, 235, 0, 30.03%, 0, 0, 25, 56.74, 2432911, 804, 0, 0
82725, 2, 1180, 1411, 235, 0, 30.03%, 0, 0, 25, 57.93, 2433315, 804, 0, 0
82730, 2, 331, 1411, 234, 0, 30.03%, 0, 0, 25, 57.81, 2433615, 804, 0, 0
82735, 2, 1292, 1411, 234, 0, 30.03%, 0, 0, 25, 64.07, 2433984, 804, 0, 0
82740, 2, 1292, 1411, 234, 0, 30.03%, 0, 0, 25, 57.00, 2434260, 804, 0, 0
82745, 2, 1292, 1411, 234, 0, 30.03%, 0, 0, 25, 54.82, 2434539, 804, 0, 0
82750, 2, 1292, 1411, 234, 0, 30.03%, 0, 0, 25, 54.56, 2434820, 804, 0, 0
82755, 2, 1292, 1411, 234, 0, 30.03%, 0, 0, 25, 54.34, 2435093, 804, 0, 0
82760, 2, 1292, 1411, 234, 0, 30.03%, 0, 0, 25, 54.89, 2435377, 804, 0, 0
82765, 2, 1292, 1411, 234, 0, 30.03%, 0, 0, 25, 54.82, 2435652, 804, 0, 0
82771, 2, 1292, 1411, 234, 0, 30.03%, 0, 0, 25, 54.82, 2435937, 804, 0, 0
82776, 2, 220, 1411, 233, 0, 30.03%, 0, 0, 25, 65.51, 2436255, 804, 0, 0
82781, 2, 536, 1411, 233, 0, 30.03%, 0, 0, 25, 66.05, 2436592, 804, 0, 0
82786, 2, 536, 1411, 233, 0, 30.03%, 0, 0, 25, 89.21, 2437077, 804, 0, 0
82791, 2, 536, 1411, 233, 0, 30.03%, 0, 0, 25, 94.02, 2437568, 804, 0, 0
82796, 2, 536, 1411, 233, 0, 30.03%, 0, 0, 25, 94.67, 2438054, 804, 0, 0
82801, 2, 669, 1411, 232, 0, 30.03%, 0, 0, 25, 85.18, 2438498, 804, 0, 0
82807, 2, 669, 1411, 232, 0, 30.03%, 0, 0, 25, 78.34, 2438898, 804, 0, 0
82812, 2, 669, 1411, 232, 0, 30.03%, 0, 0, 25, 76.57, 2439278, 804, 0, 0
82817, 2, 669, 1411, 232, 0, 30.03%, 0, 0, 25, 76.79, 2439676, 804, 0, 0
82822, 2, 669, 1411, 232, 0, 30.03%, 0, 0, 25, 76.74, 2440116, 804, 0, 0
82827, 2, 1348, 1411, 231, 0, 30.03%, 0, 0, 25, 63.95, 2440442, 804, 0, 0
82833, 2, 1348, 1411, 231, 0, 30.03%, 0, 0, 25, 54.26, 2440706, 804, 0, 0
82838, 2, 1348, 1411, 231, 0, 30.03%, 0, 0, 25, 51.83, 2440969, 804, 0, 0
82843, 2, 1348, 1411, 231, 0, 30.03%, 0, 0, 25, 51.69, 2441232, 804, 0, 0
82848, 2, 1348, 1411, 231, 0, 30.03%, 0, 0, 25, 51.91, 2441495, 804, 0, 0
82853, 2, 1348, 1411, 231, 0, 30.03%, 0, 0, 25, 51.23, 2441757, 804, 0, 0
82858, 2, 304, 1411, 230, 0, 30.03%, 0, 0, 25, 70.62, 2442098, 804, 0, 0
82863, 2, 1362, 1411, 230, 0, 30.03%, 0, 0, 25, 56.93, 2442380, 804, 0, 0
82868, 2, 1362, 1411, 230, 0, 30.03%, 0, 0, 25, 52.24, 2442642, 804, 0, 0
82873, 2, 1362, 1411, 230, 0, 30.03%, 0, 0, 25, 51.21, 2442905, 804, 0, 0
82879, 2, 1362, 1411, 230, 0, 30.03%, 0, 0, 25, 51.00, 2443167, 804, 0, 0
82884, 2, 1362, 1411, 230, 0, 30.03%, 0, 0, 25, 51.04, 2443457, 804, 0, 0
82890, 2, 1362, 1411, 230, 0, 30.03%, 0, 0, 25, 50.48, 2443718, 804, 0, 0
82895, 2, 620, 1411, 229, 0, 30.03%, 0, 0, 25, 75.02, 2444137, 804, 0, 0
82900, 2, 604, 1411, 229, 0, 30.03%, 0, 0, 25, 76.28, 2444535, 804, 0, 0
82905, 2, 740, 1411, 229, 0, 30.03%, 0, 0, 25, 75.71, 2444917, 804, 0, 0
82910, 2, 740, 1411, 229, 0, 30.03%, 0, 0, 25, 76.00, 2445299, 804, 0, 0
82915, 2, 740, 1411, 229, 0, 30.03%, 0, 0, 25, 75.23, 2445681, 804, 0, 0
82920, 2, 740, 1411, 229, 0, 30.03%, 0, 0, 25, 76.39, 2446079, 804, 0, 0
82925, 2, 740, 1411, 229, 0, 30.03%, 0, 0, 25, 76.55, 2446474, 804, 0, 0
82931, 2, 978, 1411, 228, 0, 30.03%, 0, 0, 25, 71.93, 2446848, 804, 0, 0
82936, 2, 978, 1411, 228, 0, 30.03%, 0, 0, 25, 68.32, 2447198, 804, 0, 0
82941, 2, 978, 1411, 228, 0, 30.03%, 0, 0, 25, 68.09, 2447548, 804, 0, 0
82946, 2, 978, 1411, 228, 0, 30.03%, 0, 0, 25, 67.35, 2447897, 804, 0, 0
82951, 2, 978, 1411, 228, 0, 30.03%, 0, 0, 25, 67.38, 2448242, 804, 0, 0
82956, 2, 697, 1411, 227, 0, 30.03%, 0, 0, 25, 71.28, 2448608, 804, 0, 0
82962, 2, 697, 1411, 227, 0, 30.03%, 0, 0, 25, 74.93, 2449001, 804, 0, 0
82967, 2, 697, 1411, 227, 0, 30.03%, 0, 0, 25, 75.99, 2449397, 804, 0, 0
82972, 2, 697, 1411, 227, 0, 30.03%, 0, 0, 25, 76.86, 2449796, 804, 0, 0
82979, 2, 697, 1411, 227, 0, 30.03%, 0, 0, 25, 76.21, 2450307, 804, 0, 0
82984, 2, 227, 1411, 226, 0, 30.03%, 0, 0, 25, 83.83, 2450768, 804, 0, 0
82989, 2, 1355, 1411, 225, 0, 30.03%, 0, 0, 25, 62.23, 2451077, 804, 0, 0
82994, 2, 1355, 1411, 225, 0, 30.03%, 0, 0, 25, 54.17, 2451341, 804, 0, 0
82999, 2, 1355, 1411, 225, 0, 30.03%, 0, 0, 25, 52.09, 2451604, 804, 0, 0
83004, 2, 1355, 1411, 225, 0, 30.03%, 0, 0, 25, 51.58, 2451866, 804, 0, 0
83010, 2, 1355, 1411, 225, 0, 30.03%, 0, 0, 25, 52.04, 2452190, 804, 0, 0
83015, 2, 1355, 1411, 225, 0, 30.03%, 0, 0, 25, 51.71, 2452454, 804, 0, 0
83021, 2, 1173, 1411, 224, 0, 30.03%, 0, 0, 25, 62.44, 2452798, 804, 0, 0
83026, 2, 1343, 1411, 224, 0, 30.03%, 0, 0, 25, 59.38, 2453098, 804, 0, 0
83031, 2, 1343, 1411, 224, 0, 30.03%, 0, 0, 25, 55.17, 2453375, 804, 0, 0
83036, 2, 1343, 1411, 224, 0, 30.03%, 0, 0, 25, 54.22, 2453650, 804, 0, 0
83041, 2, 1343, 1411, 224, 0, 30.03%, 0, 0, 25, 54.02, 2453925, 804, 0, 0
83046, 2, 1343, 1411, 224, 0, 30.03%, 0, 0, 25, 53.02, 2454187, 804, 0, 0
83051, 2, 1343, 1411, 224, 0, 30.03%, 0, 0, 25, 53.14, 2454449, 804, 0, 0
83056, 2, 1343, 1411, 224, 0, 30.03%, 0, 0, 25, 53.55, 2454723, 804, 0, 0
83061, 2, 1343, 1411, 224, 0, 30.03%, 0, 0, 25, 54.47, 2455000, 804, 0, 0
83066, 2, 1343, 1411, 224, 0, 30.03%, 0, 0, 25, 54.24, 2455271, 804, 0, 0
83071, 2, 948, 1411, 223, 0, 30.03%, 0, 0, 25, 59.25, 2455570, 804, 0, 0
83076, 2, 948, 1411, 223, 0, 30.03%, 0, 0, 25, 64.61, 2455905, 804, 0, 0
83081, 2, 948, 1411, 223, 0, 30.03%, 0, 0, 25, 65.71, 2456238, 804, 0, 0
83087, 2, 948, 1411, 223, 0, 30.03%, 0, 0, 25, 66.24, 2456574, 804, 0, 0
83092, 2, 948, 1411, 223, 0, 30.03%, 0, 0, 25, 65.84, 2456905, 804, 0, 0
83098, 2, 948, 1411, 223, 0, 30.03%, 0, 0, 25, 66.26, 2457323, 804, 0, 0
83103, 2, 813, 1411, 222, 0, 30.03%, 0, 0, 25, 66.18, 2457653, 804, 0, 0
83108, 2, 813, 1411, 222, 0, 30.03%, 0, 0, 25, 67.21, 2458001, 804, 0, 0
83113, 2, 813, 1411, 222, 0, 30.03%, 0, 0, 25, 67.40, 2458348, 804, 0, 0
83118, 2, 813, 1411, 222, 0, 30.03%, 0, 0, 25, 68.15, 2458696, 804, 0, 0
83124, 2, 813, 1411, 222, 0, 30.03%, 0, 0, 25, 68.00, 2459098, 804, 0, 0
83129, 2, 594, 1411, 221, 0, 30.03%, 0, 0, 25, 70.20, 2459454, 804, 0, 0
83134, 2, 1016, 1411, 221, 0, 30.03%, 0, 0, 25, 69.25, 2459822, 804, 0, 0
83139, 2, 1016, 1411, 221, 0, 30.03%, 0, 0, 25, 66.51, 2460155, 804, 0, 0
83145, 2, 1016, 1411, 221, 0, 30.03%, 0, 0, 25, 66.10, 2460491, 804, 0, 0
83150, 2, 1016, 1411, 221, 0, 30.03%, 0, 0, 25, 66.24, 2460825, 804, 0, 0
83155, 2, 1016, 1411, 221, 0, 30.03%, 0, 0, 25, 65.89, 2461158, 804, 0, 0
83160, 2, 1016, 1411, 221, 0, 30.03%, 0, 0, 25, 66.39, 2461513, 804, 0, 0
83165, 2, 1268, 1411, 220, 0, 30.03%, 0, 0, 25, 64.38, 2461839, 804, 0, 0
83170, 2, 1268, 1411, 220, 0, 30.03%, 0, 0, 25, 57.75, 2462125, 804, 0, 0
83175, 2, 1268, 1411, 220, 0, 30.03%, 0, 0, 25, 56.44, 2462411, 804, 0, 0
83180, 2, 1268, 1411, 220, 0, 30.03%, 0, 0, 25, 56.00, 2462698, 804, 0, 0
83185, 2, 1268, 1411, 220, 0, 30.03%, 0, 0, 25, 55.56, 2462982, 804, 0, 0
83191, 2, 1268, 1411, 220, 0, 30.03%, 0, 0, 25, 55.58, 2463267, 804, 0, 0
83196, 2, 1268, 1411, 220, 0, 30.03%, 0, 0, 25, 56.62, 2463554, 804, 0, 0
83201, 2, 1268, 1411, 220, 0, 30.03%, 0, 0, 25, 55.92, 2463836, 804, 0, 0
83206, 2, 1369, 1411, 219, 0, 30.03%, 0, 0, 25, 55.18, 2464118, 804, 0, 0
83211, 2, 1369, 1411, 219, 0, 30.03%, 0, 0, 25, 51.44, 2464376, 804, 0, 0
83216, 2, 1369, 1411, 219, 0, 30.03%, 0, 0, 25, 51.22, 2464638, 804, 0, 0
83221, 2, 1369, 1411, 219, 0, 30.03%, 0, 0, 25, 51.08, 2464900, 804, 0, 0
83226, 2, 1369, 1411, 219, 0, 30.03%, 0, 0, 25, 50.90, 2465164, 804, 0, 0
83231, 2, 1369, 1411, 219, 0, 30.03%, 0, 0, 25, 50.56, 2465422, 804, 0, 0
83237, 2, 1369, 1411, 219, 0, 30.03%, 0, 0, 25, 50.78, 2465686, 804, 0, 0
83242, 2, 1127, 1411, 218, 0, 30.03%, 0, 0, 25, 67.60, 2466075, 804, 0, 0
83247, 2, 1127, 1411, 218, 0, 30.03%, 0, 0, 25, 62.32, 2466383, 804, 0, 0
83252, 2, 1127, 1411, 218, 0, 30.03%, 0, 0, 25, 62.33, 2466702, 804, 0, 0
83257, 2, 1127, 1411, 218, 0, 30.03%, 0, 0, 25, 63.09, 2467027, 804, 0, 0
83262, 2, 1127, 1411, 218, 0, 30.03%, 0, 0, 25, 61.77, 2467349, 804, 0, 0
83268, 2, 957, 1411, 217, 0, 30.03%, 0, 0, 25, 63.54, 2467677, 804, 0, 0
83273, 2, 957, 1411, 217, 0, 30.03%, 0, 0, 25, 65.20, 2468010, 804, 0, 0
83278, 2, 957, 1411, 217, 0, 30.03%, 0, 0, 25, 66.86, 2468346, 804, 0, 0
83283, 2, 957, 1411, 217, 0, 30.03%, 0, 0, 25, 65.59, 2468674, 804, 0, 0
83288, 2, 957, 1411, 217, 0, 30.03%, 0, 0, 25, 64.98, 2469004, 804, 0, 0
83293, 2, 957, 1411, 217, 0, 30.03%, 0, 0, 25, 65.15, 2469332, 804, 0, 0
83298, 2, 957, 1411, 217, 0, 30.03%, 0, 0, 25, 65.81, 2469673, 804, 0, 0
83303, 2, 935, 1411, 216, 0, 30.03%, 0, 0, 25, 67.48, 2470021, 804, 0, 0
83308, 2, 935, 1411, 216, 0, 30.03%, 0, 0, 25, 68.14, 2470371, 804, 0, 0
83313, 2, 935, 1411, 216, 0, 30.03%, 0, 0, 25, 68.68, 2470721, 804, 0, 0
83318, 2, 935, 1411, 216, 0, 30.03%, 0, 0, 25, 68.23, 2471069, 804, 0, 0
83323, 2, 935, 1411, 216, 0, 30.03%, 0, 0, 25, 68.58, 2471413, 804, 0, 0
83328, 2, 646, 1411, 215, 0, 30.03%, 0, 0, 25, 73.11, 2471785, 804, 0, 0
83333, 2, 1312, 1411, 215, 0, 30.03%, 0, 0, 25, 58.27, 2472068, 804, 0, 0
83339, 2, 1087, 1411, 215, 0, 30.03%, 0, 0, 25, 61.28, 2472385, 804, 0, 0
83344, 2, 1353, 1411, 215, 0, 30.03%, 0, 0, 25, 54.22, 2472653, 804, 0, 0
83349, 2, 1353, 1411, 215, 0, 30.03%, 0, 0, 25, 51.64, 2472916, 804, 0, 0
83354, 2, 1353, 1411, 215, 0, 30.03%, 0, 0, 25, 51.11, 2473178, 804, 0, 0
83359, 2, 1353, 1411, 215, 0, 30.03%, 0, 0, 25, 50.70, 2473435, 804, 0, 0
83365, 2, 1353, 1411, 215, 0, 30.03%, 0, 0, 25, 50.49, 2473735, 804, 0, 0
83370, 2, 1353, 1411, 215, 0, 30.03%, 0, 0, 25, 51.07, 2473998, 804, 0, 0
83375, 2, 799, 1411, 214, 0, 30.03%, 0, 0, 25, 64.98, 2474341, 804, 0, 0
83380, 2, 799, 1411, 214, 0, 30.03%, 0, 0, 25, 67.68, 2474689, 804, 0, 0
83385, 2, 799, 1411, 214, 0, 30.03%, 0, 0, 25, 68.17, 2475038, 804, 0, 0
83392, 2, 799, 1411, 214, 0, 30.03%, 0, 0, 25, 68.30, 2475510, 804, 0, 0
83397, 2, 771, 1411, 213, 0, 30.03%, 0, 0, 25, 68.94, 2475863, 804, 0, 0
83403, 2, 771, 1411, 213, 0, 30.03%, 0, 0, 25, 69.28, 2476226, 804, 0, 0
83408, 2, 771, 1411, 213, 0, 30.03%, 0, 0, 25, 68.49, 2476574, 804, 0, 0
83413, 2, 771, 1411, 213, 0, 30.03%, 0, 0, 25, 68.22, 2476923, 804, 0, 0
83418, 2, 771, 1411, 213, 0, 30.03%, 0, 0, 25, 68.45, 2477284, 804, 0, 0
83423, 2, 436, 1411, 212, 0, 30.03%, 0, 0, 25, 72.93, 2477651, 804, 0, 0
83428, 2, 660, 1411, 212, 0, 30.03%, 0, 0, 25, 81.31, 2478103, 804, 0, 0
83434, 2, 660, 1411, 212, 0, 30.03%, 0, 0, 25, 78.17, 2478502, 804, 0, 0
83439, 2, 660, 1411, 212, 0, 30.03%, 0, 0, 25, 66.87, 2478834, 804, 0, 0
83444, 2, 660, 1411, 212, 0, 30.03%, 0, 0, 25, 73.82, 2479213, 804, 0, 0
83450, 2, 660, 1411, 212, 0, 30.03%, 0, 0, 25, 75.17, 2479702, 804, 0, 0
83455, 2, 1261, 1411, 211, 0, 30.03%, 0, 0, 25, 64.50, 2480031, 804, 0, 0
83461, 2, 846, 1411, 211, 0, 30.03%, 0, 0, 25, 63.63, 2480341, 804, 0, 0
83466, 2, 846, 1411, 211, 0, 30.03%, 0, 0, 25, 68.39, 2480698, 804, 0, 0
83471, 2, 846, 1411, 211, 0, 30.03%, 0, 0, 25, 67.99, 2481040, 804, 0, 0
83476, 2, 846, 1411, 211, 0, 30.03%, 0, 0, 25, 68.12, 2481391, 804, 0, 0
83481, 2, 846, 1411, 211, 0, 30.03%, 0, 0, 25, 68.79, 2481748, 804, 0, 0
83486, 2, 1181, 1411, 210, 0, 30.03%, 0, 0, 25, 63.99, 2482078, 804, 0, 0
83491, 2, 1181, 1411, 210, 0, 30.03%, 0, 0, 25, 58.85, 2482366, 804, 0, 0
83496, 2, 1181, 1411, 210, 0, 30.03%, 0, 0, 25, 57.23, 2482652, 804, 0, 0
83501, 2, 1181, 1411, 210, 0, 30.03%, 0, 0, 25, 56.46, 2482932, 804, 0, 0
83506, 2, 1181, 1411, 210, 0, 30.03%, 0, 0, 25, 56.52, 2483220, 804, 0, 0
83511, 2, 1181, 1411, 210, 0, 30.03%, 0, 0, 25, 56.54, 2483506, 804, 0, 0
83518, 2, 1181, 1411, 210, 0, 30.03%, 0, 0, 25, 56.28, 2483897, 804, 0, 0
83523, 2, 1181, 1411, 210, 0, 30.03%, 0, 0, 25, 56.80, 2484184, 804, 0, 0
83529, 2, 1346, 1411, 209, 0, 30.03%, 0, 0, 25, 54.28, 2484479, 804, 0, 0
83534, 2, 1346, 1411, 209, 0, 30.03%, 0, 0, 25, 50.57, 2484730, 804, 0, 0
83539, 2, 1346, 1411, 209, 0, 30.03%, 0, 0, 25, 49.58, 2484977, 804, 0, 0
83544, 2, 1346, 1411, 209, 0, 30.03%, 0, 0, 25, 47.81, 2485223, 804, 0, 0
83549, 2, 1346, 1411, 209, 0, 30.03%, 0, 0, 25, 47.72, 2485463, 804, 0, 0
83554, 2, 1346, 1411, 209, 0, 30.03%, 0, 0, 25, 48.90, 2485724, 804, 0, 0
83559, 2, 1346, 1411, 209, 0, 30.03%, 0, 0, 25, 47.84, 2485965, 804, 0, 0
83564, 2, 994, 1411, 208, 0, 30.03%, 0, 0, 25, 61.45, 2486292, 804, 0, 0
83570, 2, 994, 1411, 208, 0, 30.03%, 0, 0, 25, 64.94, 2486624, 804, 0, 0
83575, 2, 994, 1411, 208, 0, 30.03%, 0, 0, 25, 64.93, 2486957, 804, 0, 0
83580, 2, 994, 1411, 208, 0, 30.03%, 0, 0, 25, 66.96, 2487307, 804, 0, 0
83585, 2, 994, 1411, 208, 0, 30.03%, 0, 0, 25, 66.69, 2487643, 804, 0, 0
83590, 2, 994, 1411, 208, 0, 30.03%, 0, 0, 25, 63.26, 2487962, 804, 0, 0
83595, 2, 53, 1411, 207, 0, 30.03%, 0, 0, 25, 68.11, 2488305, 804, 0, 0
83600, 2, 1380, 1411, 207, 0, 30.03%, 0, 0, 25, 65.06, 2488674, 804, 0, 0
83605, 2, 565, 1411, 207, 0, 30.03%, 0, 0, 25, 71.07, 2489006, 804, 0, 0
83610, 2, 565, 1411, 207, 0, 30.03%, 0, 0, 25, 82.44, 2489451, 804, 0, 0
83615, 2, 565, 1411, 207, 0, 30.03%, 0, 0, 25, 84.68, 2489877, 804, 0, 0
83620, 2, 565, 1411, 207, 0, 30.03%, 0, 0, 25, 83.88, 2490292, 804, 0, 0
83626, 2, 565, 1411, 207, 0, 30.03%, 0, 0, 25, 80.97, 2490717, 804, 0, 0
83631, 2, 1211, 1411, 206, 0, 30.03%, 0, 0, 25, 77.11, 2491112, 804, 0, 0
83636, 2, 1211, 1411, 206, 0, 30.03%, 0, 0, 25, 61.66, 2491397, 804, 0, 0
83641, 2, 1211, 1411, 206, 0, 30.03%, 0, 0, 25, 58.51, 2491697, 804, 0, 0
83646, 2, 1211, 1411, 206, 0, 30.03%, 0, 0, 25, 58.27, 2491997, 804, 0, 0
83651, 2, 1211, 1411, 206, 0, 30.03%, 0, 0, 25, 56.55, 2492286, 804, 0, 0
83656, 2, 1211, 1411, 206, 0, 30.03%, 0, 0, 25, 56.25, 2492568, 804, 0, 0
83661, 2, 1211, 1411, 206, 0, 30.03%, 0, 0, 25, 57.80, 2492863, 804, 0, 0
83666, 2, 1211, 1411, 206, 0, 30.03%, 0, 0, 25, 56.99, 2493149, 804, 0, 0
83672, 2, 1212, 1411, 205, 0, 30.03%, 0, 0, 25, 56.91, 2493443, 804, 0, 0
83677, 2, 625, 1411, 205, 0, 30.03%, 0, 0, 25, 73.04, 2493839, 804, 0, 0
83682, 2, 625, 1411, 205, 0, 30.03%, 0, 0, 25, 74.95, 2494216, 804, 0, 0
83687, 2, 625, 1411, 205, 0, 30.03%, 0, 0, 25, 74.98, 2494605, 804, 0, 0
83692, 2, 625, 1411, 205, 0, 30.03%, 0, 0, 25, 73.58, 2494989, 804, 0, 0
83697, 2, 625, 1411, 205, 0, 30.03%, 0, 0, 25, 74.88, 2495381, 804, 0, 0
83702, 2, 1397, 1411, 204, 0, 30.03%, 0, 0, 25, 58.48, 2495669, 804, 0, 0
83707, 2, 1402, 1411, 204, 0, 30.03%, 0, 0, 25, 49.54, 2495913, 804, 0, 0
83713, 2, 736, 1411, 204, 0, 30.03%, 0, 0, 25, 59.22, 2496208, 804, 0, 0
83718, 2, 736, 1411, 204, 0, 30.03%, 0, 0, 25, 68.67, 2496563, 804, 0, 0
83723, 2, 736, 1411, 204, 0, 30.03%, 0, 0, 25, 69.96, 2496932, 804, 0, 0
83728, 2, 736, 1411, 204, 0, 30.03%, 0, 0, 25, 71.36, 2497306, 804, 0, 0
83733, 2, 736, 1411, 204, 0, 30.03%, 0, 0, 25, 71.38, 2497673, 804, 0, 0
83738, 2, 1349, 1411, 203, 0, 30.03%, 0, 0, 25, 58.47, 2497976, 804, 0, 0
83743, 2, 1349, 1411, 203, 0, 30.03%, 0, 0, 25, 53.25, 2498240, 804, 0, 0
83748, 2, 1349, 1411, 203, 0, 30.03%, 0, 0, 25, 51.92, 2498502, 804, 0, 0
83754, 2, 1349, 1411, 203, 0, 30.03%, 0, 0, 25, 49.63, 2498758, 804, 0, 0
83760, 2, 1349, 1411, 203, 0, 30.03%, 0, 0, 25, 50.48, 2499074, 804, 0, 0
83765, 2, 1349, 1411, 203, 0, 30.03%, 0, 0, 25, 50.80, 2499336, 804, 0, 0
83770, 2, 1237, 1411, 202, 0, 30.03%, 0, 0, 25, 57.42, 2499649, 804, 0, 0
83775, 2, 1370, 1411, 202, 0, 30.03%, 0, 0, 25, 78.68, 2500061, 804, 0, 0
83780, 2, 1370, 1411, 202, 0, 30.03%, 0, 0, 25, 56.67, 2500323, 804, 0, 0
83785, 2, 1370, 1411, 202, 0, 30.03%, 0, 0, 25, 51.08, 2500577, 804, 0, 0
83791, 2, 1370, 1411, 202, 0, 30.03%, 0, 0, 25, 50.82, 2500839, 804, 0, 0
83796, 2, 1370, 1411, 202, 0, 30.03%, 0, 0, 25, 50.78, 2501103, 804, 0, 0
83801, 2, 1370, 1411, 202, 0, 30.03%, 0, 0, 25, 50.68, 2501375, 804, 0, 0
83806, 2, 1370, 1411, 202, 0, 30.03%, 0, 0, 25, 51.27, 2501638, 804, 0, 0
83811, 2, 1204, 1411, 201, 0, 30.03%, 0, 0, 25, 57.20, 2501935, 804, 0, 0
83817, 2, 607, 1411, 201, 0, 30.03%, 0, 0, 25, 77.50, 2502343, 804, 0, 0
83822, 2, 607, 1411, 201, 0, 30.03%, 0, 0, 25, 77.13, 2502742, 804, 0, 0
83827, 2, 607, 1411, 201, 0, 30.03%, 0, 0, 25, 77.23, 2503142, 804, 0, 0
83832, 2, 607, 1411, 201, 0, 30.03%, 0, 0, 25, 76.57, 2503533, 804, 0, 0
83839, 2, 607, 1411, 201, 0, 30.03%, 0, 0, 25, 76.77, 2504072, 804, 0, 0
83844, 2, 923, 1411, 200, 0, 30.03%, 0, 0, 25, 77.39, 2504482, 804, 0, 0
83849, 2, 923, 1411, 200, 0, 30.03%, 0, 0, 25, 69.33, 2504832, 804, 0, 0
83855, 2, 923, 1411, 200, 0, 30.03%, 0, 0, 25, 67.70, 2505182, 804, 0, 0
83860, 2, 923, 1411, 200, 0, 30.03%, 0, 0, 25, 66.53, 2505515, 804, 0, 0
83865, 2, 923, 1411, 200, 0, 30.03%, 0, 0, 25, 66.30, 2505849, 804, 0, 0
83870, 2, 923, 1411, 200, 0, 30.03%, 0, 0, 25, 66.75, 2506192, 804, 0, 0
83875, 2, 797, 1411, 199, 0, 30.03%, 0, 0, 25, 67.92, 2506543, 804, 0, 0
83880, 2, 797, 1411, 199, 0, 30.03%, 0, 0, 25, 68.82, 2506895, 804, 0, 0
83885, 2, 797, 1411, 199, 0, 30.03%, 0, 0, 25, 69.09, 2507245, 804, 0, 0
83890, 2, 797, 1411, 199, 0, 30.03%, 0, 0, 25, 67.93, 2507592, 804, 0, 0
83895, 2, 797, 1411, 199, 0, 30.03%, 0, 0, 25, 68.03, 2507930, 804, 0, 0
83900, 2, 1153, 1411, 198, 0, 30.03%, 0, 0, 25, 65.73, 2508269, 804, 0, 0
83906, 2, 1153, 1411, 198, 0, 30.03%, 0, 0, 25, 59.85, 2508566, 804, 0, 0
83911, 2, 1153, 1411, 198, 0, 30.03%, 0, 0, 25, 58.42, 2508866, 804, 0, 0
83916, 2, 1153, 1411, 198, 0, 30.03%, 0, 0, 25, 57.46, 2509154, 804, 0, 0
83921, 2, 1153, 1411, 198, 0, 30.03%, 0, 0, 25, 57.04, 2509436, 804, 0, 0
83926, 2, 1153, 1411, 198, 0, 30.03%, 0, 0, 25, 57.12, 2509734, 804, 0, 0
83931, 2, 1153, 1411, 198, 0, 30.03%, 0, 0, 25, 57.54, 2510027, 804, 0, 0
83936, 2, 877, 1411, 197, 0, 30.03%, 0, 0, 25, 58.88, 2510326, 804, 0, 0
83941, 2, 1269, 1411, 197, 0, 30.03%, 0, 0, 25, 62.51, 2510662, 804, 0, 0
83947, 2, 899, 1411, 197, 0, 30.03%, 0, 0, 25, 69.33, 2510995, 804, 0, 0
83952, 2, 316, 1411, 197, 0, 30.03%, 0, 0, 25, 71.69, 2511343, 804, 0, 0
83957, 2, 794, 1411, 197, 0, 30.03%, 0, 0, 25, 73.39, 2511746, 804, 0, 0
83962, 2, 794, 1411, 197, 0, 30.03%, 0, 0, 25, 70.29, 2512101, 804, 0, 0
83967, 2, 794, 1411, 197, 0, 30.03%, 0, 0, 25, 69.59, 2512451, 804, 0, 0
83972, 2, 794, 1411, 197, 0, 30.03%, 0, 0, 25, 69.53, 2512803, 804, 0, 0
83977, 2, 794, 1411, 197, 0, 30.03%, 0, 0, 25, 69.32, 2513150, 804, 0, 0
83982, 2, 929, 1411, 196, 0, 30.03%, 0, 0, 25, 69.04, 2513498, 804, 0, 0
83987, 2, 929, 1411, 196, 0, 30.03%, 0, 0, 25, 68.57, 2513844, 804, 0, 0
83992, 2, 929, 1411, 196, 0, 30.03%, 0, 0, 25, 68.72, 2514194, 804, 0, 0
83997, 2, 929, 1411, 196, 0, 30.03%, 0, 0, 25, 68.80, 2514540, 804, 0, 0
84002, 2, 929, 1411, 196, 0, 30.03%, 0, 0, 25, 68.73, 2514889, 804, 0, 0
84008, 2, 244, 1411, 195, 0, 30.03%, 0, 0, 25, 86.01, 2515325, 804, 0, 0
84013, 2, 1354, 1411, 195, 0, 30.03%, 0, 0, 25, 62.64, 2515650, 804, 0, 0
84018, 2, 1354, 1411, 195, 0, 30.03%, 0, 0, 25, 51.91, 2515898, 804, 0, 0
84023, 2, 1354, 1411, 195, 0, 30.03%, 0, 0, 25, 49.64, 2516147, 804, 0, 0
84028, 2, 1354, 1411, 195, 0, 30.03%, 0, 0, 25, 49.56, 2516397, 804, 0, 0
84033, 2, 1354, 1411, 195, 0, 30.03%, 0, 0, 25, 49.47, 2516647, 804, 0, 0
84038, 2, 1354, 1411, 195, 0, 30.03%, 0, 0, 25, 49.31, 2516896, 804, 0, 0
84043, 2, 1354, 1411, 195, 0, 30.03%, 0, 0, 25, 49.65, 2517147, 804, 0, 0
84048, 2, 972, 1411, 193, 0, 30.03%, 0, 0, 25, 68.31, 2517541, 804, 0, 0
84053, 2, 972, 1411, 193, 0, 30.03%, 0, 0, 25, 67.28, 2517890, 804, 0, 0
84059, 2, 972, 1411, 193, 0, 30.03%, 0, 0, 25, 67.83, 2518240, 804, 0, 0
84064, 2, 972, 1411, 193, 0, 30.03%, 0, 0, 25, 67.82, 2518590, 804, 0, 0
84069, 2, 972, 1411, 193, 0, 30.03%, 0, 0, 25, 66.82, 2518935, 804, 0, 0
84074, 2, 972, 1411, 193, 0, 30.03%, 0, 0, 25, 67.46, 2519276, 804, 0, 0
84079, 2, 815, 1411, 192, 0, 30.03%, 0, 0, 25, 68.44, 2519624, 804, 0, 0
84084, 2, 815, 1411, 192, 0, 30.03%, 0, 0, 25, 68.27, 2519971, 804, 0, 0
84089, 2, 815, 1411, 192, 0, 30.03%, 0, 0, 25, 68.91, 2520321, 804, 0, 0
84094, 2, 815, 1411, 192, 0, 30.03%, 0, 0, 25, 68.90, 2520671, 804, 0, 0
84099, 2, 815, 1411, 192, 0, 30.03%, 0, 0, 25, 68.86, 2521025, 804, 0, 0
84105, 2, 1030, 1411, 191, 0, 30.03%, 0, 0, 25, 68.93, 2521375, 804, 0, 0
84110, 2, 1030, 1411, 191, 0, 30.03%, 0, 0, 25, 68.73, 2521722, 804, 0, 0
84115, 2, 1030, 1411, 191, 0, 30.03%, 0, 0, 25, 68.22, 2522069, 804, 0, 0
84120, 2, 1030, 1411, 191, 0, 30.03%, 0, 0, 25, 68.55, 2522419, 804, 0, 0
84125, 2, 1030, 1411, 191, 0, 30.03%, 0, 0, 25, 68.39, 2522763, 804, 0, 0
84130, 2, 927, 1411, 190, 0, 30.03%, 0, 0, 25, 68.57, 2523113, 804, 0, 0
84135, 2, 927, 1411, 190, 0, 30.03%, 0, 0, 25, 68.28, 2523461, 804, 0, 0
84140, 2, 927, 1411, 190, 0, 30.03%, 0, 0, 25, 68.96, 2523811, 804, 0, 0
84145, 2, 927, 1411, 190, 0, 30.03%, 0, 0, 25, 68.73, 2524158, 804, 0, 0
84150, 2, 927, 1411, 190, 0, 30.03%, 0, 0, 25, 68.91, 2524512, 804, 0, 0
84155, 2, 607, 1411, 189, 0, 30.03%, 0, 0, 25, 72.82, 2524881, 804, 0, 0
84160, 2, 882, 1411, 189, 0, 30.03%, 0, 0, 25, 70.09, 2525240, 804, 0, 0
84166, 2, 882, 1411, 189, 0, 30.03%, 0, 0, 25, 68.72, 2525587, 804, 0, 0
84171, 2, 882, 1411, 189, 0, 30.03%, 0, 0, 25, 69.13, 2525937, 804, 0, 0
84176, 2, 882, 1411, 189, 0, 30.03%, 0, 0, 25, 69.08, 2526284, 804, 0, 0
84181, 2, 882, 1411, 189, 0, 30.03%, 0, 0, 25, 69.25, 2526633, 804, 0, 0
84186, 2, 790, 1411, 188, 0, 30.03%, 0, 0, 25, 70.14, 2526994, 804, 0, 0
84191, 2, 790, 1411, 188, 0, 30.03%, 0, 0, 25, 69.21, 2527344, 804, 0, 0
84196, 2, 790, 1411, 188, 0, 30.03%, 0, 0, 25, 68.97, 2527694, 804, 0, 0
84201, 2, 790, 1411, 188, 0, 30.03%, 0, 0, 25, 69.69, 2528048, 804, 0, 0
84206, 2, 790, 1411, 188, 0, 30.03%, 0, 0, 25, 69.49, 2528393, 804, 0, 0
84211, 2, 1191, 1411, 187, 0, 30.03%, 0, 0, 25, 62.28, 2528710, 804, 0, 0
84216, 2, 1191, 1411, 187, 0, 30.03%, 0, 0, 25, 59.14, 2529010, 804, 0, 0
84221, 2, 1191, 1411, 187, 0, 30.03%, 0, 0, 25, 57.93, 2529305, 804, 0, 0
84227, 2, 1191, 1411, 187, 0, 30.03%, 0, 0, 25, 57.86, 2529605, 804, 0, 0
84232, 2, 1191, 1411, 187, 0, 30.03%, 0, 0, 25, 58.15, 2529905, 804, 0, 0
84237, 2, 1191, 1411, 187, 0, 30.03%, 0, 0, 25, 58.06, 2530203, 804, 0, 0
84242, 2, 1191, 1411, 187, 0, 30.03%, 0, 0, 25, 58.08, 2530516, 804, 0, 0
84247, 2, 1191, 1411, 187, 0, 30.03%, 0, 0, 25, 56.77, 2530812, 804, 0, 0
84253, 2, 1277, 1411, 186, 0, 30.03%, 0, 0, 25, 73.32, 2531211, 804, 0, 0
84258, 2, 1277, 1411, 186, 0, 30.03%, 0, 0, 25, 74.85, 2531590, 804, 0, 0
84263, 2, 1277, 1411, 186, 0, 30.03%, 0, 0, 25, 73.49, 2531977, 804, 0, 0
84268, 2, 1277, 1411, 186, 0, 30.03%, 0, 0, 25, 76.79, 2532377, 804, 0, 0
84273, 2, 1277, 1411, 186, 0, 30.03%, 0, 0, 25, 75.95, 2532755, 804, 0, 0
84278, 2, 1398, 1411, 185, 0, 30.03%, 0, 0, 25, 67.90, 2533117, 804, 0, 0
84283, 2, 796, 1411, 185, 0, 30.03%, 0, 0, 25, 57.87, 2533389, 804, 0, 0
84289, 2, 796, 1411, 185, 0, 30.03%, 0, 0, 25, 65.44, 2533734, 804, 0, 0
84294, 2, 796, 1411, 185, 0, 30.03%, 0, 0, 25, 67.13, 2534082, 804, 0, 0
84299, 2, 796, 1411, 185, 0, 30.03%, 0, 0, 25, 69.23, 2534434, 804, 0, 0
84304, 2, 796, 1411, 185, 0, 30.03%, 0, 0, 25, 69.43, 2534819, 804, 0, 0
84309, 2, 817, 1411, 184, 0, 30.03%, 0, 0, 25, 69.38, 2535173, 804, 0, 0
84314, 2, 817, 1411, 184, 0, 30.03%, 0, 0, 25, 69.66, 2535527, 804, 0, 0
84320, 2, 817, 1411, 184, 0, 30.03%, 0, 0, 25, 69.43, 2535878, 804, 0, 0
84325, 2, 817, 1411, 184, 0, 30.03%, 0, 0, 25, 68.71, 2536225, 804, 0, 0
84330, 2, 817, 1411, 184, 0, 30.03%, 0, 0, 25, 68.98, 2536599, 804, 0, 0
84335, 2, 181, 1411, 183, 0, 30.03%, 0, 0, 25, 76.50, 2536976, 804, 0, 0
84340, 2, 1356, 1411, 183, 0, 30.03%, 0, 0, 25, 56.96, 2537245, 804, 0, 0
84345, 2, 225, 1411, 183, 0, 30.03%, 0, 0, 25, 61.55, 2537551, 804, 0, 0
84350, 2, 410, 1411, 183, 0, 30.03%, 0, 0, 25, 86.01, 2538014, 804, 0, 0
84356, 2, 1406, 1411, 183, 0, 30.03%, 0, 0, 25, 85.07, 2538441, 804, 0, 0
84361, 2, 1406, 1411, 183, 0, 30.03%, 0, 0, 25, 56.52, 2538693, 804, 0, 0
84366, 2, 1406, 1411, 183, 0, 30.03%, 0, 0, 25, 50.44, 2538943, 804, 0, 0
84371, 2, 1406, 1411, 183, 0, 30.03%, 0, 0, 25, 49.08, 2539193, 804, 0, 0
84376, 2, 1406, 1411, 183, 0, 30.03%, 0, 0, 25, 49.00, 2539442, 804, 0, 0
84381, 2, 1406, 1411, 183, 0, 30.03%, 0, 0, 25, 48.92, 2539692, 804, 0, 0
84386, 2, 1406, 1411, 183, 0, 30.03%, 0, 0, 25, 48.20, 2539933, 804, 0, 0
84391, 2, 304, 1411, 182, 0, 30.03%, 0, 0, 25, 60.10, 2540225, 804, 0, 0
84396, 2, 1174, 1411, 182, 0, 30.03%, 0, 0, 25, 67.08, 2540618, 804, 0, 0
84402, 2, 1174, 1411, 182, 0, 30.03%, 0, 0, 25, 58.72, 2540908, 804, 0, 0
84407, 2, 1174, 1411, 182, 0, 30.03%, 0, 0, 25, 57.29, 2541203, 804, 0, 0
84412, 2, 1174, 1411, 182, 0, 30.03%, 0, 0, 25, 55.87, 2541486, 804, 0, 0
84417, 2, 1174, 1411, 182, 0, 30.03%, 0, 0, 25, 57.25, 2541773, 804, 0, 0
84422, 2, 1174, 1411, 182, 0, 30.03%, 0, 0, 25, 58.47, 2542073, 804, 0, 0
84427, 2, 1174, 1411, 182, 0, 30.03%, 0, 0, 25, 58.48, 2542372, 804, 0, 0
84432, 2, 503, 1411, 181, 0, 30.03%, 0, 0, 25, 80.10, 2542769, 804, 0, 0
84437, 2, 591, 1411, 181, 0, 30.03%, 0, 0, 25, 79.13, 2543188, 804, 0, 0
84443, 2, 591, 1411, 181, 0, 30.03%, 0, 0, 25, 76.05, 2543583, 804, 0, 0
84448, 2, 591, 1411, 181, 0, 30.03%, 0, 0, 25, 75.00, 2543959, 804, 0, 0
84453, 2, 591, 1411, 181, 0, 30.03%, 0, 0, 25, 75.42, 2544341, 804, 0, 0
84458, 2, 591, 1411, 181, 0, 30.03%, 0, 0, 25, 73.39, 2544710, 804, 0, 0
84463, 2, 591, 1411, 181, 0, 30.03%, 0, 0, 25, 74.61, 2545098, 804, 0, 0
84468, 2, 599, 1411, 180, 0, 30.03%, 0, 0, 25, 75.25, 2545474, 804, 0, 0
84473, 2, 814, 1411, 180, 0, 30.03%, 0, 0, 25, 69.51, 2545832, 804, 0, 0
84478, 2, 814, 1411, 180, 0, 30.03%, 0, 0, 25, 68.33, 2546184, 804, 0, 0
84483, 2, 814, 1411, 180, 0, 30.03%, 0, 0, 25, 66.69, 2546517, 804, 0, 0
84488, 2, 814, 1411, 180, 0, 30.03%, 0, 0, 25, 65.85, 2546821, 804, 0, 0
84493, 2, 814, 1411, 180, 0, 30.03%, 0, 0, 25, 66.97, 2547164, 804, 0, 0
84498, 2, 597, 1411, 179, 0, 30.03%, 0, 0, 25, 86.57, 2547604, 804, 0, 0
84504, 2, 719, 1411, 179, 0, 30.03%, 0, 0, 25, 82.94, 2548026, 804, 0, 0
84509, 2, 719, 1411, 179, 0, 30.03%, 0, 0, 25, 77.86, 2548410, 804, 0, 0
84514, 2, 719, 1411, 179, 0, 30.03%, 0, 0, 25, 76.76, 2548807, 804, 0, 0
84519, 2, 719, 1411, 179, 0, 30.03%, 0, 0, 25, 76.55, 2549205, 804, 0, 0
84525, 2, 719, 1411, 179, 0, 30.03%, 0, 0, 25, 75.85, 2549677, 804, 0, 0
84530, 2, 886, 1411, 178, 0, 30.03%, 0, 0, 25, 78.09, 2550090, 804, 0, 0
84536, 2, 886, 1411, 178, 0, 30.03%, 0, 0, 25, 70.94, 2550440, 804, 0, 0
84541, 2, 886, 1411, 178, 0, 30.03%, 0, 0, 25, 69.15, 2550790, 804, 0, 0
84546, 2, 886, 1411, 178, 0, 30.03%, 0, 0, 25, 68.88, 2551140, 804, 0, 0
84551, 2, 886, 1411, 178, 0, 30.03%, 0, 0, 25, 68.59, 2551495, 804, 0, 0
84556, 2, 820, 1411, 177, 0, 30.03%, 0, 0, 25, 68.84, 2551848, 804, 0, 0
84561, 2, 820, 1411, 177, 0, 30.03%, 0, 0, 25, 69.32, 2552204, 804, 0, 0
84566, 2, 820, 1411, 177, 0, 30.03%, 0, 0, 25, 67.73, 2552548, 804, 0, 0
84571, 2, 820, 1411, 177, 0, 30.03%, 0, 0, 25, 68.35, 2552898, 804, 0, 0
84576, 2, 820, 1411, 177, 0, 30.03%, 0, 0, 25, 68.35, 2553240, 804, 0, 0
84581, 2, 751, 1411, 176, 0, 30.03%, 0, 0, 25, 70.31, 2553597, 804, 0, 0
84587, 2, 751, 1411, 176, 0, 30.03%, 0, 0, 25, 75.03, 2553995, 804, 0, 0
84592, 2, 751, 1411, 176, 0, 30.03%, 0, 0, 25, 76.44, 2554393, 804, 0, 0
84597, 2, 751, 1411, 176, 0, 30.03%, 0, 0, 25, 76.25, 2554776, 804, 0, 0
84602, 2, 751, 1411, 176, 0, 30.03%, 0, 0, 25, 76.59, 2555174, 804, 0, 0
84607, 2, 751, 1411, 176, 0, 30.03%, 0, 0, 25, 76.99, 2555572, 804, 0, 0
84612, 2, 1156, 1411, 175, 0, 30.03%, 0, 0, 25, 92.12, 2556057, 804, 0, 0
84617, 2, 1167, 1411, 175, 0, 30.03%, 0, 0, 25, 67.31, 2556365, 804, 0, 0
84623, 2, 1251, 1411, 175, 0, 30.03%, 0, 0, 25, 60.12, 2556665, 804, 0, 0
84628, 2, 1251, 1411, 175, 0, 30.03%, 0, 0, 25, 58.60, 2556965, 804, 0, 0
84633, 2, 1251, 1411, 175, 0, 30.03%, 0, 0, 25, 58.18, 2557265, 804, 0, 0
84638, 2, 1251, 1411, 175, 0, 30.03%, 0, 0, 25, 57.67, 2557564, 804, 0, 0
84643, 2, 1251, 1411, 175, 0, 30.03%, 0, 0, 25, 57.93, 2557864, 804, 0, 0
84648, 2, 1251, 1411, 175, 0, 30.03%, 0, 0, 25, 57.70, 2558164, 804, 0, 0
84654, 2, 1251, 1411, 175, 0, 30.03%, 0, 0, 25, 57.07, 2558457, 804, 0, 0
84659, 2, 786, 1411, 174, 0, 30.03%, 0, 0, 25, 61.67, 2558774, 804, 0, 0
84664, 2, 1227, 1411, 174, 0, 30.03%, 0, 0, 25, 59.76, 2559082, 804, 0, 0
84669, 2, 1026, 1411, 174, 0, 30.03%, 0, 0, 25, 63.80, 2559404, 804, 0, 0
84674, 2, 1026, 1411, 174, 0, 30.03%, 0, 0, 25, 66.80, 2559751, 804, 0, 0
84679, 2, 1026, 1411, 174, 0, 30.03%, 0, 0, 25, 68.24, 2560100, 804, 0, 0
84684, 2, 1026, 1411, 174, 0, 30.03%, 0, 0, 25, 68.68, 2560450, 804, 0, 0
84689, 2, 1026, 1411, 174, 0, 30.03%, 0, 0, 25, 69.07, 2560800, 804, 0, 0
84694, 2, 473, 1411, 173, 0, 30.03%, 0, 0, 25, 80.58, 2561199, 804, 0, 0
84699, 2, 648, 1411, 173, 0, 30.03%, 0, 0, 25, 90.67, 2561683, 804, 0, 0
84705, 2, 1206, 1411, 173, 0, 30.03%, 0, 0, 25, 86.27, 2562127, 804, 0, 0
84710, 2, 1206, 1411, 173, 0, 30.03%, 0, 0, 25, 76.70, 2562509, 804, 0, 0
84715, 2, 1206, 1411, 173, 0, 30.03%, 0, 0, 25, 74.30, 2562883, 804, 0, 0
84720, 2, 1206, 1411, 173, 0, 30.03%, 0, 0, 25, 74.03, 2563261, 804, 0, 0
84725, 2, 1206, 1411, 173, 0, 30.03%, 0, 0, 25, 74.94, 2563641, 804, 0, 0
84730, 2, 1206, 1411, 173, 0, 30.03%, 0, 0, 25, 75.15, 2564023, 804, 0, 0
84735, 2, 1033, 1411, 172, 0, 30.03%, 0, 0, 25, 68.44, 2564373, 804, 0, 0
84740, 2, 1378, 1411, 172, 0, 30.03%, 0, 0, 25, 57.13, 2564659, 804, 0, 0
84745, 2, 1378, 1411, 172, 0, 30.03%, 0, 0, 25, 52.84, 2564922, 804, 0, 0
84751, 2, 1378, 1411, 172, 0, 30.03%, 0, 0, 25, 51.37, 2565185, 804, 0, 0
84756, 2, 1378, 1411, 172, 0, 30.03%, 0, 0, 25, 50.80, 2565447, 804, 0, 0
84763, 2, 1378, 1411, 172, 0, 30.03%, 0, 0, 25, 51.61, 2565801, 804, 0, 0
84768, 2, 1378, 1411, 172, 0, 30.03%, 0, 0, 25, 50.98, 2566063, 804, 0, 0
84773, 2, 531, 1411, 171, 0, 30.03%, 0, 0, 25, 77.59, 2566470, 804, 0, 0
84778, 2, 531, 1411, 171, 0, 30.03%, 0, 0, 25, 91.44, 2566955, 804, 0, 0
84783, 2, 531, 1411, 171, 0, 30.03%, 0, 0, 25, 93.56, 2567440, 804, 0, 0
84788, 2, 531, 1411, 171, 0, 30.03%, 0, 0, 25, 93.44, 2567911, 804, 0, 0
84793, 2, 1169, 1411, 170, 0, 30.03%, 0, 0, 25, 75.66, 2568309, 804, 0, 0
84798, 2, 1298, 1411, 170, 0, 30.03%, 0, 0, 25, 59.28, 2568595, 804, 0, 0
84803, 2, 1235, 1411, 170, 0, 30.03%, 0, 0, 25, 71.47, 2568962, 804, 0, 0
84809, 2, 492, 1411, 170, 0, 30.03%, 0, 0, 25, 71.85, 2569302, 804, 0, 0
84814, 2, 1103, 1411, 170, 0, 30.03%, 0, 0, 25, 71.59, 2569698, 804, 0, 0
84819, 2, 608, 1411, 170, 0, 30.03%, 0, 0, 25, 77.10, 2570098, 804, 0, 0
84824, 2, 1408, 1411, 170, 0, 30.03%, 0, 0, 25, 57.24, 2570401, 804, 0, 0
84829, 2, 1408, 1411, 170, 0, 30.03%, 0, 0, 25, 50.62, 2570649, 804, 0, 0
84834, 2, 1408, 1411, 170, 0, 30.03%, 0, 0, 25, 49.10, 2570899, 804, 0, 0
84839, 2, 1408, 1411, 170, 0, 30.03%, 0, 0, 25, 48.33, 2571148, 804, 0, 0
84845, 2, 1408, 1411, 170, 0, 30.03%, 0, 0, 25, 48.61, 2571398, 804, 0, 0
84850, 2, 1408, 1411, 170, 0, 30.03%, 0, 0, 25, 48.80, 2571645, 804, 0, 0
84855, 2, 1408, 1411, 170, 0, 30.03%, 0, 0, 25, 48.29, 2571895, 804, 0, 0
84860, 2, 1353, 1411, 169, 0, 30.03%, 0, 0, 25, 54.01, 2572196, 804, 0, 0
84865, 2, 1352, 1411, 169, 0, 30.03%, 0, 0, 25, 49.47, 2572448, 804, 0, 0
84870, 2, 390, 1411, 169, 0, 30.03%, 0, 0, 25, 72.29, 2572798, 804, 0, 0
84875, 2, 1244, 1411, 169, 0, 30.03%, 0, 0, 25, 63.77, 2573139, 804, 0, 0
84880, 2, 1244, 1411, 169, 0, 30.03%, 0, 0, 25, 58.81, 2573425, 804, 0, 0
84886, 2, 1244, 1411, 169, 0, 30.03%, 0, 0, 25, 58.31, 2573724, 804, 0, 0
84891, 2, 1244, 1411, 169, 0, 30.03%, 0, 0, 25, 57.84, 2574022, 804, 0, 0
84896, 2, 1244, 1411, 169, 0, 30.03%, 0, 0, 25, 58.04, 2574321, 804, 0, 0
84902, 2, 1244, 1411, 169, 0, 30.03%, 0, 0, 25, 58.64, 2574678, 804, 0, 0
84907, 2, 1244, 1411, 169, 0, 30.03%, 0, 0, 25, 56.51, 2574970, 804, 0, 0
84912, 2, 891, 1411, 168, 0, 30.03%, 0, 0, 25, 64.85, 2575312, 804, 0, 0
84917, 2, 891, 1411, 168, 0, 30.03%, 0, 0, 25, 67.41, 2575659, 804, 0, 0
84923, 2, 891, 1411, 168, 0, 30.03%, 0, 0, 25, 67.53, 2576009, 804, 0, 0
84929, 2, 891, 1411, 168, 0, 30.03%, 0, 0, 25, 69.05, 2576471, 804, 0, 0
84935, 2, 867, 1411, 167, 0, 30.03%, 0, 0, 25, 67.94, 2576821, 804, 0, 0
84940, 2, 867, 1411, 167, 0, 30.03%, 0, 0, 25, 68.64, 2577170, 804, 0, 0
84945, 2, 867, 1411, 167, 0, 30.03%, 0, 0, 25, 68.40, 2577520, 804, 0, 0
84950, 2, 867, 1411, 167, 0, 30.03%, 0, 0, 25, 69.19, 2577872, 804, 0, 0
84955, 2, 867, 1411, 167, 0, 30.03%, 0, 0, 25, 69.23, 2578248, 804, 0, 0
84960, 2, 1324, 1411, 166, 0, 30.03%, 0, 0, 25, 70.02, 2578602, 804, 0, 0
84965, 2, 1324, 1411, 166, 0, 30.03%, 0, 0, 25, 71.14, 2578970, 804, 0, 0
84970, 2, 1324, 1411, 166, 0, 30.03%, 0, 0, 25, 71.87, 2579330, 804, 0, 0
84975, 2, 1324, 1411, 166, 0, 30.03%, 0, 0, 25, 71.54, 2579688, 804, 0, 0
84980, 2, 1324, 1411, 166, 0, 30.03%, 0, 0, 25, 71.27, 2580049, 804, 0, 0
84986, 2, 1178, 1411, 165, 0, 30.03%, 0, 0, 25, 72.75, 2580445, 804, 0, 0
84991, 2, 521, 1411, 165, 0, 30.03%, 0, 0, 25, 77.16, 2580811, 804, 0, 0
84996, 2, 1286, 1411, 165, 0, 30.03%, 0, 0, 25, 68.34, 2581190, 804, 0, 0
85001, 2, 1282, 1411, 165, 0, 30.03%, 0, 0, 25, 57.07, 2581462, 804, 0, 0
85006, 2, 1209, 1411, 165, 0, 30.03%, 0, 0, 25, 56.67, 2581752, 804, 0, 0
85011, 2, 766, 1411, 165, 0, 30.03%, 0, 0, 25, 69.00, 2582125, 804, 0, 0
85016, 2, 777, 1411, 165, 0, 30.03%, 0, 0, 25, 73.87, 2582514, 804, 0, 0
85021, 2, 777, 1411, 165, 0, 30.03%, 0, 0, 25, 69.83, 2582864, 804, 0, 0
85027, 2, 777, 1411, 165, 0, 30.03%, 0, 0, 25, 68.86, 2583215, 804, 0, 0
85032, 2, 777, 1411, 165, 0, 30.03%, 0, 0, 25, 68.60, 2583564, 804, 0, 0
85037, 2, 777, 1411, 165, 0, 30.03%, 0, 0, 25, 68.45, 2583913, 804, 0, 0
85042, 2, 564, 1411, 164, 0, 30.03%, 0, 0, 25, 72.01, 2584280, 804, 0, 0
85047, 2, 564, 1411, 164, 0, 30.03%, 0, 0, 25, 75.85, 2584679, 804, 0, 0
85052, 2, 564, 1411, 164, 0, 30.03%, 0, 0, 25, 76.75, 2585078, 804, 0, 0
85058, 2, 564, 1411, 164, 0, 30.03%, 0, 0, 25, 76.41, 2585476, 804, 0, 0
85063, 2, 564, 1411, 164, 0, 30.03%, 0, 0, 25, 76.81, 2585875, 804, 0, 0
85068, 2, 564, 1411, 164, 0, 30.03%, 0, 0, 25, 76.89, 2586273, 804, 0, 0
85073, 2, 564, 1411, 164, 0, 30.03%, 0, 0, 25, 75.96, 2586653, 804, 0, 0
85078, 2, 564, 1411, 164, 0, 30.03%, 0, 0, 25, 75.86, 2587030, 804, 0, 0
85083, 2, 564, 1411, 164, 0, 30.03%, 0, 0, 25, 77.15, 2587429, 804, 0, 0
85088, 2, 564, 1411, 164, 0, 30.03%, 0, 0, 25, 76.72, 2587827, 804, 0, 0
85093, 2, 564, 1411, 164, 0, 30.03%, 0, 0, 25, 76.70, 2588227, 804, 0, 0
85099, 2, 564, 1411, 164, 0, 30.03%, 0, 0, 25, 76.91, 2588626, 804, 0, 0
85104, 2, 564, 1411, 164, 0, 30.03%, 0, 0, 25, 76.77, 2589025, 804, 0, 0
85109, 2, 564, 1411, 164, 0, 30.03%, 0, 0, 25, 76.61, 2589423, 804, 0, 0
85114, 2, 564, 1411, 164, 0, 30.03%, 0, 0, 25, 76.64, 2589821, 804, 0, 0
85119, 2, 564, 1411, 164, 0, 30.03%, 0, 0, 25, 70.79, 2590176, 804, 0, 0
85125, 2, 564, 1411, 164, 0, 30.03%, 0, 0, 25, 76.00, 2590573, 804, 0, 0
85130, 2, 564, 1411, 164, 0, 30.03%, 0, 0, 25, 76.32, 2590956, 804, 0, 0
85135, 2, 564, 1411, 164, 0, 30.03%, 0, 0, 25, 76.50, 2591354, 804, 0, 0
85140, 2, 564, 1411, 164, 0, 30.03%, 0, 0, 25, 76.69, 2591738, 804, 0, 0
85145, 2, 564, 1411, 164, 0, 30.03%, 0, 0, 25, 77.36, 2592136, 804, 0, 0
85150, 2, 564, 1411, 164, 0, 30.03%, 0, 0, 25, 76.96, 2592534, 804, 0, 0
85155, 2, 564, 1411, 164, 0, 30.03%, 0, 0, 25, 76.14, 2592915, 804, 0, 0
85160, 2, 564, 1411, 164, 0, 30.03%, 0, 0, 25, 76.97, 2593315, 804, 0, 0
85166, 2, 564, 1411, 164, 0, 30.03%, 0, 0, 25, 76.67, 2593713, 804, 0, 0
85171, 2, 564, 1411, 164, 0, 30.03%, 0, 0, 25, 76.90, 2594112, 804, 0, 0
85176, 2, 564, 1411, 164, 0, 30.03%, 0, 0, 25, 77.67, 2594511, 804, 0, 0
85181, 2, 564, 1411, 164, 0, 30.03%, 0, 0, 25, 76.42, 2594907, 804, 0, 0
85186, 2, 564, 1411, 164, 0, 30.03%, 0, 0, 25, 75.78, 2595301, 804, 0, 0
85191, 2, 564, 1411, 164, 0, 30.03%, 0, 0, 25, 76.03, 2595697, 804, 0, 0
85197, 2, 1101, 1411, 164, 0, 30.03%, 0, 0, 25, 67.35, 2596038, 804, 0, 0
85202, 2, 1101, 1411, 164, 0, 30.03%, 0, 0, 25, 65.33, 2596371, 804, 0, 0
85207, 2, 1101, 1411, 164, 0, 30.03%, 0, 0, 25, 64.90, 2596702, 804, 0, 0
85212, 2, 1101, 1411, 164, 0, 30.03%, 0, 0, 25, 64.72, 2597030, 804, 0, 0
85217, 2, 1101, 1411, 164, 0, 30.03%, 0, 0, 25, 64.40, 2597360, 804, 0, 0
85222, 2, 1101, 1411, 164, 0, 30.03%, 0, 0, 25, 64.53, 2597690, 804, 0, 0
85227, 2, 1101, 1411, 164, 0, 30.03%, 0, 0, 25, 64.03, 2598010, 804, 0, 0
85232, 2, 1207, 1411, 163, 0, 30.03%, 0, 0, 25, 67.32, 2598362, 804, 0, 0
85237, 2, 1207, 1411, 163, 0, 30.03%, 0, 0, 25, 59.69, 2598662, 804, 0, 0
85243, 2, 1207, 1411, 163, 0, 30.03%, 0, 0, 25, 58.60, 2598962, 804, 0, 0
85248, 2, 1207, 1411, 163, 0, 30.03%, 0, 0, 25, 58.29, 2599262, 804, 0, 0
85253, 2, 1207, 1411, 163, 0, 30.03%, 0, 0, 25, 57.83, 2599559, 804, 0, 0
85258, 2, 1207, 1411, 163, 0, 30.03%, 0, 0, 25, 58.45, 2599859, 804, 0, 0
85263, 2, 1207, 1411, 163, 0, 30.03%, 0, 0, 25, 57.93, 2600159, 804, 0, 0
85268, 2, 705, 1411, 162, 0, 30.03%, 0, 0, 25, 65.91, 2600483, 804, 0, 0
85273, 2, 894, 1411, 162, 0, 30.03%, 0, 0, 25, 74.91, 2600897, 804, 0, 0
85278, 2, 894, 1411, 162, 0, 30.03%, 0, 0, 25, 70.31, 2601246, 804, 0, 0
85283, 2, 894, 1411, 162, 0, 30.03%, 0, 0, 25, 68.89, 2601595, 804, 0, 0
85289, 2, 894, 1411, 162, 0, 30.03%, 0, 0, 25, 69.36, 2601945, 804, 0, 0
85294, 2, 894, 1411, 162, 0, 30.03%, 0, 0, 25, 69.26, 2602307, 804, 0, 0
85299, 2, 1294, 1411, 161, 0, 30.03%, 0, 0, 25, 66.00, 2602647, 804, 0, 0
85304, 2, 308, 1411, 161, 0, 30.03%, 0, 0, 25, 63.59, 2602954, 804, 0, 0
85309, 2, 1032, 1411, 161, 0, 30.03%, 0, 0, 25, 85.55, 2603443, 804, 0, 0
85314, 2, 1248, 1411, 161, 0, 30.03%, 0, 0, 25, 67.04, 2603763, 804, 0, 0
85319, 2, 541, 1411, 161, 0, 30.03%, 0, 0, 25, 75.01, 2604109, 804, 0, 0
85324, 2, 541, 1411, 161, 0, 30.03%, 0, 0, 25, 99.40, 2604650, 804, 0, 0
85330, 2, 541, 1411, 161, 0, 30.03%, 0, 0, 25, 102.95, 2605196, 804, 0, 0
85335, 2, 1264, 1411, 160, 0, 30.03%, 0, 0, 25, 68.70, 2605534, 804, 0, 0
85340, 2, 1264, 1411, 160, 0, 30.03%, 0, 0, 25, 57.00, 2605809, 804, 0, 0
85345, 2, 1264, 1411, 160, 0, 30.03%, 0, 0, 25, 54.17, 2606083, 804, 0, 0
85350, 2, 1264, 1411, 160, 0, 30.03%, 0, 0, 25, 53.76, 2606358, 804, 0, 0
85355, 2, 1264, 1411, 160, 0, 30.03%, 0, 0, 25, 53.24, 2606632, 804, 0, 0
85360, 2, 456, 1411, 159, 0, 30.03%, 0, 0, 25, 77.29, 2607012, 804, 0, 0
85365, 2, 456, 1411, 159, 0, 30.03%, 0, 0, 25, 90.59, 2607520, 804, 0, 0
85371, 2, 1052, 1411, 158, 0, 30.03%, 0, 0, 25, 78.81, 2607936, 804, 0, 0
85376, 2, 1052, 1411, 158, 0, 30.03%, 0, 0, 25, 70.10, 2608285, 804, 0, 0
85381, 2, 1052, 1411, 158, 0, 30.03%, 0, 0, 25, 68.47, 2608635, 804, 0, 0
85386, 2, 1052, 1411, 158, 0, 30.03%, 0, 0, 25, 67.60, 2608984, 804, 0, 0
85391, 2, 1052, 1411, 158, 0, 30.03%, 0, 0, 25, 67.13, 2609329, 804, 0, 0
85396, 2, 1000, 1411, 157, 0, 30.03%, 0, 0, 25, 67.05, 2609678, 804, 0, 0
85401, 2, 1089, 1411, 157, 0, 30.03%, 0, 0, 25, 79.91, 2610099, 804, 0, 0
85407, 2, 1089, 1411, 157, 0, 30.03%, 0, 0, 25, 75.31, 2610459, 804, 0, 0
85412, 2, 1397, 1411, 157, 0, 30.03%, 0, 0, 25, 76.08, 2610824, 804, 0, 0
85417, 2, 1397, 1411, 157, 0, 30.03%, 0, 0, 25, 56.30, 2611088, 804, 0, 0
85422, 2, 1397, 1411, 157, 0, 30.03%, 0, 0, 25, 52.18, 2611349, 804, 0, 0
85427, 2, 1186, 1411, 157, 0, 30.03%, 0, 0, 25, 56.34, 2611641, 804, 0, 0
85432, 2, 686, 1411, 157, 0, 30.03%, 0, 0, 25, 66.14, 2611980, 804, 0, 0
85437, 2, 723, 1411, 157, 0, 30.03%, 0, 0, 25, 68.08, 2612325, 804, 0, 0
85442, 2, 723, 1411, 157, 0, 30.03%, 0, 0, 25, 74.39, 2612707, 804, 0, 0
85447, 2, 723, 1411, 157, 0, 30.03%, 0, 0, 25, 73.96, 2613082, 804, 0, 0
85453, 2, 723, 1411, 157, 0, 30.03%, 0, 0, 25, 76.25, 2613479, 804, 0, 0
85458, 2, 723, 1411, 157, 0, 30.03%, 0, 0, 25, 76.74, 2613878, 804, 0, 0
85463, 2, 165, 1411, 156, 0, 30.03%, 0, 0, 25, 78.00, 2614278, 804, 0, 0
85468, 2, 872, 1411, 156, 0, 30.03%, 0, 0, 25, 85.75, 2614762, 804, 0, 0
85473, 2, 872, 1411, 156, 0, 30.03%, 0, 0, 25, 72.52, 2615119, 804, 0, 0
85478, 2, 872, 1411, 156, 0, 30.03%, 0, 0, 25, 69.69, 2615470, 804, 0, 0
85483, 2, 872, 1411, 156, 0, 30.03%, 0, 0, 25, 69.39, 2615825, 804, 0, 0
85489, 2, 872, 1411, 156, 0, 30.03%, 0, 0, 25, 68.82, 2616178, 804, 0, 0
85494, 2, 677, 1411, 155, 0, 30.03%, 0, 0, 25, 71.73, 2616540, 804, 0, 0
85499, 2, 1071, 1411, 155, 0, 30.03%, 0, 0, 25, 69.36, 2616902, 804, 0, 0
85504, 2, 1028, 1411, 155, 0, 30.03%, 0, 0, 25, 68.28, 2617251, 804, 0, 0
85509, 2, 1028, 1411, 155, 0, 30.03%, 0, 0, 25, 67.19, 2617596, 804, 0, 0
85514, 2, 1028, 1411, 155, 0, 30.03%, 0, 0, 25, 67.47, 2617945, 804, 0, 0
85519, 2, 1028, 1411, 155, 0, 30.03%, 0, 0, 25, 67.48, 2618293, 804, 0, 0
85525, 2, 1028, 1411, 155, 0, 30.03%, 0, 0, 25, 67.50, 2618637, 804, 0, 0
85530, 2, 1201, 1411, 154, 0, 30.03%, 0, 0, 25, 65.65, 2618980, 804, 0, 0
85535, 2, 1201, 1411, 154, 0, 30.03%, 0, 0, 25, 58.66, 2619273, 804, 0, 0
85540, 2, 909, 1411, 154, 0, 30.03%, 0, 0, 25, 79.83, 2619707, 804, 0, 0
85545, 2, 909, 1411, 154, 0, 30.03%, 0, 0, 25, 70.01, 2620059, 804, 0, 0
85550, 2, 909, 1411, 154, 0, 30.03%, 0, 0, 25, 67.55, 2620402, 804, 0, 0
85555, 2, 909, 1411, 154, 0, 30.03%, 0, 0, 25, 67.69, 2620752, 804, 0, 0
85561, 2, 909, 1411, 154, 0, 30.03%, 0, 0, 25, 68.07, 2621123, 804, 0, 0
85566, 2, 553, 1411, 153, 0, 30.03%, 0, 0, 25, 74.07, 2621494, 804, 0, 0
85571, 2, 502, 1411, 153, 0, 30.03%, 0, 0, 25, 92.88, 2621990, 804, 0, 0
85576, 2, 1169, 1411, 153, 0, 30.03%, 0, 0, 25, 80.69, 2622428, 804, 0, 0
85581, 2, 507, 1411, 153, 0, 30.03%, 0, 0, 25, 88.68, 2622854, 804, 0, 0
85587, 2, 757, 1411, 153, 0, 30.03%, 0, 0, 25, 81.71, 2623273, 804, 0, 0
85592, 2, 757, 1411, 153, 0, 30.03%, 0, 0, 25, 78.39, 2623672, 804, 0, 0
85597, 2, 757, 1411, 153, 0, 30.03%, 0, 0, 25, 77.23, 2624072, 804, 0, 0
85602, 2, 757, 1411, 153, 0, 30.03%, 0, 0, 25, 77.46, 2624469, 804, 0, 0
85607, 2, 757, 1411, 153, 0, 30.03%, 0, 0, 25, 77.25, 2624865, 804, 0, 0
85612, 2, 1137, 1411, 152, 0, 30.03%, 0, 0, 25, 68.64, 2625226, 804, 0, 0
85617, 2, 676, 1411, 152, 0, 30.03%, 0, 0, 25, 76.57, 2625613, 804, 0, 0
85623, 2, 676, 1411, 152, 0, 30.03%, 0, 0, 25, 76.65, 2626012, 804, 0, 0
85628, 2, 676, 1411, 152, 0, 30.03%, 0, 0, 25, 76.26, 2626409, 804, 0, 0
85633, 2, 676, 1411, 152, 0, 30.03%, 0, 0, 25, 76.48, 2626807, 804, 0, 0
85639, 2, 676, 1411, 152, 0, 30.03%, 0, 0, 25, 75.10, 2627291, 804, 0, 0
85645, 2, 889, 1411, 151, 0, 30.03%, 0, 0, 25, 77.92, 2627699, 804, 0, 0
85650, 2, 105, 1411, 151, 0, 30.03%, 0, 0, 25, 85.48, 2628118, 804, 0, 0
85655, 2, 1089, 1411, 151, 0, 30.03%, 0, 0, 25, 70.23, 2628471, 804, 0, 0
85660, 2, 764, 1411, 151, 0, 30.03%, 0, 0, 25, 69.20, 2628824, 804, 0, 0
85665, 2, 764, 1411, 151, 0, 30.03%, 0, 0, 25, 68.33, 2629173, 804, 0, 0
85670, 2, 764, 1411, 151, 0, 30.03%, 0, 0, 25, 69.39, 2629527, 804, 0, 0
85676, 2, 764, 1411, 151, 0, 30.03%, 0, 0, 25, 69.40, 2629969, 804, 0, 0
85682, 2, 220, 1411, 150, 0, 30.03%, 0, 0, 25, 76.58, 2630345, 804, 0, 0
85687, 2, 1276, 1411, 150, 0, 30.03%, 0, 0, 25, 64.84, 2630686, 804, 0, 0
85692, 2, 684, 1411, 150, 0, 30.03%, 0, 0, 25, 74.94, 2631080, 804, 0, 0
85697, 2, 435, 1411, 150, 0, 30.03%, 0, 0, 25, 90.33, 2631541, 804, 0, 0
85702, 2, 435, 1411, 150, 0, 30.03%, 0, 0, 25, 95.86, 2632041, 804, 0, 0
85707, 2, 845, 1411, 149, 0, 30.03%, 0, 0, 25, 78.12, 2632435, 804, 0, 0
85712, 2, 845, 1411, 149, 0, 30.03%, 0, 0, 25, 70.46, 2632786, 804, 0, 0
85717, 2, 845, 1411, 149, 0, 30.03%, 0, 0, 25, 69.43, 2633139, 804, 0, 0
85722, 2, 845, 1411, 149, 0, 30.03%, 0, 0, 25, 68.74, 2633489, 804, 0, 0
85727, 2, 845, 1411, 149, 0, 30.03%, 0, 0, 25, 68.25, 2633839, 804, 0, 0
85733, 2, 972, 1411, 148, 0, 30.03%, 0, 0, 25, 65.99, 2634180, 804, 0, 0
85738, 2, 587, 1411, 148, 0, 30.03%, 0, 0, 25, 74.90, 2634569, 804, 0, 0
85743, 2, 587, 1411, 148, 0, 30.03%, 0, 0, 25, 77.33, 2634969, 804, 0, 0
85748, 2, 587, 1411, 148, 0, 30.03%, 0, 0, 25, 76.88, 2635367, 804, 0, 0
85753, 2, 587, 1411, 148, 0, 30.03%, 0, 0, 25, 76.43, 2635765, 804, 0, 0
85758, 2, 587, 1411, 148, 0, 30.03%, 0, 0, 25, 76.14, 2636156, 804, 0, 0
85764, 2, 1197, 1411, 147, 0, 30.03%, 0, 0, 25, 63.49, 2636484, 804, 0, 0
85769, 2, 1010, 1411, 147, 0, 30.03%, 0, 0, 25, 66.16, 2636819, 804, 0, 0
85774, 2, 1405, 1411, 147, 0, 30.03%, 0, 0, 25, 53.27, 2637085, 804, 0, 0
85779, 2, 1271, 1411, 147, 0, 30.03%, 0, 0, 25, 53.63, 2637351, 804, 0, 0
85784, 2, 1276, 1411, 147, 0, 30.03%, 0, 0, 25, 61.29, 2637672, 804, 0, 0
85789, 2, 1095, 1411, 147, 0, 30.03%, 0, 0, 25, 61.54, 2637977, 804, 0, 0
85794, 2, 758, 1411, 147, 0, 30.03%, 0, 0, 25, 69.84, 2638329, 804, 0, 0
85799, 2, 900, 1411, 147, 0, 30.03%, 0, 0, 25, 72.90, 2638717, 804, 0, 0
85804, 2, 900, 1411, 147, 0, 30.03%, 0, 0, 25, 69.22, 2639067, 804, 0, 0
85810, 2, 900, 1411, 147, 0, 30.03%, 0, 0, 25, 68.29, 2639416, 804, 0, 0
85815, 2, 900, 1411, 147, 0, 30.03%, 0, 0, 25, 67.86, 2639766, 804, 0, 0
85820, 2, 900, 1411, 147, 0, 30.03%, 0, 0, 25, 68.51, 2640153, 804, 0, 0
85825, 2, 1168, 1411, 146, 0, 30.03%, 0, 0, 25, 66.21, 2640495, 804, 0, 0
85831, 2, 656, 1411, 146, 0, 30.03%, 0, 0, 25, 63.75, 2640807, 804, 0, 0
85836, 2, 804, 1411, 146, 0, 30.03%, 0, 0, 25, 70.43, 2641174, 804, 0, 0
85841, 2, 804, 1411, 146, 0, 30.03%, 0, 0, 25, 69.85, 2641535, 804, 0, 0
85846, 2, 804, 1411, 146, 0, 30.03%, 0, 0, 25, 68.10, 2641882, 804, 0, 0
85851, 2, 804, 1411, 146, 0, 30.03%, 0, 0, 25, 68.04, 2642229, 804, 0, 0
85856, 2, 804, 1411, 146, 0, 30.03%, 0, 0, 25, 68.50, 2642577, 804, 0, 0
85861, 2, 754, 1411, 145, 0, 30.03%, 0, 0, 25, 73.64, 2642958, 804, 0, 0
85866, 2, 1244, 1411, 145, 0, 30.03%, 0, 0, 25, 61.71, 2643271, 804, 0, 0
85871, 2, 1219, 1411, 145, 0, 30.03%, 0, 0, 25, 57.38, 2643553, 804, 0, 0
85877, 2, 734, 1411, 145, 0, 30.03%, 0, 0, 25, 70.81, 2643929, 804, 0, 0
85882, 2, 1382, 1411, 145, 0, 30.03%, 0, 0, 25, 77.66, 2644361, 804, 0, 0
85887, 2, 1116, 1411, 145, 0, 30.03%, 0, 0, 25, 57.57, 2644627, 804, 0, 0
85892, 2, 1116, 1411, 145, 0, 30.03%, 0, 0, 25, 63.77, 2644957, 804, 0, 0
85897, 2, 1116, 1411, 145, 0, 30.03%, 0, 0, 25, 65.71, 2645300, 804, 0, 0
85902, 2, 1116, 1411, 145, 0, 30.03%, 0, 0, 25, 65.57, 2645631, 804, 0, 0
85907, 2, 1116, 1411, 145, 0, 30.03%, 0, 0, 25, 65.20, 2645957, 804, 0, 0
85912, 2, 1116, 1411, 145, 0, 30.03%, 0, 0, 25, 65.42, 2646288, 804, 0, 0
85917, 2, 1116, 1411, 145, 0, 30.03%, 0, 0, 25, 65.61, 2646618, 804, 0, 0
85922, 2, 567, 1411, 144, 0, 30.03%, 0, 0, 25, 69.41, 2646964, 804, 0, 0
85927, 2, 457, 1411, 144, 0, 30.03%, 0, 0, 25, 90.47, 2647444, 804, 0, 0
85933, 2, 856, 1411, 144, 0, 30.03%, 0, 0, 25, 74.11, 2647807, 804, 0, 0
85938, 2, 856, 1411, 144, 0, 30.03%, 0, 0, 25, 70.11, 2648162, 804, 0, 0
85943, 2, 856, 1411, 144, 0, 30.03%, 0, 0, 25, 67.84, 2648506, 804, 0, 0
85949, 2, 856, 1411, 144, 0, 30.03%, 0, 0, 25, 69.32, 2648968, 804, 0, 0
85955, 2, 1371, 1411, 143, 0, 30.03%, 0, 0, 25, 65.13, 2649307, 804, 0, 0
85960, 2, 1371, 1411, 143, 0, 30.03%, 0, 0, 25, 52.74, 2649559, 804, 0, 0
85965, 2, 819, 1411, 143, 0, 30.03%, 0, 0, 25, 63.44, 2649903, 804, 0, 0
85970, 2, 819, 1411, 143, 0, 30.03%, 0, 0, 25, 66.46, 2650253, 804, 0, 0
85975, 2, 819, 1411, 143, 0, 30.03%, 0, 0, 25, 67.24, 2650602, 804, 0, 0
85980, 2, 819, 1411, 143, 0, 30.03%, 0, 0, 25, 67.29, 2650951, 804, 0, 0
85987, 2, 819, 1411, 143, 0, 30.03%, 0, 0, 25, 67.29, 2651369, 804, 0, 0
85992, 2, 1212, 1411, 142, 0, 30.03%, 0, 0, 25, 65.37, 2651697, 804, 0, 0
85997, 2, 869, 1411, 142, 0, 30.03%, 0, 0, 25, 60.85, 2652002, 804, 0, 0
86002, 2, 869, 1411, 142, 0, 30.03%, 0, 0, 25, 66.81, 2652353, 804, 0, 0
86007, 2, 869, 1411, 142, 0, 30.03%, 0, 0, 25, 68.77, 2652707, 804, 0, 0
86012, 2, 869, 1411, 142, 0, 30.03%, 0, 0, 25, 68.91, 2653061, 804, 0, 0
86018, 2, 869, 1411, 142, 0, 30.03%, 0, 0, 25, 69.25, 2653444, 804, 0, 0
86023, 2, 505, 1411, 141, 0, 30.03%, 0, 0, 25, 74.10, 2653816, 804, 0, 0
86028, 2, 694, 1411, 141, 0, 30.03%, 0, 0, 25, 89.12, 2654302, 804, 0, 0
86033, 2, 939, 1411, 141, 0, 30.03%, 0, 0, 25, 72.64, 2654652, 804, 0, 0
86038, 2, 939, 1411, 141, 0, 30.03%, 0, 0, 25, 68.48, 2655002, 804, 0, 0
86043, 2, 939, 1411, 141, 0, 30.03%, 0, 0, 25, 66.31, 2655334, 804, 0, 0
86048, 2, 939, 1411, 141, 0, 30.03%, 0, 0, 25, 66.01, 2655667, 804, 0, 0
86053, 2, 939, 1411, 141, 0, 30.03%, 0, 0, 25, 66.46, 2656002, 804, 0, 0
86059, 2, 939, 1411, 141, 0, 30.03%, 0, 0, 25, 66.03, 2656360, 804, 0, 0
86064, 2, 320, 1411, 140, 0, 30.03%, 0, 0, 25, 70.73, 2656708, 804, 0, 0
86069, 2, 1024, 1411, 140, 0, 30.03%, 0, 0, 25, 77.19, 2657137, 804, 0, 0
86074, 2, 1024, 1411, 140, 0, 30.03%, 0, 0, 25, 70.51, 2657487, 804, 0, 0
86079, 2, 1024, 1411, 140, 0, 30.03%, 0, 0, 25, 68.20, 2657835, 804, 0, 0
86084, 2, 1024, 1411, 140, 0, 30.03%, 0, 0, 25, 68.28, 2658185, 804, 0, 0
86089, 2, 1024, 1411, 140, 0, 30.03%, 0, 0, 25, 68.70, 2658535, 804, 0, 0
86095, 2, 517, 1411, 139, 0, 30.03%, 0, 0, 25, 74.16, 2658905, 804, 0, 0
86100, 2, 517, 1411, 139, 0, 30.03%, 0, 0, 25, 92.35, 2659405, 804, 0, 0
86105, 2, 517, 1411, 139, 0, 30.03%, 0, 0, 25, 95.23, 2659898, 804, 0, 0
86110, 2, 517, 1411, 139, 0, 30.03%, 0, 0, 25, 94.79, 2660380, 804, 0, 0
86115, 2, 1397, 1411, 138, 0, 30.03%, 0, 0, 25, 65.53, 2660702, 804, 0, 0
86120, 2, 715, 1411, 138, 0, 30.03%, 0, 0, 25, 83.46, 2661113, 804, 0, 0
86125, 2, 656, 1411, 138, 0, 30.03%, 0, 0, 25, 76.85, 2661503, 804, 0, 0
86131, 2, 429, 1411, 138, 0, 30.03%, 0, 0, 25, 95.30, 2662014, 804, 0, 0
86136, 2, 1405, 1411, 138, 0, 30.03%, 0, 0, 25, 61.44, 2662313, 804, 0, 0
86141, 2, 539, 1411, 138, 0, 30.03%, 0, 0, 25, 80.14, 2662708, 804, 0, 0
86146, 2, 764, 1411, 138, 0, 30.03%, 0, 0, 25, 80.63, 2663150, 804, 0, 0
86151, 2, 1197, 1411, 138, 0, 30.03%, 0, 0, 25, 65.11, 2663473, 804, 0, 0
86156, 2, 678, 1411, 138, 0, 30.03%, 0, 0, 25, 70.32, 2663825, 804, 0, 0
86161, 2, 678, 1411, 138, 0, 30.03%, 0, 0, 25, 75.58, 2664224, 804, 0, 0
86167, 2, 678, 1411, 138, 0, 30.03%, 0, 0, 25, 76.77, 2664623, 804, 0, 0
86172, 2, 678, 1411, 138, 0, 30.03%, 0, 0, 25, 76.19, 2665003, 804, 0, 0
86177, 2, 678, 1411, 138, 0, 30.03%, 0, 0, 25, 76.32, 2665433, 804, 0, 0
86182, 2, 1058, 1411, 137, 0, 30.03%, 0, 0, 25, 71.26, 2665807, 804, 0, 0
86188, 2, 1058, 1411, 137, 0, 30.03%, 0, 0, 25, 68.08, 2666157, 804, 0, 0
86193, 2, 1058, 1411, 137, 0, 30.03%, 0, 0, 25, 68.12, 2666507, 804, 0, 0
86198, 2, 1058, 1411, 137, 0, 30.03%, 0, 0, 25, 66.93, 2666855, 804, 0, 0
86203, 2, 1058, 1411, 137, 0, 30.03%, 0, 0, 25, 67.16, 2667197, 804, 0, 0
86209, 2, 355, 1411, 136, 0, 30.03%, 0, 0, 25, 68.85, 2667629, 804, 0, 0
86214, 2, 789, 1411, 136, 0, 30.03%, 0, 0, 25, 74.23, 2668047, 804, 0, 0
86219, 2, 789, 1411, 136, 0, 30.03%, 0, 0, 25, 69.67, 2668397, 804, 0, 0
86224, 2, 789, 1411, 136, 0, 30.03%, 0, 0, 25, 69.01, 2668749, 804, 0, 0
86229, 2, 789, 1411, 136, 0, 30.03%, 0, 0, 25, 68.61, 2669100, 804, 0, 0
86234, 2, 789, 1411, 136, 0, 30.03%, 0, 0, 25, 68.65, 2669447, 804, 0, 0
86239, 2, 995, 1411, 135, 0, 30.03%, 0, 0, 25, 72.37, 2669822, 804, 0, 0
86244, 2, 995, 1411, 135, 0, 30.03%, 0, 0, 25, 69.10, 2670171, 804, 0, 0
86249, 2, 995, 1411, 135, 0, 30.03%, 0, 0, 25, 68.88, 2670521, 804, 0, 0
86255, 2, 995, 1411, 135, 0, 30.03%, 0, 0, 25, 67.60, 2670868, 804, 0, 0
86261, 2, 995, 1411, 135, 0, 30.03%, 0, 0, 25, 67.47, 2671289, 804, 0, 0
86266, 2, 741, 1411, 134, 0, 30.03%, 0, 0, 25, 69.85, 2671646, 804, 0, 0
86271, 2, 999, 1411, 134, 0, 30.03%, 0, 0, 25, 78.28, 2672062, 804, 0, 0
86276, 2, 999, 1411, 134, 0, 30.03%, 0, 0, 25, 69.06, 2672397, 804, 0, 0
86281, 2, 999, 1411, 134, 0, 30.03%, 0, 0, 25, 66.43, 2672731, 804, 0, 0
86286, 2, 999, 1411, 134, 0, 30.03%, 0, 0, 25, 66.40, 2673066, 804, 0, 0
86291, 2, 999, 1411, 134, 0, 30.03%, 0, 0, 25, 66.31, 2673398, 804, 0, 0
86296, 2, 999, 1411, 134, 0, 30.03%, 0, 0, 25, 66.12, 2673733, 804, 0, 0
86301, 2, 999, 1411, 134, 0, 30.03%, 0, 0, 25, 65.99, 2674068, 804, 0, 0
86307, 2, 836, 1411, 133, 0, 30.03%, 0, 0, 25, 67.42, 2674415, 804, 0, 0
86312, 2, 836, 1411, 133, 0, 30.03%, 0, 0, 25, 68.56, 2674765, 804, 0, 0
86317, 2, 836, 1411, 133, 0, 30.03%, 0, 0, 25, 68.14, 2675115, 804, 0, 0
86322, 2, 836, 1411, 133, 0, 30.03%, 0, 0, 25, 67.89, 2675462, 804, 0, 0
86327, 2, 836, 1411, 133, 0, 30.03%, 0, 0, 25, 68.28, 2675812, 804, 0, 0
86332, 2, 1053, 1411, 132, 0, 30.03%, 0, 0, 25, 67.65, 2676160, 804, 0, 0
86337, 2, 1228, 1411, 132, 0, 30.03%, 0, 0, 25, 62.66, 2676475, 804, 0, 0
86342, 2, 1410, 1411, 132, 0, 30.03%, 0, 0, 25, 64.02, 2676796, 804, 0, 0
86347, 2, 1410, 1411, 132, 0, 30.03%, 0, 0, 25, 66.87, 2677144, 804, 0, 0
86353, 2, 1410, 1411, 132, 0, 30.03%, 0, 0, 25, 68.42, 2677494, 804, 0, 0
86358, 2, 1410, 1411, 132, 0, 30.03%, 0, 0, 25, 68.67, 2677843, 804, 0, 0
86363, 2, 1410, 1411, 132, 0, 30.03%, 0, 0, 25, 68.13, 2678193, 804, 0, 0
86368, 2, 1370, 1411, 131, 0, 30.03%, 0, 0, 25, 61.83, 2678520, 804, 0, 0
86373, 2, 686, 1411, 131, 0, 30.03%, 0, 0, 25, 58.20, 2678798, 804, 0, 0
86378, 2, 516, 1411, 131, 0, 30.03%, 0, 0, 25, 84.70, 2679254, 804, 0, 0
86383, 2, 518, 1411, 131, 0, 30.03%, 0, 0, 25, 98.27, 2679773, 804, 0, 0
86389, 2, 739, 1411, 131, 0, 30.03%, 0, 0, 25, 89.39, 2680238, 804, 0, 0
86394, 2, 739, 1411, 131, 0, 30.03%, 0, 0, 25, 78.04, 2680628, 804, 0, 0
86399, 2, 739, 1411, 131, 0, 30.03%, 0, 0, 25, 76.86, 2681028, 804, 0, 0
86404, 2, 739, 1411, 131, 0, 30.03%, 0, 0, 25, 76.08, 2681410, 804, 0, 0
86411, 2, 739, 1411, 131, 0, 30.03%, 0, 0, 25, 76.28, 2681958, 804, 0, 0
86416, 2, 553, 1411, 130, 0, 30.03%, 0, 0, 25, 82.00, 2682361, 804, 0, 0
86421, 2, 1313, 1411, 130, 0, 30.03%, 0, 0, 25, 62.90, 2682682, 804, 0, 0
86426, 2, 830, 1411, 130, 0, 30.03%, 0, 0, 25, 70.00, 2683049, 804, 0, 0
86432, 2, 830, 1411, 130, 0, 30.03%, 0, 0, 25, 68.84, 2683400, 804, 0, 0
86437, 2, 830, 1411, 130, 0, 30.03%, 0, 0, 25, 68.57, 2683751, 804, 0, 0
86442, 2, 830, 1411, 130, 0, 30.03%, 0, 0, 25, 67.84, 2684095, 804, 0, 0
86447, 2, 830, 1411, 130, 0, 30.03%, 0, 0, 25, 68.42, 2684448, 804, 0, 0
86452, 2, 915, 1411, 129, 0, 30.03%, 0, 0, 25, 68.40, 2684798, 804, 0, 0
86457, 2, 915, 1411, 129, 0, 30.03%, 0, 0, 25, 68.50, 2685146, 804, 0, 0
86462, 2, 915, 1411, 129, 0, 30.03%, 0, 0, 25, 67.87, 2685495, 804, 0, 0
86467, 2, 915, 1411, 129, 0, 30.03%, 0, 0, 25, 67.09, 2685842, 804, 0, 0
86473, 2, 915, 1411, 129, 0, 30.03%, 0, 0, 25, 66.78, 2686188, 804, 0, 0
86478, 2, 399, 1411, 128, 0, 30.03%, 0, 0, 25, 78.03, 2686578, 804, 0, 0
86483, 2, 1017, 1411, 128, 0, 30.03%, 0, 0, 25, 74.49, 2686983, 804, 0, 0
86488, 2, 1017, 1411, 128, 0, 30.03%, 0, 0, 25, 68.93, 2687333, 804, 0, 0
86493, 2, 1017, 1411, 128, 0, 30.03%, 0, 0, 25, 67.97, 2687683, 804, 0, 0
86498, 2, 1017, 1411, 128, 0, 30.03%, 0, 0, 25, 67.01, 2688031, 804, 0, 0
86504, 2, 1017, 1411, 128, 0, 30.03%, 0, 0, 25, 67.43, 2688374, 804, 0, 0
86509, 2, 1053, 1411, 127, 0, 30.03%, 0, 0, 25, 78.49, 2688787, 804, 0, 0
86514, 2, 506, 1411, 127, 0, 30.03%, 0, 0, 25, 79.75, 2689162, 804, 0, 0
86519, 2, 987, 1411, 127, 0, 30.03%, 0, 0, 25, 78.31, 2689588, 804, 0, 0
86524, 2, 987, 1411, 127, 0, 30.03%, 0, 0, 25, 70.90, 2689940, 804, 0, 0
86529, 2, 987, 1411, 127, 0, 30.03%, 0, 0, 25, 66.36, 2690275, 804, 0, 0
86534, 2, 987, 1411, 127, 0, 30.03%, 0, 0, 25, 67.93, 2690624, 804, 0, 0
86539, 2, 987, 1411, 127, 0, 30.03%, 0, 0, 25, 67.98, 2690970, 804, 0, 0
86544, 2, 570, 1411, 126, 0, 30.03%, 0, 0, 25, 71.63, 2691335, 804, 0, 0
86549, 2, 540, 1411, 126, 0, 30.03%, 0, 0, 25, 93.95, 2691836, 804, 0, 0
86555, 2, 540, 1411, 126, 0, 30.03%, 0, 0, 25, 98.81, 2692360, 804, 0, 0
86560, 2, 1397, 1411, 125, 0, 30.03%, 0, 0, 25, 65.18, 2692674, 804, 0, 0
86565, 2, 776, 1411, 125, 0, 30.03%, 0, 0, 25, 64.33, 2692982, 804, 0, 0
86570, 2, 776, 1411, 125, 0, 30.03%, 0, 0, 25, 68.02, 2693332, 804, 0, 0
86575, 2, 776, 1411, 125, 0, 30.03%, 0, 0, 25, 68.20, 2693681, 804, 0, 0
86580, 2, 776, 1411, 125, 0, 30.03%, 0, 0, 25, 68.83, 2694033, 804, 0, 0
86585, 2, 776, 1411, 125, 0, 30.03%, 0, 0, 25, 68.42, 2694380, 804, 0, 0
86590, 2, 644, 1411, 124, 0, 30.03%, 0, 0, 25, 73.51, 2694753, 804, 0, 0
86595, 2, 1189, 1411, 124, 0, 30.03%, 0, 0, 25, 63.00, 2695058, 804, 0, 0
86600, 2, 289, 1411, 124, 0, 30.03%, 0, 0, 25, 61.98, 2695364, 804, 0, 0
86606, 2, 582, 1411, 124, 0, 30.03%, 0, 0, 25, 81.48, 2695838, 804, 0, 0
86611, 2, 613, 1411, 124, 0, 30.03%, 0, 0, 25, 77.71, 2696234, 804, 0, 0
86616, 2, 968, 1411, 124, 0, 30.03%, 0, 0, 25, 71.75, 2696605, 804, 0, 0
86621, 2, 968, 1411, 124, 0, 30.03%, 0, 0, 25, 68.40, 2696953, 804, 0, 0
86626, 2, 968, 1411, 124, 0, 30.03%, 0, 0, 25, 67.62, 2697302, 804, 0, 0
86631, 2, 968, 1411, 124, 0, 30.03%, 0, 0, 25, 67.93, 2697652, 804, 0, 0
86638, 2, 968, 1411, 124, 0, 30.03%, 0, 0, 25, 67.74, 2698115, 804, 0, 0
86643, 2, 829, 1411, 123, 0, 30.03%, 0, 0, 25, 67.65, 2698452, 804, 0, 0
86648, 2, 829, 1411, 123, 0, 30.03%, 0, 0, 25, 68.41, 2698802, 804, 0, 0
86653, 2, 829, 1411, 123, 0, 30.03%, 0, 0, 25, 68.44, 2699154, 804, 0, 0
86658, 2, 829, 1411, 123, 0, 30.03%, 0, 0, 25, 68.27, 2699503, 804, 0, 0
86664, 2, 829, 1411, 123, 0, 30.03%, 0, 0, 25, 68.23, 2699893, 804, 0, 0
86669, 2, 1081, 1411, 122, 0, 30.03%, 0, 0, 25, 68.09, 2700240, 804, 0, 0
86674, 2, 1081, 1411, 122, 0, 30.03%, 0, 0, 25, 64.25, 2700564, 804, 0, 0
86679, 2, 1081, 1411, 122, 0, 30.03%, 0, 0, 25, 63.67, 2700888, 804, 0, 0
86685, 2, 1081, 1411, 122, 0, 30.03%, 0, 0, 25, 63.78, 2701213, 804, 0, 0
86690, 2, 1081, 1411, 122, 0, 30.03%, 0, 0, 25, 63.39, 2701534, 804, 0, 0
86695, 2, 955, 1411, 121, 0, 30.03%, 0, 0, 25, 73.02, 2701900, 804, 0, 0
86700, 2, 955, 1411, 121, 0, 30.03%, 0, 0, 25, 68.38, 2702250, 804, 0, 0
86705, 2, 955, 1411, 121, 0, 30.03%, 0, 0, 25, 68.41, 2702600, 804, 0, 0
86710, 2, 955, 1411, 121, 0, 30.03%, 0, 0, 25, 67.58, 2702948, 804, 0, 0
86716, 2, 955, 1411, 121, 0, 30.03%, 0, 0, 25, 67.23, 2703296, 804, 0, 0
86721, 2, 955, 1411, 121, 0, 30.03%, 0, 0, 25, 67.08, 2703636, 804, 0, 0
86726, 2, 616, 1411, 120, 0, 30.03%, 0, 0, 25, 72.13, 2704007, 804, 0, 0
86731, 2, 951, 1411, 120, 0, 30.03%, 0, 0, 25, 71.13, 2704365, 804, 0, 0
86736, 2, 1014, 1411, 120, 0, 30.03%, 0, 0, 25, 69.46, 2704716, 804, 0, 0
86741, 2, 1014, 1411, 120, 0, 30.03%, 0, 0, 25, 69.16, 2705068, 804, 0, 0
86746, 2, 1014, 1411, 120, 0, 30.03%, 0, 0, 25, 68.86, 2705420, 804, 0, 0
86751, 2, 1014, 1411, 120, 0, 30.03%, 0, 0, 25, 67.33, 2705765, 804, 0, 0
86756, 2, 1014, 1411, 120, 0, 30.03%, 0, 0, 25, 68.69, 2706119, 804, 0, 0
86761, 2, 636, 1411, 119, 0, 30.03%, 0, 0, 25, 71.38, 2706481, 804, 0, 0
86766, 2, 1109, 1411, 119, 0, 30.03%, 0, 0, 25, 65.99, 2706816, 804, 0, 0
86772, 2, 898, 1411, 119, 0, 30.03%, 0, 0, 25, 70.94, 2707190, 804, 0, 0
86777, 2, 898, 1411, 119, 0, 30.03%, 0, 0, 25, 68.56, 2707539, 804, 0, 0
86782, 2, 898, 1411, 119, 0, 30.03%, 0, 0, 25, 67.22, 2707883, 804, 0, 0
86787, 2, 898, 1411, 119, 0, 30.03%, 0, 0, 25, 68.34, 2708233, 804, 0, 0
86792, 2, 898, 1411, 119, 0, 30.03%, 0, 0, 25, 68.45, 2708582, 804, 0, 0
86797, 2, 411, 1411, 118, 0, 30.03%, 0, 0, 25, 80.59, 2708967, 804, 0, 0
86802, 2, 1047, 1411, 118, 0, 30.03%, 0, 0, 25, 72.04, 2709355, 804, 0, 0
86807, 2, 1047, 1411, 118, 0, 30.03%, 0, 0, 25, 64.66, 2709677, 804, 0, 0
86812, 2, 1047, 1411, 118, 0, 30.03%, 0, 0, 25, 62.12, 2709988, 804, 0, 0
86818, 2, 1047, 1411, 118, 0, 30.03%, 0, 0, 25, 62.52, 2710317, 804, 0, 0
86823, 2, 1074, 1411, 117, 0, 30.03%, 0, 0, 25, 63.08, 2710641, 804, 0, 0
86828, 2, 1074, 1411, 117, 0, 30.03%, 0, 0, 25, 63.80, 2710964, 804, 0, 0
86833, 2, 1074, 1411, 117, 0, 30.03%, 0, 0, 25, 64.23, 2711289, 804, 0, 0
86838, 2, 1074, 1411, 117, 0, 30.03%, 0, 0, 25, 64.36, 2711619, 804, 0, 0
86843, 2, 1074, 1411, 117, 0, 30.03%, 0, 0, 25, 64.05, 2711951, 804, 0, 0
86848, 2, 1074, 1411, 117, 0, 30.03%, 0, 0, 25, 63.79, 2712276, 804, 0, 0
86855, 2, 1074, 1411, 117, 0, 30.03%, 0, 0, 25, 64.47, 2712736, 804, 0, 0
86860, 2, 759, 1411, 116, 0, 30.03%, 0, 0, 25, 66.26, 2713069, 804, 0, 0
86865, 2, 759, 1411, 116, 0, 30.03%, 0, 0, 25, 72.63, 2713437, 804, 0, 0
86871, 2, 759, 1411, 116, 0, 30.03%, 0, 0, 25, 75.81, 2713833, 804, 0, 0
86876, 2, 759, 1411, 116, 0, 30.03%, 0, 0, 25, 75.57, 2714211, 804, 0, 0
86881, 2, 759, 1411, 116, 0, 30.03%, 0, 0, 25, 76.61, 2714611, 804, 0, 0
86886, 2, 759, 1411, 116, 0, 30.03%, 0, 0, 25, 75.80, 2714991, 804, 0, 0
86891, 2, 1256, 1411, 115, 0, 30.03%, 0, 0, 25, 64.13, 2715326, 804, 0, 0
86896, 2, 471, 1411, 115, 0, 30.03%, 0, 0, 25, 81.54, 2715732, 804, 0, 0
86901, 2, 1249, 1411, 115, 0, 30.03%, 0, 0, 25, 75.60, 2716155, 804, 0, 0
86906, 2, 1249, 1411, 115, 0, 30.03%, 0, 0, 25, 60.75, 2716438, 804, 0, 0
86911, 2, 1249, 1411, 115, 0, 30.03%, 0, 0, 25, 57.99, 2716726, 804, 0, 0
86916, 2, 1249, 1411, 115, 0, 30.03%, 0, 0, 25, 57.28, 2717014, 804, 0, 0
86921, 2, 1249, 1411, 115, 0, 30.03%, 0, 0, 25, 56.87, 2717299, 804, 0, 0
86927, 2, 1249, 1411, 115, 0, 30.03%, 0, 0, 25, 56.60, 2717586, 804, 0, 0
86932, 2, 1249, 1411, 115, 0, 30.03%, 0, 0, 25, 56.55, 2717878, 804, 0, 0
86937, 2, 1121, 1411, 114, 0, 30.03%, 0, 0, 25, 69.62, 2718210, 804, 0, 0
86942, 2, 1121, 1411, 114, 0, 30.03%, 0, 0, 25, 74.95, 2718608, 804, 0, 0
86947, 2, 1121, 1411, 114, 0, 30.03%, 0, 0, 25, 75.99, 2718992, 804, 0, 0
86952, 2, 1121, 1411, 114, 0, 30.03%, 0, 0, 25, 75.71, 2719372, 804, 0, 0
86957, 2, 1121, 1411, 114, 0, 30.03%, 0, 0, 25, 75.44, 2719751, 804, 0, 0
86962, 2, 1121, 1411, 114, 0, 30.03%, 0, 0, 25, 76.12, 2720138, 804, 0, 0
86967, 2, 1378, 1411, 113, 0, 30.03%, 0, 0, 25, 62.57, 2720454, 804, 0, 0
86972, 2, 952, 1411, 113, 0, 30.03%, 0, 0, 25, 61.25, 2720744, 804, 0, 0
86977, 2, 952, 1411, 113, 0, 30.03%, 0, 0, 25, 67.08, 2721094, 804, 0, 0
86982, 2, 952, 1411, 113, 0, 30.03%, 0, 0, 25, 67.45, 2721440, 804, 0, 0
86987, 2, 952, 1411, 113, 0, 30.03%, 0, 0, 25, 68.15, 2721788, 804, 0, 0
86993, 2, 952, 1411, 113, 0, 30.03%, 0, 0, 25, 67.76, 2722136, 804, 0, 0
86998, 2, 525, 1411, 112, 0, 30.03%, 0, 0, 25, 76.27, 2722515, 804, 0, 0
87003, 2, 525, 1411, 112, 0, 30.03%, 0, 0, 25, 92.34, 2723011, 804, 0, 0
87008, 2, 525, 1411, 112, 0, 30.03%, 0, 0, 25, 93.49, 2723483, 804, 0, 0
87013, 2, 525, 1411, 112, 0, 30.03%, 0, 0, 25, 93.60, 2723971, 804, 0, 0
87018, 2, 436, 1411, 111, 0, 30.03%, 0, 0, 25, 97.58, 2724472, 804, 0, 0
87023, 2, 1238, 1411, 111, 0, 30.03%, 0, 0, 25, 69.34, 2724806, 804, 0, 0
87028, 2, 1323, 1411, 111, 0, 30.03%, 0, 0, 25, 73.71, 2725192, 804, 0, 0
87033, 2, 1323, 1411, 111, 0, 30.03%, 0, 0, 25, 71.62, 2725548, 804, 0, 0
87038, 2, 1323, 1411, 111, 0, 30.03%, 0, 0, 25, 71.14, 2725904, 804, 0, 0
87043, 2, 1323, 1411, 111, 0, 30.03%, 0, 0, 25, 70.95, 2726271, 804, 0, 0
87048, 2, 1360, 1411, 110, 0, 30.03%, 0, 0, 25, 67.21, 2726614, 804, 0, 0
87054, 2, 249, 1411, 110, 0, 30.03%, 0, 0, 25, 53.62, 2726871, 804, 0, 0
87059, 2, 657, 1411, 110, 0, 30.03%, 0, 0, 25, 85.27, 2727369, 804, 0, 0
87064, 2, 969, 1411, 110, 0, 30.03%, 0, 0, 25, 71.80, 2727728, 804, 0, 0
87069, 2, 611, 1411, 110, 0, 30.03%, 0, 0, 25, 62.50, 2728027, 804, 0, 0
87074, 2, 731, 1411, 110, 0, 30.03%, 0, 0, 25, 73.78, 2728424, 804, 0, 0
87079, 2, 731, 1411, 110, 0, 30.03%, 0, 0, 25, 76.20, 2728821, 804, 0, 0
87084, 2, 731, 1411, 110, 0, 30.03%, 0, 0, 25, 76.05, 2729202, 804, 0, 0
87089, 2, 731, 1411, 110, 0, 30.03%, 0, 0, 25, 77.36, 2729602, 804, 0, 0
87095, 2, 731, 1411, 110, 0, 30.03%, 0, 0, 25, 76.78, 2730017, 804, 0, 0
87100, 2, 607, 1411, 109, 0, 30.03%, 0, 0, 25, 76.65, 2730413, 804, 0, 0
87105, 2, 1399, 1411, 109, 0, 30.03%, 0, 0, 25, 73.08, 2730823, 804, 0, 0
87110, 2, 1225, 1411, 109, 0, 30.03%, 0, 0, 25, 57.62, 2731092, 804, 0, 0
87115, 2, 1036, 1411, 109, 0, 30.03%, 0, 0, 25, 61.24, 2731393, 804, 0, 0
87120, 2, 1036, 1411, 109, 0, 30.03%, 0, 0, 25, 67.15, 2731743, 804, 0, 0
87125, 2, 1036, 1411, 109, 0, 30.03%, 0, 0, 25, 67.63, 2732092, 804, 0, 0
87131, 2, 1036, 1411, 109, 0, 30.03%, 0, 0, 25, 68.79, 2732443, 804, 0, 0
87136, 2, 1036, 1411, 109, 0, 30.03%, 0, 0, 25, 68.69, 2732784, 804, 0, 0
87141, 2, 1182, 1411, 108, 0, 30.03%, 0, 0, 25, 66.67, 2733128, 804, 0, 0
87146, 2, 1182, 1411, 108, 0, 30.03%, 0, 0, 25, 59.77, 2733426, 804, 0, 0
87151, 2, 1182, 1411, 108, 0, 30.03%, 0, 0, 25, 58.72, 2733726, 804, 0, 0
87156, 2, 1182, 1411, 108, 0, 30.03%, 0, 0, 25, 58.31, 2734026, 804, 0, 0
87161, 2, 1182, 1411, 108, 0, 30.03%, 0, 0, 25, 58.08, 2734325, 804, 0, 0
87167, 2, 1182, 1411, 108, 0, 30.03%, 0, 0, 25, 56.94, 2734620, 804, 0, 0
87172, 2, 1182, 1411, 108, 0, 30.03%, 0, 0, 25, 56.12, 2734913, 804, 0, 0
87177, 2, 289, 1411, 107, 0, 30.03%, 0, 0, 25, 64.82, 2735224, 804, 0, 0
87182, 2, 1138, 1411, 107, 0, 30.03%, 0, 0, 25, 66.73, 2735600, 804, 0, 0
87187, 2, 1350, 1411, 107, 0, 30.03%, 0, 0, 25, 64.47, 2735935, 804, 0, 0
87192, 2, 727, 1411, 107, 0, 30.03%, 0, 0, 25, 57.09, 2736203, 804, 0, 0
87197, 2, 727, 1411, 107, 0, 30.03%, 0, 0, 25, 67.48, 2736556, 804, 0, 0
87202, 2, 727, 1411, 107, 0, 30.03%, 0, 0, 25, 70.10, 2736913, 804, 0, 0
87207, 2, 727, 1411, 107, 0, 30.03%, 0, 0, 25, 68.70, 2737254, 804, 0, 0
87213, 2, 759, 1411, 106, 0, 30.03%, 0, 0, 25, 70.57, 2737624, 804, 0, 0
87218, 2, 1021, 1411, 106, 0, 30.03%, 0, 0, 25, 79.66, 2738017, 804, 0, 0
87223, 2, 1021, 1411, 106, 0, 30.03%, 0, 0, 25, 68.77, 2738349, 804, 0, 0
87228, 2, 1021, 1411, 106, 0, 30.03%, 0, 0, 25, 66.71, 2738683, 804, 0, 0
87233, 2, 1021, 1411, 106, 0, 30.03%, 0, 0, 25, 65.99, 2739014, 804, 0, 0
87238, 2, 1021, 1411, 106, 0, 30.03%, 0, 0, 25, 66.55, 2739350, 804, 0, 0
87243, 2, 1021, 1411, 106, 0, 30.03%, 0, 0, 25, 66.35, 2739699, 804, 0, 0
87248, 2, 617, 1411, 105, 0, 30.03%, 0, 0, 25, 67.50, 2740036, 804, 0, 0
87253, 2, 755, 1411, 105, 0, 30.03%, 0, 0, 25, 74.08, 2740429, 804, 0, 0
87258, 2, 870, 1411, 105, 0, 30.03%, 0, 0, 25, 70.79, 2740791, 804, 0, 0
87264, 2, 870, 1411, 105, 0, 30.03%, 0, 0, 25, 68.77, 2741145, 804, 0, 0
87269, 2, 870, 1411, 105, 0, 30.03%, 0, 0, 25, 67.07, 2741487, 804, 0, 0
87274, 2, 870, 1411, 105, 0, 30.03%, 0, 0, 25, 68.02, 2741837, 804, 0, 0
87279, 2, 870, 1411, 105, 0, 30.03%, 0, 0, 25, 64.38, 2742163, 804, 0, 0
87284, 2, 1255, 1411, 104, 0, 30.03%, 0, 0, 25, 73.76, 2742547, 804, 0, 0
87289, 2, 1255, 1411, 104, 0, 30.03%, 0, 0, 25, 74.40, 2742930, 804, 0, 0
87294, 2, 1255, 1411, 104, 0, 30.03%, 0, 0, 25, 73.08, 2743286, 804, 0, 0
87299, 2, 1255, 1411, 104, 0, 30.03%, 0, 0, 25, 75.85, 2743670, 804, 0, 0
87304, 2, 1255, 1411, 104, 0, 30.03%, 0, 0, 25, 75.83, 2744051, 804, 0, 0
87309, 2, 1255, 1411, 104, 0, 30.03%, 0, 0, 25, 75.73, 2744433, 804, 0, 0
87315, 2, 506, 1411, 103, 0, 30.03%, 0, 0, 25, 89.77, 2744891, 804, 0, 0
87320, 2, 585, 1411, 103, 0, 30.03%, 0, 0, 25, 90.89, 2745373, 804, 0, 0
87325, 2, 1029, 1411, 103, 0, 30.03%, 0, 0, 25, 71.17, 2745710, 804, 0, 0
87330, 2, 1029, 1411, 103, 0, 30.03%, 0, 0, 25, 66.67, 2746044, 804, 0, 0
87335, 2, 1029, 1411, 103, 0, 30.03%, 0, 0, 25, 63.38, 2746365, 804, 0, 0
87340, 2, 1029, 1411, 103, 0, 30.03%, 0, 0, 25, 64.74, 2746693, 804, 0, 0
87345, 2, 1029, 1411, 103, 0, 30.03%, 0, 0, 25, 64.61, 2747028, 804, 0, 0
87352, 2, 1029, 1411, 103, 0, 30.03%, 0, 0, 25, 65.16, 2747453, 804, 0, 0
87357, 2, 492, 1411, 102, 0, 30.03%, 0, 0, 25, 66.03, 2747767, 804, 0, 0
87362, 2, 822, 1411, 102, 0, 30.03%, 0, 0, 25, 77.94, 2748217, 804, 0, 0
87367, 2, 822, 1411, 102, 0, 30.03%, 0, 0, 25, 71.41, 2748574, 804, 0, 0
87372, 2, 822, 1411, 102, 0, 30.03%, 0, 0, 25, 69.41, 2748927, 804, 0, 0
87377, 2, 822, 1411, 102, 0, 30.03%, 0, 0, 25, 68.56, 2749276, 804, 0, 0
87382, 2, 822, 1411, 102, 0, 30.03%, 0, 0, 25, 68.71, 2749630, 804, 0, 0
87388, 2, 707, 1411, 101, 0, 30.03%, 0, 0, 25, 72.99, 2750004, 804, 0, 0
87393, 2, 835, 1411, 101, 0, 30.03%, 0, 0, 25, 73.76, 2750400, 804, 0, 0
87398, 2, 835, 1411, 101, 0, 30.03%, 0, 0, 25, 69.16, 2750750, 804, 0, 0
87403, 2, 835, 1411, 101, 0, 30.03%, 0, 0, 25, 67.94, 2751099, 804, 0, 0
87408, 2, 835, 1411, 101, 0, 30.03%, 0, 0, 25, 68.17, 2751446, 804, 0, 0
87413, 2, 835, 1411, 101, 0, 30.03%, 0, 0, 25, 67.99, 2751795, 804, 0, 0
87418, 2, 752, 1411, 100, 0, 30.03%, 0, 0, 25, 81.46, 2752214, 804, 0, 0
87423, 2, 752, 1411, 100, 0, 30.03%, 0, 0, 25, 75.57, 2752588, 804, 0, 0
87428, 2, 752, 1411, 100, 0, 30.03%, 0, 0, 25, 68.12, 2752944, 804, 0, 0
87433, 2, 752, 1411, 100, 0, 30.03%, 0, 0, 25, 75.55, 2753343, 804, 0, 0
87439, 2, 752, 1411, 100, 0, 30.03%, 0, 0, 25, 77.18, 2753743, 804, 0, 0
87444, 2, 752, 1411, 100, 0, 30.03%, 0, 0, 25, 76.47, 2754138, 804, 0, 0
87449, 2, 903, 1411, 99, 0, 30.03%, 0, 0, 25, 71.20, 2754505, 804, 0, 0
87454, 2, 903, 1411, 99, 0, 30.03%, 0, 0, 25, 69.94, 2754861, 804, 0, 0
87459, 2, 903, 1411, 99, 0, 30.03%, 0, 0, 25, 68.28, 2755210, 804, 0, 0
87464, 2, 903, 1411, 99, 0, 30.03%, 0, 0, 25, 67.94, 2755558, 804, 0, 0
87469, 2, 903, 1411, 99, 0, 30.03%, 0, 0, 25, 67.53, 2755905, 804, 0, 0
87474, 2, 1193, 1411, 98, 0, 30.03%, 0, 0, 25, 60.47, 2756208, 804, 0, 0
87480, 2, 1007, 1411, 98, 0, 30.03%, 0, 0, 25, 67.95, 2756557, 804, 0, 0
87485, 2, 1007, 1411, 98, 0, 30.03%, 0, 0, 25, 66.83, 2756902, 804, 0, 0
87490, 2, 1007, 1411, 98, 0, 30.03%, 0, 0, 25, 64.46, 2757227, 804, 0, 0
87495, 2, 1007, 1411, 98, 0, 30.03%, 0, 0, 25, 66.74, 2757577, 804, 0, 0
87501, 2, 1007, 1411, 98, 0, 30.03%, 0, 0, 25, 67.82, 2758000, 804, 0, 0
87506, 2, 1262, 1411, 97, 0, 30.03%, 0, 0, 25, 65.34, 2758339, 804, 0, 0
87512, 2, 1285, 1411, 97, 0, 30.03%, 0, 0, 25, 57.36, 2758623, 804, 0, 0
87517, 2, 1285, 1411, 97, 0, 30.03%, 0, 0, 25, 55.04, 2758899, 804, 0, 0
87522, 2, 1205, 1411, 97, 0, 30.03%, 0, 0, 25, 73.68, 2759322, 804, 0, 0
87527, 2, 1205, 1411, 97, 0, 30.03%, 0, 0, 25, 75.05, 2759701, 804, 0, 0
87532, 2, 1205, 1411, 97, 0, 30.03%, 0, 0, 25, 75.92, 2760084, 804, 0, 0
87537, 2, 1205, 1411, 97, 0, 30.03%, 0, 0, 25, 76.08, 2760466, 804, 0, 0
87542, 2, 1205, 1411, 97, 0, 30.03%, 0, 0, 25, 76.12, 2760850, 804, 0, 0
87547, 2, 711, 1411, 96, 0, 30.03%, 0, 0, 25, 76.40, 2761248, 804, 0, 0
87552, 2, 1401, 1411, 96, 0, 30.03%, 0, 0, 25, 75.77, 2761640, 804, 0, 0
87557, 2, 1401, 1411, 96, 0, 30.03%, 0, 0, 25, 77.07, 2762037, 804, 0, 0
87562, 2, 1401, 1411, 96, 0, 30.03%, 0, 0, 25, 75.39, 2762416, 804, 0, 0
87568, 2, 1401, 1411, 96, 0, 30.03%, 0, 0, 25, 75.71, 2762798, 804, 0, 0
87573, 2, 1401, 1411, 96, 0, 30.03%, 0, 0, 25, 75.92, 2763190, 804, 0, 0
87578, 2, 1147, 1411, 95, 0, 30.03%, 0, 0, 25, 65.50, 2763532, 804, 0, 0
87583, 2, 511, 1411, 95, 0, 30.03%, 0, 0, 25, 83.78, 2763954, 804, 0, 0
87588, 2, 511, 1411, 95, 0, 30.03%, 0, 0, 25, 91.66, 2764434, 804, 0, 0
87593, 2, 511, 1411, 95, 0, 30.03%, 0, 0, 25, 93.65, 2764899, 804, 0, 0
87598, 2, 546, 1411, 94, 0, 30.03%, 0, 0, 25, 97.03, 2765399, 804, 0, 0
87603, 2, 858, 1411, 94, 0, 30.03%, 0, 0, 25, 74.94, 2765762, 804, 0, 0
87609, 2, 858, 1411, 94, 0, 30.03%, 0, 0, 25, 67.81, 2766101, 804, 0, 0
87614, 2, 858, 1411, 94, 0, 30.03%, 0, 0, 25, 67.64, 2766451, 804, 0, 0
87619, 2, 858, 1411, 94, 0, 30.03%, 0, 0, 25, 67.75, 2766801, 804, 0, 0
87624, 2, 858, 1411, 94, 0, 30.03%, 0, 0, 25, 65.02, 2767163, 804, 0, 0
87630, 2, 474, 1411, 93, 0, 30.03%, 0, 0, 25, 71.56, 2767524, 804, 0, 0
87635, 2, 272, 1411, 93, 0, 30.03%, 0, 0, 25, 82.04, 2767975, 804, 0, 0
87640, 2, 1260, 1411, 93, 0, 30.03%, 0, 0, 25, 68.30, 2768336, 804, 0, 0
87645, 2, 860, 1411, 93, 0, 30.03%, 0, 0, 25, 7.94, 2768631, 804, 0, 0
87650, 2, 1020, 1411, 93, 0, 30.03%, 0, 0, 25, 64.94, 2768964, 804, 0, 0
87655, 2, 1020, 1411, 93, 0, 30.03%, 0, 0, 25, 65.79, 2769292, 804, 0, 0
87660, 2, 1020, 1411, 93, 0, 30.03%, 0, 0, 25, 67.22, 2769642, 804, 0, 0
87665, 2, 1020, 1411, 93, 0, 30.03%, 0, 0, 25, 67.38, 2769992, 804, 0, 0
87671, 2, 1020, 1411, 93, 0, 30.03%, 0, 0, 25, 66.68, 2770335, 804, 0, 0
87676, 2, 1020, 1411, 93, 0, 30.03%, 0, 0, 25, 66.08, 2770672, 804, 0, 0
87681, 2, 188, 1411, 92, 0, 30.03%, 0, 0, 25, 76.87, 2771045, 804, 0, 0
87686, 2, 44, 1411, 92, 0, 30.03%, 0, 0, 25, 90.50, 2771522, 804, 0, 0
87691, 2, 165, 1411, 92, 0, 30.03%, 0, 0, 25, 96.23, 2772012, 804, 0, 0
87696, 2, 1179, 1411, 92, 0, 30.03%, 0, 0, 25, 73.47, 2772368, 804, 0, 0
87701, 2, 1179, 1411, 92, 0, 30.03%, 0, 0, 25, 59.92, 2772638, 804, 0, 0
87706, 2, 986, 1411, 92, 0, 30.03%, 0, 0, 25, 64.66, 2772980, 804, 0, 0
87712, 2, 986, 1411, 92, 0, 30.03%, 0, 0, 25, 67.06, 2773330, 804, 0, 0
87717, 2, 986, 1411, 92, 0, 30.03%, 0, 0, 25, 67.46, 2773680, 804, 0, 0
87722, 2, 986, 1411, 92, 0, 30.03%, 0, 0, 25, 67.80, 2774030, 804, 0, 0
87728, 2, 986, 1411, 92, 0, 30.03%, 0, 0, 25, 68.25, 2774412, 804, 0, 0
87733, 2, 974, 1411, 91, 0, 30.03%, 0, 0, 25, 65.88, 2774747, 804, 0, 0
87738, 2, 974, 1411, 91, 0, 30.03%, 0, 0, 25, 66.17, 2775086, 804, 0, 0
87743, 2, 974, 1411, 91, 0, 30.03%, 0, 0, 25, 67.35, 2775435, 804, 0, 0
87748, 2, 974, 1411, 91, 0, 30.03%, 0, 0, 25, 67.41, 2775785, 804, 0, 0
87754, 2, 974, 1411, 91, 0, 30.03%, 0, 0, 25, 67.71, 2776190, 804, 0, 0
87759, 2, 173, 1411, 90, 0, 30.03%, 0, 0, 25, 75.97, 2776568, 804, 0, 0
87764, 2, 1397, 1411, 90, 0, 30.03%, 0, 0, 25, 57.70, 2776842, 804, 0, 0
87769, 2, 1359, 1411, 90, 0, 30.03%, 0, 0, 25, 53.10, 2777102, 804, 0, 0
87774, 2, 1359, 1411, 90, 0, 30.03%, 0, 0, 25, 52.17, 2777365, 804, 0, 0
87780, 2, 1359, 1411, 90, 0, 30.03%, 0, 0, 25, 51.22, 2777629, 804, 0, 0
87785, 2, 1359, 1411, 90, 0, 30.03%, 0, 0, 25, 51.87, 2777893, 804, 0, 0
87791, 2, 1359, 1411, 90, 0, 30.03%, 0, 0, 25, 51.33, 2778212, 804, 0, 0
87796, 2, 1359, 1411, 90, 0, 30.03%, 0, 0, 25, 50.92, 2778471, 804, 0, 0
87801, 2, 1299, 1411, 89, 0, 30.03%, 0, 0, 25, 52.90, 2778746, 804, 0, 0
87806, 2, 792, 1411, 89, 0, 30.03%, 0, 0, 25, 68.40, 2779122, 804, 0, 0
87811, 2, 792, 1411, 89, 0, 30.03%, 0, 0, 25, 66.81, 2779455, 804, 0, 0
87816, 2, 792, 1411, 89, 0, 30.03%, 0, 0, 25, 66.97, 2779803, 804, 0, 0
87822, 2, 792, 1411, 89, 0, 30.03%, 0, 0, 25, 68.43, 2780153, 804, 0, 0
87827, 2, 792, 1411, 89, 0, 30.03%, 0, 0, 25, 68.34, 2780508, 804, 0, 0
87832, 2, 510, 1411, 88, 0, 30.03%, 0, 0, 25, 79.91, 2780907, 804, 0, 0
87837, 2, 528, 1411, 88, 0, 30.03%, 0, 0, 25, 91.76, 2781389, 804, 0, 0
87842, 2, 1163, 1411, 88, 0, 30.03%, 0, 0, 25, 68.58, 2781736, 804, 0, 0
87847, 2, 1297, 1411, 88, 0, 30.03%, 0, 0, 25, 56.49, 2782010, 804, 0, 0
87852, 2, 958, 1411, 88, 0, 30.03%, 0, 0, 25, 63.65, 2782336, 804, 0, 0
87857, 2, 958, 1411, 88, 0, 30.03%, 0, 0, 25, 65.25, 2782669, 804, 0, 0
87862, 2, 958, 1411, 88, 0, 30.03%, 0, 0, 25, 65.61, 2783002, 804, 0, 0
87867, 2, 958, 1411, 88, 0, 30.03%, 0, 0, 25, 62.82, 2783320, 804, 0, 0
87872, 2, 958, 1411, 88, 0, 30.03%, 0, 0, 25, 62.74, 2783637, 804, 0, 0
87879, 2, 958, 1411, 88, 0, 30.03%, 0, 0, 25, 63.44, 2784012, 804, 0, 0
87884, 2, 905, 1411, 87, 0, 30.03%, 0, 0, 25, 65.89, 2784346, 804, 0, 0
87889, 2, 905, 1411, 87, 0, 30.03%, 0, 0, 25, 68.38, 2784698, 804, 0, 0
87894, 2, 905, 1411, 87, 0, 30.03%, 0, 0, 25, 68.93, 2785056, 804, 0, 0
87899, 2, 905, 1411, 87, 0, 30.03%, 0, 0, 25, 69.13, 2785411, 804, 0, 0
87905, 2, 905, 1411, 87, 0, 30.03%, 0, 0, 25, 68.43, 2785784, 804, 0, 0
87910, 2, 1001, 1411, 86, 0, 30.03%, 0, 0, 25, 68.81, 2786132, 804, 0, 0
87915, 2, 1001, 1411, 86, 0, 30.03%, 0, 0, 25, 68.28, 2786482, 804, 0, 0
87920, 2, 1001, 1411, 86, 0, 30.03%, 0, 0, 25, 68.62, 2786832, 804, 0, 0
87925, 2, 1001, 1411, 86, 0, 30.03%, 0, 0, 25, 68.40, 2787181, 804, 0, 0
87930, 2, 1001, 1411, 86, 0, 30.03%, 0, 0, 25, 68.32, 2787538, 804, 0, 0
87936, 2, 1135, 1411, 85, 0, 30.03%, 0, 0, 25, 66.22, 2787881, 804, 0, 0
87941, 2, 980, 1411, 85, 0, 30.03%, 0, 0, 25, 64.29, 2788197, 804, 0, 0
87946, 2, 980, 1411, 85, 0, 30.03%, 0, 0, 25, 67.08, 2788546, 804, 0, 0
87951, 2, 980, 1411, 85, 0, 30.03%, 0, 0, 25, 67.64, 2788896, 804, 0, 0
87956, 2, 980, 1411, 85, 0, 30.03%, 0, 0, 25, 67.95, 2789246, 804, 0, 0
87962, 2, 980, 1411, 85, 0, 30.03%, 0, 0, 25, 68.28, 2789641, 804, 0, 0
87967, 2, 842, 1411, 84, 0, 30.03%, 0, 0, 25, 67.57, 2789990, 804, 0, 0
87972, 2, 842, 1411, 84, 0, 30.03%, 0, 0, 25, 67.93, 2790339, 804, 0, 0
87977, 2, 842, 1411, 84, 0, 30.03%, 0, 0, 25, 67.99, 2790689, 804, 0, 0
87982, 2, 842, 1411, 84, 0, 30.03%, 0, 0, 25, 68.30, 2791039, 804, 0, 0
87988, 2, 842, 1411, 84, 0, 30.03%, 0, 0, 25, 68.54, 2791433, 804, 0, 0
87993, 2, 519, 1411, 83, 0, 30.03%, 0, 0, 25, 73.73, 2791801, 804, 0, 0
87998, 2, 1373, 1411, 83, 0, 30.03%, 0, 0, 25, 84.52, 2792263, 804, 0, 0
88004, 2, 1373, 1411, 83, 0, 30.03%, 0, 0, 25, 57.66, 2792521, 804, 0, 0
88009, 2, 973, 1411, 83, 0, 30.03%, 0, 0, 25, 65.74, 2792867, 804, 0, 0
88014, 2, 973, 1411, 83, 0, 30.03%, 0, 0, 25, 67.32, 2793217, 804, 0, 0
88019, 2, 973, 1411, 83, 0, 30.03%, 0, 0, 25, 65.12, 2793559, 804, 0, 0
88024, 2, 973, 1411, 83, 0, 30.03%, 0, 0, 25, 64.71, 2793878, 804, 0, 0
88029, 2, 973, 1411, 83, 0, 30.03%, 0, 0, 25, 66.36, 2794186, 804, 0, 0
88034, 2, 722, 1411, 82, 0, 30.03%, 0, 0, 25, 73.20, 2794565, 804, 0, 0
88039, 2, 722, 1411, 82, 0, 30.03%, 0, 0, 25, 75.17, 2794946, 804, 0, 0
88044, 2, 722, 1411, 82, 0, 30.03%, 0, 0, 25, 75.92, 2795326, 804, 0, 0
88050, 2, 722, 1411, 82, 0, 30.03%, 0, 0, 25, 76.56, 2795723, 804, 0, 0
88055, 2, 722, 1411, 82, 0, 30.03%, 0, 0, 25, 76.71, 2796148, 804, 0, 0
88060, 2, 1313, 1411, 81, 0, 30.03%, 0, 0, 25, 63.67, 2796483, 804, 0, 0
88065, 2, 1055, 1411, 81, 0, 30.03%, 0, 0, 25, 62.17, 2796786, 804, 0, 0
88071, 2, 1055, 1411, 81, 0, 30.03%, 0, 0, 25, 66.88, 2797136, 804, 0, 0
88076, 2, 1055, 1411, 81, 0, 30.03%, 0, 0, 25, 67.22, 2797484, 804, 0, 0
88081, 2, 1055, 1411, 81, 0, 30.03%, 0, 0, 25, 67.53, 2797834, 804, 0, 0
88086, 2, 1055, 1411, 81, 0, 30.03%, 0, 0, 25, 67.97, 2798183, 804, 0, 0
88091, 2, 914, 1411, 80, 0, 30.03%, 0, 0, 25, 66.37, 2798524, 804, 0, 0
88096, 2, 914, 1411, 80, 0, 30.03%, 0, 0, 25, 66.21, 2798855, 804, 0, 0
88101, 2, 914, 1411, 80, 0, 30.03%, 0, 0, 25, 68.19, 2799205, 804, 0, 0
88106, 2, 914, 1411, 80, 0, 30.03%, 0, 0, 25, 68.57, 2799555, 804, 0, 0
88113, 2, 914, 1411, 80, 0, 30.03%, 0, 0, 25, 68.01, 2800027, 804, 0, 0
88119, 2, 1190, 1411, 79, 0, 30.03%, 0, 0, 25, 75.56, 2800404, 804, 0, 0
88124, 2, 1190, 1411, 79, 0, 30.03%, 0, 0, 25, 58.88, 2800680, 804, 0, 0
88129, 2, 1002, 1411, 79, 0, 30.03%, 0, 0, 25, 66.79, 2801029, 804, 0, 0
88134, 2, 1002, 1411, 79, 0, 30.03%, 0, 0, 25, 64.97, 2801366, 804, 0, 0
88139, 2, 1002, 1411, 79, 0, 30.03%, 0, 0, 25, 65.72, 2801699, 804, 0, 0
88144, 2, 1002, 1411, 79, 0, 30.03%, 0, 0, 25, 65.17, 2802037, 804, 0, 0
88149, 2, 1002, 1411, 79, 0, 30.03%, 0, 0, 25, 62.39, 2802356, 804, 0, 0
88156, 2, 1002, 1411, 79, 0, 30.03%, 0, 0, 25, 64.71, 2802795, 804, 0, 0
88161, 2, 746, 1411, 78, 0, 30.03%, 0, 0, 25, 66.67, 2803133, 804, 0, 0
88166, 2, 1059, 1411, 78, 0, 30.03%, 0, 0, 25, 69.40, 2803490, 804, 0, 0
88171, 2, 1059, 1411, 78, 0, 30.03%, 0, 0, 25, 67.64, 2803838, 804, 0, 0
88176, 2, 1059, 1411, 78, 0, 30.03%, 0, 0, 25, 67.12, 2804173, 804, 0, 0
88181, 2, 1059, 1411, 78, 0, 30.03%, 0, 0, 25, 66.85, 2804485, 804, 0, 0
88187, 2, 1059, 1411, 78, 0, 30.03%, 0, 0, 25, 67.41, 2804873, 804, 0, 0
88192, 2, 1393, 1411, 77, 0, 30.03%, 0, 0, 25, 63.56, 2805207, 804, 0, 0
88197, 2, 1393, 1411, 77, 0, 30.03%, 0, 0, 25, 53.44, 2805469, 804, 0, 0
88203, 2, 1035, 1411, 77, 0, 30.03%, 0, 0, 25, 82.77, 2805952, 804, 0, 0
88208, 2, 1159, 1411, 77, 0, 30.03%, 0, 0, 25, 67.07, 2806284, 804, 0, 0
88213, 2, 777, 1411, 77, 0, 30.03%, 0, 0, 25, 66.21, 2806615, 804, 0, 0
88218, 2, 171, 1411, 77, 0, 30.03%, 0, 0, 25, 80.52, 2807037, 804, 0, 0
88223, 2, 963, 1411, 77, 0, 30.03%, 0, 0, 25, 71.01, 2807392, 804, 0, 0
88228, 2, 963, 1411, 77, 0, 30.03%, 0, 0, 25, 67.46, 2807727, 804, 0, 0
88233, 2, 963, 1411, 77, 0, 30.03%, 0, 0, 25, 66.24, 2808058, 804, 0, 0
88238, 2, 963, 1411, 77, 0, 30.03%, 0, 0, 25, 66.34, 2808391, 804, 0, 0
88244, 2, 963, 1411, 77, 0, 30.03%, 0, 0, 25, 65.52, 2808804, 804, 0, 0
88249, 2, 146, 1411, 76, 0, 30.03%, 0, 0, 25, 73.40, 2809171, 804, 0, 0
88255, 2, 687, 1411, 76, 0, 30.03%, 0, 0, 25, 74.55, 2809560, 804, 0, 0
88260, 2, 866, 1411, 76, 0, 30.03%, 0, 0, 25, 76.86, 2809976, 804, 0, 0
88265, 2, 866, 1411, 76, 0, 30.03%, 0, 0, 25, 68.55, 2810320, 804, 0, 0
88270, 2, 866, 1411, 76, 0, 30.03%, 0, 0, 25, 64.26, 2810631, 804, 0, 0
88275, 2, 866, 1411, 76, 0, 30.03%, 0, 0, 25, 66.33, 2810977, 804, 0, 0
88280, 2, 866, 1411, 76, 0, 30.03%, 0, 0, 25, 67.53, 2811330, 804, 0, 0
88285, 2, 911, 1411, 75, 0, 30.03%, 0, 0, 25, 68.11, 2811680, 804, 0, 0
88291, 2, 911, 1411, 75, 0, 30.03%, 0, 0, 25, 67.89, 2812032, 804, 0, 0
88296, 2, 911, 1411, 75, 0, 30.03%, 0, 0, 25, 68.19, 2812382, 804, 0, 0
88301, 2, 911, 1411, 75, 0, 30.03%, 0, 0, 25, 67.75, 2812729, 804, 0, 0
88306, 2, 911, 1411, 75, 0, 30.03%, 0, 0, 25, 67.90, 2813078, 804, 0, 0
88311, 2, 122, 1411, 74, 0, 30.03%, 0, 0, 25, 76.84, 2813457, 804, 0, 0
88316, 2, 1390, 1411, 74, 0, 30.03%, 0, 0, 25, 57.32, 2813727, 804, 0, 0
88321, 2, 1390, 1411, 74, 0, 30.03%, 0, 0, 25, 52.33, 2813989, 804, 0, 0
88326, 2, 1390, 1411, 74, 0, 30.03%, 0, 0, 25, 50.45, 2814249, 804, 0, 0
88332, 2, 1390, 1411, 74, 0, 30.03%, 0, 0, 25, 51.69, 2814513, 804, 0, 0
88337, 2, 1390, 1411, 74, 0, 30.03%, 0, 0, 25, 51.35, 2814799, 804, 0, 0
88342, 2, 1390, 1411, 74, 0, 30.03%, 0, 0, 25, 50.33, 2815059, 804, 0, 0
88347, 2, 1012, 1411, 73, 0, 30.03%, 0, 0, 25, 68.95, 2815448, 804, 0, 0
88353, 2, 1012, 1411, 73, 0, 30.03%, 0, 0, 25, 66.31, 2815790, 804, 0, 0
88358, 2, 1012, 1411, 73, 0, 30.03%, 0, 0, 25, 67.52, 2816096, 804, 0, 0
88363, 2, 1012, 1411, 73, 0, 30.03%, 0, 0, 25, 67.54, 2816441, 804, 0, 0
88369, 2, 1012, 1411, 73, 0, 30.03%, 0, 0, 25, 68.33, 2816866, 804, 0, 0
88374, 2, 513, 1411, 72, 0, 30.03%, 0, 0, 25, 72.38, 2817229, 804, 0, 0
88379, 2, 742, 1411, 72, 0, 30.03%, 0, 0, 25, 83.32, 2817686, 804, 0, 0
88384, 2, 742, 1411, 72, 0, 30.03%, 0, 0, 25, 77.80, 2818068, 804, 0, 0
88389, 2, 742, 1411, 72, 0, 30.03%, 0, 0, 25, 76.24, 2818448, 804, 0, 0
88394, 2, 742, 1411, 72, 0, 30.03%, 0, 0, 25, 75.82, 2818829, 804, 0, 0
88400, 2, 742, 1411, 72, 0, 30.03%, 0, 0, 25, 76.48, 2819226, 804, 0, 0
88405, 2, 742, 1411, 72, 0, 30.03%, 0, 0, 25, 76.37, 2819606, 804, 0, 0
88410, 2, 1011, 1411, 71, 0, 30.03%, 0, 0, 25, 75.33, 2820011, 804, 0, 0
88415, 2, 304, 1411, 71, 0, 30.03%, 0, 0, 25, 85.07, 2820438, 804, 0, 0
88420, 2, 1026, 1411, 71, 0, 30.03%, 0, 0, 25, 84.18, 2820896, 804, 0, 0
88425, 2, 847, 1411, 71, 0, 30.03%, 0, 0, 25, 70.54, 2821242, 804, 0, 0
88430, 2, 847, 1411, 71, 0, 30.03%, 0, 0, 25, 69.12, 2821592, 804, 0, 0
88435, 2, 847, 1411, 71, 0, 30.03%, 0, 0, 25, 68.96, 2821942, 804, 0, 0
88440, 2, 847, 1411, 71, 0, 30.03%, 0, 0, 25, 69.20, 2822292, 804, 0, 0
88445, 2, 847, 1411, 71, 0, 30.03%, 0, 0, 25, 67.70, 2822624, 804, 0, 0
88451, 2, 474, 1411, 70, 0, 30.03%, 0, 0, 25, 80.16, 2823018, 804, 0, 0
88456, 2, 778, 1411, 70, 0, 30.03%, 0, 0, 25, 89.47, 2823504, 804, 0, 0
88461, 2, 778, 1411, 70, 0, 30.03%, 0, 0, 25, 73.11, 2823854, 804, 0, 0
88466, 2, 778, 1411, 70, 0, 30.03%, 0, 0, 25, 69.12, 2824204, 804, 0, 0
88471, 2, 778, 1411, 70, 0, 30.03%, 0, 0, 25, 68.62, 2824554, 804, 0, 0
88476, 2, 778, 1411, 70, 0, 30.03%, 0, 0, 25, 68.09, 2824929, 804, 0, 0
88482, 2, 851, 1411, 69, 0, 30.03%, 0, 0, 25, 68.92, 2825280, 804, 0, 0
88487, 2, 851, 1411, 69, 0, 30.03%, 0, 0, 25, 68.30, 2825629, 804, 0, 0
88492, 2, 851, 1411, 69, 0, 30.03%, 0, 0, 25, 68.85, 2825979, 804, 0, 0
88497, 2, 851, 1411, 69, 0, 30.03%, 0, 0, 25, 69.31, 2826331, 804, 0, 0
88502, 2, 851, 1411, 69, 0, 30.03%, 0, 0, 25, 68.28, 2826705, 804, 0, 0
88508, 2, 1101, 1411, 68, 0, 30.03%, 0, 0, 25, 66.53, 2827050, 804, 0, 0
88513, 2, 1233, 1411, 68, 0, 30.03%, 0, 0, 25, 62.31, 2827370, 804, 0, 0
88518, 2, 553, 1411, 68, 0, 30.03%, 0, 0, 25, 70.07, 2827709, 804, 0, 0
88523, 2, 918, 1411, 68, 0, 30.03%, 0, 0, 25, 70.17, 2828090, 804, 0, 0
88528, 2, 918, 1411, 68, 0, 30.03%, 0, 0, 25, 68.45, 2828437, 804, 0, 0
88533, 2, 918, 1411, 68, 0, 30.03%, 0, 0, 25, 68.19, 2828788, 804, 0, 0
88538, 2, 918, 1411, 68, 0, 30.03%, 0, 0, 25, 66.40, 2829108, 804, 0, 0
88544, 2, 918, 1411, 68, 0, 30.03%, 0, 0, 25, 67.78, 2829465, 804, 0, 0
88549, 2, 1353, 1411, 67, 0, 30.03%, 0, 0, 25, 57.01, 2829751, 804, 0, 0
88554, 3, 753, 1411, 67, 0, 30.03%, 0, 0, 25, 70.16, 2830099, 804, 0, 0
88559, 3, 1106, 1411, 67, 0, 30.03%, 0, 0, 25, 67.57, 2830458, 804, 0, 0
88564, 3, 1303, 1411, 67, 0, 30.03%, 0, 0, 25, 69.46, 2830816, 804, 0, 0
88569, 3, 676, 1411, 67, 0, 30.03%, 0, 0, 25, 58.91, 2831101, 804, 0, 0
88574, 3, 395, 1411, 67, 0, 30.03%, 0, 0, 25, 86.52, 2831559, 804, 0, 0
88580, 3, 715, 1411, 67, 0, 30.03%, 0, 0, 25, 82.40, 2831984, 804, 0, 0
88585, 3, 983, 1411, 67, 0, 30.03%, 0, 0, 25, 93.10, 2832468, 804, 0, 0
88590, 3, 983, 1411, 67, 0, 30.03%, 0, 0, 25, 73.60, 2832820, 804, 0, 0
88595, 3, 983, 1411, 67, 0, 30.03%, 0, 0, 25, 69.52, 2833171, 804, 0, 0
88600, 3, 983, 1411, 67, 0, 30.03%, 0, 0, 25, 68.77, 2833522, 804, 0, 0
88606, 3, 983, 1411, 67, 0, 30.03%, 0, 0, 25, 69.20, 2833934, 804, 0, 0
88611, 3, 941, 1411, 66, 0, 30.03%, 0, 0, 25, 68.07, 2834284, 804, 0, 0
88616, 3, 941, 1411, 66, 0, 30.03%, 0, 0, 25, 68.55, 2834633, 804, 0, 0
88621, 3, 941, 1411, 66, 0, 30.03%, 0, 0, 25, 68.37, 2834983, 804, 0, 0
88626, 3, 941, 1411, 66, 0, 30.03%, 0, 0, 25, 66.00, 2835324, 804, 0, 0
88633, 3, 941, 1411, 66, 0, 30.03%, 0, 0, 25, 66.20, 2835729, 804, 0, 0
88638, 3, 1046, 1411, 65, 0, 30.03%, 0, 0, 25, 68.15, 2836079, 804, 0, 0
88643, 3, 1046, 1411, 65, 0, 30.03%, 0, 0, 25, 68.59, 2836429, 804, 0, 0
88648, 3, 1046, 1411, 65, 0, 30.03%, 0, 0, 25, 67.97, 2836779, 804, 0, 0
88653, 3, 1046, 1411, 65, 0, 30.03%, 0, 0, 25, 67.78, 2837129, 804, 0, 0
88658, 3, 1046, 1411, 65, 0, 30.03%, 0, 0, 25, 66.85, 2837489, 804, 0, 0
88664, 3, 628, 1411, 64, 0, 30.03%, 0, 0, 25, 68.76, 2837841, 804, 0, 0
88669, 3, 559, 1411, 64, 0, 30.03%, 0, 0, 25, 88.95, 2838303, 804, 0, 0
88674, 3, 1241, 1411, 64, 0, 30.03%, 0, 0, 25, 67.77, 2838652, 804, 0, 0
88679, 3, 1311, 1411, 64, 0, 30.03%, 0, 0, 25, 57.45, 2838938, 804, 0, 0
88684, 3, 808, 1411, 64, 0, 30.03%, 0, 0, 25, 61.97, 2839254, 804, 0, 0
88689, 3, 1315, 1411, 64, 0, 30.03%, 0, 0, 25, 35.31, 2839525, 804, 0, 0
88694, 3, 1154, 1411, 64, 0, 30.03%, 0, 0, 25, 52.79, 2839815, 804, 0, 0
88700, 3, 1299, 1411, 64, 0, 30.03%, 0, 0, 25, 54.74, 2840102, 804, 0, 0
88705, 3, 1347, 1411, 64, 0, 30.03%, 0, 0, 25, 52.22, 2840368, 804, 0, 0
88710, 3, 1039, 1411, 64, 0, 30.03%, 0, 0, 25, 55.37, 2840646, 804, 0, 0
88715, 3, 1201, 1411, 64, 0, 30.03%, 0, 0, 25, 59.86, 2840967, 804, 0, 0
88720, 3, 709, 1411, 64, 0, 30.03%, 0, 0, 25, 56.45, 2841246, 804, 0, 0
88725, 3, 709, 1411, 64, 0, 30.03%, 0, 0, 25, 71.44, 2841638, 804, 0, 0
88730, 3, 709, 1411, 64, 0, 30.03%, 0, 0, 25, 74.73, 2842019, 804, 0, 0
88736, 3, 709, 1411, 64, 0, 30.03%, 0, 0, 25, 74.72, 2842405, 804, 0, 0
88741, 3, 709, 1411, 64, 0, 30.03%, 0, 0, 25, 75.31, 2842787, 804, 0, 0
88746, 3, 709, 1411, 64, 0, 30.03%, 0, 0, 25, 75.14, 2843177, 804, 0, 0
88751, 3, 926, 1411, 63, 0, 30.03%, 0, 0, 25, 70.50, 2843536, 804, 0, 0
88756, 3, 926, 1411, 63, 0, 30.03%, 0, 0, 25, 68.64, 2843885, 804, 0, 0
88761, 3, 926, 1411, 63, 0, 30.03%, 0, 0, 25, 68.77, 2844237, 804, 0, 0
88766, 3, 926, 1411, 63, 0, 30.03%, 0, 0, 25, 68.76, 2844588, 804, 0, 0
88772, 3, 926, 1411, 63, 0, 30.03%, 0, 0, 25, 68.85, 2844946, 804, 0, 0
88777, 3, 880, 1411, 62, 0, 30.03%, 0, 0, 25, 68.67, 2845295, 804, 0, 0
88782, 3, 880, 1411, 62, 0, 30.03%, 0, 0, 25, 69.28, 2845647, 804, 0, 0
88787, 3, 880, 1411, 62, 0, 30.03%, 0, 0, 25, 68.26, 2845996, 804, 0, 0
88792, 3, 880, 1411, 62, 0, 30.03%, 0, 0, 25, 68.27, 2846345, 804, 0, 0
88797, 3, 880, 1411, 62, 0, 30.03%, 0, 0, 25, 68.41, 2846692, 804, 0, 0
88802, 3, 144, 1411, 61, 0, 30.03%, 0, 0, 25, 83.55, 2847113, 804, 0, 0
88807, 3, 1400, 1411, 61, 0, 30.03%, 0, 0, 25, 84.44, 2847574, 804, 0, 0
88812, 3, 756, 1411, 61, 0, 30.03%, 0, 0, 25, 77.99, 2847957, 804, 0, 0
88818, 3, 756, 1411, 61, 0, 30.03%, 0, 0, 25, 77.39, 2848356, 804, 0, 0
88823, 3, 756, 1411, 61, 0, 30.03%, 0, 0, 25, 76.70, 2848754, 804, 0, 0
88828, 3, 756, 1411, 61, 0, 30.03%, 0, 0, 25, 77.16, 2849154, 804, 0, 0
88833, 3, 756, 1411, 61, 0, 30.03%, 0, 0, 25, 77.13, 2849550, 804, 0, 0
88838, 3, 715, 1411, 60, 0, 30.03%, 0, 0, 25, 75.96, 2849943, 804, 0, 0
88843, 3, 1249, 1411, 60, 0, 30.03%, 0, 0, 25, 69.47, 2850312, 804, 0, 0
88848, 3, 719, 1411, 60, 0, 30.03%, 0, 0, 25, 72.20, 2850644, 804, 0, 0
88854, 3, 513, 1411, 60, 0, 30.03%, 0, 0, 25, 87.95, 2851100, 804, 0, 0
88859, 3, 1010, 1411, 60, 0, 30.03%, 0, 0, 25, 78.63, 2851515, 804, 0, 0
88864, 3, 774, 1411, 60, 0, 30.03%, 0, 0, 25, 71.68, 2851872, 804, 0, 0
88869, 3, 774, 1411, 60, 0, 30.03%, 0, 0, 25, 69.89, 2852224, 804, 0, 0
88874, 3, 774, 1411, 60, 0, 30.03%, 0, 0, 25, 68.91, 2852575, 804, 0, 0
88879, 3, 774, 1411, 60, 0, 30.03%, 0, 0, 25, 68.86, 2852926, 804, 0, 0
88884, 3, 774, 1411, 60, 0, 30.03%, 0, 0, 25, 68.44, 2853278, 804, 0, 0
88889, 3, 1297, 1411, 59, 0, 30.03%, 0, 0, 25, 74.44, 2853676, 804, 0, 0
88894, 3, 1193, 1411, 59, 0, 30.03%, 0, 0, 25, 59.31, 2853960, 804, 0, 0
88900, 3, 83, 1411, 59, 0, 30.03%, 0, 0, 25, 69.49, 2854299, 804, 0, 0
88905, 3, 1346, 1411, 59, 0, 30.03%, 0, 0, 25, 53.78, 2854558, 804, 0, 0
88910, 3, 1226, 1411, 59, 0, 30.03%, 0, 0, 25, 56.70, 2854853, 804, 0, 0
88915, 3, 787, 1411, 59, 0, 30.03%, 0, 0, 25, 65.45, 2855194, 804, 0, 0
88920, 3, 787, 1411, 59, 0, 30.03%, 0, 0, 25, 67.97, 2855544, 804, 0, 0
88925, 3, 787, 1411, 59, 0, 30.03%, 0, 0, 25, 68.56, 2855894, 804, 0, 0
88930, 3, 787, 1411, 59, 0, 30.03%, 0, 0, 25, 67.83, 2856242, 804, 0, 0
88936, 3, 787, 1411, 59, 0, 30.03%, 0, 0, 25, 68.70, 2856593, 804, 0, 0
88941, 3, 902, 1411, 58, 0, 30.03%, 0, 0, 25, 81.64, 2857007, 804, 0, 0
88946, 3, 902, 1411, 58, 0, 30.03%, 0, 0, 25, 71.86, 2857361, 804, 0, 0
88951, 3, 902, 1411, 58, 0, 30.03%, 0, 0, 25, 69.51, 2857713, 804, 0, 0
88956, 3, 902, 1411, 58, 0, 30.03%, 0, 0, 25, 67.55, 2858047, 804, 0, 0
88962, 3, 902, 1411, 58, 0, 30.03%, 0, 0, 25, 67.61, 2858465, 804, 0, 0
88967, 3, 308, 1411, 57, 0, 30.03%, 0, 0, 25, 75.66, 2858842, 804, 0, 0
88972, 3, 1038, 1411, 57, 0, 30.03%, 0, 0, 25, 72.86, 2859232, 804, 0, 0
88977, 3, 1316, 1411, 57, 0, 30.03%, 0, 0, 25, 57.83, 2859514, 804, 0, 0
88983, 3, 270, 1411, 57, 0, 30.03%, 0, 0, 25, 69.79, 2859954, 804, 0, 0
88988, 3, 881, 1411, 57, 0, 30.03%, 0, 0, 25, 73.73, 2860366, 804, 0, 0
88993, 3, 881, 1411, 57, 0, 30.03%, 0, 0, 25, 69.12, 2860716, 804, 0, 0
88998, 3, 881, 1411, 57, 0, 30.03%, 0, 0, 25, 67.59, 2861049, 804, 0, 0
89003, 3, 881, 1411, 57, 0, 30.03%, 0, 0, 25, 66.53, 2861380, 804, 0, 0
89008, 3, 881, 1411, 57, 0, 30.03%, 0, 0, 25, 67.49, 2861727, 804, 0, 0
89013, 3, 553, 1411, 56, 0, 30.03%, 0, 0, 25, 85.24, 2862153, 804, 0, 0
89018, 3, 1169, 1411, 56, 0, 30.03%, 0, 0, 25, 67.11, 2862503, 804, 0, 0
89023, 3, 1293, 1411, 56, 0, 30.03%, 0, 0, 25, 54.23, 2862755, 804, 0, 0
89029, 3, 1212, 1411, 56, 0, 30.03%, 0, 0, 25, 55.37, 2863016, 804, 0, 0
89034, 3, 291, 1411, 56, 0, 30.03%, 0, 0, 25, 81.32, 2863426, 804, 0, 0
89039, 3, 933, 1411, 56, 0, 30.03%, 0, 0, 25, 88.46, 2863907, 804, 0, 0
89044, 3, 933, 1411, 56, 0, 30.03%, 0, 0, 25, 72.76, 2864259, 804, 0, 0
89049, 3, 933, 1411, 56, 0, 30.03%, 0, 0, 25, 69.12, 2864608, 804, 0, 0
89054, 3, 933, 1411, 56, 0, 30.03%, 0, 0, 25, 67.98, 2864957, 804, 0, 0
89060, 3, 933, 1411, 56, 0, 30.03%, 0, 0, 25, 67.95, 2865330, 804, 0, 0
89065, 3, 1382, 1411, 55, 0, 30.03%, 0, 0, 25, 64.58, 2865667, 804, 0, 0
89070, 3, 1382, 1411, 55, 0, 30.03%, 0, 0, 25, 53.22, 2865923, 804, 0, 0
89075, 3, 1394, 1411, 55, 0, 30.03%, 0, 0, 25, 50.73, 2866174, 804, 0, 0
89080, 3, 1322, 1411, 55, 0, 30.03%, 0, 0, 25, 61.47, 2866482, 804, 0, 0
89085, 3, 1322, 1411, 55, 0, 30.03%, 0, 0, 25, 65.81, 2866818, 804, 0, 0
89090, 3, 1322, 1411, 55, 0, 30.03%, 0, 0, 25, 67.64, 2867168, 804, 0, 0
89095, 3, 1322, 1411, 55, 0, 30.03%, 0, 0, 25, 67.36, 2867513, 804, 0, 0
89100, 3, 1287, 1411, 54, 0, 30.03%, 0, 0, 25, 63.92, 2867848, 804, 0, 0
89105, 3, 1287, 1411, 54, 0, 30.03%, 0, 0, 25, 54.44, 2868112, 804, 0, 0
89111, 3, 650, 1411, 54, 0, 30.03%, 0, 0, 25, 71.97, 2868506, 804, 0, 0
89116, 3, 1404, 1411, 54, 0, 30.03%, 0, 0, 25, 53.87, 2868758, 804, 0, 0
89121, 3, 1386, 1411, 54, 0, 30.03%, 0, 0, 25, 73.84, 2869172, 804, 0, 0
89126, 3, 185, 1411, 54, 0, 30.03%, 0, 0, 25, 61.92, 2869450, 804, 0, 0
89131, 3, 465, 1411, 54, 0, 30.03%, 0, 0, 25, 87.09, 2869974, 804, 0, 0
89136, 3, 772, 1411, 54, 0, 30.03%, 0, 0, 25, 82.53, 2870429, 804, 0, 0
89141, 3, 772, 1411, 54, 0, 30.03%, 0, 0, 25, 71.39, 2870778, 804, 0, 0
89146, 3, 772, 1411, 54, 0, 30.03%, 0, 0, 25, 68.40, 2871126, 804, 0, 0
89152, 3, 772, 1411, 54, 0, 30.03%, 0, 0, 25, 68.07, 2871475, 804, 0, 0
89157, 3, 772, 1411, 54, 0, 30.03%, 0, 0, 25, 68.38, 2871820, 804, 0, 0
89162, 3, 176, 1411, 53, 0, 30.03%, 0, 0, 25, 84.09, 2872237, 804, 0, 0
89167, 3, 1089, 1411, 53, 0, 30.03%, 0, 0, 25, 68.81, 2872591, 804, 0, 0
89172, 3, 868, 1411, 53, 0, 30.03%, 0, 0, 25, 68.57, 2872940, 804, 0, 0
89177, 3, 868, 1411, 53, 0, 30.03%, 0, 0, 25, 68.07, 2873287, 804, 0, 0
89182, 3, 868, 1411, 53, 0, 30.03%, 0, 0, 25, 68.22, 2873636, 804, 0, 0
89189, 3, 868, 1411, 53, 0, 30.03%, 0, 0, 25, 68.07, 2874107, 804, 0, 0
89194, 3, 1397, 1411, 52, 0, 30.03%, 0, 0, 25, 64.45, 2874446, 804, 0, 0
89199, 3, 583, 1411, 52, 0, 30.03%, 0, 0, 25, 53.39, 2874707, 804, 0, 0
89205, 3, 583, 1411, 52, 0, 30.03%, 0, 0, 25, 71.49, 2875103, 804, 0, 0
89210, 3, 583, 1411, 52, 0, 30.03%, 0, 0, 25, 75.07, 2875497, 804, 0, 0
89215, 3, 583, 1411, 52, 0, 30.03%, 0, 0, 25, 75.78, 2875888, 804, 0, 0
89220, 3, 583, 1411, 52, 0, 30.03%, 0, 0, 25, 75.96, 2876269, 804, 0, 0
89225, 3, 583, 1411, 52, 0, 30.03%, 0, 0, 25, 76.13, 2876661, 804, 0, 0
89230, 3, 685, 1411, 51, 0, 30.03%, 0, 0, 25, 75.55, 2877038, 804, 0, 0
89235, 3, 1015, 1411, 51, 0, 30.03%, 0, 0, 25, 73.40, 2877421, 804, 0, 0
89240, 3, 1015, 1411, 51, 0, 30.03%, 0, 0, 25, 69.19, 2877771, 804, 0, 0
89246, 3, 1015, 1411, 51, 0, 30.03%, 0, 0, 25, 68.02, 2878111, 804, 0, 0
89251, 3, 1015, 1411, 51, 0, 30.03%, 0, 0, 25, 68.38, 2878461, 804, 0, 0
89256, 3, 1015, 1411, 51, 0, 30.03%, 0, 0, 25, 68.25, 2878809, 804, 0, 0
89261, 3, 48, 1411, 50, 0, 30.03%, 0, 0, 25, 74.59, 2879177, 804, 0, 0
89266, 3, 1397, 1411, 50, 0, 30.03%, 0, 0, 25, 56.14, 2879449, 804, 0, 0
89271, 3, 540, 1411, 50, 0, 30.03%, 0, 0, 25, 60.31, 2879752, 804, 0, 0
89276, 3, 977, 1411, 50, 0, 30.03%, 0, 0, 25, 71.80, 2880158, 804, 0, 0
89281, 3, 977, 1411, 50, 0, 30.03%, 0, 0, 25, 68.77, 2880507, 804, 0, 0
89287, 3, 977, 1411, 50, 0, 30.03%, 0, 0, 25, 65.37, 2880839, 804, 0, 0
89292, 3, 977, 1411, 50, 0, 30.03%, 0, 0, 25, 68.21, 2881188, 804, 0, 0
89297, 3, 977, 1411, 50, 0, 30.03%, 0, 0, 25, 67.74, 2881535, 804, 0, 0
89302, 3, 1372, 1411, 49, 0, 30.03%, 0, 0, 25, 57.98, 2881833, 804, 0, 0
89307, 3, 568, 1411, 49, 0, 30.03%, 0, 0, 25, 60.94, 2882126, 804, 0, 0
89312, 3, 87, 1411, 49, 0, 30.03%, 0, 0, 25, 92.48, 2882618, 804, 0, 0
89317, 3, 775, 1411, 49, 0, 30.03%, 0, 0, 25, 73.19, 2882976, 804, 0, 0
89322, 3, 775, 1411, 49, 0, 30.03%, 0, 0, 25, 69.07, 2883325, 804, 0, 0
89327, 3, 775, 1411, 49, 0, 30.03%, 0, 0, 25, 67.03, 2883654, 804, 0, 0
89333, 3, 775, 1411, 49, 0, 30.03%, 0, 0, 25, 67.72, 2884003, 804, 0, 0
89338, 3, 775, 1411, 49, 0, 30.03%, 0, 0, 25, 67.82, 2884356, 804, 0, 0
89343, 3, 533, 1411, 48, 0, 30.03%, 0, 0, 25, 82.32, 2884783, 804, 0, 0
89348, 3, 917, 1411, 48, 0, 30.03%, 0, 0, 25, 70.69, 2885147, 804, 0, 0
89353, 3, 917, 1411, 48, 0, 30.03%, 0, 0, 25, 69.13, 2885497, 804, 0, 0
89358, 3, 917, 1411, 48, 0, 30.03%, 0, 0, 25, 67.55, 2885843, 804, 0, 0
89363, 3, 917, 1411, 48, 0, 30.03%, 0, 0, 25, 66.26, 2886181, 804, 0, 0
89369, 3, 917, 1411, 48, 0, 30.03%, 0, 0, 25, 67.67, 2886536, 804, 0, 0
89374, 3, 1266, 1411, 47, 0, 30.03%, 0, 0, 25, 59.05, 2886840, 804, 0, 0
89379, 3, 1384, 1411, 47, 0, 30.03%, 0, 0, 25, 52.52, 2887100, 804, 0, 0
89384, 3, 1222, 1411, 47, 0, 30.03%, 0, 0, 25, 62.93, 2887419, 804, 0, 0
89389, 3, 348, 1411, 47, 0, 30.03%, 0, 0, 25, 68.41, 2887740, 804, 0, 0
89394, 3, 1402, 1411, 47, 0, 30.03%, 0, 0, 25, 69.37, 2888152, 804, 0, 0
89399, 3, 1153, 1411, 47, 0, 30.03%, 0, 0, 25, 54.37, 2888400, 804, 0, 0
89404, 3, 1128, 1411, 47, 0, 30.03%, 0, 0, 25, 57.59, 2888690, 804, 0, 0
89409, 3, 1128, 1411, 47, 0, 30.03%, 0, 0, 25, 60.97, 2888997, 804, 0, 0
89414, 3, 1128, 1411, 47, 0, 30.03%, 0, 0, 25, 62.12, 2889322, 804, 0, 0
89420, 3, 1128, 1411, 47, 0, 30.03%, 0, 0, 25, 61.63, 2889641, 804, 0, 0
89426, 3, 1128, 1411, 47, 0, 30.03%, 0, 0, 25, 36.69, 2890003, 804, 0, 0
89431, 3, 1035, 1411, 46, 0, 30.03%, 0, 0, 25, 57.84, 2890329, 804, 0, 0
89436, 3, 513, 1411, 46, 0, 30.03%, 0, 0, 25, 74.34, 2890712, 804, 0, 0
89441, 3, 667, 1411, 46, 0, 30.03%, 0, 0, 25, 81.97, 2891163, 804, 0, 0
89446, 3, 8, 1411, 46, 0, 30.03%, 0, 0, 25, 95.45, 2891664, 804, 0, 0
89451, 3, 1258, 1411, 46, 0, 30.03%, 0, 0, 25, 65.03, 2891960, 804, 0, 0
89457, 3, 179, 1411, 46, 0, 30.03%, 0, 0, 25, 90.71, 2892442, 804, 0, 0
89462, 3, 930, 1411, 46, 0, 30.03%, 0, 0, 25, 76.52, 2892832, 804, 0, 0
89467, 3, 930, 1411, 46, 0, 30.03%, 0, 0, 25, 69.38, 2893180, 804, 0, 0
89472, 3, 930, 1411, 46, 0, 30.03%, 0, 0, 25, 68.54, 2893530, 804, 0, 0
89477, 3, 930, 1411, 46, 0, 30.03%, 0, 0, 25, 68.57, 2893879, 804, 0, 0
89482, 3, 930, 1411, 46, 0, 30.03%, 0, 0, 25, 67.96, 2894220, 804, 0, 0
89487, 3, 815, 1411, 45, 0, 30.03%, 0, 0, 25, 68.27, 2894570, 804, 0, 0
89492, 3, 912, 1411, 45, 0, 30.03%, 0, 0, 25, 68.19, 2894920, 804, 0, 0
89498, 3, 618, 1411, 45, 0, 30.03%, 0, 0, 25, 74.66, 2895321, 804, 0, 0
89503, 3, 220, 1412, 46, 0, 30.03%, 0, 0, 25, 85.74, 2895741, 804, 0, 0
89508, 3, 1397, 1412, 46, 0, 30.03%, 0, 0, 25, 91.57, 2896221, 804, 0, 0
89513, 3, 1397, 1412, 46, 0, 30.03%, 0, 0, 25, 59.24, 2896480, 804, 0, 0
89518, 3, 1184, 1412, 46, 0, 30.03%, 0, 0, 25, 65.68, 2896862, 804, 0, 0
89523, 3, 879, 1412, 46, 0, 30.03%, 0, 0, 25, 70.50, 2897211, 804, 0, 0
89528, 3, 879, 1412, 46, 0, 30.03%, 0, 0, 25, 69.08, 2897560, 804, 0, 0
89533, 3, 879, 1412, 46, 0, 30.03%, 0, 0, 25, 69.07, 2897911, 804, 0, 0
89538, 3, 879, 1412, 46, 0, 30.03%, 0, 0, 25, 69.57, 2898263, 804, 0, 0
89543, 3, 879, 1412, 46, 0, 30.03%, 0, 0, 25, 68.95, 2898617, 804, 0, 0
89548, 3, 660, 1412, 45, 0, 30.03%, 0, 0, 25, 71.03, 2898978, 804, 0, 0
89554, 3, 887, 1412, 45, 0, 30.03%, 0, 0, 25, 72.53, 2899374, 804, 0, 0
89559, 3, 887, 1412, 45, 0, 30.03%, 0, 0, 25, 68.25, 2899703, 804, 0, 0
89564, 3, 887, 1412, 45, 0, 30.03%, 0, 0, 25, 68.80, 2900054, 804, 0, 0
89569, 3, 887, 1412, 45, 0, 30.03%, 0, 0, 25, 67.72, 2900401, 804, 0, 0
89574, 3, 887, 1412, 45, 0, 30.03%, 0, 0, 25, 68.17, 2900755, 804, 0, 0
89579, 3, 304, 1412, 44, 0, 30.03%, 0, 0, 25, 87.63, 2901187, 804, 0, 0
89584, 3, 617, 1412, 44, 0, 30.03%, 0, 0, 25, 86.40, 2901657, 804, 0, 0
89589, 3, 1366, 1412, 44, 0, 30.03%, 0, 0, 25, 66.25, 2901986, 804, 0, 0
89595, 3, 392, 1412, 44, 0, 30.03%, 0, 0, 25, 72.89, 2902320, 804, 0, 0
89600, 3, 961, 1412, 44, 0, 30.03%, 0, 0, 25, 71.85, 2902703, 804, 0, 0
89605, 3, 961, 1412, 44, 0, 30.03%, 0, 0, 25, 66.85, 2903044, 804, 0, 0
89610, 3, 961, 1412, 44, 0, 30.03%, 0, 0, 25, 66.53, 2903380, 804, 0, 0
89615, 3, 961, 1412, 44, 0, 30.03%, 0, 0, 25, 66.13, 2903713, 804, 0, 0
89620, 3, 961, 1412, 44, 0, 30.03%, 0, 0, 25, 65.64, 2904043, 804, 0, 0
89626, 3, 961, 1412, 44, 0, 30.03%, 0, 0, 25, 65.19, 2904436, 804, 0, 0
89631, 3, 317, 1412, 43, 0, 30.03%, 0, 0, 25, 70.13, 2904781, 804, 0, 0
89636, 3, 1397, 1412, 43, 0, 30.03%, 0, 0, 25, 61.28, 2905117, 804, 0, 0
89641, 3, 729, 1412, 43, 0, 30.03%, 0, 0, 25, 70.07, 2905467, 804, 0, 0
89646, 3, 729, 1412, 43, 0, 30.03%, 0, 0, 25, 71.00, 2905836, 804, 0, 0
89651, 3, 729, 1412, 43, 0, 30.03%, 0, 0, 25, 71.44, 2906195, 804, 0, 0
89658, 3, 729, 1412, 43, 0, 30.03%, 0, 0, 25, 71.69, 2906695, 804, 0, 0
89664, 3, 708, 1412, 42, 0, 30.03%, 0, 0, 25, 83.03, 2907119, 804, 0, 0
89669, 3, 1186, 1412, 42, 0, 30.03%, 0, 0, 25, 66.89, 2907459, 804, 0, 0
89674, 3, 448, 1412, 42, 0, 30.03%, 0, 0, 25, 72.29, 2907805, 804, 0, 0
89679, 3, 807, 1412, 42, 0, 30.03%, 0, 0, 25, 75.19, 2908220, 804, 0, 0
89684, 3, 807, 1412, 42, 0, 30.03%, 0, 0, 25, 69.98, 2908576, 804, 0, 0
89689, 3, 807, 1412, 42, 0, 30.03%, 0, 0, 25, 67.06, 2908905, 804, 0, 0
89694, 3, 807, 1412, 42, 0, 30.03%, 0, 0, 25, 67.52, 2909254, 804, 0, 0
89699, 3, 807, 1412, 42, 0, 30.03%, 0, 0, 25, 67.91, 2909600, 804, 0, 0
89704, 3, 1010, 1412, 41, 0, 30.03%, 0, 0, 25, 67.61, 2909949, 804, 0, 0
89710, 3, 171, 1412, 41, 0, 30.03%, 0, 0, 25, 79.22, 2910349, 804, 0, 0
89715, 3, 1035, 1412, 41, 0, 30.03%, 0, 0, 25, 86.25, 2910834, 804, 0, 0
89720, 3, 970, 1412, 41, 0, 30.03%, 0, 0, 25, 71.30, 2911184, 804, 0, 0
89725, 3, 970, 1412, 41, 0, 30.03%, 0, 0, 25, 66.79, 2911515, 804, 0, 0
89730, 3, 970, 1412, 41, 0, 30.03%, 0, 0, 25, 66.42, 2911848, 804, 0, 0
89735, 3, 970, 1412, 41, 0, 30.03%, 0, 0, 25, 66.65, 2912183, 804, 0, 0
89740, 3, 970, 1412, 41, 0, 30.03%, 0, 0, 25, 66.50, 2912516, 804, 0, 0
89746, 3, 970, 1412, 41, 0, 30.03%, 0, 0, 25, 66.61, 2912923, 804, 0, 0
89751, 3, 826, 1412, 40, 0, 30.03%, 0, 0, 25, 66.56, 2913255, 804, 0, 0
89756, 3, 826, 1412, 40, 0, 30.03%, 0, 0, 25, 68.24, 2913607, 804, 0, 0
89761, 3, 826, 1412, 40, 0, 30.03%, 0, 0, 25, 69.01, 2913960, 804, 0, 0
89766, 3, 826, 1412, 40, 0, 30.03%, 0, 0, 25, 68.23, 2914308, 804, 0, 0
89772, 3, 826, 1412, 40, 0, 30.03%, 0, 0, 25, 69.33, 2914704, 804, 0, 0
89777, 3, 967, 1412, 39, 0, 30.03%, 0, 0, 25, 69.58, 2915057, 804, 0, 0
89782, 3, 967, 1412, 39, 0, 30.03%, 0, 0, 25, 69.50, 2915410, 804, 0, 0
89787, 3, 967, 1412, 39, 0, 30.03%, 0, 0, 25, 67.54, 2915756, 804, 0, 0
89793, 3, 967, 1412, 39, 0, 30.03%, 0, 0, 25, 67.60, 2916103, 804, 0, 0
89798, 3, 967, 1412, 39, 0, 30.03%, 0, 0, 25, 67.42, 2916466, 804, 0, 0
89803, 3, 236, 1412, 38, 0, 30.03%, 0, 0, 25, 75.62, 2916841, 804, 0, 0
89808, 3, 1397, 1412, 38, 0, 30.03%, 0, 0, 25, 60.92, 2917162, 804, 0, 0
89814, 3, 1155, 1412, 38, 0, 30.03%, 0, 0, 25, 56.65, 2917442, 804, 0, 0
89819, 3, 932, 1412, 38, 0, 30.03%, 0, 0, 25, 61.09, 2917759, 804, 0, 0
89824, 3, 1397, 1412, 38, 0, 30.03%, 0, 0, 25, 60.41, 2918086, 804, 0, 0
89829, 3, 840, 1412, 38, 0, 30.03%, 0, 0, 25, 53.31, 2918335, 804, 0, 0
89834, 3, 840, 1412, 38, 0, 30.03%, 0, 0, 25, 65.15, 2918685, 804, 0, 0
89839, 3, 840, 1412, 38, 0, 30.03%, 0, 0, 25, 67.35, 2919029, 804, 0, 0
89844, 3, 840, 1412, 38, 0, 30.03%, 0, 0, 25, 67.81, 2919377, 804, 0, 0
89851, 3, 840, 1412, 38, 0, 30.03%, 0, 0, 25, 66.95, 2919810, 804, 0, 0
89856, 3, 492, 1412, 37, 0, 30.03%, 0, 0, 25, 77.26, 2920193, 804, 0, 0
89861, 3, 1131, 1412, 37, 0, 30.03%, 0, 0, 25, 76.44, 2920597, 804, 0, 0
89866, 3, 960, 1412, 37, 0, 30.03%, 0, 0, 25, 71.45, 2920951, 804, 0, 0
89871, 3, 960, 1412, 37, 0, 30.03%, 0, 0, 25, 69.45, 2921301, 804, 0, 0
89876, 3, 960, 1412, 37, 0, 30.03%, 0, 0, 25, 68.52, 2921647, 804, 0, 0
89882, 3, 960, 1412, 37, 0, 30.03%, 0, 0, 25, 68.12, 2921997, 804, 0, 0
89887, 3, 960, 1412, 37, 0, 30.03%, 0, 0, 25, 67.94, 2922338, 804, 0, 0
89892, 3, 1013, 1412, 36, 0, 30.03%, 0, 0, 25, 68.04, 2922689, 804, 0, 0
89897, 3, 1075, 1412, 36, 0, 30.03%, 0, 0, 25, 72.82, 2923046, 804, 0, 0
89902, 3, 1275, 1412, 36, 0, 30.03%, 0, 0, 25, 63.49, 2923361, 804, 0, 0
89907, 3, 1405, 1412, 36, 0, 30.03%, 0, 0, 25, 55.88, 2923640, 804, 0, 0
89912, 3, 1405, 1412, 36, 0, 30.03%, 0, 0, 25, 49.35, 2923880, 804, 0, 0
89917, 3, 954, 1412, 36, 0, 30.03%, 0, 0, 25, 61.43, 2924199, 804, 0, 0
89922, 3, 1358, 1412, 36, 0, 30.03%, 0, 0, 25, 79.44, 2924660, 804, 0, 0
89927, 3, 1250, 1412, 36, 0, 30.03%, 0, 0, 25, 56.72, 2924917, 804, 0, 0
89932, 3, 1250, 1412, 36, 0, 30.03%, 0, 0, 25, 56.59, 2925202, 804, 0, 0
89938, 3, 1411, 1412, 36, 0, 30.03%, 0, 0, 25, 87.78, 2925691, 804, 0, 0
89943, 3, 1411, 1412, 36, 0, 30.03%, 0, 0, 25, 93.82, 2926182, 804, 0, 0
89948, 3, 1411, 1412, 36, 0, 30.03%, 0, 0, 25, 88.37, 2926634, 804, 0, 0
89953, 3, 828, 1412, 35, 0, 30.03%, 0, 0, 25, 72.90, 2926989, 804, 0, 0
89958, 3, 828, 1412, 35, 0, 30.03%, 0, 0, 25, 69.75, 2927340, 804, 0, 0
89963, 3, 828, 1412, 35, 0, 30.03%, 0, 0, 25, 68.34, 2927689, 804, 0, 0
89969, 3, 828, 1412, 35, 0, 30.03%, 0, 0, 25, 68.70, 2928131, 804, 0, 0
89975, 3, 1091, 1412, 34, 0, 30.03%, 0, 0, 25, 66.63, 2928476, 804, 0, 0
89980, 3, 1091, 1412, 34, 0, 30.03%, 0, 0, 25, 64.99, 2928807, 804, 0, 0
89985, 3, 1091, 1412, 34, 0, 30.03%, 0, 0, 25, 64.71, 2929142, 804, 0, 0
89990, 3, 1091, 1412, 34, 0, 30.03%, 0, 0, 25, 64.64, 2929472, 804, 0, 0
89995, 3, 1091, 1412, 34, 0, 30.03%, 0, 0, 25, 64.30, 2929796, 804, 0, 0
90000, 3, 1091, 1412, 34, 0, 30.03%, 0, 0, 25, 64.61, 2930126, 804, 0, 0
90007, 3, 1091, 1412, 34, 0, 30.03%, 0, 0, 25, 64.49, 2930549, 804, 0, 0
90012, 3, 475, 1412, 33, 0, 30.03%, 0, 0, 25, 69.34, 2930898, 804, 0, 0
90017, 3, 475, 1412, 33, 0, 30.03%, 0, 0, 25, 92.08, 2931395, 804, 0, 0
90022, 3, 1062, 1412, 32, 0, 30.03%, 0, 0, 25, 95.82, 2931897, 804, 0, 0
90027, 3, 225, 1412, 32, 0, 30.03%, 0, 0, 25, 81.91, 2932276, 804, 0, 0
90032, 3, 1363, 1412, 32, 0, 30.03%, 0, 0, 25, 67.87, 2932640, 804, 0, 0
90037, 3, 384, 1412, 32, 0, 30.03%, 0, 0, 25, 77.83, 2933006, 804, 0, 0
90043, 3, 1307, 1412, 32, 0, 30.03%, 0, 0, 25, 66.56, 2933368, 804, 0, 0
90048, 3, 985, 1412, 32, 0, 30.03%, 0, 0, 25, 64.35, 2933684, 804, 0, 0
90053, 3, 985, 1412, 32, 0, 30.03%, 0, 0, 25, 66.10, 2934019, 804, 0, 0
90058, 3, 985, 1412, 32, 0, 30.03%, 0, 0, 25, 66.83, 2934354, 804, 0, 0
90063, 3, 985, 1412, 32, 0, 30.03%, 0, 0, 25, 66.85, 2934702, 804, 0, 0
90068, 3, 985, 1412, 32, 0, 30.03%, 0, 0, 25, 66.61, 2935036, 804, 0, 0
90073, 3, 985, 1412, 32, 0, 30.03%, 0, 0, 25, 67.01, 2935379, 804, 0, 0
90078, 3, 836, 1412, 31, 0, 30.03%, 0, 0, 25, 84.25, 2935818, 804, 0, 0
90083, 3, 349, 1412, 31, 0, 30.03%, 0, 0, 25, 81.20, 2936203, 804, 0, 0
90088, 3, 1397, 1412, 31, 0, 30.03%, 0, 0, 25, 61.06, 2936510, 804, 0, 0
90094, 3, 1245, 1412, 31, 0, 30.03%, 0, 0, 25, 63.29, 2936845, 804, 0, 0
90099, 3, 888, 1412, 31, 0, 30.03%, 0, 0, 25, 64.44, 2937169, 804, 0, 0
90104, 3, 888, 1412, 31, 0, 30.03%, 0, 0, 25, 68.61, 2937523, 804, 0, 0
90109, 3, 888, 1412, 31, 0, 30.03%, 0, 0, 25, 68.83, 2937875, 804, 0, 0
90114, 3, 888, 1412, 31, 0, 30.03%, 0, 0, 25, 68.51, 2938222, 804, 0, 0
90119, 3, 888, 1412, 31, 0, 30.03%, 0, 0, 25, 69.28, 2938575, 804, 0, 0
90124, 3, 1204, 1412, 30, 0, 30.03%, 0, 0, 25, 71.53, 2938949, 804, 0, 0
90129, 3, 722, 1412, 30, 0, 30.03%, 0, 0, 25, 65.44, 2939256, 804, 0, 0
90135, 3, 553, 1412, 30, 0, 30.03%, 0, 0, 25, 87.46, 2939723, 804, 0, 0
90140, 3, 1089, 1412, 30, 0, 30.03%, 0, 0, 25, 69.67, 2940065, 804, 0, 0
90145, 3, 1052, 1412, 30, 0, 30.03%, 0, 0, 25, 78.84, 2940516, 804, 0, 0
90150, 3, 1312, 1412, 30, 0, 30.03%, 0, 0, 25, 61.49, 2940820, 804, 0, 0
90155, 3, 1233, 1412, 30, 0, 30.03%, 0, 0, 25, 57.89, 2941107, 804, 0, 0
90160, 3, 428, 1412, 30, 0, 30.03%, 0, 0, 25, 77.94, 2941489, 804, 0, 0
90165, 3, 1403, 1412, 30, 0, 30.03%, 0, 0, 25, 83.35, 2941949, 804, 0, 0
90170, 3, 1060, 1412, 30, 0, 30.03%, 0, 0, 25, 76.56, 2942352, 804, 0, 0
90176, 3, 1085, 1412, 30, 0, 30.03%, 0, 0, 25, 67.29, 2942688, 804, 0, 0
90181, 3, 1085, 1412, 30, 0, 30.03%, 0, 0, 25, 65.08, 2943017, 804, 0, 0
90186, 3, 1085, 1412, 30, 0, 30.03%, 0, 0, 25, 64.50, 2943342, 804, 0, 0
90191, 3, 1085, 1412, 30, 0, 30.03%, 0, 0, 25, 64.13, 2943666, 804, 0, 0
90196, 3, 1085, 1412, 30, 0, 30.03%, 0, 0, 25, 63.77, 2943989, 804, 0, 0
90201, 3, 1085, 1412, 30, 0, 30.03%, 0, 0, 25, 64.44, 2944318, 804, 0, 0
90206, 3, 1085, 1412, 30, 0, 30.03%, 0, 0, 25, 63.78, 2944643, 804, 0, 0
90211, 3, 1297, 1412, 29, 0, 30.03%, 0, 0, 25, 61.34, 2944961, 804, 0, 0
90216, 3, 553, 1412, 29, 0, 30.03%, 0, 0, 25, 63.23, 2945270, 804, 0, 0
90222, 3, 1025, 1412, 29, 0, 30.03%, 0, 0, 25, 78.34, 2945726, 804, 0, 0
90227, 3, 722, 1412, 29, 0, 30.03%, 0, 0, 25, 78.00, 2946121, 804, 0, 0
90232, 3, 831, 1412, 29, 0, 30.03%, 0, 0, 25, 69.95, 2946477, 804, 0, 0
90237, 3, 1092, 1412, 29, 0, 30.03%, 0, 0, 25, 71.85, 2946859, 804, 0, 0
90242, 3, 1251, 1412, 29, 0, 30.03%, 0, 0, 25, 63.00, 2947178, 804, 0, 0
90247, 3, 987, 1412, 29, 0, 30.03%, 0, 0, 25, 62.38, 2947489, 804, 0, 0
90253, 3, 604, 1412, 29, 0, 30.03%, 0, 0, 25, 70.75, 2947857, 804, 0, 0
90258, 3, 645, 1412, 29, 0, 30.03%, 0, 0, 25, 85.85, 2948331, 804, 0, 0
90263, 3, 1349, 1412, 29, 0, 30.03%, 0, 0, 25, 72.33, 2948707, 804, 0, 0
90268, 3, 1112, 1412, 29, 0, 30.03%, 0, 0, 25, 60.75, 2948987, 804, 0, 0
90273, 3, 1044, 1412, 29, 0, 30.03%, 0, 0, 25, 73.25, 2949359, 804, 0, 0
90278, 3, 1169, 1412, 29, 0, 30.03%, 0, 0, 25, 64.71, 2949693, 804, 0, 0
90283, 3, 1147, 1412, 29, 0, 30.03%, 0, 0, 25, 61.12, 2949994, 804, 0, 0
90288, 3, 492, 1412, 29, 0, 30.03%, 0, 0, 25, 84.04, 2950415, 804, 0, 0
90293, 3, 1389, 1412, 29, 0, 30.03%, 0, 0, 25, 57.82, 2950676, 804, 0, 0
90298, 3, 602, 1412, 29, 0, 30.03%, 0, 0, 25, 80.84, 2951118, 804, 0, 0
90303, 3, 1190, 1412, 29, 0, 30.03%, 0, 0, 25, 68.33, 2951471, 804, 0, 0
90308, 3, 639, 1412, 29, 0, 30.03%, 0, 0, 25, 70.24, 2951808, 804, 0, 0
90313, 3, 1127, 1412, 29, 0, 30.03%, 0, 0, 25, 67.64, 2952156, 804, 0, 0
90319, 3, 1396, 1412, 29, 0, 30.03%, 0, 0, 25, 57.14, 2952442, 804, 0, 0
90324, 3, 575, 1412, 29, 0, 30.03%, 0, 0, 25, 63.46, 2952746, 804, 0, 0
90329, 3, 288, 1412, 29, 0, 30.03%, 0, 0, 25, 91.34, 2953262, 804, 0, 0
90334, 3, 1273, 1412, 29, 0, 30.03%, 0, 0, 25, 65.71, 2953578, 804, 0, 0
90339, 3, 1285, 1412, 29, 0, 30.03%, 0, 0, 25, 56.56, 2953858, 804, 0, 0
90344, 3, 978, 1412, 29, 0, 30.03%, 0, 0, 25, 67.67, 2954226, 804, 0, 0
90349, 3, 1081, 1412, 29, 0, 30.03%, 0, 0, 25, 65.05, 2954557, 804, 0, 0
90354, 3, 965, 1412, 29, 0, 30.03%, 0, 0, 25, 69.98, 2954933, 804, 0, 0
90359, 3, 965, 1412, 29, 0, 30.03%, 0, 0, 25, 66.61, 2955263, 804, 0, 0
90364, 3, 965, 1412, 29, 0, 30.03%, 0, 0, 25, 66.12, 2955597, 804, 0, 0
90370, 3, 965, 1412, 29, 0, 30.03%, 0, 0, 25, 65.47, 2955926, 804, 0, 0
90375, 3, 965, 1412, 29, 0, 30.03%, 0, 0, 25, 65.19, 2956254, 804, 0, 0
90380, 3, 965, 1412, 29, 0, 30.03%, 0, 0, 25, 65.45, 2956585, 804, 0, 0
90385, 3, 965, 1412, 29, 0, 30.03%, 0, 0, 25, 65.44, 2956917, 804, 0, 0
90390, 3, 774, 1412, 28, 0, 30.03%, 0, 0, 25, 66.69, 2957261, 804, 0, 0
90395, 3, 1372, 1412, 28, 0, 30.03%, 0, 0, 25, 76.05, 2957684, 804, 0, 0
90400, 3, 718, 1412, 28, 0, 30.03%, 0, 0, 25, 58.29, 2957950, 804, 0, 0
90405, 3, 445, 1412, 28, 0, 30.03%, 0, 0, 25, 84.95, 2958402, 804, 0, 0
90411, 3, 685, 1412, 28, 0, 30.03%, 0, 0, 25, 85.96, 2958853, 804, 0, 0
90416, 3, 1182, 1412, 28, 0, 30.03%, 0, 0, 25, 66.20, 2959175, 804, 0, 0
90421, 3, 450, 1412, 28, 0, 30.03%, 0, 0, 25, 83.75, 2959587, 804, 0, 0
90426, 3, 837, 1412, 28, 0, 30.03%, 0, 0, 25, 74.08, 2959966, 804, 0, 0
90431, 3, 837, 1412, 28, 0, 30.03%, 0, 0, 25, 69.15, 2960312, 804, 0, 0
90436, 3, 837, 1412, 28, 0, 30.03%, 0, 0, 25, 69.34, 2960664, 804, 0, 0
90441, 3, 837, 1412, 28, 0, 30.03%, 0, 0, 25, 68.65, 2961014, 804, 0, 0
90446, 3, 837, 1412, 28, 0, 30.03%, 0, 0, 25, 68.21, 2961358, 804, 0, 0
90451, 3, 962, 1412, 27, 0, 30.03%, 0, 0, 25, 68.58, 2961709, 804, 0, 0
90456, 3, 962, 1412, 27, 0, 30.03%, 0, 0, 25, 66.92, 2962049, 804, 0, 0
90462, 3, 962, 1412, 27, 0, 30.03%, 0, 0, 25, 67.69, 2962398, 804, 0, 0
90467, 3, 962, 1412, 27, 0, 30.03%, 0, 0, 25, 68.20, 2962749, 804, 0, 0
90472, 3, 962, 1412, 27, 0, 30.03%, 0, 0, 25, 66.43, 2963094, 804, 0, 0
90477, 3, 957, 1412, 26, 0, 30.03%, 0, 0, 25, 74.67, 2963471, 804, 0, 0
90482, 3, 1331, 1412, 26, 0, 30.03%, 0, 0, 25, 69.54, 2963811, 804, 0, 0
90487, 3, 1331, 1412, 26, 0, 30.03%, 0, 0, 25, 67.94, 2964147, 804, 0, 0
90492, 3, 1331, 1412, 26, 0, 30.03%, 0, 0, 25, 70.02, 2964501, 804, 0, 0
90497, 3, 1331, 1412, 26, 0, 30.03%, 0, 0, 25, 69.73, 2964850, 804, 0, 0
90502, 3, 1331, 1412, 26, 0, 30.03%, 0, 0, 25, 68.85, 2965210, 804, 0, 0
90507, 3, 1345, 1412, 25, 0, 30.03%, 0, 0, 25, 61.92, 2965542, 804, 0, 0
90513, 3, 323, 1412, 25, 0, 30.03%, 0, 0, 25, 73.54, 2965887, 804, 0, 0
90518, 3, 1397, 1412, 25, 0, 30.03%, 0, 0, 25, 55.63, 2966147, 804, 0, 0
90523, 3, 1397, 1412, 25, 0, 30.03%, 0, 0, 25, 65.21, 2966501, 804, 0, 0
90528, 3, 568, 1412, 25, 0, 30.03%, 0, 0, 25, 59.39, 2966777, 804, 0, 0
90533, 3, 1079, 1412, 25, 0, 30.03%, 0, 0, 25, 64.19, 2967125, 804, 0, 0
90538, 3, 1376, 1412, 25, 0, 30.03%, 0, 0, 25, 54.75, 2967398, 804, 0, 0
90543, 3, 1318, 1412, 25, 0, 30.03%, 0, 0, 25, 66.44, 2967732, 804, 0, 0
90548, 3, 513, 1412, 25, 0, 30.03%, 0, 0, 25, 80.01, 2968147, 804, 0, 0
90553, 3, 1102, 1412, 25, 0, 30.03%, 0, 0, 25, 92.31, 2968637, 804, 0, 0
90559, 3, 1182, 1412, 25, 0, 30.03%, 0, 0, 25, 67.35, 2968952, 804, 0, 0
90564, 3, 871, 1412, 25, 0, 30.03%, 0, 0, 25, 61.06, 2969256, 804, 0, 0
90569, 3, 339, 1412, 25, 0, 30.03%, 0, 0, 25, 78.03, 2969649, 804, 0, 0
90574, 3, 1207, 1412, 25, 0, 30.03%, 0, 0, 25, 63.67, 2969976, 804, 0, 0
90579, 3, 683, 1412, 25, 0, 30.03%, 0, 0, 25, 76.56, 2970386, 804, 0, 0
90584, 3, 1220, 1412, 25, 0, 30.03%, 0, 0, 25, 60.76, 2970677, 804, 0, 0
90589, 3, 1317, 1412, 25, 0, 30.03%, 0, 0, 25, 57.60, 2970983, 804, 0, 0
90594, 3, 1397, 1412, 25, 0, 30.03%, 0, 0, 25, 51.63, 2971239, 804, 0, 0
90600, 3, 569, 1412, 25, 0, 30.03%, 0, 0, 25, 60.83, 2971535, 804, 0, 0
90605, 3, 1344, 1412, 25, 0, 30.03%, 0, 0, 25, 89.39, 2972021, 804, 0, 0
90610, 3, 1344, 1412, 25, 0, 30.03%, 0, 0, 25, 36.11, 2972264, 804, 0, 0
90615, 3, 1369, 1412, 25, 0, 30.03%, 0, 0, 25, 54.48, 2972569, 804, 0, 0
90620, 3, 1145, 1412, 25, 0, 30.03%, 0, 0, 25, 51.81, 2972826, 804, 0, 0
90625, 3, 1184, 1412, 25, 0, 30.03%, 0, 0, 25, 57.62, 2973128, 804, 0, 0
90630, 3, 789, 1412, 25, 0, 30.03%, 0, 0, 25, 57.25, 2973416, 804, 0, 0
90635, 3, 229, 1412, 25, 0, 30.03%, 0, 0, 25, 73.59, 2973792, 804, 0, 0
90640, 3, 1396, 1412, 25, 0, 30.03%, 0, 0, 25, 59.56, 2974090, 804, 0, 0
90645, 3, 553, 1412, 25, 0, 30.03%, 0, 0, 25, 51.29, 2974339, 804, 0, 0
90651, 3, 1191, 1412, 25, 0, 30.03%, 0, 0, 25, 62.91, 2974717, 804, 0, 0
90656, 3, 815, 1412, 25, 0, 30.03%, 0, 0, 25, 69.56, 2975062, 804, 0, 0
90661, 3, 1180, 1412, 25, 0, 30.03%, 0, 0, 25, 62.31, 2975387, 804, 0, 0
90666, 3, 575, 1412, 25, 0, 30.03%, 0, 0, 25, 68.23, 2975719, 804, 0, 0
90671, 3, 1258, 1412, 25, 0, 30.03%, 0, 0, 25, 83.26, 2976177, 804, 0, 0
90676, 3, 934, 1412, 25, 0, 30.03%, 0, 0, 25, 61.76, 2976460, 804, 0, 0
90681, 3, 604, 1412, 25, 0, 30.03%, 0, 0, 25, 69.47, 2976819, 804, 0, 0
90686, 3, 1231, 1412, 25, 0, 30.03%, 0, 0, 25, 62.53, 2977135, 804, 0, 0
90691, 3, 1225, 1412, 25, 0, 30.03%, 0, 0, 25, 58.55, 2977423, 804, 0, 0
90696, 3, 1359, 1412, 25, 0, 30.03%, 0, 0, 25, 51.58, 2977695, 804, 0, 0
90702, 3, 1404, 1412, 25, 0, 30.03%, 0, 0, 25, 56.82, 2977989, 804, 0, 0
90707, 3, 673, 1412, 25, 0, 30.03%, 0, 0, 25, 50.88, 2978233, 804, 0, 0
90712, 3, 307, 1412, 25, 0, 30.03%, 0, 0, 25, 83.56, 2978691, 804, 0, 0
90717, 3, 1038, 1412, 25, 0, 30.03%, 0, 0, 25, 87.65, 2979161, 804, 0, 0
90722, 3, 1014, 1412, 25, 0, 30.03%, 0, 0, 25, 81.46, 2979558, 804, 0, 0
90727, 3, 1397, 1412, 25, 0, 30.03%, 0, 0, 25, 19.06, 2979869, 804, 0, 0
90732, 3, 1266, 1412, 25, 0, 30.03%, 0, 0, 25, 44.12, 2980131, 804, 0, 0
90738, 3, 1266, 1412, 25, 0, 30.03%, 0, 0, 25, 53.60, 2980420, 804, 0, 0
90743, 3, 1314, 1412, 25, 0, 30.03%, 0, 0, 25, 76.61, 2980871, 804, 0, 0
90748, 3, 525, 1412, 25, 0, 30.03%, 0, 0, 25, 59.93, 2981142, 804, 0, 0
90753, 3, 553, 1412, 25, 0, 30.03%, 0, 0, 25, 88.76, 2981627, 804, 0, 0
90758, 3, 1140, 1412, 25, 0, 30.03%, 0, 0, 25, 80.22, 2982028, 804, 0, 0
90763, 3, 720, 1412, 25, 0, 30.03%, 0, 0, 25, 65.37, 2982344, 804, 0, 0
90768, 3, 1388, 1412, 25, 0, 30.03%, 0, 0, 25, 59.68, 2982658, 804, 0, 0
90773, 3, 1162, 1412, 25, 0, 30.03%, 0, 0, 25, 56.91, 2982937, 804, 0, 0
90778, 3, 706, 1412, 25, 0, 30.03%, 0, 0, 25, 66.79, 2983269, 804, 0, 0
90783, 3, 289, 1412, 25, 0, 30.03%, 0, 0, 25, 87.01, 2983717, 804, 0, 0
90788, 3, 1300, 1412, 25, 0, 30.03%, 0, 0, 25, 75.49, 2984130, 804, 0, 0
90794, 3, 566, 1412, 25, 0, 30.03%, 0, 0, 25, 67.21, 2984436, 804, 0, 0
90799, 3, 1245, 1412, 25, 0, 30.03%, 0, 0, 25, 61.14, 2984757, 804, 0, 0
90804, 3, 788, 1412, 25, 0, 30.03%, 0, 0, 25, 65.36, 2985095, 804, 0, 0
90809, 3, 1184, 1412, 25, 0, 30.03%, 0, 0, 25, 58.34, 2985384, 804, 0, 0
90814, 3, 1397, 1412, 25, 0, 30.03%, 0, 0, 25, 59.43, 2985708, 804, 0, 0
90819, 3, 525, 1412, 25, 0, 30.03%, 0, 0, 25, 57.56, 2985970, 804, 0, 0
90824, 3, 1307, 1412, 25, 0, 30.03%, 0, 0, 25, 72.87, 2986403, 804, 0, 0
90829, 3, 1221, 1412, 25, 0, 30.03%, 0, 0, 25, 58.39, 2986681, 804, 0, 0
90835, 3, 1200, 1412, 25, 0, 30.03%, 0, 0, 25, 57.09, 2986966, 804, 0, 0
90840, 3, 1369, 1412, 25, 0, 30.03%, 0, 0, 25, 67.83, 2987303, 804, 0, 0
90845, 3, 1369, 1412, 25, 0, 30.03%, 0, 0, 25, 54.69, 2987565, 804, 0, 0
90850, 3, 970, 1412, 25, 0, 30.03%, 0, 0, 25, 62.71, 2987889, 804, 0, 0
90855, 3, 668, 1412, 25, 0, 30.03%, 0, 0, 25, 74.34, 2988306, 804, 0, 0
90860, 3, 1403, 1412, 25, 0, 30.03%, 0, 0, 25, 76.23, 2988703, 804, 0, 0
90865, 3, 1134, 1412, 25, 0, 30.03%, 0, 0, 25, 65.07, 2989012, 804, 0, 0
90870, 3, 1175, 1412, 25, 0, 30.03%, 0, 0, 25, 59.76, 2989312, 804, 0, 0
90876, 3, 568, 1412, 25, 0, 30.03%, 0, 0, 25, 72.66, 2989706, 804, 0, 0
90881, 3, 1397, 1412, 25, 0, 30.03%, 0, 0, 25, 54.91, 2989963, 804, 0, 0
90886, 3, 738, 1412, 25, 0, 30.03%, 0, 0, 25, 72.39, 2990344, 804, 0, 0
90891, 3, 738, 1412, 25, 0, 30.03%, 0, 0, 25, 76.08, 2990742, 804, 0, 0
90896, 3, 738, 1412, 25, 0, 30.03%, 0, 0, 25, 75.21, 2991114, 804, 0, 0
90901, 3, 738, 1412, 25, 0, 30.03%, 0, 0, 25, 76.09, 2991497, 804, 0, 0
90907, 3, 738, 1412, 25, 0, 30.03%, 0, 0, 25, 75.79, 2991928, 804, 0, 0
90912, 3, 304, 1412, 24, 0, 30.03%, 0, 0, 25, 84.51, 2992358, 804, 0, 0
90917, 3, 976, 1412, 24, 0, 30.03%, 0, 0, 25, 72.65, 2992725, 804, 0, 0
90922, 3, 976, 1412, 24, 0, 30.03%, 0, 0, 25, 67.68, 2993066, 804, 0, 0
90927, 3, 976, 1412, 24, 0, 30.03%, 0, 0, 25, 68.23, 2993416, 804, 0, 0
90932, 3, 976, 1412, 24, 0, 30.03%, 0, 0, 25, 68.26, 2993766, 804, 0, 0
90938, 3, 976, 1412, 24, 0, 30.03%, 0, 0, 25, 68.46, 2994110, 804, 0, 0
90943, 3, 1160, 1412, 23, 0, 30.03%, 0, 0, 25, 66.12, 2994462, 804, 0, 0
90948, 3, 369, 1412, 23, 0, 30.03%, 0, 0, 25, 89.79, 2994932, 804, 0, 0
90953, 3, 1131, 1412, 23, 0, 30.03%, 0, 0, 25, 68.94, 2995267, 804, 0, 0
90958, 3, 944, 1412, 23, 0, 30.03%, 0, 0, 25, 81.48, 2995707, 804, 0, 0
90963, 3, 550, 1412, 23, 0, 30.03%, 0, 0, 25, 92.58, 2996167, 804, 0, 0
90968, 3, 535, 1412, 23, 0, 30.03%, 0, 0, 25, 92.33, 2996646, 804, 0, 0
90973, 3, 1323, 1412, 23, 0, 30.03%, 0, 0, 25, 89.21, 2997118, 804, 0, 0
90978, 3, 1220, 1412, 23, 0, 30.03%, 0, 0, 25, 68.04, 2997440, 804, 0, 0
90984, 3, 553, 1412, 23, 0, 30.03%, 0, 0, 25, 75.78, 2997803, 804, 0, 0
90989, 3, 1397, 1412, 23, 0, 30.03%, 0, 0, 25, 68.18, 2998178, 804, 0, 0
90994, 3, 1411, 1412, 23, 0, 30.03%, 0, 0, 25, 75.41, 2998525, 804, 0, 0
90999, 3, 976, 1412, 23, 0, 30.03%, 0, 0, 25, 70.88, 2998897, 804, 0, 0
91004, 3, 1228, 1412, 23, 0, 30.03%, 0, 0, 25, 77.31, 2999303, 804, 0, 0
91009, 3, 185, 1412, 23, 0, 30.03%, 0, 0, 25, 75.02, 2999650, 804, 0, 0
91014, 3, 439, 1412, 23, 0, 30.03%, 0, 0, 25, 99.28, 3000192, 804, 0, 0
91019, 3, 545, 1412, 23, 0, 30.03%, 0, 0, 25, 100.76, 3000705, 804, 0, 0
91024, 3, 1332, 1412, 23, 0, 30.03%, 0, 0, 25, 85.56, 3001143, 804, 0, 0
91029, 3, 1332, 1412, 23, 0, 30.03%, 0, 0, 25, 73.01, 3001490, 804, 0, 0
91035, 3, 1332, 1412, 23, 0, 30.03%, 0, 0, 25, 71.14, 3001859, 804, 0, 0
91040, 3, 1332, 1412, 23, 0, 30.03%, 0, 0, 25, 70.09, 3002257, 804, 0, 0
91045, 3, 1220, 1412, 22, 0, 30.03%, 0, 0, 25, 67.54, 3002601, 804, 0, 0
91050, 3, 607, 1412, 22, 0, 30.03%, 0, 0, 25, 61.14, 3002894, 804, 0, 0
91056, 3, 1289, 1412, 22, 0, 30.03%, 0, 0, 25, 59.62, 3003220, 804, 0, 0
91061, 3, 785, 1412, 22, 0, 30.03%, 0, 0, 25, 58.72, 3003513, 804, 0, 0
91066, 3, 785, 1412, 22, 0, 30.03%, 0, 0, 25, 63.68, 3003839, 804, 0, 0
91071, 3, 785, 1412, 22, 0, 30.03%, 0, 0, 25, 67.53, 3004189, 804, 0, 0
91076, 3, 785, 1412, 22, 0, 30.03%, 0, 0, 25, 68.87, 3004540, 804, 0, 0
91081, 3, 785, 1412, 22, 0, 30.03%, 0, 0, 25, 68.26, 3004885, 804, 0, 0
91086, 3, 1185, 1412, 21, 0, 30.03%, 0, 0, 25, 64.56, 3005221, 804, 0, 0
91092, 3, 1185, 1412, 21, 0, 30.03%, 0, 0, 25, 59.09, 3005521, 804, 0, 0
91097, 3, 472, 1412, 21, 0, 30.03%, 0, 0, 25, 92.81, 3006031, 804, 0, 0
91102, 3, 877, 1412, 21, 0, 30.03%, 0, 0, 25, 77.46, 3006433, 804, 0, 0
91107, 3, 849, 1412, 21, 0, 30.03%, 0, 0, 25, 69.54, 3006779, 804, 0, 0
91112, 3, 849, 1412, 21, 0, 30.03%, 0, 0, 25, 66.80, 3007118, 804, 0, 0
91117, 3, 849, 1412, 21, 0, 30.03%, 0, 0, 25, 66.19, 3007461, 804, 0, 0
91122, 3, 849, 1412, 21, 0, 30.03%, 0, 0, 25, 68.52, 3007813, 804, 0, 0
91127, 3, 849, 1412, 21, 0, 30.03%, 0, 0, 25, 68.19, 3008161, 804, 0, 0
91133, 3, 1236, 1412, 20, 0, 30.03%, 0, 0, 25, 83.72, 3008599, 804, 0, 0
91138, 3, 149, 1412, 20, 0, 30.03%, 0, 0, 25, 65.19, 3008894, 804, 0, 0
91143, 3, 1010, 1412, 20, 0, 30.03%, 0, 0, 25, 69.81, 3009273, 804, 0, 0
91148, 3, 1296, 1412, 20, 0, 30.03%, 0, 0, 25, 57.16, 3009550, 804, 0, 0
91153, 3, 1291, 1412, 20, 0, 30.03%, 0, 0, 25, 59.57, 3009884, 804, 0, 0
91158, 3, 1172, 1412, 20, 0, 30.03%, 0, 0, 25, 57.81, 3010176, 804, 0, 0
91163, 3, 1035, 1412, 20, 0, 30.03%, 0, 0, 25, 83.54, 3010639, 804, 0, 0
91168, 3, 1374, 1412, 20, 0, 30.03%, 0, 0, 25, 65.76, 3010971, 804, 0, 0
91174, 3, 319, 1412, 20, 0, 30.03%, 0, 0, 25, 60.44, 3011249, 804, 0, 0
91179, 3, 644, 1412, 20, 0, 30.03%, 0, 0, 25, 89.10, 3011755, 804, 0, 0
91184, 3, 225, 1412, 20, 0, 30.03%, 0, 0, 25, 84.48, 3012169, 804, 0, 0
91189, 3, 597, 1412, 20, 0, 30.03%, 0, 0, 25, 88.58, 3012617, 804, 0, 0
91194, 3, 897, 1412, 20, 0, 30.03%, 0, 0, 25, 73.31, 3012987, 804, 0, 0
91199, 3, 1176, 1412, 20, 0, 30.03%, 0, 0, 25, 62.54, 3013304, 804, 0, 0
91204, 3, 658, 1412, 20, 0, 30.03%, 0, 0, 25, 66.82, 3013637, 804, 0, 0
91210, 3, 1297, 1412, 20, 0, 30.03%, 0, 0, 25, 57.34, 3013927, 804, 0, 0
91215, 3, 1362, 1412, 20, 0, 30.03%, 0, 0, 25, 52.09, 3014186, 804, 0, 0
91220, 3, 1325, 1412, 20, 0, 30.03%, 0, 0, 25, 62.24, 3014495, 804, 0, 0
91225, 3, 1382, 1412, 20, 0, 30.03%, 0, 0, 25, 66.08, 3014848, 804, 0, 0
91230, 3, 326, 1412, 20, 0, 30.03%, 0, 0, 25, 57.18, 3015120, 804, 0, 0
91235, 3, 761, 1412, 20, 0, 30.03%, 0, 0, 25, 71.48, 3015532, 804, 0, 0
91240, 3, 761, 1412, 20, 0, 30.03%, 0, 0, 25, 69.35, 3015881, 804, 0, 0
91245, 3, 761, 1412, 20, 0, 30.03%, 0, 0, 25, 69.24, 3016233, 804, 0, 0
91250, 3, 761, 1412, 20, 0, 30.03%, 0, 0, 25, 69.06, 3016585, 804, 0, 0
91255, 3, 761, 1412, 20, 0, 30.03%, 0, 0, 25, 69.42, 3016936, 804, 0, 0
91260, 3, 1315, 1412, 19, 0, 30.03%, 0, 0, 25, 60.25, 3017246, 804, 0, 0
91266, 3, 793, 1412, 19, 0, 30.03%, 0, 0, 25, 63.58, 3017562, 804, 0, 0
91271, 3, 780, 1412, 19, 0, 30.03%, 0, 0, 25, 72.54, 3017952, 804, 0, 0
91276, 3, 780, 1412, 19, 0, 30.03%, 0, 0, 25, 69.47, 3018303, 804, 0, 0
91281, 3, 780, 1412, 19, 0, 30.03%, 0, 0, 25, 68.67, 3018653, 804, 0, 0
91286, 3, 780, 1412, 19, 0, 30.03%, 0, 0, 25, 68.35, 3019003, 804, 0, 0
91291, 3, 780, 1412, 19, 0, 30.03%, 0, 0, 25, 68.47, 3019357, 804, 0, 0
91296, 3, 1263, 1412, 18, 0, 30.03%, 0, 0, 25, 61.67, 3019670, 804, 0, 0
91301, 3, 1243, 1412, 18, 0, 30.03%, 0, 0, 25, 57.93, 3019957, 804, 0, 0
91306, 3, 654, 1412, 18, 0, 30.03%, 0, 0, 25, 62.41, 3020261, 804, 0, 0
91312, 3, 1010, 1412, 18, 0, 30.03%, 0, 0, 25, 67.16, 3020620, 804, 0, 0
91317, 3, 1250, 1412, 18, 0, 30.03%, 0, 0, 25, 93.23, 3021121, 804, 0, 0
91322, 3, 1253, 1412, 18, 0, 30.03%, 0, 0, 25, 64.65, 3021409, 804, 0, 0
91327, 3, 1253, 1412, 18, 0, 30.03%, 0, 0, 25, 58.17, 3021694, 804, 0, 0
91332, 3, 1234, 1412, 18, 0, 30.03%, 0, 0, 25, 88.03, 3022188, 804, 0, 0
91337, 3, 1234, 1412, 18, 0, 30.03%, 0, 0, 25, 64.06, 3022476, 804, 0, 0
91342, 3, 620, 1412, 18, 0, 30.03%, 0, 0, 25, 72.80, 3022853, 804, 0, 0
91347, 3, 1201, 1412, 18, 0, 30.03%, 0, 0, 25, 61.07, 3023160, 804, 0, 0
91352, 3, 1281, 1412, 18, 0, 30.03%, 0, 0, 25, 61.64, 3023484, 804, 0, 0
91357, 3, 692, 1412, 18, 0, 30.03%, 0, 0, 25, 64.49, 3023798, 804, 0, 0
91363, 3, 1397, 1412, 18, 0, 30.03%, 0, 0, 25, 54.89, 3024076, 804, 0, 0
91368, 3, 1035, 1412, 18, 0, 30.03%, 0, 0, 25, 67.05, 3024425, 804, 0, 0
91373, 3, 513, 1412, 18, 0, 30.03%, 0, 0, 25, 86.34, 3024870, 804, 0, 0
91378, 3, 1318, 1412, 18, 0, 30.03%, 0, 0, 25, 83.15, 3025311, 804, 0, 0
91383, 3, 1328, 1412, 18, 0, 30.03%, 0, 0, 25, 74.25, 3025686, 804, 0, 0
91388, 3, 1328, 1412, 18, 0, 30.03%, 0, 0, 25, 70.77, 3026044, 804, 0, 0
91393, 3, 1328, 1412, 18, 0, 30.03%, 0, 0, 25, 70.73, 3026402, 804, 0, 0
91398, 3, 1328, 1412, 18, 0, 30.03%, 0, 0, 25, 70.06, 3026752, 804, 0, 0
91403, 3, 1107, 1412, 17, 0, 30.03%, 0, 0, 25, 67.57, 3027093, 804, 0, 0
91408, 3, 1107, 1412, 17, 0, 30.03%, 0, 0, 25, 65.18, 3027422, 804, 0, 0
91414, 3, 1107, 1412, 17, 0, 30.03%, 0, 0, 25, 64.69, 3027755, 804, 0, 0
91419, 3, 1107, 1412, 17, 0, 30.03%, 0, 0, 25, 63.05, 3028075, 804, 0, 0
91424, 3, 1107, 1412, 17, 0, 30.03%, 0, 0, 25, 63.89, 3028406, 804, 0, 0
91429, 3, 1107, 1412, 17, 0, 30.03%, 0, 0, 25, 64.21, 3028732, 804, 0, 0
91434, 3, 1107, 1412, 17, 0, 30.03%, 0, 0, 25, 63.87, 3029056, 804, 0, 0
91439, 3, 1360, 1412, 16, 0, 30.03%, 0, 0, 25, 61.49, 3029376, 804, 0, 0
91444, 3, 1360, 1412, 16, 0, 30.03%, 0, 0, 25, 52.57, 3029627, 804, 0, 0
91449, 3, 553, 1412, 16, 0, 30.03%, 0, 0, 25, 87.53, 3030114, 804, 0, 0
91454, 3, 392, 1412, 16, 0, 30.03%, 0, 0, 25, 70.21, 3030453, 804, 0, 0
91460, 3, 670, 1412, 16, 0, 30.03%, 0, 0, 25, 82.26, 3030917, 804, 0, 0
91465, 3, 1110, 1412, 16, 0, 30.03%, 0, 0, 25, 73.42, 3031304, 804, 0, 0
91470, 3, 185, 1412, 16, 0, 30.03%, 0, 0, 25, 78.00, 3031686, 804, 0, 0
91475, 3, 1262, 1412, 16, 0, 30.03%, 0, 0, 25, 60.28, 3031978, 804, 0, 0
91480, 3, 1315, 1413, 17, 0, 30.03%, 0, 0, 25, 65.66, 3032350, 804, 0, 0
91485, 3, 1315, 1413, 17, 0, 30.03%, 0, 0, 25, 56.57, 3032627, 804, 0, 0
91490, 3, 212, 1413, 17, 0, 30.03%, 0, 0, 25, 73.62, 3032980, 804, 0, 0
91495, 3, 1412, 1413, 17, 0, 30.03%, 0, 0, 25, 60.49, 3033277, 804, 0, 0
91500, 3, 1412, 1413, 17, 0, 30.03%, 0, 0, 25, 55.96, 3033559, 804, 0, 0
91506, 3, 1412, 1413, 17, 0, 30.03%, 0, 0, 25, 54.41, 3033837, 804, 0, 0
91511, 3, 1412, 1413, 17, 0, 30.03%, 0, 0, 25, 54.18, 3034116, 804, 0, 0
91516, 3, 1412, 1413, 17, 0, 30.03%, 0, 0, 25, 54.22, 3034390, 804, 0, 0
91521, 3, 1412, 1413, 17, 0, 30.03%, 0, 0, 25, 54.54, 3034665, 804, 0, 0
91526, 3, 1412, 1413, 17, 0, 30.03%, 0, 0, 25, 53.58, 3034939, 804, 0, 0
91531, 3, 1412, 1413, 17, 0, 30.03%, 0, 0, 25, 53.87, 3035217, 804, 0, 0
91536, 3, 1412, 1413, 17, 0, 30.03%, 0, 0, 25, 53.88, 3035490, 804, 0, 0
91541, 3, 648, 1413, 16, 0, 30.03%, 0, 0, 25, 61.79, 3035796, 804, 0, 0
91546, 3, 1239, 1413, 16, 0, 30.03%, 0, 0, 25, 59.70, 3036106, 804, 0, 0
91551, 3, 1397, 1413, 16, 0, 30.03%, 0, 0, 25, 52.44, 3036370, 804, 0, 0
91556, 3, 401, 1413, 16, 0, 30.03%, 0, 0, 25, 79.40, 3036752, 804, 0, 0
91561, 3, 382, 1413, 16, 0, 30.03%, 0, 0, 25, 95.75, 3037267, 804, 0, 0
91567, 3, 225, 1413, 16, 0, 30.03%, 0, 0, 25, 98.65, 3037774, 804, 0, 0
91572, 3, 325, 1413, 16, 0, 30.03%, 0, 0, 25, 100.21, 3038296, 804, 0, 0
91577, 3, 522, 1413, 16, 0, 30.03%, 0, 0, 25, 100.05, 3038811, 804, 0, 0
91582, 3, 603, 1413, 16, 0, 30.03%, 0, 0, 25, 90.05, 3039272, 804, 0, 0
91587, 3, 1300, 1413, 16, 0, 30.03%, 0, 0, 25, 63.78, 3039583, 804, 0, 0
91592, 3, 392, 1413, 16, 0, 30.03%, 0, 0, 25, 75.92, 3039957, 804, 0, 0
91597, 3, 960, 1413, 16, 0, 30.03%, 0, 0, 25, 87.11, 3040422, 804, 0, 0
91603, 3, 492, 1413, 16, 0, 30.03%, 0, 0, 25, 78.07, 3040793, 804, 0, 0
91608, 3, 493, 1413, 16, 0, 30.03%, 0, 0, 25, 82.88, 3041241, 804, 0, 0
91613, 3, 382, 1413, 16, 0, 30.03%, 0, 0, 25, 94.45, 3041739, 804, 0, 0
91618, 3, 1281, 1413, 16, 0, 30.03%, 0, 0, 25, 75.82, 3042144, 804, 0, 0
91623, 3, 716, 1413, 16, 0, 30.03%, 0, 0, 25, 72.66, 3042482, 804, 0, 0
91628, 3, 1175, 1413, 16, 0, 30.03%, 0, 0, 25, 86.90, 3042970, 804, 0, 0
91633, 3, 1250, 1413, 16, 0, 30.03%, 0, 0, 25, 63.31, 3043270, 804, 0, 0
91639, 3, 304, 1413, 16, 0, 30.03%, 0, 0, 25, 68.50, 3043604, 804, 0, 0
91644, 3, 1281, 1413, 16, 0, 30.03%, 0, 0, 25, 60.43, 3043933, 804, 0, 0
91649, 3, 1173, 1413, 16, 0, 30.03%, 0, 0, 25, 57.76, 3044225, 804, 0, 0
91654, 3, 513, 1413, 16, 0, 30.03%, 0, 0, 25, 76.39, 3044603, 804, 0, 0
91659, 3, 1114, 1413, 16, 0, 30.03%, 0, 0, 25, 86.02, 3045075, 804, 0, 0
91664, 3, 819, 1413, 16, 0, 30.03%, 0, 0, 25, 70.58, 3045416, 804, 0, 0
91670, 3, 1340, 1413, 16, 0, 30.03%, 0, 0, 25, 82.87, 3045830, 804, 0, 0
91675, 3, 1340, 1413, 16, 0, 30.03%, 0, 0, 25, 73.83, 3046202, 804, 0, 0
91680, 3, 1340, 1413, 16, 0, 30.03%, 0, 0, 25, 71.08, 3046566, 804, 0, 0
91685, 3, 1340, 1413, 16, 0, 30.03%, 0, 0, 25, 71.23, 3046936, 804, 0, 0
91690, 3, 1340, 1413, 16, 0, 30.03%, 0, 0, 25, 70.74, 3047297, 804, 0, 0
91695, 3, 282, 1413, 15, 0, 30.03%, 0, 0, 25, 92.79, 3047778, 804, 0, 0
91701, 3, 1134, 1413, 15, 0, 30.03%, 0, 0, 25, 76.51, 3048189, 804, 0, 0
91706, 3, 829, 1413, 15, 0, 30.03%, 0, 0, 25, 80.10, 3048595, 804, 0, 0
91711, 3, 1196, 1413, 15, 0, 30.03%, 0, 0, 25, 66.71, 3048926, 804, 0, 0
91716, 3, 528, 1413, 15, 0, 30.03%, 0, 0, 25, 80.17, 3049314, 804, 0, 0
91721, 3, 784, 1413, 15, 0, 30.03%, 0, 0, 25, 79.40, 3049745, 804, 0, 0
91726, 3, 404, 1413, 15, 0, 30.03%, 0, 0, 25, 89.26, 3050185, 804, 0, 0
91731, 3, 192, 1413, 15, 0, 30.03%, 0, 0, 25, 76.20, 3050545, 804, 0, 0
91736, 3, 1309, 1413, 15, 0, 30.03%, 0, 0, 25, 65.80, 3050893, 804, 0, 0
91741, 3, 592, 1413, 15, 0, 30.03%, 0, 0, 25, 64.79, 3051204, 804, 0, 0
91747, 3, 1145, 1413, 15, 0, 30.03%, 0, 0, 25, 61.27, 3051520, 804, 0, 0
91752, 3, 1035, 1413, 15, 0, 30.03%, 0, 0, 25, 80.19, 3051963, 804, 0, 0
91757, 3, 553, 1413, 15, 0, 30.03%, 0, 0, 25, 83.91, 3052368, 804, 0, 0
91762, 3, 1388, 1414, 16, 0, 30.03%, 0, 0, 25, 62.10, 3052682, 804, 0, 0
91767, 3, 1388, 1414, 16, 0, 30.03%, 0, 0, 25, 52.93, 3052942, 804, 0, 0
91772, 3, 1164, 1414, 16, 0, 30.03%, 0, 0, 25, 55.37, 3053216, 804, 0, 0
91777, 3, 492, 1414, 16, 0, 30.03%, 0, 0, 25, 77.28, 3053605, 804, 0, 0
91782, 3, 1191, 1414, 16, 0, 30.03%, 0, 0, 25, 70.39, 3053986, 804, 0, 0
91788, 3, 476, 1414, 16, 0, 30.03%, 0, 0, 25, 76.03, 3054346, 804, 0, 0
91793, 3, 227, 1414, 16, 0, 30.03%, 0, 0, 25, 86.85, 3054802, 804, 0, 0
91798, 3, 1397, 1414, 16, 0, 30.03%, 0, 0, 25, 67.75, 3055157, 804, 0, 0
91803, 3, 284, 1414, 16, 0, 30.03%, 0, 0, 25, 85.88, 3055571, 804, 0, 0
91808, 3, 1397, 1414, 16, 0, 30.03%, 0, 0, 25, 62.06, 3055884, 804, 0, 0
91813, 3, 1268, 1414, 16, 0, 30.03%, 0, 0, 25, 56.38, 3056161, 804, 0, 0
91818, 3, 1185, 1414, 16, 0, 30.03%, 0, 0, 25, 57.22, 3056445, 804, 0, 0
91823, 3, 1334, 1414, 16, 0, 30.03%, 0, 0, 25, 61.96, 3056758, 804, 0, 0
91828, 3, 1334, 1414, 16, 0, 30.03%, 0, 0, 25, 69.13, 3057115, 804, 0, 0
91833, 3, 1334, 1414, 16, 0, 30.03%, 0, 0, 25, 70.93, 3057474, 804, 0, 0
91838, 3, 1334, 1414, 16, 0, 30.03%, 0, 0, 25, 66.82, 3057805, 804, 0, 0
91843, 3, 1334, 1414, 16, 0, 30.03%, 0, 0, 25, 65.98, 3058135, 804, 0, 0
91849, 3, 1276, 1414, 15, 0, 30.03%, 0, 0, 25, 68.93, 3058466, 804, 0, 0
91854, 3, 631, 1414, 15, 0, 30.03%, 0, 0, 25, 65.39, 3058776, 804, 0, 0
91859, 3, 1306, 1414, 15, 0, 30.03%, 0, 0, 25, 67.04, 3059145, 804, 0, 0
91864, 3, 725, 1414, 15, 0, 30.03%, 0, 0, 25, 62.10, 3059443, 804, 0, 0
91869, 3, 148, 1414, 15, 0, 30.03%, 0, 0, 25, 87.00, 3059920, 804, 0, 0
91874, 3, 1003, 1414, 15, 0, 30.03%, 0, 0, 25, 72.38, 3060282, 804, 0, 0
91879, 3, 1003, 1414, 15, 0, 30.03%, 0, 0, 25, 68.50, 3060631, 804, 0, 0
91884, 3, 1003, 1414, 15, 0, 30.03%, 0, 0, 25, 67.71, 3060980, 804, 0, 0
91890, 3, 1003, 1414, 15, 0, 30.03%, 0, 0, 25, 67.52, 3061328, 804, 0, 0
91895, 3, 1003, 1414, 15, 0, 30.03%, 0, 0, 25, 67.63, 3061678, 804, 0, 0
91900, 3, 1397, 1414, 14, 0, 30.03%, 0, 0, 25, 59.99, 3061982, 804, 0, 0
91905, 3, 492, 1414, 14, 0, 30.03%, 0, 0, 25, 63.04, 3062278, 804, 0, 0
91910, 3, 1267, 1414, 14, 0, 30.03%, 0, 0, 25, 76.62, 3062714, 804, 0, 0
91915, 3, 491, 1414, 14, 0, 30.03%, 0, 0, 25, 62.15, 3063005, 804, 0, 0
91920, 3, 1397, 1414, 14, 0, 30.03%, 0, 0, 25, 68.32, 3063403, 804, 0, 0
91925, 3, 1293, 1414, 14, 0, 30.03%, 0, 0, 25, 55.19, 3063669, 804, 0, 0
91930, 3, 739, 1414, 14, 0, 30.03%, 0, 0, 25, 67.46, 3063993, 804, 0, 0
91936, 3, 708, 1414, 14, 0, 30.03%, 0, 0, 25, 72.61, 3064380, 804, 0, 0
91941, 3, 1083, 1414, 14, 0, 30.03%, 0, 0, 25, 70.30, 3064761, 804, 0, 0
91946, 3, 803, 1414, 14, 0, 30.03%, 0, 0, 25, 72.56, 3065130, 804, 0, 0
91951, 3, 803, 1414, 14, 0, 30.03%, 0, 0, 25, 69.66, 3065480, 804, 0, 0
91956, 3, 803, 1414, 14, 0, 30.03%, 0, 0, 25, 68.68, 3065831, 804, 0, 0
91961, 3, 803, 1414, 14, 0, 30.03%, 0, 0, 25, 69.07, 3066182, 804, 0, 0
91966, 3, 803, 1414, 14, 0, 30.03%, 0, 0, 25, 69.18, 3066545, 804, 0, 0
91972, 3, 463, 1414, 13, 0, 30.03%, 0, 0, 25, 74.44, 3066915, 804, 0, 0
91977, 3, 609, 1414, 13, 0, 30.03%, 0, 0, 25, 85.02, 3067385, 804, 0, 0
91982, 3, 870, 1414, 13, 0, 30.03%, 0, 0, 25, 72.77, 3067743, 804, 0, 0
91987, 3, 981, 1414, 13, 0, 30.03%, 0, 0, 25, 62.08, 3068048, 804, 0, 0
91992, 3, 981, 1414, 13, 0, 30.03%, 0, 0, 25, 66.99, 3068398, 804, 0, 0
91997, 3, 981, 1414, 13, 0, 30.03%, 0, 0, 25, 67.62, 3068746, 804, 0, 0
92002, 3, 981, 1414, 13, 0, 30.03%, 0, 0, 25, 68.52, 3069095, 804, 0, 0
92009, 3, 981, 1414, 13, 0, 30.03%, 0, 0, 25, 67.80, 3069522, 804, 0, 0
92014, 3, 1035, 1414, 12, 0, 30.03%, 0, 0, 25, 68.01, 3069871, 804, 0, 0
92019, 3, 1330, 1414, 12, 0, 30.03%, 0, 0, 25, 69.68, 3070228, 804, 0, 0
92024, 3, 1330, 1414, 12, 0, 30.03%, 0, 0, 25, 71.17, 3070587, 804, 0, 0
92029, 3, 1330, 1414, 12, 0, 30.03%, 0, 0, 25, 70.98, 3070955, 804, 0, 0
92036, 3, 1330, 1414, 12, 0, 30.03%, 0, 0, 25, 70.44, 3071410, 804, 0, 0
92041, 3, 369, 1414, 11, 0, 30.03%, 0, 0, 25, 78.24, 3071802, 804, 0, 0
92046, 3, 1349, 1414, 11, 0, 30.03%, 0, 0, 25, 65.36, 3072147, 804, 0, 0
92051, 3, 1349, 1414, 11, 0, 30.03%, 0, 0, 25, 54.07, 3072407, 804, 0, 0
92056, 3, 304, 1414, 11, 0, 30.03%, 0, 0, 25, 82.95, 3072841, 804, 0, 0
92061, 3, 993, 1414, 11, 0, 30.03%, 0, 0, 25, 79.33, 3073280, 804, 0, 0
92066, 3, 825, 1414, 11, 0, 30.03%, 0, 0, 25, 70.21, 3073623, 804, 0, 0
92071, 3, 1207, 1414, 11, 0, 30.03%, 0, 0, 25, 73.20, 3074012, 804, 0, 0
92077, 3, 587, 1414, 11, 0, 30.03%, 0, 0, 25, 66.34, 3074333, 804, 0, 0
92082, 3, 1263, 1414, 11, 0, 30.03%, 0, 0, 25, 60.39, 3074646, 804, 0, 0
92087, 3, 730, 1414, 11, 0, 30.03%, 0, 0, 25, 70.32, 3074998, 804, 0, 0
92092, 3, 730, 1414, 11, 0, 30.03%, 0, 0, 25, 74.91, 3075380, 804, 0, 0
92097, 3, 730, 1414, 11, 0, 30.03%, 0, 0, 25, 75.95, 3075777, 804, 0, 0
92102, 3, 730, 1414, 11, 0, 30.03%, 0, 0, 25, 75.71, 3076171, 804, 0, 0
92107, 3, 730, 1414, 11, 0, 30.03%, 0, 0, 25, 76.23, 3076553, 804, 0, 0
92112, 3, 1375, 1414, 10, 0, 30.03%, 0, 0, 25, 63.00, 3076879, 804, 0, 0
92117, 3, 662, 1414, 10, 0, 30.03%, 0, 0, 25, 67.70, 3077199, 804, 0, 0
92123, 3, 1352, 1414, 10, 0, 30.03%, 0, 0, 25, 55.94, 3077496, 804, 0, 0
92128, 3, 1088, 1414, 10, 0, 30.03%, 0, 0, 25, 58.72, 3077782, 804, 0, 0
92133, 3, 1245, 1414, 10, 0, 30.03%, 0, 0, 25, 58.38, 3078088, 804, 0, 0
92138, 3, 535, 1414, 10, 0, 30.03%, 0, 0, 25, 82.94, 3078523, 804, 0, 0
92143, 3, 1379, 1414, 10, 0, 30.03%, 0, 0, 25, 62.17, 3078838, 804, 0, 0
92148, 3, 488, 1414, 10, 0, 30.03%, 0, 0, 25, 85.52, 3079271, 804, 0, 0
92153, 3, 513, 1414, 10, 0, 30.03%, 0, 0, 25, 94.79, 3079773, 804, 0, 0
92159, 3, 255, 1414, 10, 0, 30.03%, 0, 0, 25, 90.28, 3080220, 804, 0, 0
92164, 3, 549, 1414, 10, 0, 30.03%, 0, 0, 25, 95.43, 3080716, 804, 0, 0
92169, 3, 415, 1414, 10, 0, 30.03%, 0, 0, 25, 99.39, 3081228, 804, 0, 0
92174, 3, 1010, 1414, 10, 0, 30.03%, 0, 0, 25, 80.34, 3081637, 804, 0, 0
92179, 3, 1397, 1414, 10, 0, 30.03%, 0, 0, 25, 61.89, 3081953, 804, 0, 0
92184, 3, 1397, 1414, 10, 0, 30.03%, 0, 0, 25, 52.84, 3082212, 804, 0, 0
92189, 3, 171, 1414, 10, 0, 30.03%, 0, 0, 25, 57.67, 3082495, 804, 0, 0
92195, 3, 620, 1414, 10, 0, 30.03%, 0, 0, 25, 68.59, 3082868, 804, 0, 0
92200, 3, 1066, 1414, 10, 0, 30.03%, 0, 0, 25, 69.58, 3083237, 804, 0, 0
92205, 3, 1375, 1414, 10, 0, 30.03%, 0, 0, 25, 56.67, 3083522, 804, 0, 0
92210, 3, 1397, 1414, 10, 0, 30.03%, 0, 0, 25, 61.18, 3083830, 804, 0, 0
92215, 3, 1277, 1414, 10, 0, 30.03%, 0, 0, 25, 64.74, 3084131, 804, 0, 0
92220, 3, 580, 1414, 10, 0, 30.03%, 0, 0, 25, 80.74, 3084555, 804, 0, 0
92225, 3, 376, 1414, 10, 0, 30.03%, 0, 0, 25, 93.04, 3085026, 804, 0, 0
92230, 3, 1010, 1414, 10, 0, 30.03%, 0, 0, 25, 75.79, 3085411, 804, 0, 0
92236, 3, 1214, 1414, 10, 0, 30.03%, 0, 0, 25, 75.17, 3085838, 804, 0, 0
92241, 3, 1365, 1414, 10, 0, 30.03%, 0, 0, 25, 58.30, 3086117, 804, 0, 0
92246, 3, 1127, 1414, 10, 0, 30.03%, 0, 0, 25, 53.85, 3086376, 804, 0, 0
92251, 3, 1397, 1414, 10, 0, 30.03%, 0, 0, 25, 56.55, 3086675, 804, 0, 0
92256, 3, 171, 1414, 10, 0, 30.03%, 0, 0, 25, 54.25, 3086940, 804, 0, 0
92261, 3, 366, 1414, 10, 0, 30.03%, 0, 0, 25, 90.56, 3087430, 804, 0, 0
92266, 3, 520, 1414, 10, 0, 30.03%, 0, 0, 25, 91.95, 3087913, 804, 0, 0
92271, 3, 1131, 1414, 10, 0, 30.03%, 0, 0, 25, 69.22, 3088263, 804, 0, 0
92276, 3, 169, 1414, 10, 0, 30.03%, 0, 0, 25, 65.60, 3088579, 804, 0, 0
92282, 3, 1204, 1414, 10, 0, 30.03%, 0, 0, 25, 61.56, 3088912, 804, 0, 0
92287, 3, 1413, 1414, 10, 0, 30.03%, 0, 0, 25, 10.00, 3089218, 804, 0, 0
92292, 3, 1413, 1414, 10, 0, 30.03%, 0, 0, 25, 42.73, 3089481, 804, 0, 0
92297, 3, 1413, 1414, 10, 0, 30.03%, 0, 0, 25, 48.54, 3089738, 804, 0, 0
92302, 3, 1413, 1414, 10, 0, 30.03%, 0, 0, 25, 49.26, 3089993, 804, 0, 0
92307, 3, 1413, 1414, 10, 0, 30.03%, 0, 0, 25, 50.47, 3090254, 804, 0, 0
92312, 3, 1413, 1414, 10, 0, 30.03%, 0, 0, 25, 50.47, 3090508, 804, 0, 0
92317, 3, 1088, 1414, 9, 0, 30.03%, 0, 0, 25, 53.96, 3090777, 804, 0, 0
92322, 3, 1177, 1414, 9, 0, 30.03%, 0, 0, 25, 66.87, 3091137, 804, 0, 0
92327, 3, 289, 1414, 9, 0, 30.03%, 0, 0, 25, 64.25, 3091440, 804, 0, 0
92332, 3, 553, 1414, 9, 0, 30.03%, 0, 0, 25, 88.33, 3091924, 804, 0, 0
92338, 3, 1187, 1414, 9, 0, 30.03%, 0, 0, 25, 66.20, 3092255, 804, 0, 0
92343, 3, 492, 1414, 9, 0, 30.03%, 0, 0, 25, 83.34, 3092675, 804, 0, 0
92348, 3, 1397, 1414, 9, 0, 30.03%, 0, 0, 25, 61.22, 3092985, 804, 0, 0
92353, 3, 1188, 1414, 9, 0, 30.03%, 0, 0, 25, 57.58, 3093262, 804, 0, 0
92358, 3, 474, 1414, 9, 0, 30.03%, 0, 0, 25, 78.38, 3093646, 804, 0, 0
92363, 3, 448, 1414, 9, 0, 30.03%, 0, 0, 25, 94.91, 3094143, 804, 0, 0
92368, 3, 1180, 1414, 9, 0, 30.03%, 0, 0, 25, 70.49, 3094510, 804, 0, 0
92373, 3, 889, 1414, 9, 0, 30.03%, 0, 0, 25, 70.55, 3094855, 804, 0, 0
92378, 3, 1390, 1414, 9, 0, 30.03%, 0, 0, 25, 61.52, 3095165, 804, 0, 0
92383, 3, 645, 1414, 9, 0, 30.03%, 0, 0, 25, 57.27, 3095441, 804, 0, 0
92388, 3, 235, 1414, 9, 0, 30.03%, 0, 0, 25, 91.76, 3095921, 804, 0, 0
92393, 3, 1365, 1414, 9, 0, 30.03%, 0, 0, 25, 59.97, 3096195, 804, 0, 0
92399, 3, 353, 1414, 9, 0, 30.03%, 0, 0, 25, 79.39, 3096593, 804, 0, 0
92404, 3, 1397, 1414, 9, 0, 30.03%, 0, 0, 25, 59.08, 3096885, 804, 0, 0
92409, 3, 761, 1414, 9, 0, 30.03%, 0, 0, 25, 64.41, 3097207, 804, 0, 0
92414, 3, 245, 1414, 9, 0, 30.03%, 0, 0, 25, 92.75, 3097701, 804, 0, 0
92419, 3, 413, 1414, 9, 0, 30.03%, 0, 0, 25, 91.94, 3098151, 804, 0, 0
92424, 3, 1349, 1414, 9, 0, 30.03%, 0, 0, 25, 83.85, 3098608, 804, 0, 0
92429, 3, 661, 1414, 9, 0, 30.03%, 0, 0, 25, 59.71, 3098873, 804, 0, 0
92435, 3, 1313, 1414, 9, 0, 30.03%, 0, 0, 25, 59.72, 3099204, 804, 0, 0
92440, 3, 1397, 1414, 9, 0, 30.03%, 0, 0, 25, 52.68, 3099462, 804, 0, 0
92445, 3, 1361, 1414, 9, 0, 30.03%, 0, 0, 25, 62.95, 3099771, 804, 0, 0
92450, 3, 1361, 1414, 9, 0, 30.03%, 0, 0, 25, 53.50, 3100032, 804, 0, 0
92455, 3, 1397, 1414, 9, 0, 30.03%, 0, 0, 25, 51.01, 3100289, 804, 0, 0
92460, 3, 748, 1414, 9, 0, 30.03%, 0, 0, 25, 68.80, 3100644, 804, 0, 0
92465, 3, 289, 1414, 9, 0, 30.03%, 0, 0, 25, 92.26, 3101143, 804, 0, 0
92470, 3, 923, 1414, 9, 0, 30.03%, 0, 0, 25, 74.48, 3101509, 804, 0, 0
92475, 3, 734, 1414, 9, 0, 30.03%, 0, 0, 25, 68.70, 3101856, 804, 0, 0
92481, 3, 1189, 1414, 9, 0, 30.03%, 0, 0, 25, 81.33, 3102291, 804, 0, 0
92486, 3, 1235, 1414, 9, 0, 30.03%, 0, 0, 25, 62.46, 3102578, 804, 0, 0
92491, 3, 1294, 1414, 9, 0, 30.03%, 0, 0, 25, 56.79, 3102859, 804, 0, 0
92496, 3, 1294, 1414, 9, 0, 30.03%, 0, 0, 25, 54.56, 3103132, 804, 0, 0
92501, 3, 588, 1414, 9, 0, 30.03%, 0, 0, 25, 83.62, 3103597, 804, 0, 0
92506, 3, 1346, 1414, 9, 0, 30.03%, 0, 0, 25, 59.41, 3103896, 804, 0, 0
92511, 3, 1397, 1414, 9, 0, 30.03%, 0, 0, 25, 51.84, 3104144, 804, 0, 0
92516, 3, 593, 1414, 9, 0, 30.03%, 0, 0, 25, 60.20, 3104438, 804, 0, 0
92521, 3, 1221, 1414, 9, 0, 30.03%, 0, 0, 25, 59.77, 3104760, 804, 0, 0
92526, 3, 1373, 1414, 9, 0, 30.03%, 0, 0, 25, 51.88, 3105021, 804, 0, 0
92532, 3, 1367, 1414, 9, 0, 30.03%, 0, 0, 25, 50.77, 3105282, 804, 0, 0
92537, 3, 896, 1414, 9, 0, 30.03%, 0, 0, 25, 72.55, 3105634, 804, 0, 0
92542, 3, 896, 1414, 9, 0, 30.03%, 0, 0, 25, 69.67, 3105987, 804, 0, 0
92547, 3, 896, 1414, 9, 0, 30.03%, 0, 0, 25, 68.68, 3106340, 804, 0, 0
92552, 3, 896, 1414, 9, 0, 30.03%, 0, 0, 25, 68.49, 3106690, 804, 0, 0
92558, 3, 896, 1414, 9, 0, 30.03%, 0, 0, 25, 67.90, 3107099, 804, 0, 0
92563, 3, 1252, 1414, 8, 0, 30.03%, 0, 0, 25, 65.61, 3107439, 804, 0, 0
92568, 3, 34, 1414, 8, 0, 30.03%, 0, 0, 25, 64.65, 3107746, 804, 0, 0
92573, 3, 1309, 1414, 8, 0, 30.03%, 0, 0, 25, 61.98, 3108095, 804, 0, 0
92578, 3, 1385, 1414, 8, 0, 30.03%, 0, 0, 25, 53.93, 3108362, 804, 0, 0
92584, 3, 961, 1414, 8, 0, 30.03%, 0, 0, 25, 58.00, 3108649, 804, 0, 0
92589, 3, 756, 1414, 8, 0, 30.03%, 0, 0, 25, 67.80, 3108994, 804, 0, 0
92594, 3, 370, 1414, 8, 0, 30.03%, 0, 0, 25, 82.25, 3109418, 804, 0, 0
92599, 3, 976, 1414, 8, 0, 30.03%, 0, 0, 25, 71.97, 3109785, 804, 0, 0
92604, 3, 556, 1414, 8, 0, 30.03%, 0, 0, 25, 84.66, 3110215, 804, 0, 0
92609, 3, 561, 1414, 8, 0, 30.03%, 0, 0, 25, 94.51, 3110713, 804, 0, 0
92614, 3, 695, 1414, 8, 0, 30.03%, 0, 0, 25, 92.46, 3111196, 804, 0, 0
92619, 3, 747, 1414, 8, 0, 30.03%, 0, 0, 25, 51.33, 3111567, 804, 0, 0
92625, 3, 936, 1414, 8, 0, 30.03%, 0, 0, 25, 72.58, 3111994, 804, 0, 0
92630, 3, 936, 1414, 8, 0, 30.03%, 0, 0, 25, 67.48, 3112320, 804, 0, 0
92635, 3, 936, 1414, 8, 0, 30.03%, 0, 0, 25, 65.58, 3112648, 804, 0, 0
92640, 3, 936, 1414, 8, 0, 30.03%, 0, 0, 25, 65.67, 3112982, 804, 0, 0
92645, 3, 936, 1414, 8, 0, 30.03%, 0, 0, 25, 65.82, 3113315, 804, 0, 0
92650, 3, 936, 1414, 8, 0, 30.03%, 0, 0, 25, 65.33, 3113637, 804, 0, 0
92655, 3, 936, 1414, 8, 0, 30.03%, 0, 0, 25, 64.38, 3113968, 804, 0, 0
92660, 3, 876, 1414, 7, 0, 30.03%, 0, 0, 25, 73.10, 3114362, 804, 0, 0
92665, 3, 876, 1414, 7, 0, 30.03%, 0, 0, 25, 68.87, 3114708, 804, 0, 0
92670, 3, 876, 1414, 7, 0, 30.03%, 0, 0, 25, 68.54, 3115058, 804, 0, 0
92676, 3, 876, 1414, 7, 0, 30.03%, 0, 0, 25, 68.09, 3115409, 804, 0, 0
92681, 3, 876, 1414, 7, 0, 30.03%, 0, 0, 25, 67.08, 3115742, 804, 0, 0
92686, 3, 555, 1414, 6, 0, 30.03%, 0, 0, 25, 71.94, 3116097, 804, 0, 0
92691, 3, 1215, 1414, 6, 0, 30.03%, 0, 0, 25, 79.13, 3116554, 804, 0, 0
92696, 3, 622, 1414, 6, 0, 30.03%, 0, 0, 25, 68.39, 3116878, 804, 0, 0
92701, 3, 1232, 1414, 6, 0, 30.03%, 0, 0, 25, 71.50, 3117278, 804, 0, 0
92706, 3, 699, 1414, 6, 0, 30.03%, 0, 0, 25, 66.46, 3117594, 804, 0, 0
92711, 3, 1348, 1414, 6, 0, 30.03%, 0, 0, 25, 56.19, 3117879, 804, 0, 0
92717, 3, 220, 1414, 6, 0, 30.03%, 0, 0, 25, 73.08, 3118237, 804, 0, 0
92722, 3, 1274, 1414, 6, 0, 30.03%, 0, 0, 25, 83.38, 3118722, 804, 0, 0
92727, 3, 1081, 1414, 6, 0, 30.03%, 0, 0, 25, 64.48, 3119015, 804, 0, 0
92732, 3, 492, 1414, 6, 0, 30.03%, 0, 0, 25, 76.51, 3119390, 804, 0, 0
92737, 3, 865, 1414, 6, 0, 30.03%, 0, 0, 25, 71.09, 3119776, 804, 0, 0
92742, 3, 700, 1414, 6, 0, 30.03%, 0, 0, 25, 80.83, 3120209, 804, 0, 0
92747, 3, 1156, 1414, 6, 0, 30.03%, 0, 0, 25, 65.65, 3120524, 804, 0, 0
92752, 3, 179, 1414, 6, 0, 30.03%, 0, 0, 25, 71.80, 3120886, 804, 0, 0
92758, 3, 1351, 1414, 6, 0, 30.03%, 0, 0, 25, 56.45, 3121166, 804, 0, 0
92763, 3, 1227, 1414, 6, 0, 30.03%, 0, 0, 25, 65.30, 3121510, 804, 0, 0
92768, 3, 513, 1414, 6, 0, 30.03%, 0, 0, 25, 70.08, 3121839, 804, 0, 0
92773, 3, 675, 1414, 6, 0, 30.03%, 0, 0, 25, 85.97, 3122312, 804, 0, 0
92778, 3, 355, 1414, 6, 0, 30.03%, 0, 0, 25, 85.08, 3122732, 804, 0, 0
92783, 3, 1346, 1414, 6, 0, 30.03%, 0, 0, 25, 59.69, 3123033, 804, 0, 0
92788, 3, 560, 1414, 6, 0, 30.03%, 0, 0, 25, 74.38, 3123404, 804, 0, 0
92793, 3, 1235, 1414, 6, 0, 30.03%, 0, 0, 25, 69.42, 3123779, 804, 0, 0
92798, 3, 1175, 1414, 6, 0, 30.03%, 0, 0, 25, 60.19, 3124077, 804, 0, 0
92804, 3, 516, 1414, 6, 0, 30.03%, 0, 0, 25, 80.09, 3124480, 804, 0, 0
92809, 3, 715, 1414, 6, 0, 30.03%, 0, 0, 25, 81.22, 3124920, 804, 0, 0
92814, 3, 1359, 1414, 6, 0, 30.03%, 0, 0, 25, 57.49, 3125183, 804, 0, 0
92819, 3, 1163, 1414, 6, 0, 30.03%, 0, 0, 25, 69.76, 3125574, 804, 0, 0
92824, 3, 593, 1414, 6, 0, 30.03%, 0, 0, 25, 75.98, 3125945, 804, 0, 0
92829, 3, 1087, 1414, 6, 0, 30.03%, 0, 0, 25, 67.18, 3126286, 804, 0, 0
92834, 3, 1355, 1414, 6, 0, 30.03%, 0, 0, 25, 85.96, 3126748, 804, 0, 0
92840, 3, 1355, 1414, 6, 0, 30.03%, 0, 0, 25, 58.20, 3127010, 804, 0, 0
92845, 3, 1190, 1414, 6, 0, 30.03%, 0, 0, 25, 59.65, 3127332, 804, 0, 0
92850, 3, 264, 1414, 6, 0, 30.03%, 0, 0, 25, 80.95, 3127804, 804, 0, 0
92855, 3, 1220, 1414, 6, 0, 30.03%, 0, 0, 25, 67.26, 3128142, 804, 0, 0
92860, 3, 984, 1414, 6, 0, 30.03%, 0, 0, 25, 63.83, 3128445, 804, 0, 0
92865, 3, 434, 1414, 6, 0, 30.03%, 0, 0, 25, 87.71, 3128895, 804, 0, 0
92870, 3, 1161, 1414, 6, 0, 30.03%, 0, 0, 25, 71.65, 3129282, 804, 0, 0
92875, 3, 351, 1414, 6, 0, 30.03%, 0, 0, 25, 86.67, 3129696, 804, 0, 0
92880, 3, 1265, 1414, 6, 0, 30.03%, 0, 0, 25, 76.44, 3130124, 804, 0, 0
92885, 3, 1302, 1414, 6, 0, 30.03%, 0, 0, 25, 67.47, 3130443, 804, 0, 0
92890, 3, 1250, 1414, 6, 0, 30.03%, 0, 0, 25, 57.54, 3130720, 804, 0, 0
92896, 3, 1038, 1414, 6, 0, 30.03%, 0, 0, 25, 58.77, 3131022, 804, 0, 0
92901, 3, 1010, 1414, 6, 0, 30.03%, 0, 0, 25, 66.67, 3131372, 804, 0, 0
92906, 3, 617, 1414, 6, 0, 30.03%, 0, 0, 25, 71.42, 3131739, 804, 0, 0
92911, 3, 1270, 1414, 6, 0, 30.03%, 0, 0, 25, 75.71, 3132145, 804, 0, 0
92916, 3, 201, 1414, 6, 0, 30.03%, 0, 0, 25, 71.54, 3132468, 804, 0, 0
92921, 3, 559, 1414, 6, 0, 30.03%, 0, 0, 25, 96.36, 3132993, 804, 0, 0
92926, 3, 1231, 1414, 6, 0, 30.03%, 0, 0, 25, 78.25, 3133415, 804, 0, 0
92932, 3, 1049, 1414, 6, 0, 30.03%, 0, 0, 25, 66.41, 3133735, 804, 0, 0
92937, 3, 1044, 1414, 6, 0, 30.03%, 0, 0, 25, 73.09, 3134121, 804, 0, 0
92942, 3, 1218, 1414, 6, 0, 30.03%, 0, 0, 25, 62.99, 3134444, 804, 0, 0
92947, 3, 1385, 1414, 6, 0, 30.03%, 0, 0, 25, 62.80, 3134763, 804, 0, 0
92952, 3, 736, 1414, 6, 0, 30.03%, 0, 0, 25, 57.39, 3135037, 804, 0, 0
92957, 3, 1397, 1414, 6, 0, 30.03%, 0, 0, 25, 55.90, 3135333, 804, 0, 0
92962, 3, 492, 1414, 6, 0, 30.03%, 0, 0, 25, 75.49, 3135701, 804, 0, 0
92967, 3, 165, 1414, 6, 0, 30.03%, 0, 0, 25, 94.24, 3136198, 804, 0, 0
92972, 3, 476, 1414, 6, 0, 30.03%, 0, 0, 25, 98.93, 3136714, 804, 0, 0
92977, 3, 1237, 1414, 6, 0, 30.03%, 0, 0, 25, 76.12, 3137088, 804, 0, 0
92982, 3, 1302, 1414, 6, 0, 30.03%, 0, 0, 25, 59.77, 3137367, 804, 0, 0
92988, 3, 964, 1414, 6, 0, 30.03%, 0, 0, 25, 59.79, 3137662, 804, 0, 0
92993, 3, 591, 1414, 6, 0, 30.03%, 0, 0, 25, 69.61, 3138016, 804, 0, 0
92998, 3, 530, 1414, 6, 0, 30.03%, 0, 0, 25, 78.49, 3138424, 804, 0, 0
93003, 3, 531, 1414, 6, 0, 30.03%, 0, 0, 25, 91.16, 3138901, 804, 0, 0
93008, 3, 615, 1414, 6, 0, 30.03%, 0, 0, 25, 83.77, 3139342, 804, 0, 0
93013, 3, 1397, 1414, 6, 0, 30.03%, 0, 0, 25, 58.03, 3139605, 804, 0, 0
93018, 3, 1186, 1414, 6, 0, 30.03%, 0, 0, 25, 62.33, 3139940, 804, 0, 0
93023, 3, 1402, 1414, 6, 0, 30.03%, 0, 0, 25, 55.39, 3140226, 804, 0, 0
93028, 3, 553, 1414, 6, 0, 30.03%, 0, 0, 25, 51.68, 3140473, 804, 0, 0
93034, 3, 1212, 1414, 6, 0, 30.03%, 0, 0, 25, 62.96, 3140848, 804, 0, 0
93039, 3, 452, 1414, 6, 0, 30.03%, 0, 0, 25, 68.23, 3141175, 804, 0, 0
93044, 3, 1413, 1414, 6, 0, 30.03%, 0, 0, 25, 89.19, 3141668, 804, 0, 0
93049, 3, 1413, 1414, 6, 0, 30.03%, 0, 0, 25, 58.71, 3141921, 804, 0, 0
93054, 3, 919, 1414, 6, 0, 30.03%, 0, 0, 25, 85.68, 3142390, 804, 0, 0
93059, 3, 662, 1414, 6, 0, 30.03%, 0, 0, 25, 74.78, 3142752, 804, 0, 0
93064, 3, 392, 1414, 6, 0, 30.03%, 0, 0, 25, 93.87, 3143245, 804, 0, 0
93069, 3, 1311, 1414, 6, 0, 30.03%, 0, 0, 25, 68.29, 3143587, 804, 0, 0
93074, 3, 1286, 1414, 6, 0, 30.03%, 0, 0, 25, 57.10, 3143864, 804, 0, 0
93080, 3, 658, 1414, 6, 0, 30.03%, 0, 0, 25, 63.22, 3144176, 804, 0, 0
93085, 3, 1009, 1414, 6, 0, 30.03%, 0, 0, 25, 77.98, 3144611, 804, 0, 0
93090, 3, 1009, 1414, 6, 0, 30.03%, 0, 0, 25, 70.73, 3144961, 804, 0, 0
93095, 3, 1009, 1414, 6, 0, 30.03%, 0, 0, 25, 68.55, 3145311, 804, 0, 0
93100, 3, 1009, 1414, 6, 0, 30.03%, 0, 0, 25, 67.83, 3145656, 804, 0, 0
93105, 3, 1009, 1414, 6, 0, 30.03%, 0, 0, 25, 68.01, 3146026, 804, 0, 0
93111, 3, 1271, 1414, 5, 0, 30.03%, 0, 0, 25, 66.10, 3146368, 804, 0, 0
93116, 3, 1140, 1414, 5, 0, 30.03%, 0, 0, 25, 57.86, 3146646, 804, 0, 0
93121, 3, 466, 1414, 5, 0, 30.03%, 0, 0, 25, 64.29, 3146969, 804, 0, 0
93126, 3, 706, 1414, 5, 0, 30.03%, 0, 0, 25, 79.02, 3147415, 804, 0, 0
93131, 3, 1269, 1414, 5, 0, 30.03%, 0, 0, 25, 62.19, 3147722, 804, 0, 0
93136, 3, 1075, 1414, 5, 0, 30.03%, 0, 0, 25, 60.93, 3148025, 804, 0, 0
93141, 3, 1397, 1414, 5, 0, 30.03%, 0, 0, 25, 55.46, 3148305, 804, 0, 0
93146, 3, 1088, 1414, 5, 0, 30.03%, 0, 0, 25, 59.75, 3148600, 804, 0, 0
93151, 3, 588, 1414, 5, 0, 30.03%, 0, 0, 25, 66.62, 3148951, 804, 0, 0
93156, 3, 1313, 1414, 5, 0, 30.03%, 0, 0, 25, 60.84, 3149281, 804, 0, 0
93162, 3, 492, 1414, 5, 0, 30.03%, 0, 0, 25, 77.69, 3149652, 804, 0, 0
93167, 3, 591, 1414, 5, 0, 30.03%, 0, 0, 25, 87.84, 3150131, 804, 0, 0
93172, 3, 786, 1414, 5, 0, 30.03%, 0, 0, 25, 71.52, 3150478, 804, 0, 0
93177, 3, 1363, 1414, 5, 0, 30.03%, 0, 0, 25, 56.46, 3150752, 804, 0, 0
93182, 3, 644, 1414, 5, 0, 30.03%, 0, 0, 25, 75.76, 3151145, 804, 0, 0
93187, 3, 791, 1414, 5, 0, 30.03%, 0, 0, 25, 69.91, 3151507, 804, 0, 0
93192, 3, 647, 1414, 5, 0, 30.03%, 0, 0, 25, 77.65, 3151926, 804, 0, 0
93197, 3, 892, 1414, 5, 0, 30.03%, 0, 0, 25, 71.35, 3152291, 804, 0, 0
93202, 3, 892, 1414, 5, 0, 30.03%, 0, 0, 25, 68.33, 3152637, 804, 0, 0
93208, 3, 892, 1414, 5, 0, 30.03%, 0, 0, 25, 68.57, 3152988, 804, 0, 0
93213, 3, 892, 1414, 5, 0, 30.03%, 0, 0, 25, 68.31, 3153338, 804, 0, 0
93218, 3, 892, 1414, 5, 0, 30.03%, 0, 0, 25, 66.04, 3153669, 804, 0, 0
93223, 3, 562, 1414, 4, 0, 30.03%, 0, 0, 25, 81.97, 3154089, 804, 0, 0
93228, 3, 484, 1414, 4, 0, 30.03%, 0, 0, 25, 86.14, 3154534, 804, 0, 0
93233, 3, 1031, 1414, 4, 0, 30.03%, 0, 0, 25, 73.16, 3154923, 804, 0, 0
93238, 3, 1212, 1414, 4, 0, 30.03%, 0, 0, 25, 61.59, 3155230, 804, 0, 0
93244, 3, 749, 1414, 4, 0, 30.03%, 0, 0, 25, 71.49, 3155599, 804, 0, 0
93249, 3, 603, 1414, 4, 0, 30.03%, 0, 0, 25, 74.55, 3155988, 804, 0, 0
93254, 3, 746, 1414, 4, 0, 30.03%, 0, 0, 25, 80.40, 3156417, 804, 0, 0
93259, 3, 513, 1414, 4, 0, 30.03%, 0, 0, 25, 91.50, 3156889, 804, 0, 0
93264, 3, 707, 1414, 4, 0, 30.03%, 0, 0, 25, 92.98, 3157361, 804, 0, 0
93269, 3, 1140, 1414, 4, 0, 30.03%, 0, 0, 25, 70.66, 3157700, 804, 0, 0
93274, 3, 1290, 1414, 4, 0, 30.03%, 0, 0, 25, 58.52, 3157991, 804, 0, 0
93279, 3, 1397, 1414, 4, 0, 30.03%, 0, 0, 25, 53.13, 3158251, 804, 0, 0
93284, 3, 1310, 1414, 4, 0, 30.03%, 0, 0, 25, 52.95, 3158515, 804, 0, 0
93289, 3, 749, 1414, 4, 0, 30.03%, 0, 0, 25, 61.18, 3158816, 804, 0, 0
93295, 3, 431, 1414, 4, 0, 30.03%, 0, 0, 25, 83.53, 3159252, 804, 0, 0
93300, 3, 1217, 1414, 4, 0, 30.03%, 0, 0, 25, 64.89, 3159578, 804, 0, 0
93305, 3, 1082, 1414, 4, 0, 30.03%, 0, 0, 25, 66.23, 3159931, 804, 0, 0
93310, 3, 1291, 1414, 4, 0, 30.03%, 0, 0, 25, 73.76, 3160308, 804, 0, 0
93315, 3, 1291, 1414, 4, 0, 30.03%, 0, 0, 25, 58.72, 3160585, 804, 0, 0
93320, 3, 934, 1414, 4, 0, 30.03%, 0, 0, 25, 72.44, 3160993, 804, 0, 0
93325, 3, 758, 1414, 4, 0, 30.03%, 0, 0, 25, 74.49, 3161375, 804, 0, 0
93330, 3, 1125, 1414, 4, 0, 30.03%, 0, 0, 25, 82.27, 3161860, 804, 0, 0
93335, 3, 1099, 1414, 4, 0, 30.03%, 0, 0, 25, 66.04, 3162183, 804, 0, 0
93341, 3, 1320, 1414, 4, 0, 30.03%, 0, 0, 25, 71.10, 3162543, 804, 0, 0
93346, 3, 1010, 1414, 4, 0, 30.03%, 0, 0, 25, 73.16, 3162939, 804, 0, 0
93351, 3, 289, 1414, 4, 0, 30.03%, 0, 0, 25, 88.84, 3163387, 804, 0, 0
93356, 3, 304, 1414, 4, 0, 30.03%, 0, 0, 25, 90.21, 3163848, 804, 0, 0
93361, 3, 1389, 1414, 4, 0, 30.03%, 0, 0, 25, 60.92, 3164132, 804, 0, 0
93366, 3, 1201, 1414, 4, 0, 30.03%, 0, 0, 25, 57.31, 3164423, 804, 0, 0
93372, 3, 758, 1414, 4, 0, 30.03%, 0, 0, 25, 66.37, 3164761, 804, 0, 0
93377, 3, 1181, 1414, 4, 0, 30.03%, 0, 0, 25, 62.05, 3165093, 804, 0, 0
93382, 3, 1010, 1414, 4, 0, 30.03%, 0, 0, 25, 75.17, 3165485, 804, 0, 0
93387, 3, 442, 1414, 4, 0, 30.03%, 0, 0, 25, 84.13, 3165893, 804, 0, 0
93392, 3, 1242, 1414, 4, 0, 30.03%, 0, 0, 25, 85.67, 3166364, 804, 0, 0
93397, 3, 458, 1414, 4, 0, 30.03%, 0, 0, 25, 74.53, 3166703, 804, 0, 0
93402, 3, 417, 1414, 4, 0, 30.03%, 0, 0, 25, 91.84, 3167191, 804, 0, 0
93407, 3, 1243, 1414, 4, 0, 30.03%, 0, 0, 25, 85.35, 3167646, 804, 0, 0
93413, 3, 1165, 1414, 4, 0, 30.03%, 0, 0, 25, 63.07, 3167945, 804, 0, 0
93418, 3, 586, 1414, 4, 0, 30.03%, 0, 0, 25, 64.45, 3168269, 804, 0, 0
93423, 3, 1191, 1414, 4, 0, 30.03%, 0, 0, 25, 64.18, 3168616, 804, 0, 0
93428, 3, 1397, 1414, 4, 0, 30.03%, 0, 0, 25, 61.23, 3168933, 804, 0, 0
93433, 3, 1411, 1414, 4, 0, 30.03%, 0, 0, 25, 68.46, 3169252, 804, 0, 0
93438, 3, 1413, 1414, 4, 0, 30.03%, 0, 0, 25, 56.35, 3169538, 804, 0, 0
93443, 3, 748, 1414, 4, 0, 30.03%, 0, 0, 25, 68.09, 3169873, 804, 0, 0
93448, 3, 1142, 1414, 4, 0, 30.03%, 0, 0, 25, 79.20, 3170319, 804, 0, 0
93453, 3, 594, 1414, 4, 0, 30.03%, 0, 0, 25, 64.79, 3170630, 804, 0, 0
93459, 3, 1233, 1414, 4, 0, 30.03%, 0, 0, 25, 55.58, 3170940, 804, 0, 0
93464, 3, 530, 1414, 4, 0, 30.03%, 0, 0, 25, 78.97, 3171337, 804, 0, 0
93469, 3, 1408, 1414, 4, 0, 30.03%, 0, 0, 25, 67.01, 3171713, 804, 0, 0
93474, 3, 90, 1414, 4, 0, 30.03%, 0, 0, 25, 67.97, 3172011, 804, 0, 0
93479, 3, 1336, 1414, 4, 0, 30.03%, 0, 0, 25, 68.29, 3172387, 804, 0, 0
93484, 3, 1336, 1414, 4, 0, 30.03%, 0, 0, 25, 68.55, 3172725, 804, 0, 0
93489, 3, 1336, 1414, 4, 0, 30.03%, 0, 0, 25, 68.13, 3173055, 804, 0, 0
93494, 3, 1336, 1414, 4, 0, 30.03%, 0, 0, 25, 69.72, 3173423, 804, 0, 0
93499, 3, 1281, 1414, 3, 0, 30.03%, 0, 0, 25, 63.97, 3173756, 804, 0, 0
93504, 3, 289, 1414, 3, 0, 30.03%, 0, 0, 25, 65.28, 3174061, 804, 0, 0
93510, 3, 1147, 1414, 3, 0, 30.03%, 0, 0, 25, 72.43, 3174475, 804, 0, 0
93515, 3, 1106, 1414, 3, 0, 30.03%, 0, 0, 25, 65.27, 3174794, 804, 0, 0
93520, 3, 1253, 1414, 3, 0, 30.03%, 0, 0, 25, 61.44, 3175115, 804, 0, 0
93525, 3, 474, 1414, 3, 0, 30.03%, 0, 0, 25, 77.36, 3175493, 804, 0, 0
93530, 3, 1389, 1414, 3, 0, 30.03%, 0, 0, 25, 65.04, 3175844, 804, 0, 0
93535, 3, 1353, 1414, 3, 0, 30.03%, 0, 0, 25, 53.13, 3176095, 804, 0, 0
93540, 3, 1172, 1414, 3, 0, 30.03%, 0, 0, 25, 53.31, 3176358, 804, 0, 0
93545, 3, 1382, 1414, 3, 0, 30.03%, 0, 0, 25, 53.50, 3176634, 804, 0, 0
93550, 3, 1092, 1414, 3, 0, 30.03%, 0, 0, 25, 56.07, 3176909, 804, 0, 0
93555, 3, 1155, 1414, 3, 0, 30.03%, 0, 0, 25, 59.08, 3177223, 804, 0, 0
93561, 3, 1066, 1414, 3, 0, 30.03%, 0, 0, 25, 63.31, 3177549, 804, 0, 0
93566, 3, 1331, 1414, 3, 0, 30.03%, 0, 0, 25, 83.46, 3177997, 804, 0, 0
93571, 3, 1389, 1414, 3, 0, 30.03%, 0, 0, 25, 65.71, 3178322, 804, 0, 0
93576, 3, 1397, 1414, 3, 0, 30.03%, 0, 0, 25, 53.17, 3178581, 804, 0, 0
93581, 3, 1397, 1414, 3, 0, 30.03%, 0, 0, 25, 50.98, 3178837, 804, 0, 0
93586, 3, 568, 1414, 3, 0, 30.03%, 0, 0, 25, 65.16, 3179189, 804, 0, 0
93591, 3, 533, 1414, 3, 0, 30.03%, 0, 0, 25, 85.66, 3179644, 804, 0, 0
93596, 3, 1390, 1414, 3, 0, 30.03%, 0, 0, 25, 62.15, 3179949, 804, 0, 0
93602, 3, 895, 1414, 3, 0, 30.03%, 0, 0, 25, 67.76, 3180282, 804, 0, 0
93607, 3, 619, 1414, 3, 0, 30.03%, 0, 0, 25, 76.32, 3180665, 804, 0, 0
93612, 3, 267, 1414, 3, 0, 30.03%, 0, 0, 25, 78.92, 3181072, 804, 0, 0
93617, 3, 553, 1414, 3, 0, 30.03%, 0, 0, 25, 95.82, 3181583, 804, 0, 0
93622, 3, 1262, 1414, 3, 0, 30.03%, 0, 0, 25, 67.88, 3181930, 804, 0, 0
93627, 3, 486, 1414, 3, 0, 30.03%, 0, 0, 25, 85.52, 3182349, 804, 0, 0
93632, 3, 1038, 1414, 3, 0, 30.03%, 0, 0, 25, 74.42, 3182729, 804, 0, 0
93637, 3, 1275, 1414, 3, 0, 30.03%, 0, 0, 25, 59.23, 3183012, 804, 0, 0
93643, 3, 647, 1414, 3, 0, 30.03%, 0, 0, 25, 73.02, 3183400, 804, 0, 0
93648, 3, 783, 1414, 3, 0, 30.03%, 0, 0, 25, 69.94, 3183766, 804, 0, 0
93653, 3, 783, 1414, 3, 0, 30.03%, 0, 0, 25, 68.58, 3184114, 804, 0, 0
93658, 3, 783, 1414, 3, 0, 30.03%, 0, 0, 25, 68.59, 3184464, 804, 0, 0
93663, 3, 783, 1414, 3, 0, 30.03%, 0, 0, 25, 68.20, 3184814, 804, 0, 0
93668, 3, 783, 1414, 3, 0, 30.03%, 0, 0, 25, 66.77, 3185141, 804, 0, 0
93673, 3, 1289, 1414, 2, 0, 30.03%, 0, 0, 25, 60.57, 3185456, 804, 0, 0
93678, 3, 631, 1414, 2, 0, 30.03%, 0, 0, 25, 66.25, 3185784, 804, 0, 0
93684, 3, 705, 1414, 2, 0, 30.03%, 0, 0, 25, 75.96, 3186189, 804, 0, 0
93689, 3, 1365, 1414, 2, 0, 30.03%, 0, 0, 25, 60.88, 3186496, 804, 0, 0
93694, 3, 484, 1414, 2, 0, 30.03%, 0, 0, 25, 81.45, 3186881, 804, 0, 0
93699, 3, 694, 1414, 2, 0, 30.03%, 0, 0, 25, 83.67, 3187331, 804, 0, 0
93704, 3, 1319, 1414, 2, 0, 30.03%, 0, 0, 25, 96.98, 3187853, 804, 0, 0
93709, 3, 333, 1414, 2, 0, 30.03%, 0, 0, 25, 89.55, 3188283, 804, 0, 0
93714, 3, 1397, 1414, 2, 0, 30.03%, 0, 0, 25, 88.48, 3188734, 804, 0, 0
93719, 3, 1397, 1414, 2, 0, 30.03%, 0, 0, 25, 58.87, 3188993, 804, 0, 0
93725, 3, 1256, 1414, 2, 0, 30.03%, 0, 0, 25, 63.08, 3189342, 804, 0, 0
93730, 3, 1292, 1414, 2, 0, 30.03%, 0, 0, 25, 76.70, 3189724, 804, 0, 0
93735, 3, 1292, 1414, 2, 0, 30.03%, 0, 0, 25, 58.29, 3190004, 804, 0, 0
93740, 3, 1378, 1414, 2, 0, 30.03%, 0, 0, 25, 61.30, 3190357, 804, 0, 0
93745, 3, 1147, 1414, 2, 0, 30.03%, 0, 0, 25, 58.46, 3190637, 804, 0, 0
93750, 3, 1248, 1414, 2, 0, 30.03%, 0, 0, 25, 58.60, 3190944, 804, 0, 0
93755, 3, 663, 1414, 2, 0, 30.03%, 0, 0, 25, 66.82, 3191273, 804, 0, 0
93760, 3, 1082, 1414, 2, 0, 30.03%, 0, 0, 25, 71.93, 3191676, 804, 0, 0
93765, 3, 1397, 1414, 2, 0, 30.03%, 0, 0, 25, 56.62, 3191963, 804, 0, 0
93771, 3, 522, 1414, 2, 0, 30.03%, 0, 0, 25, 75.34, 3192323, 804, 0, 0
93776, 3, 554, 1414, 2, 0, 30.03%, 0, 0, 25, 92.00, 3192818, 804, 0, 0
93781, 3, 909, 1414, 2, 0, 30.03%, 0, 0, 25, 74.66, 3193194, 804, 0, 0
93786, 3, 612, 1414, 2, 0, 30.03%, 0, 0, 25, 68.78, 3193539, 804, 0, 0
93791, 3, 526, 1414, 2, 0, 30.03%, 0, 0, 25, 87.44, 3193996, 804, 0, 0
93796, 3, 774, 1414, 2, 0, 30.03%, 0, 0, 25, 78.16, 3194409, 804, 0, 0
93801, 3, 498, 1414, 2, 0, 30.03%, 0, 0, 25, 88.60, 3194862, 804, 0, 0
93806, 3, 1190, 1414, 2, 0, 30.03%, 0, 0, 25, 69.56, 3195213, 804, 0, 0
93812, 3, 1139, 1414, 2, 0, 30.03%, 0, 0, 25, 60.27, 3195501, 804, 0, 0
93817, 3, 520, 1414, 2, 0, 30.03%, 0, 0, 25, 72.62, 3195858, 804, 0, 0
93822, 3, 188, 1414, 2, 0, 30.03%, 0, 0, 25, 95.58, 3196365, 804, 0, 0
93827, 3, 758, 1414, 2, 0, 30.03%, 0, 0, 25, 80.82, 3196772, 804, 0, 0
93832, 3, 1342, 1414, 2, 0, 30.03%, 0, 0, 25, 77.69, 3197170, 804, 0, 0
93837, 3, 262, 1414, 2, 0, 30.03%, 0, 0, 25, 84.30, 3197608, 804, 0, 0
93842, 3, 1194, 1414, 2, 0, 30.03%, 0, 0, 25, 76.76, 3198036, 804, 0, 0
93848, 3, 1409, 1414, 2, 0, 30.03%, 0, 0, 25, 69.80, 3198372, 804, 0, 0
93853, 3, 1376, 1414, 2, 0, 30.03%, 0, 0, 25, 57.52, 3198675, 804, 0, 0
93858, 3, 1179, 1414, 2, 0, 30.03%, 0, 0, 25, 55.65, 3198954, 804, 0, 0
93863, 3, 1324, 1414, 2, 0, 30.03%, 0, 0, 25, 63.96, 3199274, 804, 0, 0
93868, 3, 329, 1414, 2, 0, 30.03%, 0, 0, 25, 89.56, 3199738, 804, 0, 0
93873, 3, 628, 1414, 2, 0, 30.03%, 0, 0, 25, 85.04, 3200201, 804, 0, 0
93878, 3, 533, 1414, 2, 0, 30.03%, 0, 0, 25, 92.19, 3200694, 804, 0, 0
93884, 3, 1087, 1414, 2, 0, 30.03%, 0, 0, 25, 74.95, 3201088, 804, 0, 0
93889, 3, 1244, 1414, 2, 0, 30.03%, 0, 0, 25, 60.99, 3201389, 804, 0, 0
93894, 3, 206, 1414, 2, 0, 30.03%, 0, 0, 25, 77.64, 3201777, 804, 0, 0
93899, 3, 1137, 1414, 2, 0, 30.03%, 0, 0, 25, 71.10, 3202171, 804, 0, 0
93904, 3, 1058, 1414, 2, 0, 30.03%, 0, 0, 25, 66.80, 3202503, 804, 0, 0
93909, 3, 1066, 1414, 2, 0, 30.03%, 0, 0, 25, 82.99, 3202952, 804, 0, 0
93915, 3, 668, 1414, 2, 0, 30.03%, 0, 0, 25, 74.15, 3203317, 804, 0, 0
93920, 3, 1298, 1414, 2, 0, 30.03%, 0, 0, 25, 66.48, 3203671, 804, 0, 0
93925, 3, 1387, 1414, 2, 0, 30.03%, 0, 0, 25, 69.03, 3203996, 804, 0, 0
93930, 3, 1387, 1414, 2, 0, 30.03%, 0, 0, 25, 54.62, 3204257, 804, 0, 0
93935, 3, 1152, 1414, 2, 0, 30.03%, 0, 0, 25, 72.30, 3204671, 804, 0, 0
93940, 3, 694, 1414, 2, 0, 30.03%, 0, 0, 25, 70.52, 3205005, 804, 0, 0
93945, 3, 1005, 1414, 2, 0, 30.03%, 0, 0, 25, 76.51, 3205401, 804, 0, 0
93950, 3, 1005, 1414, 2, 0, 30.03%, 0, 0, 25, 72.03, 3205759, 804, 0, 0
93955, 3, 1005, 1414, 2, 0, 30.03%, 0, 0, 25, 71.15, 3206126, 804, 0, 0
93961, 3, 1005, 1414, 2, 0, 30.03%, 0, 0, 25, 71.10, 3206484, 804, 0, 0
93966, 3, 1005, 1414, 2, 0, 30.03%, 0, 0, 25, 70.72, 3206854, 804, 0, 0
93971, 3, 1342, 1414, 1, 0, 30.03%, 0, 0, 25, 71.74, 3207213, 804, 0, 0
93976, 3, 489, 1414, 1, 0, 30.03%, 0, 0, 25, 86.33, 3207645, 804, 0, 0
93981, 3, 1233, 1414, 1, 0, 30.03%, 0, 0, 25, 63.38, 3207952, 804, 0, 0
93986, 3, 1266, 1414, 1, 0, 30.03%, 0, 0, 25, 73.68, 3208337, 804, 0, 0
93991, 3, 1318, 1414, 1, 0, 30.03%, 0, 0, 25, 64.01, 3208633, 804, 0, 0
93996, 3, 1404, 1414, 1, 0, 30.03%, 0, 0, 25, 58.87, 3208956, 804, 0, 0
94002, 3, 1397, 1414, 1, 0, 30.03%, 0, 0, 25, 51.13, 3209205, 804, 0, 0
94007, 3, 1397, 1414, 1, 0, 30.03%, 0, 0, 25, 50.26, 3209461, 804, 0, 0
94012, 3, 1397, 1414, 1, 0, 30.03%, 0, 0, 25, 54.17, 3209768, 804, 0, 0
94017, 3, 1282, 1414, 1, 0, 30.03%, 0, 0, 25, 53.38, 3210043, 804, 0, 0
94022, 3, 88, 1414, 1, 0, 30.03%, 0, 0, 25, 69.62, 3210393, 804, 0, 0
94027, 3, 632, 1414, 1, 0, 30.03%, 0, 0, 25, 84.22, 3210868, 804, 0, 0
94033, 3, 527, 1414, 1, 0, 30.03%, 0, 0, 25, 91.32, 3211335, 804, 0, 0
94038, 3, 513, 1414, 1, 0, 30.03%, 0, 0, 25, 94.69, 3211825, 804, 0, 0
94043, 3, 1346, 1414, 1, 0, 30.03%, 0, 0, 25, 58.54, 3212092, 804, 0, 0
94048, 3, 1378, 1414, 1, 0, 30.03%, 0, 0, 25, 51.86, 3212343, 804, 0, 0
94053, 3, 384, 1414, 1, 0, 30.03%, 0, 0, 25, 78.24, 3212723, 804, 0, 0
94058, 3, 967, 1414, 1, 0, 30.03%, 0, 0, 25, 74.13, 3213122, 804, 0, 0
94063, 3, 614, 1414, 1, 0, 30.03%, 0, 0, 25, 76.78, 3213516, 804, 0, 0
94068, 3, 1160, 1414, 1, 0, 30.03%, 0, 0, 25, 67.67, 3213876, 804, 0, 0
94073, 3, 747, 1414, 1, 0, 30.03%, 0, 0, 25, 84.92, 3214315, 804, 0, 0
94079, 3, 1160, 1414, 1, 0, 30.03%, 0, 0, 25, 71.11, 3214684, 804, 0, 0
94084, 3, 992, 1414, 1, 0, 30.03%, 0, 0, 25, 66.65, 3215012, 804, 0, 0
94089, 3, 1135, 1414, 1, 0, 30.03%, 0, 0, 25, 63.96, 3215344, 804, 0, 0
94094, 3, 604, 1414, 1, 0, 30.03%, 0, 0, 25, 78.51, 3215766, 804, 0, 0
94099, 3, 1351, 1414, 1, 0, 30.03%, 0, 0, 25, 58.15, 3216043, 804, 0, 0
94104, 3, 1068, 1414, 1, 0, 30.03%, 0, 0, 25, 61.19, 3216343, 804, 0, 0
94109, 3, 1068, 1414, 1, 0, 30.03%, 0, 0, 25, 65.65, 3216687, 804, 0, 0
94114, 3, 1068, 1414, 1, 0, 30.03%, 0, 0, 25, 66.66, 3217035, 804, 0, 0
94120, 3, 1068, 1414, 1, 0, 30.03%, 0, 0, 25, 66.09, 3217371, 804, 0, 0
94125, 3, 1068, 1414, 1, 0, 30.03%, 0, 0, 25, 66.09, 3217718, 804, 0, 0
94130, 3, 508, 1414, 0, 0, 30.03%, 0, 0, 25, 85.93, 3218153, 804, 0, 0
94135, 3, 1243, 1414, 0, 0, 30.03%, 0, 0, 25, 64.25, 3218456, 804, 0, 0
94140, 3, 1392, 1414, 0, 0, 30.03%, 0, 0, 25, 53.58, 3218715, 804, 0, 0
94145, 3, 1021, 1414, 0, 0, 30.03%, 0, 0, 25, 61.49, 3219026, 804, 0, 0
94150, 3, 832, 1414, 0, 0, 30.03%, 0, 0, 25, 71.11, 3219423, 804, 0, 0
94155, 3, 1088, 1414, 0, 0, 30.03%, 0, 0, 25, 65.47, 3219760, 804, 0, 0
94161, 3, 1243, 1414, 0, 0, 30.03%, 0, 0, 25, 63.14, 3220109, 804, 0, 0
94166, 3, 1263, 1414, 0, 0, 30.03%, 0, 0, 25, 57.19, 3220391, 804, 0, 0
94171, 3, 363, 1414, 0, 0, 30.03%, 0, 0, 25, 72.63, 3220762, 804, 0, 0
94176, 3, 1201, 1414, 0, 0, 30.03%, 0, 0, 25, 64.84, 3221112, 804, 0, 0
94181, 3, 289, 1414, 0, 0, 30.03%, 0, 0, 25, 66.21, 3221467, 804, 0, 0
94186, 3, 1159, 1414, 0, 0, 30.03%, 0, 0, 25, 68.99, 3221865, 804, 0, 0
94191, 3, 600, 1414, 0, 0, 30.03%, 0, 0, 25, 79.57, 3222297, 804, 0, 0
94197, 3, 1277, 1415, 1, 0, 30.03%, 0, 0, 25, 77.10, 3222695, 804, 0, 0
94202, 3, 483, 1415, 1, 0, 30.03%, 0, 0, 25, 88.32, 3223139, 804, 0, 0
94207, 3, 1165, 1415, 1, 0, 30.03%, 0, 0, 25, 67.43, 3223468, 804, 0, 0
94212, 3, 924, 1415, 1, 0, 30.03%, 0, 0, 25, 67.88, 3223809, 804, 0, 0
94217, 3, 924, 1415, 1, 0, 30.03%, 0, 0, 25, 68.14, 3224158, 804, 0, 0
94222, 3, 924, 1415, 1, 0, 30.03%, 0, 0, 25, 68.24, 3224507, 804, 0, 0
94227, 3, 924, 1415, 1, 0, 30.03%, 0, 0, 25, 68.18, 3224857, 804, 0, 0
94232, 3, 1397, 1415, 1, 0, 30.03%, 0, 0, 25, 54.71, 3225120, 804, 0, 0
94237, 3, 422, 1415, 1, 0, 30.03%, 0, 0, 25, 85.10, 3225570, 804, 0, 0
94243, 3, 1185, 1415, 1, 0, 30.03%, 0, 0, 25, 66.34, 3225913, 804, 0, 0
94248, 3, 426, 1415, 1, 0, 30.03%, 0, 0, 25, 83.23, 3226321, 804, 0, 0
94253, 3, 1414, 1415, 1, 0, 30.03%, 0, 0, 25, 92.52, 3226827, 804, 0, 0
94258, 3, 1414, 1415, 1, 0, 30.03%, 0, 0, 25, 79.34, 3227207, 804, 0, 0
94263, 3, 1414, 1415, 1, 0, 30.03%, 0, 0, 25, 77.12, 3227591, 804, 0, 0
94268, 3, 1414, 1415, 1, 0, 30.03%, 0, 0, 25, 75.56, 3227984, 804, 0, 0
94273, 3, 1414, 1415, 1, 0, 30.03%, 0, 0, 25, 76.27, 3228368, 804, 0, 0
94278, 3, 1414, 1415, 1, 0, 30.03%, 0, 0, 25, 76.68, 3228751, 804, 0, 0
94283, 3, 1414, 1415, 1, 0, 30.03%, 0, 0, 25, 75.94, 3229132, 804, 0, 0
94288, 3, 1209, 1415, 0, 0, 30.03%, 0, 0, 25, 71.05, 3229527, 804, 0, 0
94293, 3, 772, 1415, 0, 0, 30.03%, 0, 0, 25, 79.80, 3229967, 804, 0, 0
94298, 3, 152, 1415, 0, 0, 30.03%, 0, 0, 25, 85.30, 3230383, 804, 0, 0
94304, 3, 1176, 1415, 0, 0, 30.03%, 0, 0, 25, 73.95, 3230785, 804, 0, 0
94309, 3, 1404, 1415, 0, 0, 30.03%, 0, 0, 25, 58.99, 3231074, 804, 0, 0
94314, 3, 1213, 1415, 0, 0, 30.03%, 0, 0, 25, 50.66, 3231325, 804, 0, 0
94319, 3, 1213, 1415, 0, 0, 30.03%, 0, 0, 25, 55.95, 3231611, 804, 0, 0
94324, 3, 1397, 1415, 0, 0, 30.03%, 0, 0, 25, 78.05, 3232028, 804, 0, 0
94329, 3, 1397, 1415, 0, 0, 30.03%, 0, 0, 25, 55.96, 3232285, 804, 0, 0
94334, 3, 165, 1415, 0, 0, 30.03%, 0, 0, 25, 66.30, 3232628, 804, 0, 0
94339, 3, 1377, 1415, 0, 0, 30.03%, 0, 0, 25, 67.71, 3233013, 804, 0, 0
94344, 3, 1333, 1415, 0, 0, 30.03%, 0, 0, 25, 68.21, 3233328, 804, 0, 0
94350, 3, 1402, 1415, 0, 0, 30.03%, 0, 0, 25, 60.74, 3233657, 804, 0, 0
94355, 3, 90, 1415, 0, 0, 30.03%, 0, 0, 25, 62.87, 3233951, 804, 0, 0
94360, 3, 110, 1415, 0, 0, 30.03%, 0, 0, 25, 81.27, 3234369, 804, 0, 0
94365, 3, 1268, 1415, 0, 0, 30.03%, 0, 0, 25, 61.65, 3234657, 804, 0, 0
94370, 3, 1144, 1415, 0, 0, 30.03%, 0, 0, 25, 63.85, 3235012, 804, 0, 0
94375, 3, 1397, 1415, 0, 0, 30.03%, 0, 0, 25, 54.00, 3235280, 804, 0, 0
94381, 3, 1198, 1415, 0, 0, 30.03%, 0, 0, 25, 69.27, 3235654, 804, 0, 0
94386, 3, 492, 1415, 0, 0, 30.03%, 0, 0, 25, 75.62, 3236016, 804, 0, 0
94391, 3, 753, 1415, 0, 0, 30.03%, 0, 0, 25, 78.78, 3236432, 804, 0, 0
94396, 3, 553, 1415, 0, 0, 30.03%, 0, 0, 25, 87.33, 3236875, 804, 0, 0
94401, 3, 727, 1415, 0, 0, 30.03%, 0, 0, 25, 77.10, 3237278, 804, 0, 0
94406, 3, 746, 1415, 0, 0, 30.03%, 0, 0, 25, 75.36, 3237650, 804, 0, 0
94411, 3, 1389, 1415, 0, 0, 30.03%, 0, 0, 25, 54.88, 3237912, 804, 0, 0
94416, 3, 1010, 1415, 0, 0, 30.03%, 0, 0, 25, 76.47, 3238326, 804, 0, 0
94422, 3, 746, 1415, 0, 0, 30.03%, 0, 0, 25, 72.68, 3238688, 804, 0, 0
94427, 3, 981, 1415, 0, 0, 30.03%, 0, 0, 25, 75.01, 3239080, 804, 0, 0
94432, 3, 694, 1415, 0, 0, 30.03%, 0, 0, 25, 71.08, 3239437, 804, 0, 0
94437, 3, 1225, 1415, 0, 0, 30.03%, 0, 0, 25, 63.27, 3239758, 804, 0, 0
94442, 3, 1343, 1415, 0, 0, 30.03%, 0, 0, 25, 56.38, 3240042, 804, 0, 0
94447, 3, 159, 1415, 0, 0, 30.03%, 0, 0, 25, 66.82, 3240379, 804, 0, 0
94452, 3, 553, 1415, 0, 0, 30.03%, 0, 0, 25, 71.29, 3240761, 804, 0, 0
94458, 3, 1277, 1415, 0, 0, 30.03%, 0, 0, 25, 78.88, 3241195, 804, 0, 0
94463, 3, 1386, 1415, 0, 0, 30.03%, 0, 0, 25, 57.59, 3241465, 804, 0, 0
94468, 3, 288, 1415, 0, 0, 30.03%, 0, 0, 25, 77.39, 3241851, 804, 0, 0
94473, 3, 1010, 1415, 0, 0, 30.03%, 0, 0, 25, 92.85, 3242357, 804, 0, 0
94478, 3, 702, 1415, 0, 0, 30.03%, 0, 0, 25, 74.29, 3242710, 804, 0, 0
94483, 3, 1318, 1415, 0, 0, 30.03%, 0, 0, 25, 75.91, 3243092, 804, 0, 0
94488, 3, 1226, 1415, 0, 0, 30.03%, 0, 0, 25, 77.89, 3243522, 804, 0, 0
94493, 3, 661, 1415, 0, 0, 30.03%, 0, 0, 25, 68.83, 3243846, 804, 0, 0
94498, 3, 1197, 1415, 0, 0, 30.03%, 0, 0, 25, 66.81, 3244214, 804, 0, 0
94504, 3, 425, 1415, 0, 0, 30.03%, 0, 0, 25, 88.50, 3244648, 804, 0, 0
94509, 3, 182, 1415, 0, 0, 30.03%, 0, 0, 25, 97.93, 3245160, 804, 0, 0
94514, 3, 973, 1415, 0, 0, 30.03%, 0, 0, 25, 75.70, 3245538, 804, 0, 0
94519, 3, 207, 1415, 0, 0, 30.03%, 0, 0, 25, 69.32, 3245874, 804, 0, 0
94524, 3, 405, 1415, 0, 0, 30.03%, 0, 0, 25, 88.19, 3246337, 804, 0, 0
94529, 3, 1397, 1415, 0, 0, 30.03%, 0, 0, 25, 69.35, 3246702, 804, 0, 0
94534, 3, 346, 1415, 0, 0, 30.03%, 0, 0, 25, 78.88, 3247066, 804, 0, 0
94539, 3, 513, 1415, 0, 0, 30.03%, 0, 0, 25, 93.19, 3247564, 804, 0, 0
94545, 3, 1344, 1415, 0, 0, 30.03%, 0, 0, 25, 61.79, 3247867, 804, 0, 0
94550, 3, 979, 1415, 0, 0, 30.03%, 0, 0, 25, 68.83, 3248221, 804, 0, 0
94555, 3, 664, 1415, 0, 0, 30.03%, 0, 0, 25, 73.69, 3248600, 804, 0, 0
94560, 3, 1204, 1415, 0, 0, 30.03%, 0, 0, 25, 64.44, 3248941, 804, 0, 0
94565, 3, 555, 1415, 0, 0, 30.03%, 0, 0, 25, 84.69, 3249363, 804, 0, 0
94570, 3, 513, 1415, 0, 0, 30.03%, 0, 0, 25, 95.83, 3249861, 804, 0, 0
94576, 3, 1305, 1415, 0, 0, 30.03%, 0, 0, 25, 76.39, 3250272, 804, 0, 0
94581, 3, 741, 1415, 0, 0, 30.03%, 0, 0, 25, 68.67, 3250589, 804, 0, 0
94586, 3, 995, 1415, 0, 0, 30.03%, 0, 0, 25, 75.64, 3250995, 804, 0, 0
94591, 3, 820, 1415, 0, 0, 30.03%, 0, 0, 25, 69.27, 3251342, 804, 0, 0
94596, 3, 250, 1415, 0, 0, 30.03%, 0, 0, 25, 89.24, 3251797, 804, 0, 0
94601, 3, 1397, 1415, 0, 0, 30.03%, 0, 0, 25, 91.58, 3252280, 804, 0, 0
94606, 3, 1397, 1415, 0, 0, 30.03%, 0, 0, 25, 57.68, 3252532, 804, 0, 0
94611, 3, 1310, 1415, 0, 0, 30.03%, 0, 0, 25, 70.74, 3252939, 804, 0, 0
94617, 3, 61, 1415, 0, 0, 30.03%, 0, 0, 25, 70.23, 3253261, 804, 0, 0
94622, 3, 1082, 1415, 0, 0, 30.03%, 0, 0, 25, 63.99, 3253580, 804, 0, 0
94627, 3, 590, 1415, 0, 0, 30.03%, 0, 0, 25, 66.85, 3253925, 804, 0, 0
94632, 3, 822, 1415, 0, 0, 30.03%, 0, 0, 25, 75.91, 3254349, 804, 0, 0
94637, 3, 597, 1415, 0, 0, 30.03%, 0, 0, 25, 77.17, 3254735, 804, 0, 0
94642, 3, 24, 1415, 0, 0, 30.03%, 0, 0, 25, 90.07, 3255210, 804, 0, 0
94647, 3, 1354, 1415, 0, 0, 30.03%, 0, 0, 25, 60.71, 3255512, 804, 0, 0
94653, 3, 473, 1415, 0, 0, 30.03%, 0, 0, 25, 83.71, 3255925, 804, 0, 0
94658, 3, 513, 1415, 0, 0, 30.03%, 0, 0, 25, 89.69, 3256386, 804, 0, 0
94663, 3, 1380, 1415, 0, 0, 30.03%, 0, 0, 25, 66.93, 3256718, 804, 0, 0
94668, 3, 100, 1415, 0, 0, 30.03%, 0, 0, 25, 68.27, 3257016, 804, 0, 0
94673, 3, 289, 1415, 0, 0, 30.03%, 0, 0, 25, 85.12, 3257459, 804, 0, 0
94678, 3, 442, 1415, 0, 0, 30.03%, 0, 0, 25, 93.86, 3257954, 804, 0, 0
94683, 3, 1299, 1415, 0, 0, 30.03%, 0, 0, 25, 73.13, 3258347, 804, 0, 0
94688, 3, 658, 1415, 0, 0, 30.03%, 0, 0, 25, 66.17, 3258652, 804, 0, 0
94693, 3, 1164, 1415, 0, 0, 30.03%, 0, 0, 25, 62.52, 3258969, 804, 0, 0
94698, 3, 1240, 1415, 0, 0, 30.03%, 0, 0, 25, 58.79, 3259260, 804, 0, 0
94703, 3, 1372, 1415, 0, 0, 30.03%, 0, 0, 25, 52.80, 3259527, 804, 0, 0
94708, 3, 1404, 1415, 0, 0, 30.03%, 0, 0, 25, 49.40, 3259774, 804, 0, 0
94713, 3, 1106, 1415, 0, 0, 30.03%, 0, 0, 25, 57.00, 3260059, 804, 0, 0
94719, 3, 1350, 1415, 0, 0, 30.03%, 0, 0, 25, 55.20, 3260344, 804, 0, 0
94724, 3, 1038, 1415, 0, 0, 30.03%, 0, 0, 25, 60.22, 3260637, 804, 0, 0
94729, 3, 1022, 1415, 0, 0, 30.03%, 0, 0, 25, 66.75, 3260986, 804, 0, 0
94734, 3, 1397, 1415, 0, 0, 30.03%, 0, 0, 25, 57.04, 3261275, 804, 0, 0
94739, 3, 513, 1415, 0, 0, 30.03%, 0, 0, 25, 75.02, 3261631, 804, 0, 0
94744, 3, 1131, 1415, 0, 0, 30.03%, 0, 0, 25, 69.85, 3262005, 804, 0, 0
94749, 3, 1153, 1415, 0, 0, 30.03%, 0, 0, 25, 79.61, 3262386, 804, 0, 0
94754, 3, 341, 1415, 0, 0, 30.03%, 0, 0, 25, 62.26, 3262685, 804, 0, 0
94759, 3, 500, 1415, 0, 0, 30.03%, 0, 0, 25, 93.44, 3263206, 804, 0, 0
94764, 3, 1225, 1415, 0, 0, 30.03%, 0, 0, 25, 82.87, 3263652, 804, 0, 0
94769, 3, 1214, 1415, 0, 0, 30.03%, 0, 0, 25, 62.09, 3263938, 804, 0, 0
94774, 3, 1108, 1415, 0, 0, 30.03%, 0, 0, 25, 58.27, 3264220, 804, 0, 0
94779, 3, 3, 1415, 0, 0, 30.03%, 0, 0, 25, 72.93, 3264581, 804, 0, 0
94785, 3, 1307, 1415, 0, 0, 30.03%, 0, 0, 25, 62.22, 3264919, 804, 0, 0
94790, 3, 1152, 1415, 0, 0, 30.03%, 0, 0, 25, 57.90, 3265210, 804, 0, 0
94795, 3, 545, 1415, 0, 0, 30.03%, 0, 0, 25, 90.28, 3265698, 804, 0, 0
94800, 3, 1397, 1415, 0, 0, 30.03%, 0, 0, 25, 64.35, 3266018, 804, 0, 0
94805, 3, 1153, 1415, 0, 0, 30.03%, 0, 0, 25, 70.98, 3266384, 804, 0, 0
94810, 3, 299, 1415, 0, 0, 30.03%, 0, 0, 25, 76.83, 3266745, 804, 0, 0
94815, 3, 1244, 1415, 0, 0, 30.03%, 0, 0, 25, 70.69, 3267145, 804, 0, 0
94821, 3, 1078, 1415, 0, 0, 30.03%, 0, 0, 25, 63.39, 3267458, 804, 0, 0
94826, 3, 185, 1415, 0, 0, 30.03%, 0, 0, 25, 84.64, 3267885, 804, 0, 0
94831, 3, 171, 1415, 0, 0, 30.03%, 0, 0, 25, 85.86, 3268327, 804, 0, 0
94836, 3, 165, 1415, 0, 0, 30.03%, 0, 0, 25, 94.50, 3268798, 804, 0, 0
94841, 3, 1397, 1415, 0, 0, 30.03%, 0, 0, 25, 65.85, 3269125, 804, 0, 0
94846, 3, 1397, 1415, 0, 0, 30.03%, 0, 0, 25, 53.59, 3269385, 804, 0, 0
94851, 3, 1244, 1415, 0, 0, 30.03%, 0, 0, 25, 53.98, 3269655, 804, 0, 0
94857, 3, 707, 1415, 0, 0, 30.03%, 0, 0, 25, 77.74, 3270044, 804, 0, 0
94862, 3, 746, 1415, 0, 0, 30.03%, 0, 0, 25, 76.79, 3270441, 804, 0, 0
94867, 3, 1198, 1415, 0, 0, 30.03%, 0, 0, 25, 66.11, 3270785, 804, 0, 0
94872, 3, 1348, 1415, 0, 0, 30.03%, 0, 0, 25, 67.42, 3271131, 804, 0, 0
94877, 3, 1348, 1415, 0, 0, 30.03%, 0, 0, 25, 54.79, 3271394, 804, 0, 0
94882, 3, 1007, 1415, 0, 0, 30.03%, 0, 0, 25, 70.38, 3271800, 804, 0, 0
94887, 3, 492, 1415, 0, 0, 30.03%, 0, 0, 25, 83.71, 3272215, 804, 0, 0
94892, 3, 1362, 1415, 0, 0, 30.03%, 0, 0, 25, 61.14, 3272518, 804, 0, 0
94898, 3, 225, 1415, 0, 0, 30.03%, 0, 0, 25, 84.88, 3272941, 804, 0, 0
94903, 3, 553, 1415, 0, 0, 30.03%, 0, 0, 25, 97.70, 3273463, 804, 0, 0
94908, 3, 1169, 1415, 0, 0, 30.03%, 0, 0, 25, 74.03, 3273851, 804, 0, 0
94913, 3, 343, 1415, 0, 0, 30.03%, 0, 0, 25, 71.51, 3274191, 804, 0, 0
94918, 3, 289, 1415, 0, 0, 30.03%, 0, 0, 25, 88.12, 3274659, 804, 0, 0
94923, 4, 1096, 1415, 0, 0, 30.03%, 0, 0, 25, 71.32, 3275013, 804, 0, 0
94928, 4, 988, 1415, 0, 0, 30.03%, 0, 0, 25, 64.61, 3275325, 804, 0, 0
94933, 4, 748, 1415, 0, 0, 30.03%, 0, 0, 25, 71.10, 3275689, 804, 0, 0
94939, 4, 1014, 1415, 0, 0, 30.03%, 0, 0, 25, 76.10, 3276092, 804, 0, 0
94944, 4, 1185, 1415, 0, 0, 30.03%, 0, 0, 25, 64.87, 3276417, 804, 0, 0
94949, 4, 649, 1415, 0, 0, 30.03%, 0, 0, 25, 64.70, 3276737, 804, 0, 0
94954, 4, 1295, 1415, 0, 0, 30.03%, 0, 0, 25, 59.27, 3277050, 804, 0, 0
94959, 4, 1101, 1415, 0, 0, 30.03%, 0, 0, 25, 66.70, 3277388, 804, 0, 0
94964, 4, 553, 1415, 0, 0, 30.03%, 0, 0, 25, 72.38, 3277743, 804, 0, 0
94969, 4, 1306, 1415, 0, 0, 30.03%, 0, 0, 25, 61.00, 3278065, 804, 0, 0
94974, 4, 1236, 1415, 0, 0, 30.03%, 0, 0, 25, 57.35, 3278354, 804, 0, 0
94979, 4, 1168, 1415, 0, 0, 30.03%, 0, 0, 25, 57.34, 3278642, 804, 0, 0
94984, 4, 595, 1415, 0, 0, 30.03%, 0, 0, 25, 71.40, 3279004, 804, 0, 0
94990, 4, 1010, 1415, 0, 0, 30.03%, 0, 0, 25, 69.49, 3279359, 804, 0, 0
94995, 4, 1035, 1415, 0, 0, 30.03%, 0, 0, 25, 80.89, 3279766, 804, 0, 0
95000, 4, 304, 1415, 0, 0, 30.03%, 0, 0, 25, 78.57, 3280146, 804, 0, 0
95005, 4, 1237, 1415, 0, 0, 30.03%, 0, 0, 25, 65.23, 3280492, 804, 0, 0
95010, 4, 1179, 1415, 0, 0, 30.03%, 0, 0, 25, 59.32, 3280792, 804, 0, 0
95015, 4, 1390, 1415, 0, 0, 30.03%, 0, 0, 25, 53.76, 3281061, 804, 0, 0
95021, 4, 1133, 1415, 0, 0, 30.03%, 0, 0, 25, 59.29, 3281363, 804, 0, 0
95026, 4, 804, 1415, 0, 0, 30.03%, 0, 0, 25, 69.46, 3281740, 804, 0, 0
95031, 4, 1395, 1415, 0, 0, 30.03%, 0, 0, 25, 57.82, 3282029, 804, 0, 0
95036, 4, 505, 1415, 0, 0, 30.03%, 0, 0, 25, 80.02, 3282423, 804, 0, 0
95041, 4, 1157, 1415, 0, 0, 30.03%, 0, 0, 25, 88.05, 3282907, 804, 0, 0
95046, 4, 1279, 1415, 0, 0, 30.03%, 0, 0, 25, 62.19, 3283197, 804, 0, 0
95051, 4, 1363, 1415, 0, 0, 30.03%, 0, 0, 25, 53.90, 3283466, 804, 0, 0
95056, 4, 1314, 1415, 0, 0, 30.03%, 0, 0, 25, 51.55, 3283726, 804, 0, 0
95061, 4, 1399, 1415, 0, 0, 30.03%, 0, 0, 25, 51.93, 3283988, 804, 0, 0
95067, 4, 1399, 1415, 0, 0, 30.03%, 0, 0, 25, 50.49, 3284241, 804, 0, 0
95072, 4, 1397, 1415, 0, 0, 30.03%, 0, 0, 25, 50.63, 3284499, 804, 0, 0
95077, 4, 1078, 1415, 0, 0, 30.03%, 0, 0, 25, 57.66, 3284802, 804, 0, 0
95082, 4, 409, 1415, 0, 0, 30.03%, 0, 0, 25, 88.87, 3285275, 804, 0, 0
95087, 4, 1280, 1415, 0, 0, 30.03%, 0, 0, 25, 60.57, 3285552, 804, 0, 0
95092, 4, 1249, 1415, 0, 0, 30.03%, 0, 0, 25, 56.14, 3285832, 804, 0, 0
95097, 4, 1242, 1415, 0, 0, 30.03%, 0, 0, 25, 57.05, 3286119, 804, 0, 0
95102, 4, 603, 1415, 0, 0, 30.03%, 0, 0, 25, 71.30, 3286498, 804, 0, 0
95107, 4, 803, 1415, 0, 0, 30.03%, 0, 0, 25, 72.33, 3286888, 804, 0, 0
95113, 4, 757, 1415, 0, 0, 30.03%, 0, 0, 25, 77.08, 3287293, 804, 0, 0
95118, 4, 633, 1415, 0, 0, 30.03%, 0, 0, 25, 82.47, 3287737, 804, 0, 0
95123, 4, 1285, 1415, 0, 0, 30.03%, 0, 0, 25, 77.41, 3288181, 804, 0, 0
95128, 4, 1084, 1415, 0, 0, 30.03%, 0, 0, 25, 61.95, 3288469, 804, 0, 0
95133, 4, 460, 1415, 0, 0, 30.03%, 0, 0, 25, 83.63, 3288887, 804, 0, 0
95138, 4, 748, 1415, 0, 0, 30.03%, 0, 0, 25, 71.88, 3289249, 804, 0, 0
95143, 4, 553, 1415, 0, 0, 30.03%, 0, 0, 25, 83.70, 3289679, 804, 0, 0
95149, 4, 507, 1415, 0, 0, 30.03%, 0, 0, 25, 86.73, 3290116, 804, 0, 0
95154, 4, 1397, 1415, 0, 0, 30.03%, 0, 0, 25, 68.46, 3290493, 804, 0, 0
95159, 4, 1159, 1415, 0, 0, 30.03%, 0, 0, 25, 58.10, 3290770, 804, 0, 0
95164, 4, 1397, 1415, 0, 0, 30.03%, 0, 0, 25, 64.98, 3291116, 804, 0, 0
95169, 4, 1154, 1415, 0, 0, 30.03%, 0, 0, 25, 53.45, 3291375, 804, 0, 0
95174, 4, 1154, 1415, 0, 0, 30.03%, 0, 0, 25, 56.54, 3291663, 804, 0, 0
95179, 4, 1186, 1415, 0, 0, 30.03%, 0, 0, 25, 65.73, 3292047, 804, 0, 0
95185, 4, 938, 1415, 0, 0, 30.03%, 0, 0, 25, 71.85, 3292392, 804, 0, 0
95190, 4, 1150, 1415, 0, 0, 30.03%, 0, 0, 25, 75.44, 3292768, 804, 0, 0
95195, 4, 910, 1415, 0, 0, 30.03%, 0, 0, 25, 65.50, 3293084, 804, 0, 0
95200, 4, 891, 1415, 0, 0, 30.03%, 0, 0, 25, 67.45, 3293432, 804, 0, 0
95205, 4, 981, 1415, 0, 0, 30.03%, 0, 0, 25, 66.69, 3293779, 804, 0, 0
95210, 4, 753, 1415, 0, 0, 30.03%, 0, 0, 25, 76.49, 3294176, 804, 0, 0
95215, 4, 1284, 1415, 0, 0, 30.03%, 0, 0, 25, 60.20, 3294482, 804, 0, 0
95221, 4, 628, 1415, 0, 0, 30.03%, 0, 0, 25, 72.66, 3294861, 804, 0, 0
95226, 4, 1015, 1415, 0, 0, 30.03%, 0, 0, 25, 75.29, 3295281, 804, 0, 0
95231, 4, 1248, 1415, 0, 0, 30.03%, 0, 0, 25, 62.34, 3295590, 804, 0, 0
95236, 4, 1038, 1415, 0, 0, 30.03%, 0, 0, 25, 65.30, 3295924, 804, 0, 0
95241, 4, 1397, 1415, 0, 0, 30.03%, 0, 0, 25, 55.20, 3296198, 804, 0, 0
95246, 4, 1010, 1415, 0, 0, 30.03%, 0, 0, 25, 62.69, 3296511, 804, 0, 0
95251, 4, 179, 1415, 0, 0, 30.03%, 0, 0, 25, 79.98, 3296949, 804, 0, 0
95257, 4, 1402, 1415, 0, 0, 30.03%, 0, 0, 25, 55.33, 3297216, 804, 0, 0
95262, 4, 1397, 1415, 0, 0, 30.03%, 0, 0, 25, 51.52, 3297471, 804, 0, 0
95267, 4, 908, 1415, 0, 0, 30.03%, 0, 0, 25, 59.36, 3297768, 804, 0, 0
95272, 4, 762, 1415, 0, 0, 30.03%, 0, 0, 25, 71.19, 3298155, 804, 0, 0
95277, 4, 638, 1415, 0, 0, 30.03%, 0, 0, 25, 78.10, 3298563, 804, 0, 0
95282, 4, 553, 1415, 0, 0, 30.03%, 0, 0, 25, 73.99, 3298926, 804, 0, 0
95287, 4, 427, 1415, 0, 0, 30.03%, 0, 0, 25, 92.34, 3299431, 804, 0, 0
95292, 4, 304, 1415, 0, 0, 30.03%, 0, 0, 25, 99.92, 3299950, 804, 0, 0
95297, 4, 171, 1415, 0, 0, 30.03%, 0, 0, 25, 92.21, 3300411, 804, 0, 0
95303, 4, 461, 1415, 0, 0, 30.03%, 0, 0, 25, 29.33, 3300800, 804, 0, 0
95308, 4, 553, 1415, 0, 0, 30.03%, 0, 0, 25, 85.20, 3301305, 804, 0, 0
95313, 4, 631, 1415, 0, 0, 30.03%, 0, 0, 25, 85.09, 3301745, 804, 0, 0
95318, 4, 960, 1415, 0, 0, 30.03%, 0, 0, 25, 75.87, 3302133, 804, 0, 0
95323, 4, 683, 1415, 0, 0, 30.03%, 0, 0, 25, 72.35, 3302496, 804, 0, 0
95328, 4, 1123, 1415, 0, 0, 30.03%, 0, 0, 25, 65.73, 3302828, 804, 0, 0
95333, 4, 553, 1415, 0, 0, 30.03%, 0, 0, 25, 78.33, 3303260, 804, 0, 0
95339, 4, 1010, 1415, 0, 0, 30.03%, 0, 0, 25, 86.00, 3303735, 804, 0, 0
95344, 4, 1204, 1415, 0, 0, 30.03%, 0, 0, 25, 67.71, 3304067, 804, 0, 0
95349, 4, 1301, 1415, 0, 0, 30.03%, 0, 0, 25, 58.42, 3304360, 804, 0, 0
95354, 4, 1151, 1415, 0, 0, 30.03%, 0, 0, 25, 68.82, 3304691, 804, 0, 0
95359, 4, 268, 1415, 0, 0, 30.03%, 0, 0, 25, 80.08, 3305068, 804, 0, 0
95364, 4, 1140, 1415, 0, 0, 30.03%, 0, 0, 25, 64.79, 3305390, 804, 0, 0
95369, 4, 1399, 1415, 0, 0, 30.03%, 0, 0, 25, 53.44, 3305648, 804, 0, 0
95374, 4, 746, 1415, 0, 0, 30.03%, 0, 0, 25, 72.75, 3306034, 804, 0, 0
95379, 4, 1296, 1415, 0, 0, 30.03%, 0, 0, 25, 58.48, 3306330, 804, 0, 0
95385, 4, 513, 1415, 0, 0, 30.03%, 0, 0, 25, 84.78, 3306769, 804, 0, 0
95390, 4, 631, 1415, 0, 0, 30.03%, 0, 0, 25, 82.56, 3307211, 804, 0, 0
95395, 4, 1384, 1415, 0, 0, 30.03%, 0, 0, 25, 80.93, 3307632, 804, 0, 0
95400, 4, 1384, 1415, 0, 0, 30.03%, 0, 0, 25, 57.01, 3307893, 804, 0, 0
95405, 4, 1386, 1415, 0, 0, 30.03%, 0, 0, 25, 50.10, 3308137, 804, 0, 0
95410, 4, 518, 1415, 0, 0, 30.03%, 0, 0, 25, 81.74, 3308550, 804, 0, 0
95415, 4, 1075, 1415, 0, 0, 30.03%, 0, 0, 25, 80.26, 3308992, 804, 0, 0
95420, 4, 695, 1415, 0, 0, 30.03%, 0, 0, 25, 85.68, 3309401, 804, 0, 0
95426, 4, 283, 1415, 0, 0, 30.03%, 0, 0, 25, 92.73, 3309861, 804, 0, 0
95431, 4, 1178, 1415, 0, 0, 30.03%, 0, 0, 25, 74.36, 3310257, 804, 0, 0
95436, 4, 1048, 1415, 0, 0, 30.03%, 0, 0, 25, 68.11, 3310584, 804, 0, 0
95441, 4, 492, 1415, 0, 0, 30.03%, 0, 0, 25, 79.52, 3310983, 804, 0, 0
95446, 4, 1134, 1415, 0, 0, 30.03%, 0, 0, 25, 72.80, 3311384, 804, 0, 0
95451, 4, 1334, 1415, 0, 0, 30.03%, 0, 0, 25, 73.55, 3311765, 804, 0, 0
95456, 4, 907, 1415, 0, 0, 30.03%, 0, 0, 25, 72.61, 3312130, 804, 0, 0
95461, 4, 1038, 1415, 0, 0, 30.03%, 0, 0, 25, 69.03, 3312480, 804, 0, 0
95467, 4, 1054, 1415, 0, 0, 30.03%, 0, 0, 25, 66.94, 3312827, 804, 0, 0
95472, 4, 1187, 1415, 0, 0, 30.03%, 0, 0, 25, 61.81, 3313148, 804, 0, 0
95477, 4, 1397, 1415, 0, 0, 30.03%, 0, 0, 25, 67.53, 3313493, 804, 0, 0
95482, 4, 1397, 1415, 0, 0, 30.03%, 0, 0, 25, 53.60, 3313747, 804, 0, 0
95487, 4, 1216, 1415, 0, 0, 30.03%, 0, 0, 25, 57.20, 3314045, 804, 0, 0
95492, 4, 188, 1415, 0, 0, 30.03%, 0, 0, 25, 79.87, 3314458, 804, 0, 0
95497, 4, 1369, 1415, 0, 0, 30.03%, 0, 0, 25, 60.24, 3314766, 804, 0, 0
95502, 4, 754, 1415, 0, 0, 30.03%, 0, 0, 25, 68.99, 3315104, 804, 0, 0
95507, 4, 492, 1415, 0, 0, 30.03%, 0, 0, 25, 80.84, 3315505, 804, 0, 0
95513, 4, 1221, 1415, 0, 0, 30.03%, 0, 0, 25, 66.92, 3315862, 804, 0, 0
95518, 4, 1399, 1415, 0, 0, 30.03%, 0, 0, 25, 55.18, 3316132, 804, 0, 0
95523, 4, 847, 1415, 0, 0, 30.03%, 0, 0, 25, 60.80, 3316433, 804, 0, 0
95528, 4, 941, 1415, 0, 0, 30.03%, 0, 0, 25, 69.47, 3316806, 804, 0, 0
95533, 4, 780, 1415, 0, 0, 30.03%, 0, 0, 25, 69.14, 3317156, 804, 0, 0
95538, 4, 1316, 1415, 0, 0, 30.03%, 0, 0, 25, 58.30, 3317446, 804, 0, 0
95543, 4, 1203, 1415, 0, 0, 30.03%, 0, 0, 25, 62.67, 3317785, 804, 0, 0
95548, 4, 1393, 1415, 0, 0, 30.03%, 0, 0, 25, 54.83, 3318057, 804, 0, 0
95553, 4, 741, 1415, 0, 0, 30.03%, 0, 0, 25, 63.24, 3318365, 804, 0, 0
95559, 4, 492, 1415, 0, 0, 30.03%, 0, 0, 25, 87.58, 3318825, 804, 0, 0
95564, 4, 1334, 1415, 0, 0, 30.03%, 0, 0, 25, 97.36, 3319340, 804, 0, 0
95569, 4, 470, 1415, 0, 0, 30.03%, 0, 0, 25, 84.03, 3319737, 804, 0, 0
95574, 4, 165, 1415, 0, 0, 30.03%, 0, 0, 25, 99.93, 3320260, 804, 0, 0
95579, 4, 1385, 1415, 0, 0, 30.03%, 0, 0, 25, 79.60, 3320691, 804, 0, 0
95584, 4, 615, 1415, 0, 0, 30.03%, 0, 0, 25, 70.14, 3321000, 804, 0, 0
95589, 4, 1366, 1415, 0, 0, 30.03%, 0, 0, 25, 60.54, 3321315, 804, 0, 0
95594, 4, 677, 1415, 0, 0, 30.03%, 0, 0, 25, 64.92, 3321625, 804, 0, 0
95599, 4, 1349, 1415, 0, 0, 30.03%, 0, 0, 25, 65.00, 3321988, 804, 0, 0
95604, 4, 274, 1415, 0, 0, 30.03%, 0, 0, 25, 77.38, 3322341, 804, 0, 0
95610, 4, 1006, 1415, 0, 0, 30.03%, 0, 0, 25, 83.37, 3322784, 804, 0, 0
95615, 4, 651, 1416, 1, 0, 30.03%, 0, 0, 25, 73.37, 3323147, 804, 0, 0
95620, 4, 431, 1416, 1, 0, 30.03%, 0, 0, 25, 81.72, 3323559, 804, 0, 0
95625, 4, 183, 1416, 1, 0, 30.03%, 0, 0, 25, 86.57, 3324014, 804, 0, 0
95630, 4, 575, 1416, 1, 0, 30.03%, 0, 0, 25, 80.00, 3324425, 804, 0, 0
95635, 4, 652, 1416, 1, 0, 30.03%, 0, 0, 25, 72.27, 3324782, 804, 0, 0
95640, 4, 1353, 1416, 1, 0, 30.03%, 0, 0, 25, 60.59, 3325098, 804, 0, 0
95645, 4, 686, 1416, 1, 0, 30.03%, 0, 0, 25, 63.45, 3325397, 804, 0, 0
95651, 4, 580, 1416, 1, 0, 30.03%, 0, 0, 25, 73.96, 3325789, 804, 0, 0
95656, 4, 114, 1416, 1, 0, 30.03%, 0, 0, 25, 93.02, 3326280, 804, 0, 0
95661, 4, 421, 1416, 1, 0, 30.03%, 0, 0, 25, 101.33, 3326822, 804, 0, 0
95666, 4, 304, 1416, 1, 0, 30.03%, 0, 0, 25, 99.72, 3327329, 804, 0, 0
95671, 4, 1230, 1416, 1, 0, 30.03%, 0, 0, 25, 65.33, 3327616, 804, 0, 0
95676, 4, 565, 1416, 1, 0, 30.03%, 0, 0, 25, 68.50, 3327963, 804, 0, 0
95681, 4, 1415, 1416, 1, 0, 30.03%, 0, 0, 25, 83.14, 3328414, 804, 0, 0
95686, 4, 1415, 1416, 1, 0, 30.03%, 0, 0, 25, 77.00, 3328793, 804, 0, 0
95691, 4, 1415, 1416, 1, 0, 30.03%, 0, 0, 25, 75.39, 3329171, 804, 0, 0
95696, 4, 1415, 1416, 1, 0, 30.03%, 0, 0, 25, 76.15, 3329554, 804, 0, 0
95702, 4, 1415, 1416, 1, 0, 30.03%, 0, 0, 25, 75.30, 3329946, 804, 0, 0
95707, 4, 1415, 1416, 1, 0, 30.03%, 0, 0, 25, 74.04, 3330324, 804, 0, 0
95712, 4, 1415, 1416, 1, 0, 30.03%, 0, 0, 25, 75.33, 3330704, 804, 0, 0
95717, 4, 1415, 1416, 1, 0, 30.03%, 0, 0, 25, 75.76, 3331084, 804, 0, 0
95722, 4, 1303, 1416, 0, 0, 30.03%, 0, 0, 25, 78.50, 3331489, 804, 0, 0
95727, 4, 88, 1416, 0, 0, 30.03%, 0, 0, 25, 60.93, 3331772, 804, 0, 0
95732, 4, 1308, 1416, 0, 0, 30.03%, 0, 0, 25, 88.18, 3332261, 804, 0, 0
95737, 4, 1308, 1416, 0, 0, 30.03%, 0, 0, 25, 60.56, 3332537, 804, 0, 0
95742, 4, 1397, 1416, 0, 0, 30.03%, 0, 0, 25, 52.79, 3332797, 804, 0, 0
95747, 4, 1110, 1416, 0, 0, 30.03%, 0, 0, 25, 60.33, 3333110, 804, 0, 0
95753, 4, 1009, 1416, 0, 0, 30.03%, 0, 0, 25, 64.04, 3333444, 804, 0, 0
95758, 4, 1315, 1416, 0, 0, 30.03%, 0, 0, 25, 63.11, 3333769, 804, 0, 0
95763, 4, 1315, 1416, 0, 0, 30.03%, 0, 0, 25, 55.82, 3334044, 804, 0, 0
95768, 4, 809, 1416, 0, 0, 30.03%, 0, 0, 25, 83.65, 3334519, 804, 0, 0
95773, 4, 673, 1416, 0, 0, 30.03%, 0, 0, 25, 74.47, 3334884, 804, 0, 0
95778, 4, 1008, 1416, 0, 0, 30.03%, 0, 0, 25, 69.77, 3335242, 804, 0, 0
95783, 4, 1395, 1416, 0, 0, 30.03%, 0, 0, 25, 62.33, 3335569, 804, 0, 0
95788, 4, 602, 1416, 0, 0, 30.03%, 0, 0, 25, 60.86, 3335855, 804, 0, 0
95793, 4, 1202, 1416, 0, 0, 30.03%, 0, 0, 25, 81.68, 3336310, 804, 0, 0
95799, 4, 781, 1416, 0, 0, 30.03%, 0, 0, 25, 64.12, 3336614, 804, 0, 0
95804, 4, 1156, 1416, 0, 0, 30.03%, 0, 0, 25, 65.29, 3336958, 804, 0, 0
95809, 4, 708, 1416, 0, 0, 30.03%, 0, 0, 25, 66.46, 3337279, 804, 0, 0
95814, 4, 1257, 1416, 0, 0, 30.03%, 0, 0, 25, 66.42, 3337638, 804, 0, 0
95819, 4, 245, 1416, 0, 0, 30.03%, 0, 0, 25, 71.37, 3337966, 804, 0, 0
95824, 4, 654, 1416, 0, 0, 30.03%, 0, 0, 25, 83.03, 3338441, 804, 0, 0
95829, 4, 1298, 1416, 0, 0, 30.03%, 0, 0, 25, 63.48, 3338767, 804, 0, 0
95834, 4, 304, 1416, 0, 0, 30.03%, 0, 0, 25, 84.66, 3339191, 804, 0, 0
95839, 4, 1413, 1416, 0, 0, 30.03%, 0, 0, 25, 76.63, 3339596, 804, 0, 0
95844, 4, 1413, 1416, 0, 0, 30.03%, 0, 0, 25, 55.61, 3339852, 804, 0, 0
95850, 4, 663, 1416, 0, 0, 30.03%, 0, 0, 25, 83.27, 3340299, 804, 0, 0
95855, 4, 1395, 1416, 0, 0, 30.03%, 0, 0, 25, 61.40, 3340600, 804, 0, 0
95860, 4, 575, 1416, 0, 0, 30.03%, 0, 0, 25, 73.98, 3340949, 804, 0, 0
95865, 4, 686, 1416, 0, 0, 30.03%, 0, 0, 25, 80.41, 3341374, 804, 0, 0
95870, 4, 1110, 1416, 0, 0, 30.03%, 0, 0, 25, 71.89, 3341745, 804, 0, 0
95875, 4, 1347, 1416, 0, 0, 30.03%, 0, 0, 25, 66.61, 3342086, 804, 0, 0
95880, 4, 189, 1416, 0, 0, 30.03%, 0, 0, 25, 64.12, 3342380, 804, 0, 0
95885, 4, 1301, 1416, 0, 0, 30.03%, 0, 0, 25, 59.38, 3342707, 804, 0, 0
95891, 4, 474, 1416, 0, 0, 30.03%, 0, 0, 25, 84.61, 3343136, 804, 0, 0
95896, 4, 1174, 1416, 0, 0, 30.03%, 0, 0, 25, 87.72, 3343590, 804, 0, 0
95901, 4, 492, 1416, 0, 0, 30.03%, 0, 0, 25, 64.94, 3343893, 804, 0, 0
95906, 4, 513, 1416, 0, 0, 30.03%, 0, 0, 25, 90.05, 3344385, 804, 0, 0
95911, 4, 596, 1416, 0, 0, 30.03%, 0, 0, 25, 86.34, 3344843, 804, 0, 0
95916, 4, 1200, 1416, 0, 0, 30.03%, 0, 0, 25, 67.74, 3345190, 804, 0, 0
95921, 4, 1181, 1416, 0, 0, 30.03%, 0, 0, 25, 59.32, 3345487, 804, 0, 0
95927, 4, 1378, 1416, 0, 0, 30.03%, 0, 0, 25, 52.81, 3345751, 804, 0, 0
95932, 4, 1392, 1416, 0, 0, 30.03%, 0, 0, 25, 67.60, 3346103, 804, 0, 0
95937, 4, 757, 1416, 0, 0, 30.03%, 0, 0, 25, 54.10, 3346362, 804, 0, 0
95942, 4, 513, 1416, 0, 0, 30.03%, 0, 0, 25, 78.29, 3346782, 804, 0, 0
95947, 4, 1057, 1416, 0, 0, 30.03%, 0, 0, 25, 77.01, 3347206, 804, 0, 0
95952, 4, 1010, 1416, 0, 0, 30.03%, 0, 0, 25, 69.46, 3347552, 804, 0, 0
95957, 4, 513, 1416, 0, 0, 30.03%, 0, 0, 25, 77.94, 3347961, 804, 0, 0
95963, 4, 599, 1416, 0, 0, 30.03%, 0, 0, 25, 92.23, 3348457, 804, 0, 0
95968, 4, 1354, 1416, 0, 0, 30.03%, 0, 0, 25, 62.78, 3348773, 804, 0, 0
95973, 4, 1173, 1416, 0, 0, 30.03%, 0, 0, 25, 55.21, 3349039, 804, 0, 0
95978, 4, 1173, 1416, 0, 0, 30.03%, 0, 0, 25, 56.75, 3349335, 804, 0, 0
95983, 4, 476, 1416, 0, 0, 30.03%, 0, 0, 25, 71.46, 3349706, 804, 0, 0
95988, 4, 1279, 1416, 0, 0, 30.03%, 0, 0, 25, 66.33, 3350083, 804, 0, 0
95994, 4, 1296, 1416, 0, 0, 30.03%, 0, 0, 25, 56.34, 3350359, 804, 0, 0
95999, 4, 604, 1416, 0, 0, 30.03%, 0, 0, 25, 64.71, 3350681, 804, 0, 0
96004, 4, 1391, 1416, 0, 0, 30.03%, 0, 0, 25, 64.04, 3351023, 804, 0, 0
96009, 4, 88, 1416, 0, 0, 30.03%, 0, 0, 25, 67.54, 3351331, 804, 0, 0
96014, 4, 1166, 1416, 0, 0, 30.03%, 0, 0, 25, 69.62, 3351733, 804, 0, 0
96019, 4, 1035, 1416, 0, 0, 30.03%, 0, 0, 25, 70.80, 3352080, 804, 0, 0
96024, 4, 1233, 1416, 0, 0, 30.03%, 0, 0, 25, 74.04, 3352452, 804, 0, 0
96029, 4, 97, 1416, 0, 0, 30.03%, 0, 0, 25, 61.90, 3352742, 804, 0, 0
96034, 4, 1243, 1416, 0, 0, 30.03%, 0, 0, 25, 61.91, 3353082, 804, 0, 0
96039, 4, 424, 1416, 0, 0, 30.03%, 0, 0, 25, 86.74, 3353544, 804, 0, 0
96045, 4, 831, 1416, 0, 0, 30.03%, 0, 0, 25, 77.56, 3353954, 804, 0, 0
96050, 4, 502, 1416, 0, 0, 30.03%, 0, 0, 25, 88.13, 3354398, 804, 0, 0
96055, 4, 1035, 1416, 0, 0, 30.03%, 0, 0, 25, 74.12, 3354783, 804, 0, 0
96060, 4, 1146, 1416, 0, 0, 30.03%, 0, 0, 25, 80.27, 3355225, 804, 0, 0
96065, 4, 392, 1416, 0, 0, 30.03%, 0, 0, 25, 80.01, 3355591, 804, 0, 0
96070, 4, 1287, 1416, 0, 0, 30.03%, 0, 0, 25, 63.34, 3355918, 804, 0, 0
96075, 4, 561, 1416, 0, 0, 30.03%, 0, 0, 25, 67.80, 3356244, 804, 0, 0
96080, 4, 1147, 1416, 0, 0, 30.03%, 0, 0, 25, 73.05, 3356666, 804, 0, 0
96085, 4, 1232, 1416, 0, 0, 30.03%, 0, 0, 25, 61.59, 3356964, 804, 0, 0
96091, 4, 1381, 1416, 0, 0, 30.03%, 0, 0, 25, 53.90, 3357243, 804, 0, 0
96096, 4, 638, 1416, 0, 0, 30.03%, 0, 0, 25, 58.25, 3357527, 804, 0, 0
96101, 4, 1319, 1416, 0, 0, 30.03%, 0, 0, 25, 72.82, 3357921, 804, 0, 0
96106, 4, 1397, 1416, 0, 0, 30.03%, 0, 0, 25, 63.42, 3358252, 804, 0, 0
96111, 4, 1388, 1416, 0, 0, 30.03%, 0, 0, 25, 53.49, 3358514, 804, 0, 0
96116, 4, 1186, 1416, 0, 0, 30.03%, 0, 0, 25, 52.66, 3358778, 804, 0, 0
96121, 4, 1186, 1416, 0, 0, 30.03%, 0, 0, 25, 56.79, 3359078, 804, 0, 0
96127, 4, 842, 1416, 0, 0, 30.03%, 0, 0, 25, 85.11, 3359538, 804, 0, 0
96132, 4, 1386, 1416, 0, 0, 30.03%, 0, 0, 25, 67.56, 3359875, 804, 0, 0
96137, 4, 1386, 1416, 0, 0, 30.03%, 0, 0, 25, 53.37, 3360124, 804, 0, 0
96142, 4, 1348, 1416, 0, 0, 30.03%, 0, 0, 25, 77.44, 3360569, 804, 0, 0
96147, 4, 1348, 1416, 0, 0, 30.03%, 0, 0, 25, 55.99, 3360824, 804, 0, 0
96152, 4, 171, 1416, 0, 0, 30.03%, 0, 0, 25, 93.93, 3361338, 804, 0, 0
96157, 4, 1089, 1416, 0, 0, 30.03%, 0, 0, 25, 70.58, 3361685, 804, 0, 0
96162, 4, 1200, 1416, 0, 0, 30.03%, 0, 0, 25, 75.79, 3362112, 804, 0, 0
96168, 4, 1367, 1416, 0, 0, 30.03%, 0, 0, 25, 58.81, 3362401, 804, 0, 0
96173, 4, 1397, 1416, 0, 0, 30.03%, 0, 0, 25, 52.65, 3362663, 804, 0, 0
96178, 4, 185, 1416, 0, 0, 30.03%, 0, 0, 25, 55.90, 3362939, 804, 0, 0
96183, 4, 1081, 1416, 0, 0, 30.03%, 0, 0, 25, 65.31, 3363313, 804, 0, 0
96188, 4, 703, 1416, 0, 0, 30.03%, 0, 0, 25, 84.83, 3363742, 804, 0, 0
96193, 4, 1393, 1416, 0, 0, 30.03%, 0, 0, 25, 64.74, 3364064, 804, 0, 0
96198, 4, 568, 1416, 0, 0, 30.03%, 0, 0, 25, 63.84, 3364363, 804, 0, 0
96203, 4, 1397, 1416, 0, 0, 30.03%, 0, 0, 25, 60.20, 3364692, 804, 0, 0
96208, 4, 1298, 1416, 0, 0, 30.03%, 0, 0, 25, 54.51, 3364956, 804, 0, 0
96214, 4, 1412, 1416, 0, 0, 30.03%, 0, 0, 25, 53.89, 3365232, 804, 0, 0
96219, 4, 659, 1416, 0, 0, 30.03%, 0, 0, 25, 61.29, 3365537, 804, 0, 0
96224, 4, 1276, 1416, 0, 0, 30.03%, 0, 0, 25, 71.45, 3365934, 804, 0, 0
96229, 4, 1373, 1416, 0, 0, 30.03%, 0, 0, 25, 56.63, 3366203, 804, 0, 0
96234, 4, 404, 1416, 0, 0, 30.03%, 0, 0, 25, 57.19, 3366473, 804, 0, 0
96239, 4, 1132, 1416, 0, 0, 30.03%, 0, 0, 25, 85.32, 3366967, 804, 0, 0
96244, 4, 551, 1416, 0, 0, 30.03%, 0, 0, 25, 77.87, 3367333, 804, 0, 0
96249, 4, 930, 1416, 0, 0, 30.03%, 0, 0, 25, 71.55, 3367705, 804, 0, 0
96254, 4, 651, 1416, 0, 0, 30.03%, 0, 0, 25, 94.52, 3368218, 804, 0, 0
96260, 4, 822, 1416, 0, 0, 30.03%, 0, 0, 25, 73.28, 3368578, 804, 0, 0
96265, 4, 1414, 1416, 0, 0, 30.03%, 0, 0, 25, 73.93, 3368956, 804, 0, 0
96270, 4, 657, 1416, 0, 0, 30.03%, 0, 0, 25, 85.13, 3369419, 804, 0, 0
96275, 4, 1304, 1416, 0, 0, 30.03%, 0, 0, 25, 61.30, 3369721, 804, 0, 0
96280, 4, 1035, 1416, 0, 0, 30.03%, 0, 0, 25, 64.64, 3370042, 804, 0, 0
96285, 4, 980, 1416, 0, 0, 30.03%, 0, 0, 25, 70.22, 3370428, 804, 0, 0
96291, 4, 1242, 1416, 0, 0, 30.03%, 0, 0, 25, 61.00, 3370739, 804, 0, 0
96296, 4, 1313, 1416, 0, 0, 30.03%, 0, 0, 25, 63.90, 3371082, 804, 0, 0
96301, 4, 988, 1416, 0, 0, 30.03%, 0, 0, 25, 58.60, 3371370, 804, 0, 0
96306, 4, 532, 1416, 0, 0, 30.03%, 0, 0, 25, 77.03, 3371766, 804, 0, 0
96311, 4, 1397, 1416, 0, 0, 30.03%, 0, 0, 25, 67.11, 3372126, 804, 0, 0
96316, 4, 1082, 1416, 0, 0, 30.03%, 0, 0, 25, 59.56, 3372403, 804, 0, 0
96321, 4, 1224, 1416, 0, 0, 30.03%, 0, 0, 25, 68.52, 3372759, 804, 0, 0
96326, 4, 560, 1416, 0, 0, 30.03%, 0, 0, 25, 65.91, 3373068, 804, 0, 0
96332, 4, 1408, 1416, 0, 0, 30.03%, 0, 0, 25, 72.14, 3373489, 804, 0, 0
96337, 4, 18, 1416, 0, 0, 30.03%, 0, 0, 25, 57.66, 3373744, 804, 0, 0
96342, 4, 171, 1416, 0, 0, 30.03%, 0, 0, 25, 69.40, 3374122, 804, 0, 0
96347, 4, 1356, 1416, 0, 0, 30.03%, 0, 0, 25, 57.93, 3374424, 804, 0, 0
96352, 4, 1397, 1416, 0, 0, 30.03%, 0, 0, 25, 52.08, 3374682, 804, 0, 0
96357, 4, 1369, 1416, 0, 0, 30.03%, 0, 0, 25, 59.76, 3374994, 804, 0, 0
96362, 4, 544, 1416, 0, 0, 30.03%, 0, 0, 25, 61.79, 3375280, 804, 0, 0
96367, 4, 1039, 1416, 0, 0, 30.03%, 0, 0, 25, 66.38, 3375645, 804, 0, 0
96372, 4, 1294, 1416, 0, 0, 30.03%, 0, 0, 25, 68.34, 3376018, 804, 0, 0
96377, 4, 608, 1416, 0, 0, 30.03%, 0, 0, 25, 65.76, 3376331, 804, 0, 0
96382, 4, 498, 1416, 0, 0, 30.03%, 0, 0, 25, 89.95, 3376820, 804, 0, 0
96388, 4, 1405, 1416, 0, 0, 30.03%, 0, 0, 25, 67.20, 3377176, 804, 0, 0
96393, 4, 1405, 1417, 1, 0, 30.03%, 0, 0, 25, 51.39, 3377416, 804, 0, 0
96398, 4, 1405, 1417, 1, 0, 30.03%, 0, 0, 25, 48.37, 3377663, 804, 0, 0
96403, 4, 1179, 1417, 1, 0, 30.03%, 0, 0, 25, 55.95, 3377957, 804, 0, 0
96408, 4, 1416, 1417, 1, 0, 30.03%, 0, 0, 25, 49.57, 3378202, 804, 0, 0
96413, 4, 1416, 1417, 1, 0, 30.03%, 0, 0, 25, 47.57, 3378441, 804, 0, 0
96418, 4, 1416, 1417, 1, 0, 30.03%, 0, 0, 25, 47.43, 3378681, 804, 0, 0
96423, 4, 1416, 1417, 1, 0, 30.03%, 0, 0, 25, 47.18, 3378921, 804, 0, 0
96428, 4, 1416, 1417, 1, 0, 30.03%, 0, 0, 25, 46.06, 3379155, 804, 0, 0
96434, 4, 1416, 1417, 1, 0, 30.03%, 0, 0, 25, 47.25, 3379417, 804, 0, 0
96439, 4, 1416, 1417, 1, 0, 30.03%, 0, 0, 25, 47.28, 3379654, 804, 0, 0
96444, 4, 1416, 1417, 1, 0, 30.03%, 0, 0, 25, 47.46, 3379893, 804, 0, 0
96449, 4, 1416, 1417, 1, 0, 30.03%, 0, 0, 25, 46.57, 3380130, 804, 0, 0
96454, 4, 1416, 1417, 1, 0, 30.03%, 0, 0, 25, 47.34, 3380369, 804, 0, 0
96459, 4, 1416, 1417, 1, 0, 30.03%, 0, 0, 25, 47.09, 3380607, 804, 0, 0
96464, 4, 1275, 1417, 0, 0, 30.03%, 0, 0, 25, 52.96, 3380882, 804, 0, 0
96469, 4, 1196, 1417, 0, 0, 30.03%, 0, 0, 25, 63.67, 3381219, 804, 0, 0
96474, 4, 505, 1417, 0, 0, 30.03%, 0, 0, 25, 59.59, 3381518, 804, 0, 0
96480, 4, 948, 1417, 0, 0, 30.03%, 0, 0, 25, 80.59, 3381985, 804, 0, 0
96485, 4, 622, 1417, 0, 0, 30.03%, 0, 0, 25, 73.88, 3382352, 804, 0, 0
96490, 4, 1010, 1417, 0, 0, 30.03%, 0, 0, 25, 68.56, 3382704, 804, 0, 0
96495, 4, 8, 1417, 0, 0, 30.03%, 0, 0, 25, 74.86, 3383060, 804, 0, 0
96500, 4, 1251, 1417, 0, 0, 30.03%, 0, 0, 25, 63.75, 3383385, 804, 0, 0
96505, 4, 1359, 1417, 0, 0, 30.03%, 0, 0, 25, 74.55, 3383797, 804, 0, 0
96510, 4, 188, 1417, 0, 0, 30.03%, 0, 0, 25, 56.17, 3384052, 804, 0, 0
96515, 4, 1176, 1417, 0, 0, 30.03%, 0, 0, 25, 66.14, 3384436, 804, 0, 0
96521, 4, 1176, 1417, 0, 0, 30.03%, 0, 0, 25, 59.63, 3384731, 804, 0, 0
96526, 4, 1275, 1417, 0, 0, 30.03%, 0, 0, 25, 55.67, 3385007, 804, 0, 0
96531, 4, 518, 1417, 0, 0, 30.03%, 0, 0, 25, 89.47, 3385503, 804, 0, 0
96536, 4, 1219, 1417, 0, 0, 30.03%, 0, 0, 25, 72.65, 3385896, 804, 0, 0
96541, 4, 1262, 1417, 0, 0, 30.03%, 0, 0, 25, 75.48, 3386272, 804, 0, 0
96546, 4, 1344, 1417, 0, 0, 30.03%, 0, 0, 25, 57.35, 3386544, 804, 0, 0
96551, 4, 1344, 1417, 0, 0, 30.03%, 0, 0, 25, 50.64, 3386794, 804, 0, 0
96556, 4, 1301, 1417, 0, 0, 30.03%, 0, 0, 25, 85.28, 3387246, 804, 0, 0
96562, 4, 1301, 1417, 0, 0, 30.03%, 0, 0, 25, 60.44, 3387527, 804, 0, 0
96567, 4, 786, 1417, 0, 0, 30.03%, 0, 0, 25, 68.16, 3387885, 804, 0, 0
96572, 4, 666, 1417, 0, 0, 30.03%, 0, 0, 25, 75.36, 3388276, 804, 0, 0
96577, 4, 808, 1417, 0, 0, 30.03%, 0, 0, 25, 71.27, 3388640, 804, 0, 0
96582, 4, 478, 1417, 0, 0, 30.03%, 0, 0, 25, 74.11, 3389014, 804, 0, 0
96587, 4, 370, 1417, 0, 0, 30.03%, 0, 0, 25, 95.89, 3389531, 804, 0, 0
96592, 4, 179, 1417, 0, 0, 30.03%, 0, 0, 25, 84.69, 3389976, 804, 0, 0
96597, 4, 1019, 1417, 0, 0, 30.03%, 0, 0, 25, 74.02, 3390361, 804, 0, 0
96603, 4, 822, 1417, 0, 0, 30.03%, 0, 0, 25, 69.47, 3390710, 804, 0, 0
96608, 4, 369, 1417, 0, 0, 30.03%, 0, 0, 25, 87.53, 3391153, 804, 0, 0
96613, 4, 1298, 1417, 0, 0, 30.03%, 0, 0, 25, 82.48, 3391609, 804, 0, 0
96618, 4, 152, 1417, 0, 0, 30.03%, 0, 0, 25, 70.38, 3391921, 804, 0, 0
96623, 4, 636, 1417, 0, 0, 30.03%, 0, 0, 25, 83.96, 3392402, 804, 0, 0
96628, 4, 1186, 1417, 0, 0, 30.03%, 0, 0, 25, 63.22, 3392705, 804, 0, 0
96633, 4, 516, 1417, 0, 0, 30.03%, 0, 0, 25, 74.15, 3393078, 804, 0, 0
96639, 4, 1160, 1417, 0, 0, 30.03%, 0, 0, 25, 75.93, 3393509, 804, 0, 0
96644, 4, 1408, 1417, 0, 0, 30.03%, 0, 0, 25, 55.73, 3393770, 804, 0, 0
96649, 4, 572, 1417, 0, 0, 30.03%, 0, 0, 25, 61.03, 3394064, 804, 0, 0
96654, 4, 1347, 1417, 0, 0, 30.03%, 0, 0, 25, 54.91, 3394349, 804, 0, 0
96659, 4, 1174, 1417, 0, 0, 30.03%, 0, 0, 25, 62.51, 3394674, 804, 0, 0
96664, 4, 590, 1417, 0, 0, 30.03%, 0, 0, 25, 67.88, 3395015, 804, 0, 0
96669, 4, 1168, 1417, 0, 0, 30.03%, 0, 0, 25, 60.73, 3395318, 804, 0, 0
96674, 4, 1380, 1417, 0, 0, 30.03%, 0, 0, 25, 70.18, 3395728, 804, 0, 0
96679, 4, 1078, 1417, 0, 0, 30.03%, 0, 0, 25, 57.44, 3395994, 804, 0, 0
96685, 4, 312, 1417, 0, 0, 30.03%, 0, 0, 25, 64.19, 3396448, 804, 0, 0
96690, 4, 1364, 1417, 0, 0, 30.03%, 0, 0, 25, 61.58, 3396804, 804, 0, 0
96696, 4, 1171, 1417, 0, 0, 30.03%, 0, 0, 25, 56.12, 3397079, 804, 0, 0
96701, 4, 1295, 1417, 0, 0, 30.03%, 0, 0, 25, 64.91, 3397411, 804, 0, 0
96706, 4, 492, 1417, 0, 0, 30.03%, 0, 0, 25, 65.79, 3397722, 804, 0, 0
96711, 4, 1229, 1417, 0, 0, 30.03%, 0, 0, 25, 67.36, 3398110, 804, 0, 0
96716, 4, 1166, 1417, 0, 0, 30.03%, 0, 0, 25, 60.79, 3398401, 804, 0, 0
96721, 4, 1049, 1417, 0, 0, 30.03%, 0, 0, 25, 64.59, 3398733, 804, 0, 0
96726, 4, 1168, 1417, 0, 0, 30.03%, 0, 0, 25, 73.27, 3399137, 804, 0, 0
96731, 4, 814, 1417, 0, 0, 30.03%, 0, 0, 25, 65.48, 3399452, 804, 0, 0
96737, 4, 694, 1417, 0, 0, 30.03%, 0, 0, 25, 71.09, 3399820, 804, 0, 0
96742, 4, 1144, 1417, 0, 0, 30.03%, 0, 0, 25, 67.74, 3400166, 804, 0, 0
96747, 4, 469, 1417, 0, 0, 30.03%, 0, 0, 25, 69.46, 3400499, 804, 0, 0
96752, 4, 335, 1417, 0, 0, 30.03%, 0, 0, 25, 94.78, 3401013, 804, 0, 0
96757, 4, 45, 1417, 0, 0, 30.03%, 0, 0, 25, 98.39, 3401528, 804, 0, 0
96762, 4, 1408, 1417, 0, 0, 30.03%, 0, 0, 25, 66.59, 3401846, 804, 0, 0
96767, 4, 415, 1417, 0, 0, 30.03%, 0, 0, 25, 68.09, 3402145, 804, 0, 0
96772, 4, 1279, 1417, 0, 0, 30.03%, 0, 0, 25, 84.30, 3402624, 804, 0, 0
96777, 4, 553, 1417, 0, 0, 30.03%, 0, 0, 25, 63.22, 3402910, 804, 0, 0
96782, 4, 839, 1417, 0, 0, 30.03%, 0, 0, 25, 72.09, 3403313, 804, 0, 0
96787, 4, 1317, 1417, 0, 0, 30.03%, 0, 0, 25, 56.79, 3403589, 804, 0, 0
96793, 4, 1177, 1417, 0, 0, 30.03%, 0, 0, 25, 62.07, 3403918, 804, 0, 0
96798, 4, 379, 1417, 0, 0, 30.03%, 0, 0, 25, 84.53, 3404334, 804, 0, 0
96803, 4, 617, 1417, 0, 0, 30.03%, 0, 0, 25, 83.04, 3404787, 804, 0, 0
96808, 4, 492, 1417, 0, 0, 30.03%, 0, 0, 25, 79.97, 3405192, 804, 0, 0
96813, 4, 513, 1417, 0, 0, 30.03%, 0, 0, 25, 93.67, 3405693, 804, 0, 0
96818, 4, 1276, 1417, 0, 0, 30.03%, 0, 0, 25, 69.82, 3406044, 804, 0, 0
96823, 4, 1019, 1417, 0, 0, 30.03%, 0, 0, 25, 66.91, 3406372, 804, 0, 0
96828, 4, 1285, 1417, 0, 0, 30.03%, 0, 0, 25, 63.94, 3406721, 804, 0, 0
96834, 4, 876, 1417, 0, 0, 30.03%, 0, 0, 25, 63.65, 3407032, 804, 0, 0
96839, 4, 1387, 1417, 0, 0, 30.03%, 0, 0, 25, 56.46, 3407320, 804, 0, 0
96844, 4, 480, 1417, 0, 0, 30.03%, 0, 0, 25, 77.88, 3407689, 804, 0, 0
96849, 4, 620, 1417, 0, 0, 30.03%, 0, 0, 25, 82.53, 3408145, 804, 0, 0
96854, 4, 1184, 1417, 0, 0, 30.03%, 0, 0, 25, 62.72, 3408437, 804, 0, 0
96859, 4, 1412, 1417, 0, 0, 30.03%, 0, 0, 25, 60.03, 3408764, 804, 0, 0
96864, 4, 571, 1417, 0, 0, 30.03%, 0, 0, 25, 78.69, 3409171, 804, 0, 0
96869, 4, 1106, 1417, 0, 0, 30.03%, 0, 0, 25, 72.27, 3409550, 804, 0, 0
96874, 4, 500, 1417, 0, 0, 30.03%, 0, 0, 25, 80.63, 3409937, 804, 0, 0
96879, 4, 1138, 1417, 0, 0, 30.03%, 0, 0, 25, 72.52, 3410336, 804, 0, 0
96885, 4, 1363, 1417, 0, 0, 30.03%, 0, 0, 25, 57.23, 3410615, 804, 0, 0
96890, 4, 1035, 1417, 0, 0, 30.03%, 0, 0, 25, 66.49, 3410941, 804, 0, 0
96895, 4, 304, 1417, 0, 0, 30.03%, 0, 0, 25, 84.75, 3411366, 804, 0, 0
96900, 4, 225, 1417, 0, 0, 30.03%, 0, 0, 25, 73.91, 3411740, 804, 0, 0
96905, 4, 1133, 1417, 0, 0, 30.03%, 0, 0, 25, 67.84, 3412104, 804, 0, 0
96910, 4, 553, 1417, 0, 0, 30.03%, 0, 0, 25, 91.27, 3412593, 804, 0, 0
96915, 4, 651, 1417, 0, 0, 30.03%, 0, 0, 25, 97.96, 3413107, 804, 0, 0
96920, 4, 1153, 1417, 0, 0, 30.03%, 0, 0, 25, 69.37, 3413448, 804, 0, 0
96925, 4, 622, 1417, 0, 0, 30.03%, 0, 0, 25, 70.17, 3413784, 804, 0, 0
96931, 4, 1397, 1417, 0, 0, 30.03%, 0, 0, 25, 64.83, 3414123, 804, 0, 0
96936, 4, 289, 1417, 0, 0, 30.03%, 0, 0, 25, 53.82, 3414386, 804, 0, 0
96941, 4, 513, 1417, 0, 0, 30.03%, 0, 0, 25, 88.50, 3414889, 804, 0, 0
96946, 4, 688, 1417, 0, 0, 30.03%, 0, 0, 25, 85.80, 3415352, 804, 0, 0
96951, 4, 1344, 1417, 0, 0, 30.03%, 0, 0, 25, 57.00, 3415621, 804, 0, 0
96956, 4, 677, 1417, 0, 0, 30.03%, 0, 0, 25, 76.52, 3416005, 804, 0, 0
96962, 4, 935, 1417, 0, 0, 30.03%, 0, 0, 25, 71.59, 3416377, 804, 0, 0
96967, 4, 599, 1417, 0, 0, 30.03%, 0, 0, 25, 84.92, 3416830, 804, 0, 0
96972, 4, 1186, 1417, 0, 0, 30.03%, 0, 0, 25, 85.27, 3417238, 804, 0, 0
96977, 4, 1186, 1417, 0, 0, 30.03%, 0, 0, 25, 63.49, 3417538, 804, 0, 0
96982, 4, 1161, 1417, 0, 0, 30.03%, 0, 0, 25, 59.82, 3417841, 804, 0, 0
96987, 4, 165, 1417, 0, 0, 30.03%, 0, 0, 25, 89.95, 3418306, 804, 0, 0
96992, 4, 1313, 1417, 0, 0, 30.03%, 0, 0, 25, 76.21, 3418719, 804, 0, 0
96998, 4, 564, 1417, 0, 0, 30.03%, 0, 0, 25, 66.12, 3419027, 804, 0, 0
97003, 4, 1240, 1417, 0, 0, 30.03%, 0, 0, 25, 67.38, 3419398, 804, 0, 0
97008, 4, 88, 1417, 0, 0, 30.03%, 0, 0, 25, 71.40, 3419723, 804, 0, 0
97013, 4, 875, 1417, 0, 0, 30.03%, 0, 0, 25, 71.02, 3420104, 804, 0, 0
97018, 4, 419, 1417, 0, 0, 30.03%, 0, 0, 25, 71.28, 3420450, 804, 0, 0
97023, 4, 1314, 1417, 0, 0, 30.03%, 0, 0, 25, 62.72, 3420799, 804, 0, 0
97028, 4, 1073, 1417, 0, 0, 30.03%, 0, 0, 25, 66.90, 3421143, 804, 0, 0
97033, 4, 614, 1417, 0, 0, 30.03%, 0, 0, 25, 71.91, 3421501, 804, 0, 0
97038, 4, 1118, 1417, 0, 0, 30.03%, 0, 0, 25, 71.66, 3421888, 804, 0, 0
97044, 4, 153, 1417, 0, 0, 30.03%, 0, 0, 25, 91.32, 3422374, 804, 0, 0
97049, 4, 682, 1417, 0, 0, 30.03%, 0, 0, 25, 89.32, 3422857, 804, 0, 0
97054, 4, 1397, 1417, 0, 0, 30.03%, 0, 0, 25, 64.32, 3423186, 804, 0, 0
97059, 4, 786, 1417, 0, 0, 30.03%, 0, 0, 25, 62.25, 3423482, 804, 0, 0
97064, 4, 1272, 1417, 0, 0, 30.03%, 0, 0, 25, 58.59, 3423784, 804, 0, 0
97069, 4, 1097, 1417, 0, 0, 30.03%, 0, 0, 25, 61.44, 3424098, 804, 0, 0
97074, 4, 720, 1417, 0, 0, 30.03%, 0, 0, 25, 83.42, 3424538, 804, 0, 0
97079, 4, 525, 1417, 0, 0, 30.03%, 0, 0, 25, 89.54, 3424992, 804, 0, 0
97085, 4, 623, 1417, 0, 0, 30.03%, 0, 0, 25, 83.72, 3425440, 804, 0, 0
97090, 4, 1297, 1417, 0, 0, 30.03%, 0, 0, 25, 75.99, 3425847, 804, 0, 0
97095, 4, 80, 1417, 0, 0, 30.03%, 0, 0, 25, 71.36, 3426169, 804, 0, 0
97100, 4, 409, 1417, 0, 0, 30.03%, 0, 0, 25, 94.91, 3426686, 804, 0, 0
97105, 4, 1380, 1417, 0, 0, 30.03%, 0, 0, 25, 74.98, 3427075, 804, 0, 0
97110, 4, 1405, 1417, 0, 0, 30.03%, 0, 0, 25, 68.74, 3427380, 804, 0, 0
97115, 4, 1405, 1417, 0, 0, 30.03%, 0, 0, 25, 52.51, 3427630, 804, 0, 0
97120, 4, 1386, 1417, 0, 0, 30.03%, 0, 0, 25, 50.86, 3427883, 804, 0, 0
97125, 4, 1148, 1417, 0, 0, 30.03%, 0, 0, 25, 56.08, 3428174, 804, 0, 0
97130, 4, 120, 1417, 0, 0, 30.03%, 0, 0, 25, 85.68, 3428613, 804, 0, 0
97136, 4, 513, 1417, 0, 0, 30.03%, 0, 0, 25, 74.95, 3428987, 804, 0, 0
97141, 4, 1397, 1417, 0, 0, 30.03%, 0, 0, 25, 78.33, 3429428, 804, 0, 0
97146, 4, 1311, 1417, 0, 0, 30.03%, 0, 0, 25, 56.24, 3429685, 804, 0, 0
97151, 4, 1311, 1417, 0, 0, 30.03%, 0, 0, 25, 54.80, 3429957, 804, 0, 0
97156, 4, 304, 1417, 0, 0, 30.03%, 0, 0, 25, 69.76, 3430318, 804, 0, 0
97161, 4, 456, 1417, 0, 0, 30.03%, 0, 0, 25, 93.47, 3430824, 804, 0, 0
97166, 4, 1351, 1417, 0, 0, 30.03%, 0, 0, 25, 72.80, 3431206, 804, 0, 0
97171, 4, 333, 1417, 0, 0, 30.03%, 0, 0, 25, 77.09, 3431551, 804, 0, 0
97176, 4, 1290, 1417, 0, 0, 30.03%, 0, 0, 25, 60.34, 3431836, 804, 0, 0
97181, 4, 1191, 1417, 0, 0, 30.03%, 0, 0, 25, 57.60, 3432121, 804, 0, 0
97186, 4, 966, 1417, 0, 0, 30.03%, 0, 0, 25, 65.05, 3432461, 804, 0, 0
97192, 4, 1337, 1417, 0, 0, 30.03%, 0, 0, 25, 74.11, 3432879, 804, 0, 0
97197, 4, 396, 1417, 0, 0, 30.03%, 0, 0, 25, 83.42, 3433296, 804, 0, 0
97202, 4, 1099, 1417, 0, 0, 30.03%, 0, 0, 25, 77.44, 3433715, 804, 0, 0
97207, 4, 490, 1417, 0, 0, 30.03%, 0, 0, 25, 83.32, 3434117, 804, 0, 0
97212, 4, 526, 1417, 0, 0, 30.03%, 0, 0, 25, 87.20, 3434564, 804, 0, 0
97217, 4, 1319, 1417, 0, 0, 30.03%, 0, 0, 25, 91.82, 3435052, 804, 0, 0
97223, 4, 745, 1417, 0, 0, 30.03%, 0, 0, 25, 90.69, 3435497, 804, 0, 0
97228, 4, 1223, 1417, 0, 0, 30.03%, 0, 0, 25, 72.45, 3435868, 804, 0, 0
97233, 4, 553, 1417, 0, 0, 30.03%, 0, 0, 25, 71.28, 3436196, 804, 0, 0
97238, 4, 1237, 1417, 0, 0, 30.03%, 0, 0, 25, 63.12, 3436535, 804, 0, 0
97243, 4, 1148, 1417, 0, 0, 30.03%, 0, 0, 25, 59.15, 3436835, 804, 0, 0
97248, 4, 766, 1417, 0, 0, 30.03%, 0, 0, 25, 68.04, 3437196, 804, 0, 0
97253, 4, 637, 1417, 0, 0, 30.03%, 0, 0, 25, 77.35, 3437592, 804, 0, 0
97259, 4, 555, 1417, 0, 0, 30.03%, 0, 0, 25, 91.27, 3438062, 804, 0, 0
97264, 4, 1272, 1417, 0, 0, 30.03%, 0, 0, 25, 79.52, 3438493, 804, 0, 0
97269, 4, 450, 1417, 0, 0, 30.03%, 0, 0, 25, 75.75, 3438831, 804, 0, 0
97274, 4, 1145, 1417, 0, 0, 30.03%, 0, 0, 25, 81.12, 3439290, 804, 0, 0
97279, 4, 1208, 1417, 0, 0, 30.03%, 0, 0, 25, 63.26, 3439590, 804, 0, 0
97284, 4, 1193, 1417, 0, 0, 30.03%, 0, 0, 25, 58.54, 3439876, 804, 0, 0
97289, 4, 564, 1417, 0, 0, 30.03%, 0, 0, 25, 64.08, 3440200, 804, 0, 0
97294, 4, 1397, 1417, 0, 0, 30.03%, 0, 0, 25, 55.68, 3440488, 804, 0, 0
97299, 4, 1203, 1417, 0, 0, 30.03%, 0, 0, 25, 54.97, 3440761, 804, 0, 0
97304, 4, 1182, 1417, 0, 0, 30.03%, 0, 0, 25, 73.56, 3441147, 804, 0, 0
97309, 4, 754, 1417, 0, 0, 30.03%, 0, 0, 25, 63.20, 3441440, 804, 0, 0
97315, 4, 607, 1417, 0, 0, 30.03%, 0, 0, 25, 78.85, 3441858, 804, 0, 0
97320, 4, 16, 1417, 0, 0, 30.03%, 0, 0, 25, 82.52, 3442274, 804, 0, 0
97325, 4, 1050, 1417, 0, 0, 30.03%, 0, 0, 25, 71.87, 3442642, 804, 0, 0
97330, 4, 315, 1417, 0, 0, 30.03%, 0, 0, 25, 88.40, 3443080, 804, 0, 0
97335, 4, 1084, 1417, 0, 0, 30.03%, 0, 0, 25, 81.14, 3443528, 804, 0, 0
97340, 4, 1319, 1417, 0, 0, 30.03%, 0, 0, 25, 75.79, 3443904, 804, 0, 0
97346, 4, 1018, 1417, 0, 0, 30.03%, 0, 0, 25, 85.66, 3444370, 804, 0, 0
97351, 4, 1152, 1417, 0, 0, 30.03%, 0, 0, 25, 77.88, 3444749, 804, 0, 0
97356, 4, 883, 1417, 0, 0, 30.03%, 0, 0, 25, 67.01, 3445067, 804, 0, 0
97361, 4, 1188, 1417, 0, 0, 30.03%, 0, 0, 25, 70.38, 3445433, 804, 0, 0
97366, 4, 553, 1417, 0, 0, 30.03%, 0, 0, 25, 74.90, 3445788, 804, 0, 0
97371, 4, 1308, 1417, 0, 0, 30.03%, 0, 0, 25, 59.49, 3446089, 804, 0, 0
97376, 4, 255, 1417, 0, 0, 30.03%, 0, 0, 25, 88.93, 3446545, 804, 0, 0
97381, 4, 553, 1417, 0, 0, 30.03%, 0, 0, 25, 77.72, 3446916, 804, 0, 0
97387, 4, 1344, 1417, 0, 0, 30.03%, 0, 0, 25, 58.87, 3447233, 804, 0, 0
97392, 4, 1075, 1417, 0, 0, 30.03%, 0, 0, 25, 59.80, 3447528, 804, 0, 0
97397, 4, 965, 1417, 0, 0, 30.03%, 0, 0, 25, 64.21, 3447863, 804, 0, 0
97402, 4, 291, 1417, 0, 0, 30.03%, 0, 0, 25, 90.56, 3448336, 804, 0, 0
97407, 4, 1367, 1417, 0, 0, 30.03%, 0, 0, 25, 74.65, 3448750, 804, 0, 0
97412, 4, 682, 1417, 0, 0, 30.03%, 0, 0, 25, 62.86, 3449030, 804, 0, 0
97417, 4, 1390, 1417, 0, 0, 30.03%, 0, 0, 25, 61.64, 3449369, 804, 0, 0
97423, 4, 1184, 1417, 0, 0, 30.03%, 0, 0, 25, 55.38, 3449641, 804, 0, 0
97428, 4, 1180, 1417, 0, 0, 30.03%, 0, 0, 25, 56.95, 3449938, 804, 0, 0
97433, 4, 513, 1417, 0, 0, 30.03%, 0, 0, 25, 70.20, 3450275, 804, 0, 0
97438, 4, 379, 1417, 0, 0, 30.03%, 0, 0, 25, 93.86, 3450783, 804, 0, 0
97443, 4, 289, 1417, 0, 0, 30.03%, 0, 0, 25, 88.68, 3451236, 804, 0, 0
97448, 4, 1397, 1417, 0, 0, 30.03%, 0, 0, 25, 75.13, 3451638, 804, 0, 0
97453, 4, 707, 1417, 0, 0, 30.03%, 0, 0, 25, 60.47, 3451907, 804, 0, 0
97458, 4, 1260, 1417, 0, 0, 30.03%, 0, 0, 25, 59.85, 3452224, 804, 0, 0
97463, 4, 1010, 1417, 0, 0, 30.03%, 0, 0, 25, 63.32, 3452535, 804, 0, 0
97468, 4, 544, 1417, 0, 0, 30.03%, 0, 0, 25, 75.52, 3452921, 804, 0, 0
97474, 4, 1035, 1417, 0, 0, 30.03%, 0, 0, 25, 72.38, 3453308, 804, 0, 0
97479, 4, 1186, 1417, 0, 0, 30.03%, 0, 0, 25, 61.15, 3453611, 804, 0, 0
97484, 4, 88, 1417, 0, 0, 30.03%, 0, 0, 25, 69.69, 3453960, 804, 0, 0
97489, 4, 1156, 1417, 0, 0, 30.03%, 0, 0, 25, 65.24, 3454303, 804, 0, 0
97494, 4, 1169, 1417, 0, 0, 30.03%, 0, 0, 25, 65.02, 3454650, 804, 0, 0
97499, 4, 1248, 1417, 0, 0, 30.03%, 0, 0, 25, 58.98, 3454950, 804, 0, 0
97504, 4, 1038, 1417, 0, 0, 30.03%, 0, 0, 25, 64.93, 3455280, 804, 0, 0
97509, 4, 815, 1417, 0, 0, 30.03%, 0, 0, 25, 69.89, 3455636, 804, 0, 0
97515, 4, 455, 1417, 0, 0, 30.03%, 0, 0, 25, 80.88, 3456036, 804, 0, 0
97520, 4, 1306, 1417, 0, 0, 30.03%, 0, 0, 25, 76.21, 3456459, 804, 0, 0
97525, 4, 615, 1417, 0, 0, 30.03%, 0, 0, 25, 65.41, 3456766, 804, 0, 0
97530, 4, 1218, 1417, 0, 0, 30.03%, 0, 0, 25, 60.69, 3457076, 804, 0, 0
97535, 4, 1210, 1417, 0, 0, 30.03%, 0, 0, 25, 66.07, 3457424, 804, 0, 0
97540, 4, 1210, 1417, 0, 0, 30.03%, 0, 0, 25, 59.01, 3457708, 804, 0, 0
97545, 4, 1073, 1417, 0, 0, 30.03%, 0, 0, 25, 63.01, 3458030, 804, 0, 0
97550, 4, 733, 1417, 0, 0, 30.03%, 0, 0, 25, 76.08, 3458459, 804, 0, 0
97555, 4, 706, 1417, 0, 0, 30.03%, 0, 0, 25, 72.02, 3458816, 804, 0, 0
97561, 4, 325, 1417, 0, 0, 30.03%, 0, 0, 25, 95.57, 3459310, 804, 0, 0
97566, 4, 758, 1417, 0, 0, 30.03%, 0, 0, 25, 82.58, 3459736, 804, 0, 0
97571, 4, 671, 1417, 0, 0, 30.03%, 0, 0, 25, 86.39, 3460179, 804, 0, 0
97576, 4, 1209, 1417, 0, 0, 30.03%, 0, 0, 25, 66.19, 3460511, 804, 0, 0
97581, 4, 1397, 1417, 0, 0, 30.03%, 0, 0, 25, 79.86, 3460923, 804, 0, 0
97586, 4, 1397, 1417, 0, 0, 30.03%, 0, 0, 25, 56.34, 3461174, 804, 0, 0
97591, 4, 1231, 1417, 0, 0, 30.03%, 0, 0, 25, 56.92, 3461456, 804, 0, 0
97597, 4, 1028, 1417, 0, 0, 30.03%, 0, 0, 25, 77.88, 3461885, 804, 0, 0
97602, 4, 513, 1417, 0, 0, 30.03%, 0, 0, 25, 76.62, 3462248, 804, 0, 0
97607, 4, 564, 1417, 0, 0, 30.03%, 0, 0, 25, 82.66, 3462701, 804, 0, 0
97612, 4, 1235, 1417, 0, 0, 30.03%, 0, 0, 25, 74.72, 3463123, 804, 0, 0
97617, 4, 513, 1417, 0, 0, 30.03%, 0, 0, 25, 77.25, 3463477, 804, 0, 0
97622, 4, 168, 1417, 0, 0, 30.03%, 0, 0, 25, 81.85, 3463913, 804, 0, 0
97627, 4, 661, 1417, 0, 0, 30.03%, 0, 0, 25, 87.55, 3464405, 804, 0, 0
97632, 4, 1216, 1417, 0, 0, 30.03%, 0, 0, 25, 65.10, 3464709, 804, 0, 0
97637, 4, 1242, 1417, 0, 0, 30.03%, 0, 0, 25, 69.85, 3465098, 804, 0, 0
97642, 4, 1144, 1417, 0, 0, 30.03%, 0, 0, 25, 61.80, 3465394, 804, 0, 0
97648, 4, 1297, 1417, 0, 0, 30.03%, 0, 0, 25, 57.65, 3465696, 804, 0, 0
97653, 4, 1224, 1417, 0, 0, 30.03%, 0, 0, 25, 65.67, 3466027, 804, 0, 0
97658, 4, 1252, 1417, 0, 0, 30.03%, 0, 0, 25, 56.71, 3466305, 804, 0, 0
97663, 4, 169, 1417, 0, 0, 30.03%, 0, 0, 25, 63.28, 3466613, 804, 0, 0
97668, 4, 1165, 1417, 0, 0, 30.03%, 0, 0, 25, 66.72, 3466990, 804, 0, 0
97673, 4, 572, 1417, 0, 0, 30.03%, 0, 0, 25, 75.37, 3467359, 804, 0, 0
97678, 4, 1084, 1417, 0, 0, 30.03%, 0, 0, 25, 72.38, 3467742, 804, 0, 0
97683, 4, 1202, 1417, 0, 0, 30.03%, 0, 0, 25, 62.53, 3468054, 804, 0, 0
97689, 4, 743, 1417, 0, 0, 30.03%, 0, 0, 25, 68.54, 3468400, 804, 0, 0
97694, 4, 1233, 1417, 0, 0, 30.03%, 0, 0, 25, 62.42, 3468736, 804, 0, 0
97699, 4, 1257, 1417, 0, 0, 30.03%, 0, 0, 25, 62.36, 3469079, 804, 0, 0
97704, 4, 1312, 1417, 0, 0, 30.03%, 0, 0, 25, 55.85, 3469357, 804, 0, 0
97709, 4, 1377, 1417, 0, 0, 30.03%, 0, 0, 25, 14.88, 3469605, 804, 0, 0
97714, 4, 553, 1417, 0, 0, 30.03%, 0, 0, 25, 59.21, 3469927, 804, 0, 0
97719, 4, 1296, 1417, 0, 0, 30.03%, 0, 0, 25, 57.83, 3470243, 804, 0, 0
97725, 4, 655, 1417, 0, 0, 30.03%, 0, 0, 25, 77.17, 3470665, 804, 0, 0
97730, 4, 1372, 1417, 0, 0, 30.03%, 0, 0, 25, 57.42, 3470937, 804, 0, 0
97735, 4, 1053, 1417, 0, 0, 30.03%, 0, 0, 25, 62.79, 3471253, 804, 0, 0
97740, 4, 1397, 1417, 0, 0, 30.03%, 0, 0, 25, 59.00, 3471572, 804, 0, 0
97745, 4, 553, 1417, 0, 0, 30.03%, 0, 0, 25, 80.09, 3471971, 804, 0, 0
97750, 4, 1256, 1417, 0, 0, 30.03%, 0, 0, 25, 64.22, 3472274, 804, 0, 0
97755, 4, 585, 1417, 0, 0, 30.03%, 0, 0, 25, 71.28, 3472623, 804, 0, 0
97760, 4, 288, 1417, 0, 0, 30.03%, 0, 0, 25, 92.27, 3473096, 804, 0, 0
97765, 4, 1397, 1417, 0, 0, 30.03%, 0, 0, 25, 58.71, 3473352, 804, 0, 0
97771, 4, 694, 1417, 0, 0, 30.03%, 0, 0, 25, 80.36, 3473791, 804, 0, 0
97776, 4, 98, 1417, 0, 0, 30.03%, 0, 0, 25, 94.78, 3474277, 804, 0, 0
97781, 4, 1229, 1417, 0, 0, 30.03%, 0, 0, 25, 65.52, 3474569, 804, 0, 0
97786, 4, 1175, 1417, 0, 0, 30.03%, 0, 0, 25, 62.77, 3474909, 804, 0, 0
97791, 4, 593, 1417, 0, 0, 30.03%, 0, 0, 25, 78.81, 3475326, 804, 0, 0
97796, 4, 1100, 1417, 0, 0, 30.03%, 0, 0, 25, 70.65, 3475693, 804, 0, 0
97801, 4, 429, 1417, 0, 0, 30.03%, 0, 0, 25, 68.36, 3476032, 804, 0, 0
97806, 4, 1063, 1417, 0, 0, 30.03%, 0, 0, 25, 87.93, 3476524, 804, 0, 0
97812, 4, 373, 1417, 0, 0, 30.03%, 0, 0, 25, 82.39, 3476913, 804, 0, 0
97817, 4, 1081, 1417, 0, 0, 30.03%, 0, 0, 25, 93.64, 3477413, 804, 0, 0
97822, 4, 1397, 1417, 0, 0, 30.03%, 0, 0, 25, 66.35, 3477730, 804, 0, 0
97827, 4, 1397, 1417, 0, 0, 30.03%, 0, 0, 25, 54.35, 3477992, 804, 0, 0
97832, 4, 544, 1417, 0, 0, 30.03%, 0, 0, 25, 90.82, 3478504, 804, 0, 0
97837, 4, 692, 1417, 0, 0, 30.03%, 0, 0, 25, 82.31, 3478939, 804, 0, 0
97842, 4, 1368, 1417, 0, 0, 30.03%, 0, 0, 25, 72.65, 3479317, 804, 0, 0
97847, 4, 1397, 1417, 0, 0, 30.03%, 0, 0, 25, 56.22, 3479581, 804, 0, 0
97853, 4, 1397, 1417, 0, 0, 30.03%, 0, 0, 25, 51.34, 3479836, 804, 0, 0
97858, 4, 557, 1417, 0, 0, 30.03%, 0, 0, 25, 83.83, 3480305, 804, 0, 0
97863, 4, 1315, 1417, 0, 0, 30.03%, 0, 0, 25, 62.06, 3480608, 804, 0, 0
97868, 4, 454, 1417, 0, 0, 30.03%, 0, 0, 25, 87.17, 3481062, 804, 0, 0
97873, 4, 1207, 1417, 0, 0, 30.03%, 0, 0, 25, 78.04, 3481492, 804, 0, 0
97878, 4, 660, 1417, 0, 0, 30.03%, 0, 0, 25, 77.14, 3481859, 804, 0, 0
97883, 4, 1221, 1417, 0, 0, 30.03%, 0, 0, 25, 63.68, 3482174, 804, 0, 0
97888, 4, 845, 1417, 0, 0, 30.03%, 0, 0, 25, 77.40, 3482562, 804, 0, 0
97894, 4, 1229, 1417, 0, 0, 30.03%, 0, 0, 25, 67.23, 3482900, 804, 0, 0
97899, 4, 339, 1417, 0, 0, 30.03%, 0, 0, 25, 66.43, 3483211, 804, 0, 0
97904, 4, 1294, 1417, 0, 0, 30.03%, 0, 0, 25, 66.61, 3483597, 804, 0, 0
97909, 4, 1301, 1417, 0, 0, 30.03%, 0, 0, 25, 75.23, 3483962, 804, 0, 0
97914, 4, 1301, 1417, 0, 0, 30.03%, 0, 0, 25, 58.41, 3484239, 804, 0, 0
97919, 4, 117, 1417, 0, 0, 30.03%, 0, 0, 25, 81.50, 3484694, 804, 0, 0
97924, 4, 1397, 1417, 0, 0, 30.03%, 0, 0, 25, 63.66, 3485027, 804, 0, 0
97929, 4, 289, 1417, 0, 0, 30.03%, 0, 0, 25, 69.47, 3485356, 804, 0, 0
97934, 4, 1359, 1417, 0, 0, 30.03%, 0, 0, 25, 70.24, 3485774, 804, 0, 0
97939, 4, 327, 1417, 0, 0, 30.03%, 0, 0, 25, 75.89, 3486115, 804, 0, 0
97945, 4, 887, 1417, 0, 0, 30.03%, 0, 0, 25, 81.21, 3486572, 804, 0, 0
97950, 4, 456, 1417, 0, 0, 30.03%, 0, 0, 25, 85.49, 3486989, 804, 0, 0
97955, 4, 1134, 1417, 0, 0, 30.03%, 0, 0, 25, 68.83, 3487337, 804, 0, 0
97960, 4, 1035, 1417, 0, 0, 30.03%, 0, 0, 25, 73.61, 3487743, 804, 0, 0
97965, 4, 1309, 1417, 0, 0, 30.03%, 0, 0, 25, 59.39, 3488038, 804, 0, 0
97970, 4, 748, 1417, 0, 0, 30.03%, 0, 0, 25, 78.28, 3488444, 804, 0, 0
97975, 4, 1303, 1417, 0, 0, 30.03%, 0, 0, 25, 82.36, 3488869, 804, 0, 0
97980, 4, 118, 1417, 0, 0, 30.03%, 0, 0, 25, 63.49, 3489157, 804, 0, 0
97986, 4, 1187, 1417, 0, 0, 30.03%, 0, 0, 25, 88.64, 3489663, 804, 0, 0
97991, 4, 122, 1417, 0, 0, 30.03%, 0, 0, 25, 70.92, 3489985, 804, 0, 0
97996, 4, 228, 1417, 0, 0, 30.03%, 0, 0, 25, 93.38, 3490494, 804, 0, 0
98001, 4, 1363, 1417, 0, 0, 30.03%, 0, 0, 25, 62.59, 3490794, 804, 0, 0
98006, 4, 1357, 1417, 0, 0, 30.03%, 0, 0, 25, 64.92, 3491118, 804, 0, 0
98011, 4, 1357, 1417, 0, 0, 30.03%, 0, 0, 25, 53.49, 3491378, 804, 0, 0
98016, 4, 1116, 1417, 0, 0, 30.03%, 0, 0, 25, 66.31, 3491737, 804, 0, 0
98021, 4, 1019, 1417, 0, 0, 30.03%, 0, 0, 25, 67.11, 3492082, 804, 0, 0
98026, 4, 1184, 1417, 0, 0, 30.03%, 0, 0, 25, 60.35, 3492394, 804, 0, 0
98031, 4, 554, 1417, 0, 0, 30.03%, 0, 0, 25, 74.48, 3492761, 804, 0, 0
98037, 4, 757, 1417, 0, 0, 30.03%, 0, 0, 25, 80.79, 3493208, 804, 0, 0
98042, 4, 1135, 1417, 0, 0, 30.03%, 0, 0, 25, 66.16, 3493528, 804, 0, 0
98047, 4, 348, 1417, 0, 0, 30.03%, 0, 0, 25, 88.46, 3493997, 804, 0, 0
98052, 4, 654, 1417, 0, 0, 30.03%, 0, 0, 25, 84.89, 3494456, 804, 0, 0
98057, 4, 1224, 1417, 0, 0, 30.03%, 0, 0, 25, 68.67, 3494798, 804, 0, 0
98062, 4, 564, 1417, 0, 0, 30.03%, 0, 0, 25, 65.72, 3495109, 804, 0, 0
98067, 4, 1397, 1417, 0, 0, 30.03%, 0, 0, 25, 73.50, 3495531, 804, 0, 0
98072, 4, 1186, 1417, 0, 0, 30.03%, 0, 0, 25, 56.32, 3495790, 804, 0, 0
98077, 4, 1186, 1417, 0, 0, 30.03%, 0, 0, 25, 57.41, 3496088, 804, 0, 0
98083, 4, 1010, 1417, 0, 0, 30.03%, 0, 0, 25, 67.95, 3496454, 804, 0, 0
98088, 4, 72, 1417, 0, 0, 30.03%, 0, 0, 25, 90.34, 3496921, 804, 0, 0
98093, 4, 1225, 1417, 0, 0, 30.03%, 0, 0, 25, 64.87, 3497226, 804, 0, 0
98098, 4, 1309, 1417, 0, 0, 30.03%, 0, 0, 25, 65.62, 3497590, 804, 0, 0
98103, 4, 1137, 1417, 0, 0, 30.03%, 0, 0, 25, 67.00, 3497929, 804, 0, 0
98108, 4, 448, 1417, 0, 0, 30.03%, 0, 0, 25, 75.90, 3498291, 804, 0, 0
98113, 4, 1231, 1417, 0, 0, 30.03%, 0, 0, 25, 65.68, 3498647, 804, 0, 0
98118, 4, 1397, 1417, 0, 0, 30.03%, 0, 0, 25, 54.58, 3498917, 804, 0, 0
98123, 4, 1241, 1417, 0, 0, 30.03%, 0, 0, 25, 54.84, 3499190, 804, 0, 0
98129, 4, 506, 1417, 0, 0, 30.03%, 0, 0, 25, 79.70, 3499593, 804, 0, 0
98134, 4, 1378, 1417, 0, 0, 30.03%, 0, 0, 25, 62.76, 3499918, 804, 0, 0
98139, 4, 501, 1417, 0, 0, 30.03%, 0, 0, 25, 79.73, 3500297, 804, 0, 0
98144, 4, 1276, 1417, 0, 0, 30.03%, 0, 0, 25, 65.69, 3500640, 804, 0, 0
98149, 4, 1237, 1417, 0, 0, 30.03%, 0, 0, 25, 58.12, 3500921, 804, 0, 0
98154, 4, 1058, 1417, 0, 0, 30.03%, 0, 0, 25, 63.64, 3501250, 804, 0, 0
98159, 4, 1385, 1417, 0, 0, 30.03%, 0, 0, 25, 54.98, 3501529, 804, 0, 0
98164, 4, 516, 1417, 0, 0, 30.03%, 0, 0, 25, 78.28, 3501915, 804, 0, 0
98169, 4, 1257, 1417, 0, 0, 30.03%, 0, 0, 25, 93.84, 3502424, 804, 0, 0
98175, 4, 1257, 1417, 0, 0, 30.03%, 0, 0, 25, 62.38, 3502707, 804, 0, 0
98180, 4, 660, 1417, 0, 0, 30.03%, 0, 0, 25, 72.69, 3503085, 804, 0, 0
98185, 4, 1353, 1417, 0, 0, 30.03%, 0, 0, 25, 56.26, 3503353, 804, 0, 0
98190, 4, 1215, 1417, 0, 0, 30.03%, 0, 0, 25, 61.27, 3503680, 804, 0, 0
98195, 4, 1053, 1417, 0, 0, 30.03%, 0, 0, 25, 63.44, 3503993, 804, 0, 0
98200, 4, 381, 1417, 0, 0, 30.03%, 0, 0, 25, 88.39, 3504453, 804, 0, 0
98205, 4, 1199, 1417, 0, 0, 30.03%, 0, 0, 25, 64.92, 3504773, 804, 0, 0
98210, 4, 1204, 1417, 0, 0, 30.03%, 0, 0, 25, 75.38, 3505198, 804, 0, 0
98215, 4, 133, 1417, 0, 0, 30.03%, 0, 0, 25, 79.43, 3505567, 804, 0, 0
98220, 4, 1089, 1417, 0, 0, 30.03%, 0, 0, 25, 80.03, 3506019, 804, 0, 0
98226, 4, 492, 1417, 0, 0, 30.03%, 0, 0, 25, 83.75, 3506416, 804, 0, 0
98231, 4, 1346, 1417, 0, 0, 30.03%, 0, 0, 25, 58.99, 3506706, 804, 0, 0
98236, 4, 427, 1417, 0, 0, 30.03%, 0, 0, 25, 80.85, 3507108, 804, 0, 0
98241, 4, 772, 1417, 0, 0, 30.03%, 0, 0, 25, 73.21, 3507489, 804, 0, 0
98246, 4, 304, 1417, 0, 0, 30.03%, 0, 0, 25, 94.84, 3507989, 804, 0, 0
98251, 4, 732, 1417, 0, 0, 30.03%, 0, 0, 25, 90.62, 3508471, 804, 0, 0
98257, 4, 325, 1417, 0, 0, 30.03%, 0, 0, 25, 14.78, 3508875, 804, 0, 0
98262, 4, 275, 1417, 0, 0, 30.03%, 0, 0, 25, 91.02, 3509334, 804, 0, 0
98267, 4, 1293, 1417, 0, 0, 30.03%, 0, 0, 25, 85.18, 3509774, 804, 0, 0
98272, 4, 1293, 1417, 0, 0, 30.03%, 0, 0, 25, 15.82, 3510028, 804, 0, 0
98277, 4, 1183, 1417, 0, 0, 30.03%, 0, 0, 25, 74.88, 3510488, 804, 0, 0
98282, 4, 553, 1417, 0, 0, 30.03%, 0, 0, 25, 62.89, 3510781, 804, 0, 0
98287, 4, 752, 1417, 0, 0, 30.03%, 0, 0, 25, 79.24, 3511228, 804, 0, 0
98292, 4, 1384, 1417, 0, 0, 30.03%, 0, 0, 25, 72.33, 3511594, 804, 0, 0
98298, 4, 1384, 1417, 0, 0, 30.03%, 0, 0, 25, 54.50, 3511849, 804, 0, 0
98303, 4, 1229, 1417, 0, 0, 30.03%, 0, 0, 25, 52.96, 3512114, 804, 0, 0
98308, 4, 304, 1417, 0, 0, 30.03%, 0, 0, 25, 87.86, 3512592, 804, 0, 0
98313, 4, 620, 1417, 0, 0, 30.03%, 0, 0, 25, 92.34, 3513081, 804, 0, 0
98318, 4, 1320, 1417, 0, 0, 30.03%, 0, 0, 25, 81.01, 3513491, 804, 0, 0
98323, 4, 1174, 1417, 0, 0, 30.03%, 0, 0, 25, 71.34, 3513871, 804, 0, 0
98329, 4, 812, 1417, 0, 0, 30.03%, 0, 0, 25, 71.08, 3514219, 804, 0, 0
98334, 4, 1367, 1417, 0, 0, 30.03%, 0, 0, 25, 60.90, 3514525, 804, 0, 0
98339, 4, 685, 1417, 0, 0, 30.03%, 0, 0, 25, 65.85, 3514833, 804, 0, 0
98344, 4, 1326, 1417, 0, 0, 30.03%, 0, 0, 25, 70.76, 3515211, 804, 0, 0
98349, 4, 683, 1417, 0, 0, 30.03%, 0, 0, 25, 84.79, 3515656, 804, 0, 0
98354, 4, 439, 1418, 1, 0, 30.03%, 0, 0, 25, 80.67, 3516048, 804, 0, 0
98359, 4, 942, 1418, 1, 0, 30.03%, 0, 0, 25, 84.76, 3516504, 804, 0, 0
98364, 4, 319, 1418, 1, 0, 30.03%, 0, 0, 25, 85.03, 3516909, 804, 0, 0
98369, 4, 1272, 1418, 1, 0, 30.03%, 0, 0, 25, 62.41, 3517199, 804, 0, 0
98374, 4, 1266, 1418, 1, 0, 30.03%, 0, 0, 25, 63.21, 3517576, 804, 0, 0
98380, 4, 721, 1418, 1, 0, 30.03%, 0, 0, 25, 77.71, 3517945, 804, 0, 0
98385, 4, 204, 1418, 1, 0, 30.03%, 0, 0, 25, 76.65, 3518329, 804, 0, 0
98390, 4, 1156, 1418, 1, 0, 30.03%, 0, 0, 25, 66.72, 3518668, 804, 0, 0
98395, 4, 1188, 1418, 1, 0, 30.03%, 0, 0, 25, 66.06, 3519003, 804, 0, 0
98400, 4, 727, 1418, 1, 0, 30.03%, 0, 0, 25, 64.02, 3519321, 804, 0, 0
98405, 4, 289, 1418, 1, 0, 30.03%, 0, 0, 25, 77.40, 3519740, 804, 0, 0
98410, 4, 614, 1418, 1, 0, 30.03%, 0, 0, 25, 81.26, 3520171, 804, 0, 0
98415, 4, 1379, 1418, 1, 0, 30.03%, 0, 0, 25, 13.69, 3520550, 804, 0, 0
98420, 4, 1379, 1418, 1, 0, 30.03%, 0, 0, 25, 43.10, 3520809, 804, 0, 0
98425, 4, 1026, 1418, 1, 0, 30.03%, 0, 0, 25, 68.73, 3521219, 804, 0, 0
98431, 4, 1204, 1418, 1, 0, 30.03%, 0, 0, 25, 76.46, 3521626, 804, 0, 0
98436, 4, 225, 1418, 1, 0, 30.03%, 0, 0, 25, 62.15, 3521927, 804, 0, 0
98441, 4, 391, 1418, 1, 0, 30.03%, 0, 0, 25, 93.75, 3522449, 804, 0, 0
98446, 4, 1107, 1418, 1, 0, 30.03%, 0, 0, 25, 80.26, 3522875, 804, 0, 0
98451, 4, 1010, 1418, 1, 0, 30.03%, 0, 0, 25, 68.74, 3523207, 804, 0, 0
98456, 4, 1414, 1418, 1, 0, 30.03%, 0, 0, 25, 72.22, 3523574, 804, 0, 0
98461, 4, 1240, 1418, 1, 0, 30.03%, 0, 0, 25, 69.68, 3523955, 804, 0, 0
98467, 4, 529, 1418, 1, 0, 30.03%, 0, 0, 25, 76.70, 3524316, 804, 0, 0
98472, 4, 667, 1418, 1, 0, 30.03%, 0, 0, 25, 79.66, 3524745, 804, 0, 0
98477, 4, 697, 1418, 1, 0, 30.03%, 0, 0, 25, 76.50, 3525125, 804, 0, 0
98482, 4, 1189, 1418, 1, 0, 30.03%, 0, 0, 25, 61.90, 3525425, 804, 0, 0
98487, 4, 173, 1418, 1, 0, 30.03%, 0, 0, 25, 85.54, 3525872, 804, 0, 0
98492, 4, 1131, 1418, 1, 0, 30.03%, 0, 0, 25, 68.13, 3526205, 804, 0, 0
98497, 4, 952, 1418, 1, 0, 30.03%, 0, 0, 25, 77.60, 3526619, 804, 0, 0
98502, 4, 899, 1418, 1, 0, 30.03%, 0, 0, 25, 67.48, 3526961, 804, 0, 0
98507, 4, 1002, 1418, 1, 0, 30.03%, 0, 0, 25, 69.60, 3527300, 804, 0, 0
98512, 4, 1186, 1418, 1, 0, 30.03%, 0, 0, 25, 62.96, 3527614, 804, 0, 0
98518, 4, 6, 1418, 1, 0, 30.03%, 0, 0, 25, 63.19, 3527926, 804, 0, 0
98523, 4, 1382, 1418, 1, 0, 30.03%, 0, 0, 25, 55.47, 3528214, 804, 0, 0
98528, 4, 553, 1418, 1, 0, 30.03%, 0, 0, 25, 82.80, 3528635, 804, 0, 0
98533, 4, 1259, 1418, 1, 0, 30.03%, 0, 0, 25, 74.45, 3529034, 804, 0, 0
98538, 4, 1417, 1418, 1, 0, 30.03%, 0, 0, 25, 69.52, 3529358, 804, 0, 0
98543, 4, 1417, 1418, 1, 0, 30.03%, 0, 0, 25, 75.71, 3529756, 804, 0, 0
98548, 4, 1417, 1418, 1, 0, 30.03%, 0, 0, 25, 74.62, 3530131, 804, 0, 0
98553, 4, 1417, 1418, 1, 0, 30.03%, 0, 0, 25, 75.57, 3530522, 804, 0, 0
98560, 4, 1417, 1418, 1, 0, 30.03%, 0, 0, 25, 73.89, 3531021, 804, 0, 0
98565, 4, 1417, 1418, 1, 0, 30.03%, 0, 0, 25, 73.00, 3531396, 804, 0, 0
98570, 4, 1417, 1418, 1, 0, 30.03%, 0, 0, 25, 75.42, 3531790, 804, 0, 0
98575, 4, 1417, 1418, 1, 0, 30.03%, 0, 0, 25, 74.82, 3532176, 804, 0, 0
98580, 4, 631, 1418, 0, 0, 30.03%, 0, 0, 25, 76.72, 3532575, 804, 0, 0
98586, 4, 843, 1418, 0, 0, 30.03%, 0, 0, 25, 75.55, 3532991, 804, 0, 0
98591, 4, 512, 1418, 0, 0, 30.03%, 0, 0, 25, 85.17, 3533409, 804, 0, 0
98596, 4, 553, 1418, 0, 0, 30.03%, 0, 0, 25, 85.76, 3533851, 804, 0, 0
98601, 4, 1385, 1418, 0, 0, 30.03%, 0, 0, 25, 71.93, 3534239, 804, 0, 0
98606, 4, 425, 1418, 0, 0, 30.03%, 0, 0, 25, 70.79, 3534540, 804, 0, 0
98611, 4, 815, 1418, 0, 0, 30.03%, 0, 0, 25, 78.21, 3534986, 804, 0, 0
98616, 4, 927, 1418, 0, 0, 30.03%, 0, 0, 25, 68.12, 3535329, 804, 0, 0
98621, 4, 1191, 1418, 0, 0, 30.03%, 0, 0, 25, 64.10, 3535650, 804, 0, 0
98626, 4, 343, 1418, 0, 0, 30.03%, 0, 0, 25, 79.46, 3536036, 804, 0, 0
98632, 4, 1397, 1418, 0, 0, 30.03%, 0, 0, 25, 66.23, 3536386, 804, 0, 0
98637, 4, 520, 1418, 0, 0, 30.03%, 0, 0, 25, 63.85, 3536679, 804, 0, 0
98642, 4, 605, 1418, 0, 0, 30.03%, 0, 0, 25, 80.79, 3537137, 804, 0, 0
98647, 4, 389, 1418, 0, 0, 30.03%, 0, 0, 25, 22.40, 3537578, 804, 0, 0
98652, 4, 1362, 1418, 0, 0, 30.03%, 0, 0, 25, 63.12, 3537965, 804, 0, 0
98657, 4, 1362, 1418, 0, 0, 30.03%, 0, 0, 25, 53.12, 3538226, 804, 0, 0
98662, 4, 1035, 1418, 0, 0, 30.03%, 0, 0, 25, 67.28, 3538603, 804, 0, 0
98667, 4, 1397, 1418, 0, 0, 30.03%, 0, 0, 25, 54.93, 3538871, 804, 0, 0
98672, 4, 1389, 1418, 0, 0, 30.03%, 0, 0, 25, 75.80, 3539248, 804, 0, 0
98677, 4, 1389, 1418, 0, 0, 30.03%, 0, 0, 25, 54.42, 3539497, 804, 0, 0
98683, 4, 1397, 1418, 0, 0, 30.03%, 0, 0, 25, 56.79, 3539806, 804, 0, 0
98688, 4, 1351, 1418, 0, 0, 30.03%, 0, 0, 25, 51.42, 3540062, 804, 0, 0
98693, 4, 320, 1418, 0, 0, 30.03%, 0, 0, 25, 68.43, 3540389, 804, 0, 0
98698, 4, 1146, 1418, 0, 0, 30.03%, 0, 0, 25, 63.36, 3540723, 804, 0, 0
98703, 4, 527, 1418, 0, 0, 30.03%, 0, 0, 25, 82.40, 3541151, 804, 0, 0
98708, 4, 1251, 1418, 0, 0, 30.03%, 0, 0, 25, 92.93, 3541640, 804, 0, 0
98713, 4, 639, 1418, 0, 0, 30.03%, 0, 0, 25, 65.39, 3541930, 804, 0, 0
98718, 4, 837, 1418, 0, 0, 30.03%, 0, 0, 25, 67.72, 3542295, 804, 0, 0
98723, 4, 1199, 1418, 0, 0, 30.03%, 0, 0, 25, 74.55, 3542691, 804, 0, 0
98729, 4, 1272, 1418, 0, 0, 30.03%, 0, 0, 25, 60.51, 3542989, 804, 0, 0
98734, 4, 553, 1418, 0, 0, 30.03%, 0, 0, 25, 70.78, 3543324, 804, 0, 0
98739, 4, 514, 1418, 0, 0, 30.03%, 0, 0, 25, 90.26, 3543816, 804, 0, 0
98744, 4, 495, 1418, 0, 0, 30.03%, 0, 0, 25, 95.20, 3544310, 804, 0, 0
98749, 4, 1276, 1418, 0, 0, 30.03%, 0, 0, 25, 70.38, 3544650, 804, 0, 0
98754, 4, 1203, 1418, 0, 0, 30.03%, 0, 0, 25, 59.43, 3544934, 804, 0, 0
98759, 4, 668, 1418, 0, 0, 30.03%, 0, 0, 25, 70.91, 3545292, 804, 0, 0
98764, 4, 1138, 1418, 0, 0, 30.03%, 0, 0, 25, 65.54, 3545623, 804, 0, 0
98769, 4, 846, 1418, 0, 0, 30.03%, 0, 0, 25, 66.58, 3545964, 804, 0, 0
98775, 4, 646, 1418, 0, 0, 30.03%, 0, 0, 25, 68.59, 3546315, 804, 0, 0
98780, 4, 895, 1418, 0, 0, 30.03%, 0, 0, 25, 70.30, 3546683, 804, 0, 0
98785, 4, 88, 1418, 0, 0, 30.03%, 0, 0, 25, 81.02, 3547083, 804, 0, 0
98790, 4, 1242, 1418, 0, 0, 30.03%, 0, 0, 25, 68.87, 3547433, 804, 0, 0
98795, 4, 788, 1418, 0, 0, 30.03%, 0, 0, 25, 61.88, 3547739, 804, 0, 0
98800, 4, 1173, 1418, 0, 0, 30.03%, 0, 0, 25, 63.38, 3548073, 804, 0, 0
98806, 4, 1173, 1418, 0, 0, 30.03%, 0, 0, 25, 58.91, 3548372, 804, 0, 0
98811, 4, 1158, 1419, 1, 0, 30.03%, 0, 0, 25, 60.48, 3548680, 804, 0, 0
98816, 4, 1158, 1419, 1, 0, 30.03%, 0, 0, 25, 60.37, 3548987, 804, 0, 0
98821, 4, 1286, 1419, 1, 0, 30.03%, 0, 0, 25, 58.03, 3549304, 804, 0, 0
98826, 4, 1282, 1419, 1, 0, 30.03%, 0, 0, 25, 54.67, 3549579, 804, 0, 0
98831, 4, 870, 1419, 1, 0, 30.03%, 0, 0, 25, 63.14, 3549899, 804, 0, 0
98836, 4, 289, 1419, 1, 0, 30.03%, 0, 0, 25, 90.22, 3550371, 804, 0, 0
98841, 4, 1356, 1419, 1, 0, 30.03%, 0, 0, 25, 63.44, 3550683, 804, 0, 0
98846, 4, 1418, 1419, 1, 0, 30.03%, 0, 0, 25, 81.22, 3551094, 804, 0, 0
98851, 4, 1418, 1419, 1, 0, 30.03%, 0, 0, 25, 64.55, 3551395, 804, 0, 0
98857, 4, 1418, 1419, 1, 0, 30.03%, 0, 0, 25, 58.44, 3551694, 804, 0, 0
98862, 4, 1418, 1419, 1, 0, 30.03%, 0, 0, 25, 60.23, 3552001, 804, 0, 0
98867, 4, 1418, 1419, 1, 0, 30.03%, 0, 0, 25, 59.69, 3552304, 804, 0, 0
98872, 4, 1418, 1419, 1, 0, 30.03%, 0, 0, 25, 59.95, 3552625, 804, 0, 0
98877, 4, 1418, 1419, 1, 0, 30.03%, 0, 0, 25, 60.87, 3552936, 804, 0, 0
98882, 4, 1418, 1419, 1, 0, 30.03%, 0, 0, 25, 60.56, 3553250, 804, 0, 0
98888, 4, 1418, 1419, 1, 0, 30.03%, 0, 0, 25, 59.22, 3553551, 804, 0, 0
98893, 4, 1265, 1419, 0, 0, 30.03%, 0, 0, 25, 58.96, 3553861, 804, 0, 0
98898, 4, 694, 1419, 0, 0, 30.03%, 0, 0, 25, 58.52, 3554153, 804, 0, 0
98903, 4, 437, 1419, 0, 0, 30.03%, 0, 0, 25, 85.74, 3554607, 804, 0, 0
98908, 4, 179, 1419, 0, 0, 30.03%, 0, 0, 25, 70.66, 3554967, 804, 0, 0
98913, 4, 1161, 1419, 0, 0, 30.03%, 0, 0, 25, 66.60, 3555342, 804, 0, 0
98918, 4, 1149, 1419, 0, 0, 30.03%, 0, 0, 25, 31.68, 3555623, 804, 0, 0
98923, 4, 115, 1419, 0, 0, 30.03%, 0, 0, 25, 86.29, 3556117, 804, 0, 0
98928, 4, 1234, 1419, 0, 0, 30.03%, 0, 0, 25, 64.21, 3556417, 804, 0, 0
98934, 4, 314, 1419, 0, 0, 30.03%, 0, 0, 25, 80.36, 3556860, 804, 0, 0
98939, 4, 688, 1419, 0, 0, 30.03%, 0, 0, 25, 89.04, 3557351, 804, 0, 0
98944, 4, 1341, 1419, 0, 0, 30.03%, 0, 0, 25, 62.99, 3557649, 804, 0, 0
98949, 4, 1340, 1419, 0, 0, 30.03%, 0, 0, 25, 65.70, 3557979, 804, 0, 0
98954, 4, 1232, 1419, 0, 0, 30.03%, 0, 0, 25, 60.30, 3558293, 804, 0, 0
98959, 4, 806, 1419, 0, 0, 30.03%, 0, 0, 25, 65.78, 3558631, 804, 0, 0
98964, 4, 1243, 1419, 0, 0, 30.03%, 0, 0, 25, 59.37, 3558922, 804, 0, 0
98969, 4, 492, 1419, 0, 0, 30.03%, 0, 0, 25, 68.88, 3559275, 804, 0, 0
98975, 4, 1397, 1419, 0, 0, 30.03%, 0, 0, 25, 67.48, 3559671, 804, 0, 0
98980, 4, 492, 1419, 0, 0, 30.03%, 0, 0, 25, 71.87, 3559995, 804, 0, 0
98985, 4, 1204, 1419, 0, 0, 30.03%, 0, 0, 25, 73.00, 3560406, 804, 0, 0
98990, 4, 1076, 1419, 0, 0, 30.03%, 0, 0, 25, 62.89, 3560712, 804, 0, 0
98995, 4, 1171, 1419, 0, 0, 30.03%, 0, 0, 25, 70.49, 3561068, 804, 0, 0
99000, 4, 618, 1419, 0, 0, 30.03%, 0, 0, 25, 66.02, 3561394, 804, 0, 0
99005, 4, 1374, 1419, 0, 0, 30.03%, 0, 0, 25, 67.84, 3561766, 804, 0, 0
99011, 4, 1374, 1419, 0, 0, 30.03%, 0, 0, 25, 54.23, 3562020, 804, 0, 0
99016, 4, 1368, 1419, 0, 0, 30.03%, 0, 0, 25, 46.93, 3562258, 804, 0, 0
99021, 4, 1341, 1419, 0, 0, 30.03%, 0, 0, 25, 50.94, 3562519, 804, 0, 0
99026, 4, 1178, 1419, 0, 0, 30.03%, 0, 0, 25, 54.27, 3562777, 804, 0, 0
99031, 4, 920, 1419, 0, 0, 30.03%, 0, 0, 25, 63.08, 3563103, 804, 0, 0
99036, 4, 754, 1419, 0, 0, 30.03%, 0, 0, 25, 83.62, 3563573, 804, 0, 0
99041, 4, 1191, 1419, 0, 0, 30.03%, 0, 0, 25, 81.75, 3563984, 804, 0, 0
99046, 4, 1397, 1419, 0, 0, 30.03%, 0, 0, 25, 60.91, 3564265, 804, 0, 0
99052, 4, 1397, 1419, 0, 0, 30.03%, 0, 0, 25, 52.56, 3564519, 804, 0, 0
99057, 4, 99, 1419, 0, 0, 30.03%, 0, 0, 25, 90.43, 3565011, 804, 0, 0
99062, 4, 1355, 1419, 0, 0, 30.03%, 0, 0, 25, 60.70, 3565292, 804, 0, 0
99067, 4, 1172, 1419, 0, 0, 30.03%, 0, 0, 25, 57.17, 3565571, 804, 0, 0
99072, 4, 492, 1419, 0, 0, 30.03%, 0, 0, 25, 90.41, 3566070, 804, 0, 0
99077, 4, 817, 1419, 0, 0, 30.03%, 0, 0, 25, 83.29, 3566513, 804, 0, 0
99082, 4, 553, 1419, 0, 0, 30.03%, 0, 0, 25, 89.19, 3566949, 804, 0, 0
99087, 4, 1091, 1419, 0, 0, 30.03%, 0, 0, 25, 77.18, 3567356, 804, 0, 0
99092, 4, 1199, 1419, 0, 0, 30.03%, 0, 0, 25, 64.20, 3567673, 804, 0, 0
99098, 4, 694, 1419, 0, 0, 30.03%, 0, 0, 25, 66.24, 3568002, 804, 0, 0
99103, 4, 1245, 1419, 0, 0, 30.03%, 0, 0, 25, 60.81, 3568320, 804, 0, 0
99108, 4, 495, 1419, 0, 0, 30.03%, 0, 0, 25, 86.04, 3568772, 804, 0, 0
99113, 4, 1411, 1419, 0, 0, 30.03%, 0, 0, 25, 95.43, 3569283, 804, 0, 0
99118, 4, 384, 1419, 0, 0, 30.03%, 0, 0, 25, 97.53, 3569779, 804, 0, 0
99123, 4, 1226, 1419, 0, 0, 30.03%, 0, 0, 25, 86.97, 3570212, 804, 0, 0
99129, 4, 1189, 1419, 0, 0, 30.03%, 0, 0, 25, 63.88, 3570510, 804, 0, 0
99134, 4, 611, 1419, 0, 0, 30.03%, 0, 0, 25, 62.15, 3570819, 804, 0, 0
99139, 4, 1314, 1419, 0, 0, 30.03%, 0, 0, 25, 58.58, 3571111, 804, 0, 0
99144, 4, 675, 1419, 0, 0, 30.03%, 0, 0, 25, 62.21, 3571409, 804, 0, 0
99149, 4, 1208, 1419, 0, 0, 30.03%, 0, 0, 25, 69.99, 3571811, 804, 0, 0
99154, 4, 608, 1419, 0, 0, 30.03%, 0, 0, 25, 69.40, 3572139, 804, 0, 0
99159, 4, 88, 1419, 0, 0, 30.03%, 0, 0, 25, 70.67, 3572499, 804, 0, 0
99164, 4, 223, 1419, 0, 0, 30.03%, 0, 0, 25, 94.17, 3573008, 804, 0, 0
99169, 4, 1221, 1419, 0, 0, 30.03%, 0, 0, 25, 65.63, 3573325, 804, 0, 0
99175, 4, 430, 1419, 0, 0, 30.03%, 0, 0, 25, 92.20, 3573817, 804, 0, 0
99180, 4, 1228, 1419, 0, 0, 30.03%, 0, 0, 25, 98.57, 3574334, 804, 0, 0
99185, 4, 1228, 1419, 0, 0, 30.03%, 0, 0, 25, 66.10, 3574621, 804, 0, 0
99190, 4, 1354, 1419, 0, 0, 30.03%, 0, 0, 25, 52.03, 3574862, 804, 0, 0
99195, 4, 538, 1419, 0, 0, 30.03%, 0, 0, 25, 79.87, 3575274, 804, 0, 0
99200, 4, 553, 1419, 0, 0, 30.03%, 0, 0, 25, 92.86, 3575767, 804, 0, 0
99205, 4, 1277, 1419, 0, 0, 30.03%, 0, 0, 25, 89.45, 3576236, 804, 0, 0
99210, 4, 1081, 1419, 0, 0, 30.03%, 0, 0, 25, 71.67, 3576596, 804, 0, 0
99215, 4, 1148, 1419, 0, 0, 30.03%, 0, 0, 25, 61.68, 3576902, 804, 0, 0
99220, 4, 1229, 1419, 0, 0, 30.03%, 0, 0, 25, 58.61, 3577200, 804, 0, 0
99226, 4, 916, 1419, 0, 0, 30.03%, 0, 0, 25, 64.29, 3577527, 804, 0, 0
99231, 4, 1258, 1419, 0, 0, 30.03%, 0, 0, 25, 59.69, 3577828, 804, 0, 0
99236, 4, 555, 1419, 0, 0, 30.03%, 0, 0, 25, 83.07, 3578259, 804, 0, 0
99241, 4, 426, 1419, 0, 0, 30.03%, 0, 0, 25, 85.96, 3578688, 804, 0, 0
99246, 4, 1136, 1419, 0, 0, 30.03%, 0, 0, 25, 81.36, 3579143, 804, 0, 0
99251, 4, 614, 1419, 0, 0, 30.03%, 0, 0, 25, 66.27, 3579523, 804, 0, 0
99256, 4, 553, 1419, 0, 0, 30.03%, 0, 0, 25, 78.15, 3579931, 804, 0, 0
99262, 4, 682, 1419, 0, 0, 30.03%, 0, 0, 25, 14.22, 3580397, 804, 0, 0
99267, 4, 1170, 1419, 0, 0, 30.03%, 0, 0, 25, 66.24, 3580744, 804, 0, 0
99272, 4, 584, 1419, 0, 0, 30.03%, 0, 0, 25, 84.55, 3581172, 804, 0, 0
99277, 4, 1264, 1419, 0, 0, 30.03%, 0, 0, 25, 79.94, 3581574, 804, 0, 0
99282, 4, 1264, 1419, 0, 0, 30.03%, 0, 0, 25, 58.35, 3581848, 804, 0, 0
99287, 4, 327, 1419, 0, 0, 30.03%, 0, 0, 25, 85.27, 3582295, 804, 0, 0
99293, 4, 750, 1419, 0, 0, 30.03%, 0, 0, 25, 81.90, 3582735, 804, 0, 0
99298, 4, 778, 1419, 0, 0, 30.03%, 0, 0, 25, 77.80, 3583154, 804, 0, 0
99303, 4, 37, 1419, 0, 0, 30.03%, 0, 0, 25, 90.13, 3583607, 804, 0, 0
99308, 4, 225, 1419, 0, 0, 30.03%, 0, 0, 25, 85.95, 3584035, 804, 0, 0
99313, 4, 1365, 1419, 0, 0, 30.03%, 0, 0, 25, 58.59, 3584303, 804, 0, 0
99318, 4, 537, 1419, 0, 0, 30.03%, 0, 0, 25, 84.33, 3584748, 804, 0, 0
99323, 4, 725, 1419, 0, 0, 30.03%, 0, 0, 25, 94.24, 3585253, 804, 0, 0
99328, 4, 171, 1419, 0, 0, 30.03%, 0, 0, 25, 80.74, 3585637, 804, 0, 0
99334, 4, 1283, 1419, 0, 0, 30.03%, 0, 0, 25, 69.15, 3586017, 804, 0, 0
99339, 4, 319, 1419, 0, 0, 30.03%, 0, 0, 25, 70.39, 3586340, 804, 0, 0
99344, 4, 1285, 1419, 0, 0, 30.03%, 0, 0, 25, 69.06, 3586737, 804, 0, 0
99349, 4, 1397, 1419, 0, 0, 30.03%, 0, 0, 25, 52.09, 3586990, 804, 0, 0
99354, 4, 952, 1419, 0, 0, 30.03%, 0, 0, 25, 54.48, 3587260, 804, 0, 0
99359, 4, 734, 1419, 0, 0, 30.03%, 0, 0, 25, 72.72, 3587643, 804, 0, 0
99364, 4, 1338, 1419, 0, 0, 30.03%, 0, 0, 25, 70.62, 3588006, 804, 0, 0
99369, 4, 1322, 1419, 0, 0, 30.03%, 0, 0, 25, 85.13, 3588462, 804, 0, 0
99375, 4, 564, 1419, 0, 0, 30.03%, 0, 0, 25, 72.67, 3588815, 804, 0, 0
99380, 4, 151, 1419, 0, 0, 30.03%, 0, 0, 25, 90.32, 3589277, 804, 0, 0
99385, 4, 783, 1419, 0, 0, 30.03%, 0, 0, 25, 87.21, 3589750, 804, 0, 0
99390, 4, 522, 1419, 0, 0, 30.03%, 0, 0, 25, 84.92, 3590157, 804, 0, 0
99395, 4, 1086, 1419, 0, 0, 30.03%, 0, 0, 25, 79.79, 3590593, 804, 0, 0
99400, 4, 1135, 1419, 0, 0, 30.03%, 0, 0, 25, 65.80, 3590919, 804, 0, 0
99405, 4, 1168, 1419, 0, 0, 30.03%, 0, 0, 25, 60.83, 3591231, 804, 0, 0
99411, 4, 1284, 1419, 0, 0, 30.03%, 0, 0, 25, 71.63, 3591606, 804, 0, 0
99416, 4, 497, 1419, 0, 0, 30.03%, 0, 0, 25, 63.52, 3591901, 804, 0, 0
99421, 4, 1410, 1419, 0, 0, 30.03%, 0, 0, 25, 79.80, 3592355, 804, 0, 0
99426, 4, 1371, 1419, 0, 0, 30.03%, 0, 0, 25, 83.59, 3592768, 804, 0, 0
99431, 4, 1371, 1419, 0, 0, 30.03%, 0, 0, 25, 55.25, 3593011, 804, 0, 0
99436, 4, 753, 1419, 0, 0, 30.03%, 0, 0, 25, 62.35, 3593326, 804, 0, 0
99441, 4, 429, 1419, 0, 0, 30.03%, 0, 0, 25, 82.90, 3593757, 804, 0, 0
99446, 4, 1394, 1419, 0, 0, 30.03%, 0, 0, 25, 62.28, 3594071, 804, 0, 0
99452, 4, 651, 1419, 0, 0, 30.03%, 0, 0, 25, 76.64, 3594452, 804, 0, 0
99457, 4, 314, 1419, 0, 0, 30.03%, 0, 0, 25, 88.46, 3594918, 804, 0, 0
99462, 4, 1278, 1419, 0, 0, 30.03%, 0, 0, 25, 72.21, 3595319, 804, 0, 0
99467, 4, 1063, 1419, 0, 0, 30.03%, 0, 0, 25, 61.91, 3595609, 804, 0, 0
99472, 4, 904, 1419, 0, 0, 30.03%, 0, 0, 25, 72.01, 3595981, 804, 0, 0
99477, 4, 998, 1419, 0, 0, 30.03%, 0, 0, 25, 67.70, 3596328, 804, 0, 0
99482, 4, 289, 1419, 0, 0, 30.03%, 0, 0, 25, 88.34, 3596773, 804, 0, 0
99488, 4, 1308, 1419, 0, 0, 30.03%, 0, 0, 25, 63.54, 3597098, 804, 0, 0
99493, 4, 1298, 1419, 0, 0, 30.03%, 0, 0, 25, 80.06, 3597514, 804, 0, 0
99498, 4, 608, 1419, 0, 0, 30.03%, 0, 0, 25, 60.19, 3597794, 804, 0, 0
99503, 4, 673, 1419, 0, 0, 30.03%, 0, 0, 25, 82.33, 3598241, 804, 0, 0
99508, 4, 1300, 1419, 0, 0, 30.03%, 0, 0, 25, 77.61, 3598654, 804, 0, 0
99513, 4, 1295, 1419, 0, 0, 30.03%, 0, 0, 25, 58.80, 3598929, 804, 0, 0
99518, 4, 605, 1419, 0, 0, 30.03%, 0, 0, 25, 55.71, 3599198, 804, 0, 0
99523, 4, 679, 1419, 0, 0, 30.03%, 0, 0, 25, 71.61, 3599577, 804, 0, 0
99528, 4, 404, 1419, 0, 0, 30.03%, 0, 0, 25, 86.83, 3600019, 804, 0, 0
99534, 4, 1242, 1419, 0, 0, 30.03%, 0, 0, 25, 73.53, 3600410, 804, 0, 0
99539, 4, 75, 1419, 0, 0, 30.03%, 0, 0, 25, 84.18, 3600807, 804, 0, 0
99544, 4, 1292, 1419, 0, 0, 30.03%, 0, 0, 25, 66.92, 3601158, 804, 0, 0
99549, 4, 528, 1419, 0, 0, 30.03%, 0, 0, 25, 74.43, 3601510, 804, 0, 0
99554, 4, 1307, 1419, 0, 0, 30.03%, 0, 0, 25, 78.50, 3601941, 804, 0, 0
99559, 4, 1307, 1419, 0, 0, 30.03%, 0, 0, 25, 58.38, 3602214, 804, 0, 0
99565, 4, 1237, 1419, 0, 0, 30.03%, 0, 0, 25, 60.94, 3602555, 804, 0, 0
99570, 4, 1304, 1419, 0, 0, 30.03%, 0, 0, 25, 65.90, 3602926, 804, 0, 0
99575, 4, 1382, 1419, 0, 0, 30.03%, 0, 0, 25, 54.64, 3603187, 804, 0, 0
99580, 4, 1397, 1419, 0, 0, 30.03%, 0, 0, 25, 51.62, 3603446, 804, 0, 0
99585, 4, 1397, 1419, 0, 0, 30.03%, 0, 0, 25, 50.74, 3603704, 804, 0, 0
99590, 4, 1182, 1419, 0, 0, 30.03%, 0, 0, 25, 56.85, 3604004, 804, 0, 0
99595, 4, 1271, 1419, 0, 0, 30.03%, 0, 0, 25, 56.75, 3604300, 804, 0, 0
99600, 4, 649, 1419, 0, 0, 30.03%, 0, 0, 25, 61.33, 3604604, 804, 0, 0
99606, 4, 494, 1419, 0, 0, 30.03%, 0, 0, 25, 87.63, 3605071, 804, 0, 0
99611, 4, 622, 1419, 0, 0, 30.03%, 0, 0, 25, 81.41, 3605484, 804, 0, 0
99616, 4, 1398, 1419, 0, 0, 30.03%, 0, 0, 25, 72.81, 3605850, 804, 0, 0
99621, 4, 1398, 1419, 0, 0, 30.03%, 0, 0, 25, 55.25, 3606108, 804, 0, 0
99626, 4, 695, 1419, 0, 0, 30.03%, 0, 0, 25, 75.67, 3606510, 804, 0, 0
99631, 4, 1180, 1419, 0, 0, 30.03%, 0, 0, 25, 63.34, 3606827, 804, 0, 0
99636, 4, 753, 1419, 0, 0, 30.03%, 0, 0, 25, 77.71, 3607231, 804, 0, 0
99641, 4, 1141, 1419, 0, 0, 30.03%, 0, 0, 25, 67.45, 3607579, 804, 0, 0
99646, 4, 220, 1419, 0, 0, 30.03%, 0, 0, 25, 83.56, 3607992, 804, 0, 0
99652, 4, 88, 1419, 0, 0, 30.03%, 0, 0, 25, 72.82, 3608359, 804, 0, 0
99657, 4, 412, 1419, 0, 0, 30.03%, 0, 0, 25, 71.41, 3608736, 804, 0, 0
99662, 4, 707, 1419, 0, 0, 30.03%, 0, 0, 25, 82.34, 3609199, 804, 0, 0
99667, 4, 171, 1419, 0, 0, 30.03%, 0, 0, 25, 94.99, 3609686, 804, 0, 0
99672, 4, 1092, 1419, 0, 0, 30.03%, 0, 0, 25, 70.26, 3610016, 804, 0, 0
99677, 4, 1292, 1419, 0, 0, 30.03%, 0, 0, 25, 56.83, 3610289, 804, 0, 0
99682, 4, 330, 1419, 0, 0, 30.03%, 0, 0, 25, 80.18, 3610702, 804, 0, 0
99687, 4, 974, 1419, 0, 0, 30.03%, 0, 0, 25, 75.71, 3611117, 804, 0, 0
99692, 4, 1396, 1419, 0, 0, 30.03%, 0, 0, 25, 68.50, 3611464, 804, 0, 0
99698, 4, 706, 1419, 0, 0, 30.03%, 0, 0, 25, 57.31, 3611729, 804, 0, 0
99703, 4, 1182, 1419, 0, 0, 30.03%, 0, 0, 25, 61.16, 3612067, 804, 0, 0
99708, 4, 179, 1419, 0, 0, 30.03%, 0, 0, 25, 90.37, 3612518, 804, 0, 0
99713, 4, 1251, 1419, 0, 0, 30.03%, 0, 0, 25, 63.34, 3612808, 804, 0, 0
99718, 4, 1035, 1419, 0, 0, 30.03%, 0, 0, 25, 79.51, 3613260, 804, 0, 0
99723, 4, 1401, 1419, 0, 0, 30.03%, 0, 0, 25, 75.08, 3613635, 804, 0, 0
99728, 4, 192, 1419, 0, 0, 30.03%, 0, 0, 25, 86.95, 3614087, 804, 0, 0
99733, 4, 1284, 1419, 0, 0, 30.03%, 0, 0, 25, 69.85, 3614463, 804, 0, 0
99739, 4, 1165, 1419, 0, 0, 30.03%, 0, 0, 25, 58.91, 3614743, 804, 0, 0
99744, 4, 383, 1419, 0, 0, 30.03%, 0, 0, 25, 75.13, 3615108, 804, 0, 0
99749, 4, 424, 1419, 0, 0, 30.03%, 0, 0, 25, 93.64, 3615617, 804, 0, 0
99754, 5, 1250, 1419, 0, 0, 30.03%, 0, 0, 25, 77.81, 3616038, 804, 0, 0
99759, 5, 1106, 1419, 0, 0, 30.03%, 0, 0, 25, 64.73, 3616342, 804, 0, 0
99764, 5, 1190, 1419, 0, 0, 30.03%, 0, 0, 25, 59.92, 3616643, 804, 0, 0
99769, 5, 577, 1419, 0, 0, 30.03%, 0, 0, 25, 72.02, 3616992, 804, 0, 0
99774, 5, 1397, 1419, 0, 0, 30.03%, 0, 0, 25, 58.34, 3617288, 804, 0, 0
99780, 5, 179, 1419, 0, 0, 30.03%, 0, 0, 25, 68.80, 3617627, 804, 0, 0
99785, 5, 656, 1419, 0, 0, 30.03%, 0, 0, 25, 90.21, 3618141, 804, 0, 0
99790, 5, 211, 1419, 0, 0, 30.03%, 0, 0, 25, 82.79, 3618535, 804, 0, 0
99795, 5, 1264, 1419, 0, 0, 30.03%, 0, 0, 25, 60.50, 3618834, 804, 0, 0
99800, 5, 1215, 1419, 0, 0, 30.03%, 0, 0, 25, 58.19, 3619130, 804, 0, 0
99805, 5, 1062, 1419, 0, 0, 30.03%, 0, 0, 25, 63.23, 3619448, 804, 0, 0
99810, 5, 1267, 1419, 0, 0, 30.03%, 0, 0, 25, 67.62, 3619827, 804, 0, 0
99815, 5, 1266, 1419, 0, 0, 30.03%, 0, 0, 25, 75.77, 3620198, 804, 0, 0
99820, 5, 568, 1419, 0, 0, 30.03%, 0, 0, 25, 62.18, 3620485, 804, 0, 0
99825, 5, 1242, 1419, 0, 0, 30.03%, 0, 0, 25, 68.03, 3620870, 804, 0, 0
99831, 5, 652, 1419, 0, 0, 30.03%, 0, 0, 25, 72.94, 3621225, 804, 0, 0
99836, 5, 1368, 1419, 0, 0, 30.03%, 0, 0, 25, 58.59, 3621517, 804, 0, 0
99841, 5, 1117, 1419, 0, 0, 30.03%, 0, 0, 25, 59.55, 3621812, 804, 0, 0
99846, 5, 1092, 1419, 0, 0, 30.03%, 0, 0, 25, 61.59, 3622136, 804, 0, 0
99851, 5, 1209, 1419, 0, 0, 30.03%, 0, 0, 25, 58.99, 3622427, 804, 0, 0
99856, 5, 1383, 1419, 0, 0, 30.03%, 0, 0, 25, 56.28, 3622729, 804, 0, 0
99861, 5, 569, 1419, 0, 0, 30.03%, 0, 0, 25, 70.78, 3623077, 804, 0, 0
99866, 5, 255, 1419, 0, 0, 30.03%, 0, 0, 25, 82.12, 3623490, 804, 0, 0
99871, 5, 566, 1419, 0, 0, 30.03%, 0, 0, 25, 86.84, 3623969, 804, 0, 0
99876, 5, 1052, 1419, 0, 0, 30.03%, 0, 0, 25, 69.95, 3624311, 804, 0, 0
99882, 5, 702, 1419, 0, 0, 30.03%, 0, 0, 25, 80.78, 3624751, 804, 0, 0
99887, 5, 1354, 1419, 0, 0, 30.03%, 0, 0, 25, 57.87, 3625040, 804, 0, 0
99892, 5, 1131, 1419, 0, 0, 30.03%, 0, 0, 25, 57.40, 3625316, 804, 0, 0
99897, 5, 1301, 1419, 0, 0, 30.03%, 0, 0, 25, 55.86, 3625613, 804, 0, 0
99902, 5, 1208, 1419, 0, 0, 30.03%, 0, 0, 25, 55.49, 3625896, 804, 0, 0
99907, 5, 790, 1419, 0, 0, 30.03%, 0, 0, 25, 60.41, 3626210, 804, 0, 0
99913, 5, 765, 1419, 0, 0, 30.03%, 0, 0, 25, 66.61, 3626556, 804, 0, 0
99918, 5, 546, 1419, 0, 0, 30.03%, 0, 0, 25, 76.85, 3626964, 804, 0, 0
99923, 5, 1099, 1419, 0, 0, 30.03%, 0, 0, 25, 80.99, 3627425, 804, 0, 0
99928, 5, 1401, 1419, 0, 0, 30.03%, 0, 0, 25, 82.50, 3627834, 804, 0, 0
99933, 5, 1074, 1419, 0, 0, 30.03%, 0, 0, 25, 70.80, 3628196, 804, 0, 0
99938, 5, 1123, 1419, 0, 0, 30.03%, 0, 0, 25, 70.56, 3628548, 804, 0, 0
99943, 5, 600, 1419, 0, 0, 30.03%, 0, 0, 25, 71.11, 3628905, 804, 0, 0
99949, 5, 1256, 1419, 0, 0, 30.03%, 0, 0, 25, 60.76, 3629213, 804, 0, 0
99954, 5, 1213, 1419, 0, 0, 30.03%, 0, 0, 25, 63.54, 3629558, 804, 0, 0
99959, 5, 1160, 1419, 0, 0, 30.03%, 0, 0, 25, 59.23, 3629858, 804, 0, 0
99964, 5, 1213, 1419, 0, 0, 30.03%, 0, 0, 25, 57.16, 3630146, 804, 0, 0
99969, 5, 741, 1419, 0, 0, 30.03%, 0, 0, 25, 76.93, 3630540, 804, 0, 0
99974, 5, 637, 1419, 0, 0, 30.03%, 0, 0, 25, 76.42, 3630935, 804, 0, 0
99979, 5, 1013, 1419, 0, 0, 30.03%, 0, 0, 25, 76.54, 3631349, 804, 0, 0
99985, 5, 533, 1419, 0, 0, 30.03%, 0, 0, 25, 85.43, 3631774, 804, 0, 0
99990, 5, 660, 1419, 0, 0, 30.03%, 0, 0, 25, 85.84, 3632212, 804, 0, 0
99995, 5, 553, 1419, 0, 0, 30.03%, 0, 0, 25, 94.01, 3632684, 804, 0, 0
100000, 5, 1360, 1419, 0, 0, 30.03%, 0, 0, 25, 66.77, 3633021, 804, 0, 0
100005, 5, 1083, 1419, 0, 0, 30.03%, 0, 0, 25, 57.57, 3633298, 804, 0, 0
100010, 5, 1368, 1419, 0, 0, 30.03%, 0, 0, 25, 55.14, 3633583, 804, 0, 0
100015, 5, 492, 1419, 0, 0, 30.03%, 0, 0, 25, 70.48, 3633915, 804, 0, 0
100020, 5, 1367, 1419, 0, 0, 30.03%, 0, 0, 25, 66.88, 3634287, 804, 0, 0
100025, 5, 123, 1419, 0, 0, 30.03%, 0, 0, 25, 76.65, 3634635, 804, 0, 0
100031, 5, 88, 1419, 0, 0, 30.03%, 0, 0, 25, 92.65, 3635116, 804, 0, 0
100036, 5, 1227, 1419, 0, 0, 30.03%, 0, 0, 25, 70.55, 3635483, 804, 0, 0
100041, 5, 287, 1419, 0, 0, 30.03%, 0, 0, 25, 73.82, 3635825, 804, 0, 0
100046, 5, 1193, 1419, 0, 0, 30.03%, 0, 0, 25, 64.07, 3636154, 804, 0, 0
100051, 5, 802, 1419, 0, 0, 30.03%, 0, 0, 25, 77.13, 3636555, 804, 0, 0
100056, 5, 1276, 1419, 0, 0, 30.03%, 0, 0, 25, 63.47, 3636878, 804, 0, 0
100061, 5, 628, 1419, 0, 0, 30.03%, 0, 0, 25, 65.95, 3637188, 804, 0, 0
100066, 5, 599, 1419, 0, 0, 30.03%, 0, 0, 25, 79.13, 3637618, 804, 0, 0
100071, 5, 399, 1419, 0, 0, 30.03%, 0, 0, 25, 93.91, 3638119, 804, 0, 0
100077, 5, 442, 1419, 0, 0, 30.03%, 0, 0, 25, 98.10, 3638624, 804, 0, 0
100082, 5, 741, 1419, 0, 0, 30.03%, 0, 0, 25, 80.97, 3639034, 804, 0, 0
100087, 5, 636, 1419, 0, 0, 30.03%, 0, 0, 25, 88.96, 3639485, 804, 0, 0
100092, 5, 1161, 1419, 0, 0, 30.03%, 0, 0, 25, 69.70, 3639823, 804, 0, 0
100097, 5, 1261, 1419, 0, 0, 30.03%, 0, 0, 25, 66.82, 3640157, 804, 0, 0
100102, 5, 554, 1419, 0, 0, 30.03%, 0, 0, 25, 70.26, 3640494, 804, 0, 0
100107, 5, 171, 1419, 0, 0, 30.03%, 0, 0, 25, 91.19, 3640987, 804, 0, 0
100112, 5, 498, 1419, 0, 0, 30.03%, 0, 0, 25, 97.56, 3641491, 804, 0, 0
100117, 5, 440, 1419, 0, 0, 30.03%, 0, 0, 25, 96.48, 3641990, 804, 0, 0
100122, 5, 1287, 1419, 0, 0, 30.03%, 0, 0, 25, 62.63, 3642272, 804, 0, 0
100127, 5, 1256, 1419, 0, 0, 30.03%, 0, 0, 25, 57.26, 3642549, 804, 0, 0
100132, 5, 492, 1419, 0, 0, 30.03%, 0, 0, 25, 84.99, 3642994, 804, 0, 0
100138, 5, 511, 1419, 0, 0, 30.03%, 0, 0, 25, 97.68, 3643504, 804, 0, 0
100143, 5, 950, 1419, 0, 0, 30.03%, 0, 0, 25, 85.31, 3643953, 804, 0, 0
100148, 5, 750, 1419, 0, 0, 30.03%, 0, 0, 25, 79.90, 3644347, 804, 0, 0
100153, 5, 1365, 1419, 0, 0, 30.03%, 0, 0, 25, 62.99, 3644665, 804, 0, 0
100158, 5, 1381, 1419, 0, 0, 30.03%, 0, 0, 25, 51.02, 3644912, 804, 0, 0
100163, 5, 1075, 1419, 0, 0, 30.03%, 0, 0, 25, 46.41, 3645135, 804, 0, 0
100168, 5, 741, 1419, 0, 0, 30.03%, 0, 0, 25, 62.80, 3645471, 804, 0, 0
100173, 5, 621, 1419, 0, 0, 30.03%, 0, 0, 25, 74.26, 3645871, 804, 0, 0
100178, 5, 553, 1419, 0, 0, 30.03%, 0, 0, 25, 82.06, 3646304, 804, 0, 0
100184, 5, 1207, 1419, 0, 0, 30.03%, 0, 0, 25, 67.33, 3646655, 804, 0, 0
100189, 5, 791, 1419, 0, 0, 30.03%, 0, 0, 25, 67.29, 3646991, 804, 0, 0
100194, 5, 488, 1419, 0, 0, 30.03%, 0, 0, 25, 73.99, 3647383, 804, 0, 0
100199, 5, 1010, 1419, 0, 0, 30.03%, 0, 0, 25, 91.89, 3647880, 804, 0, 0
100204, 5, 1273, 1419, 0, 0, 30.03%, 0, 0, 25, 82.45, 3648267, 804, 0, 0
100209, 5, 1273, 1419, 0, 0, 30.03%, 0, 0, 25, 60.40, 3648540, 804, 0, 0
100214, 5, 235, 1419, 0, 0, 30.03%, 0, 0, 25, 92.36, 3649040, 804, 0, 0
100219, 5, 1191, 1419, 0, 0, 30.03%, 0, 0, 25, 64.76, 3649334, 804, 0, 0
100224, 5, 349, 1419, 0, 0, 30.03%, 0, 0, 25, 79.32, 3649741, 804, 0, 0
100229, 5, 1397, 1419, 0, 0, 30.03%, 0, 0, 25, 61.61, 3650057, 804, 0, 0
100235, 5, 881, 1419, 0, 0, 30.03%, 0, 0, 25, 64.38, 3650373, 804, 0, 0
100240, 5, 1173, 1419, 0, 0, 30.03%, 0, 0, 25, 71.35, 3650769, 804, 0, 0
100245, 5, 1007, 1419, 0, 0, 30.03%, 0, 0, 25, 60.97, 3651068, 804, 0, 0
100250, 5, 1411, 1419, 0, 0, 30.03%, 0, 0, 25, 73.34, 3651444, 804, 0, 0
100255, 5, 1311, 1419, 0, 0, 30.03%, 0, 0, 25, 82.29, 3651904, 804, 0, 0
100260, 5, 222, 1419, 0, 0, 30.03%, 0, 0, 25, 66.06, 3652201, 804, 0, 0
100265, 5, 530, 1419, 0, 0, 30.03%, 0, 0, 25, 82.57, 3652644, 804, 0, 0
100271, 5, 905, 1419, 0, 0, 30.03%, 0, 0, 25, 76.36, 3653046, 804, 0, 0
100276, 5, 753, 1419, 0, 0, 30.03%, 0, 0, 25, 73.62, 3653420, 804, 0, 0
100281, 5, 1300, 1419, 0, 0, 30.03%, 0, 0, 25, 58.49, 3653707, 804, 0, 0
100286, 5, 536, 1419, 0, 0, 30.03%, 0, 0, 25, 86.47, 3654160, 804, 0, 0
100291, 5, 1084, 1419, 0, 0, 30.03%, 0, 0, 25, 78.51, 3654582, 804, 0, 0
100296, 5, 1185, 1419, 0, 0, 30.03%, 0, 0, 25, 62.89, 3654890, 804, 0, 0
100301, 5, 492, 1419, 0, 0, 30.03%, 0, 0, 25, 76.51, 3655258, 804, 0, 0
100306, 5, 1281, 1419, 0, 0, 30.03%, 0, 0, 25, 62.29, 3655587, 804, 0, 0
100312, 5, 1025, 1419, 0, 0, 30.03%, 0, 0, 25, 80.78, 3656000, 804, 0, 0
100317, 5, 1231, 1419, 0, 0, 30.03%, 0, 0, 25, 67.37, 3656327, 804, 0, 0
100322, 5, 1152, 1419, 0, 0, 30.03%, 0, 0, 25, 59.12, 3656615, 804, 0, 0
100327, 5, 636, 1419, 0, 0, 30.03%, 0, 0, 25, 63.32, 3656939, 804, 0, 0
100332, 5, 501, 1419, 0, 0, 30.03%, 0, 0, 25, 70.80, 3657298, 804, 0, 0
100337, 5, 1194, 1419, 0, 0, 30.03%, 0, 0, 25, 75.44, 3657727, 804, 0, 0
100342, 5, 693, 1419, 0, 0, 30.03%, 0, 0, 25, 67.15, 3658050, 804, 0, 0
100347, 5, 981, 1419, 0, 0, 30.03%, 0, 0, 25, 79.27, 3658468, 804, 0, 0
100353, 5, 657, 1419, 0, 0, 30.03%, 0, 0, 25, 79.71, 3658855, 804, 0, 0
100358, 5, 1356, 1419, 0, 0, 30.03%, 0, 0, 25, 61.45, 3659165, 804, 0, 0
100363, 5, 492, 1419, 0, 0, 30.03%, 0, 0, 25, 74.40, 3659517, 804, 0, 0
100368, 5, 844, 1419, 0, 0, 30.03%, 0, 0, 25, 70.84, 3659884, 804, 0, 0
100373, 5, 1181, 1419, 0, 0, 30.03%, 0, 0, 25, 59.10, 3660172, 804, 0, 0
100378, 5, 1313, 1419, 0, 0, 30.03%, 0, 0, 25, 55.38, 3660452, 804, 0, 0
100383, 5, 1067, 1419, 0, 0, 30.03%, 0, 0, 25, 63.35, 3660780, 804, 0, 0
100388, 5, 877, 1419, 0, 0, 30.03%, 0, 0, 25, 66.75, 3661124, 804, 0, 0
100394, 5, 970, 1419, 0, 0, 30.03%, 0, 0, 25, 69.61, 3661507, 804, 0, 0
100399, 5, 1394, 1419, 0, 0, 30.03%, 0, 0, 25, 54.91, 3661774, 804, 0, 0
100404, 5, 494, 1419, 0, 0, 30.03%, 0, 0, 25, 84.97, 3662219, 804, 0, 0
100409, 5, 563, 1419, 0, 0, 30.03%, 0, 0, 25, 91.18, 3662705, 804, 0, 0
100414, 5, 231, 1419, 0, 0, 30.03%, 0, 0, 25, 69.61, 3663040, 804, 0, 0
100419, 5, 1010, 1419, 0, 0, 30.03%, 0, 0, 25, 70.01, 3663415, 804, 0, 0
100425, 5, 705, 1419, 0, 0, 30.03%, 0, 0, 25, 83.89, 3663887, 804, 0, 0
100430, 5, 1153, 1419, 0, 0, 30.03%, 0, 0, 25, 63.66, 3664198, 804, 0, 0
100435, 5, 1374, 1419, 0, 0, 30.03%, 0, 0, 25, 53.67, 3664462, 804, 0, 0
100440, 5, 422, 1419, 0, 0, 30.03%, 0, 0, 25, 76.92, 3664854, 804, 0, 0
100445, 5, 964, 1419, 0, 0, 30.03%, 0, 0, 25, 73.99, 3665259, 804, 0, 0
100450, 5, 923, 1419, 0, 0, 30.03%, 0, 0, 25, 76.27, 3665672, 804, 0, 0
100456, 5, 492, 1419, 0, 0, 30.03%, 0, 0, 25, 87.28, 3666105, 804, 0, 0
100461, 5, 656, 1419, 0, 0, 30.03%, 0, 0, 25, 99.95, 3666633, 804, 0, 0
100466, 5, 754, 1419, 0, 0, 30.03%, 0, 0, 25, 81.46, 3667030, 804, 0, 0
100471, 5, 1263, 1419, 0, 0, 30.03%, 0, 0, 25, 83.06, 3667471, 804, 0, 0
100476, 5, 184, 1419, 0, 0, 30.03%, 0, 0, 25, 66.45, 3667767, 804, 0, 0
100481, 5, 1397, 1419, 0, 0, 30.03%, 0, 0, 25, 56.72, 3668058, 804, 0, 0
100486, 5, 534, 1419, 0, 0, 30.03%, 0, 0, 25, 83.34, 3668493, 804, 0, 0
100491, 5, 1234, 1419, 0, 0, 30.03%, 0, 0, 25, 74.03, 3668902, 804, 0, 0
100497, 5, 1259, 1419, 0, 0, 30.03%, 0, 0, 25, 66.78, 3669233, 804, 0, 0
100502, 5, 632, 1419, 0, 0, 30.03%, 0, 0, 25, 69.38, 3669566, 804, 0, 0
100507, 5, 724, 1419, 0, 0, 30.03%, 0, 0, 25, 81.05, 3669999, 804, 0, 0
100512, 5, 1237, 1419, 0, 0, 30.03%, 0, 0, 25, 64.68, 3670317, 804, 0, 0
100517, 5, 1260, 1419, 0, 0, 30.03%, 0, 0, 25, 68.04, 3670652, 804, 0, 0
100522, 5, 692, 1419, 0, 0, 30.03%, 0, 0, 25, 58.05, 3670933, 804, 0, 0
100527, 5, 1078, 1419, 0, 0, 30.03%, 0, 0, 25, 65.50, 3671296, 804, 0, 0
100532, 5, 590, 1419, 0, 0, 30.03%, 0, 0, 25, 74.32, 3671667, 804, 0, 0
100538, 5, 1243, 1419, 0, 0, 30.03%, 0, 0, 25, 65.74, 3672025, 804, 0, 0
100543, 5, 510, 1419, 0, 0, 30.03%, 0, 0, 25, 74.18, 3672393, 804, 0, 0
100548, 5, 1386, 1419, 0, 0, 30.03%, 0, 0, 25, 85.77, 3672863, 804, 0, 0
100553, 5, 1386, 1419, 0, 0, 30.03%, 0, 0, 25, 56.63, 3673117, 804, 0, 0
100558, 5, 600, 1419, 0, 0, 30.03%, 0, 0, 25, 80.96, 3673536, 804, 0, 0
100563, 5, 746, 1419, 0, 0, 30.03%, 0, 0, 25, 77.34, 3673934, 804, 0, 0
100568, 5, 298, 1419, 0, 0, 30.03%, 0, 0, 25, 91.42, 3674412, 804, 0, 0
100574, 5, 755, 1419, 0, 0, 30.03%, 0, 0, 25, 84.00, 3674836, 804, 0, 0
100579, 5, 565, 1419, 0, 0, 30.03%, 0, 0, 25, 88.96, 3675291, 804, 0, 0
100584, 5, 1121, 1419, 0, 0, 30.03%, 0, 0, 25, 80.03, 3675700, 804, 0, 0
100589, 5, 52, 1419, 0, 0, 30.03%, 0, 0, 25, 84.82, 3676151, 804, 0, 0
100594, 5, 1179, 1419, 0, 0, 30.03%, 0, 0, 25, 64.72, 3676477, 804, 0, 0
100600, 5, 1078, 1419, 0, 0, 30.03%, 0, 0, 25, 69.61, 3676869, 804, 0, 0
100605, 5, 1234, 1419, 0, 0, 30.03%, 0, 0, 25, 61.03, 3677168, 804, 0, 0
100610, 5, 1279, 1419, 0, 0, 30.03%, 0, 0, 25, 74.10, 3677535, 804, 0, 0
100615, 5, 1191, 1419, 0, 0, 30.03%, 0, 0, 25, 56.87, 3677808, 804, 0, 0
100620, 5, 1191, 1419, 0, 0, 30.03%, 0, 0, 25, 55.40, 3678091, 804, 0, 0
100625, 5, 98, 1419, 0, 0, 30.03%, 0, 0, 25, 88.82, 3678576, 804, 0, 0
100630, 5, 1399, 1419, 0, 0, 30.03%, 0, 0, 25, 59.68, 3678850, 804, 0, 0
100635, 5, 766, 1419, 0, 0, 30.03%, 0, 0, 25, 64.27, 3679177, 804, 0, 0
100641, 5, 513, 1419, 0, 0, 30.03%, 0, 0, 25, 83.41, 3679611, 804, 0, 0
100646, 5, 744, 1419, 0, 0, 30.03%, 0, 0, 25, 81.64, 3680049, 804, 0, 0
100651, 5, 1152, 1419, 0, 0, 30.03%, 0, 0, 25, 81.35, 3680492, 804, 0, 0
100656, 5, 1291, 1419, 0, 0, 30.03%, 0, 0, 25, 60.59, 3680779, 804, 0, 0
100661, 5, 1145, 1419, 0, 0, 30.03%, 0, 0, 25, 58.84, 3681070, 804, 0, 0
100666, 5, 613, 1419, 0, 0, 30.03%, 0, 0, 25, 73.08, 3681450, 804, 0, 0
100671, 5, 696, 1419, 0, 0, 30.03%, 0, 0, 25, 81.36, 3681895, 804, 0, 0
100676, 5, 165, 1419, 0, 0, 30.03%, 0, 0, 25, 79.02, 3682275, 804, 0, 0
100682, 5, 1157, 1419, 0, 0, 30.03%, 0, 0, 25, 69.23, 3682625, 804, 0, 0
100687, 5, 1040, 1419, 0, 0, 30.03%, 0, 0, 25, 64.09, 3682943, 804, 0, 0
100692, 5, 1223, 1419, 0, 0, 30.03%, 0, 0, 25, 60.94, 3683263, 804, 0, 0
100697, 5, 344, 1419, 0, 0, 30.03%, 0, 0, 25, 83.70, 3683681, 804, 0, 0
100702, 5, 1397, 1419, 0, 0, 30.03%, 0, 0, 25, 57.59, 3683942, 804, 0, 0
100708, 5, 906, 1419, 0, 0, 30.03%, 0, 0, 25, 68.25, 3684317, 804, 0, 0
100713, 5, 1137, 1419, 0, 0, 30.03%, 0, 0, 25, 71.88, 3684715, 804, 0, 0
100718, 5, 1297, 1419, 0, 0, 30.03%, 0, 0, 25, 59.00, 3685010, 804, 0, 0
100723, 5, 1261, 1419, 0, 0, 30.03%, 0, 0, 25, 55.32, 3685289, 804, 0, 0
100728, 5, 1350, 1419, 0, 0, 30.03%, 0, 0, 25, 53.71, 3685562, 804, 0, 0
100733, 5, 54, 1419, 0, 0, 30.03%, 0, 0, 25, 62.21, 3685853, 804, 0, 0
100738, 5, 538, 1419, 0, 0, 30.03%, 0, 0, 25, 90.55, 3686363, 804, 0, 0
100743, 5, 1153, 1419, 0, 0, 30.03%, 0, 0, 25, 69.09, 3686715, 804, 0, 0
100748, 5, 1153, 1419, 0, 0, 30.03%, 0, 0, 25, 58.18, 3686997, 804, 0, 0
100754, 5, 1356, 1419, 0, 0, 30.03%, 0, 0, 25, 52.25, 3687253, 804, 0, 0
100759, 5, 358, 1419, 0, 0, 30.03%, 0, 0, 25, 80.29, 3687651, 804, 0, 0
100764, 5, 588, 1419, 0, 0, 30.03%, 0, 0, 25, 90.77, 3688143, 804, 0, 0
100769, 5, 1199, 1419, 0, 0, 30.03%, 0, 0, 25, 66.98, 3688477, 804, 0, 0
100774, 5, 1368, 1419, 0, 0, 30.03%, 0, 0, 25, 60.48, 3688789, 804, 0, 0
100779, 5, 1276, 1419, 0, 0, 30.03%, 0, 0, 25, 64.46, 3689097, 804, 0, 0
100784, 5, 2, 1419, 0, 0, 30.03%, 0, 0, 25, 61.48, 3689391, 804, 0, 0
100789, 5, 1053, 1419, 0, 0, 30.03%, 0, 0, 25, 69.97, 3689778, 804, 0, 0
100794, 5, 1350, 1419, 0, 0, 30.03%, 0, 0, 25, 58.63, 3690073, 804, 0, 0
100800, 5, 1344, 1419, 0, 0, 30.03%, 0, 0, 25, 51.49, 3690326, 804, 0, 0
100805, 5, 1308, 1419, 0, 0, 30.03%, 0, 0, 25, 49.54, 3690577, 804, 0, 0
100810, 5, 1308, 1419, 0, 0, 30.03%, 0, 0, 25, 52.62, 3690848, 804, 0, 0
100815, 5, 1303, 1419, 0, 0, 30.03%, 0, 0, 25, 52.85, 3691115, 804, 0, 0
100820, 5, 513, 1419, 0, 0, 30.03%, 0, 0, 25, 88.10, 3691598, 804, 0, 0
100825, 5, 693, 1419, 0, 0, 30.03%, 0, 0, 25, 84.01, 3692038, 804, 0, 0
100830, 5, 1397, 1419, 0, 0, 30.03%, 0, 0, 25, 59.01, 3692310, 804, 0, 0
100835, 5, 1372, 1419, 0, 0, 30.03%, 0, 0, 25, 52.66, 3692573, 804, 0, 0
100840, 5, 578, 1419, 0, 0, 30.03%, 0, 0, 25, 67.07, 3692907, 804, 0, 0
100845, 5, 553, 1419, 0, 0, 30.03%, 0, 0, 25, 83.97, 3693337, 804, 0, 0
100851, 5, 1083, 1419, 0, 0, 30.03%, 0, 0, 25, 88.53, 3693817, 804, 0, 0
100856, 5, 1155, 1419, 0, 0, 30.03%, 0, 0, 25, 66.82, 3694121, 804, 0, 0
100861, 5, 866, 1419, 0, 0, 30.03%, 0, 0, 25, 79.91, 3694507, 804, 0, 0
100866, 5, 1135, 1419, 0, 0, 30.03%, 0, 0, 25, 68.76, 3694852, 804, 0, 0
100871, 5, 749, 1419, 0, 0, 30.03%, 0, 0, 25, 72.85, 3695194, 804, 0, 0
100876, 5, 492, 1419, 0, 0, 30.03%, 0, 0, 25, 85.31, 3695629, 804, 0, 0
100881, 5, 1251, 1419, 0, 0, 30.03%, 0, 0, 25, 75.16, 3696034, 804, 0, 0
100886, 5, 1006, 1419, 0, 0, 30.03%, 0, 0, 25, 63.93, 3696341, 804, 0, 0
100892, 5, 1383, 1419, 0, 0, 30.03%, 0, 0, 25, 59.34, 3696658, 804, 0, 0
100897, 5, 570, 1419, 0, 0, 30.03%, 0, 0, 25, 56.87, 3696931, 804, 0, 0
100902, 5, 614, 1419, 0, 0, 30.03%, 0, 0, 25, 72.04, 3697326, 804, 0, 0
100907, 5, 704, 1419, 0, 0, 30.03%, 0, 0, 25, 81.81, 3697758, 804, 0, 0
100912, 5, 773, 1419, 0, 0, 30.03%, 0, 0, 25, 71.22, 3698116, 804, 0, 0
100917, 5, 1397, 1419, 0, 0, 30.03%, 0, 0, 25, 62.73, 3698443, 804, 0, 0
100922, 5, 1038, 1419, 0, 0, 30.03%, 0, 0, 25, 55.66, 3698713, 804, 0, 0
100928, 5, 619, 1419, 0, 0, 30.03%, 0, 0, 25, 67.51, 3699070, 804, 0, 0
100933, 5, 167, 1419, 0, 0, 30.03%, 0, 0, 25, 85.35, 3699504, 804, 0, 0
100938, 5, 545, 1419, 0, 0, 30.03%, 0, 0, 25, 89.12, 3699954, 804, 0, 0
100943, 5, 670, 1419, 0, 0, 30.03%, 0, 0, 25, 95.71, 3700472, 804, 0, 0
100948, 5, 289, 1419, 0, 0, 30.03%, 0, 0, 25, 96.85, 3700949, 804, 0, 0
100953, 5, 1126, 1419, 0, 0, 30.03%, 0, 0, 25, 76.16, 3701338, 804, 0, 0
100958, 5, 800, 1419, 0, 0, 30.03%, 0, 0, 25, 68.21, 3701672, 804, 0, 0
100963, 5, 1413, 1419, 0, 0, 30.03%, 0, 0, 25, 65.82, 3702015, 804, 0, 0
100969, 5, 267, 1419, 0, 0, 30.03%, 0, 0, 25, 68.98, 3702333, 804, 0, 0
100974, 5, 1254, 1419, 0, 0, 30.03%, 0, 0, 25, 65.54, 3702673, 804, 0, 0
100979, 5, 456, 1419, 0, 0, 30.03%, 0, 0, 25, 90.18, 3703153, 804, 0, 0
100984, 5, 1304, 1419, 0, 0, 30.03%, 0, 0, 25, 72.93, 3703519, 804, 0, 0
100989, 5, 1304, 1419, 0, 0, 30.03%, 0, 0, 25, 56.93, 3703792, 804, 0, 0
100994, 5, 1397, 1419, 0, 0, 30.03%, 0, 0, 25, 61.24, 3704151, 804, 0, 0
100999, 5, 1349, 1419, 0, 0, 30.03%, 0, 0, 25, 61.69, 3704433, 804, 0, 0
101004, 5, 1349, 1419, 0, 0, 30.03%, 0, 0, 25, 52.66, 3704691, 804, 0, 0
101009, 5, 1232, 1419, 0, 0, 30.03%, 0, 0, 25, 56.56, 3704979, 804, 0, 0
101015, 5, 437, 1419, 0, 0, 30.03%, 0, 0, 25, 83.47, 3705418, 804, 0, 0
101020, 5, 628, 1419, 0, 0, 30.03%, 0, 0, 25, 86.92, 3705883, 804, 0, 0
101025, 5, 1290, 1419, 0, 0, 30.03%, 0, 0, 25, 62.86, 3706186, 804, 0, 0
101030, 5, 1209, 1419, 0, 0, 30.03%, 0, 0, 25, 63.82, 3706520, 804, 0, 0
101035, 5, 1184, 1419, 0, 0, 30.03%, 0, 0, 25, 58.58, 3706817, 804, 0, 0
101040, 5, 1397, 1419, 0, 0, 30.03%, 0, 0, 25, 52.65, 3707079, 804, 0, 0
101045, 5, 597, 1419, 0, 0, 30.03%, 0, 0, 25, 67.25, 3707421, 804, 0, 0
101051, 5, 1382, 1419, 0, 0, 30.03%, 0, 0, 25, 59.80, 3707736, 804, 0, 0
101056, 5, 1252, 1419, 0, 0, 30.03%, 0, 0, 25, 64.04, 3708046, 804, 0, 0
101061, 5, 487, 1419, 0, 0, 30.03%, 0, 0, 25, 66.38, 3708361, 804, 0, 0
101066, 5, 265, 1419, 0, 0, 30.03%, 0, 0, 25, 95.45, 3708877, 804, 0, 0
101071, 5, 1002, 1419, 0, 0, 30.03%, 0, 0, 25, 88.05, 3709316, 804, 0, 0
101076, 5, 388, 1419, 0, 0, 30.03%, 0, 0, 25, 78.84, 3709678, 804, 0, 0
101081, 5, 1397, 1419, 0, 0, 30.03%, 0, 0, 25, 66.69, 3710040, 804, 0, 0
101086, 5, 1173, 1419, 0, 0, 30.03%, 0, 0, 25, 57.42, 3710309, 804, 0, 0
101091, 5, 1142, 1419, 0, 0, 30.03%, 0, 0, 25, 58.29, 3710609, 804, 0, 0
101096, 5, 1282, 1419, 0, 0, 30.03%, 0, 0, 25, 58.61, 3710906, 804, 0, 0
101101, 5, 1282, 1419, 0, 0, 30.03%, 0, 0, 25, 54.59, 3711181, 804, 0, 0
101106, 5, 1304, 1419, 0, 0, 30.03%, 0, 0, 25, 52.53, 3711451, 804, 0, 0
101111, 5, 1266, 1419, 0, 0, 30.03%, 0, 0, 25, 54.94, 3711731, 804, 0, 0
101117, 5, 1363, 1419, 0, 0, 30.03%, 0, 0, 25, 65.24, 3712091, 804, 0, 0
101122, 5, 478, 1419, 0, 0, 30.03%, 0, 0, 25, 66.38, 3712394, 804, 0, 0
101127, 5, 1158, 1419, 0, 0, 30.03%, 0, 0, 25, 75.07, 3712811, 804, 0, 0
101132, 5, 721, 1419, 0, 0, 30.03%, 0, 0, 25, 71.13, 3713150, 804, 0, 0
101137, 5, 1310, 1419, 0, 0, 30.03%, 0, 0, 25, 84.21, 3713615, 804, 0, 0
101142, 5, 1232, 1419, 0, 0, 30.03%, 0, 0, 25, 61.20, 3713894, 804, 0, 0
101147, 5, 1232, 1419, 0, 0, 30.03%, 0, 0, 25, 57.92, 3714180, 804, 0, 0
101152, 5, 181, 1419, 0, 0, 30.03%, 0, 0, 25, 70.06, 3714539, 804, 0, 0
101157, 5, 377, 1419, 0, 0, 30.03%, 0, 0, 25, 81.83, 3714996, 804, 0, 0
101162, 5, 613, 1419, 0, 0, 30.03%, 0, 0, 25, 84.92, 3715464, 804, 0, 0
101167, 5, 1397, 1419, 0, 0, 30.03%, 0, 0, 25, 56.86, 3715721, 804, 0, 0
101172, 5, 1156, 1419, 0, 0, 30.03%, 0, 0, 25, 79.78, 3716136, 804, 0, 0
101177, 5, 564, 1419, 0, 0, 30.03%, 0, 0, 25, 67.82, 3716451, 804, 0, 0
101183, 5, 480, 1419, 0, 0, 30.03%, 0, 0, 25, 87.43, 3716912, 804, 0, 0
101188, 5, 1406, 1420, 1, 0, 30.03%, 0, 0, 25, 59.83, 3717196, 804, 0, 0
101193, 5, 1406, 1420, 1, 0, 30.03%, 0, 0, 25, 50.54, 3717446, 804, 0, 0
101198, 5, 1185, 1420, 1, 0, 30.03%, 0, 0, 25, 52.76, 3717713, 804, 0, 0
101203, 5, 849, 1420, 1, 0, 30.03%, 0, 0, 25, 57.02, 3718013, 804, 0, 0
101208, 5, 194, 1420, 1, 0, 30.03%, 0, 0, 25, 75.43, 3718394, 804, 0, 0
101213, 5, 719, 1420, 1, 0, 30.03%, 0, 0, 25, 75.32, 3718770, 804, 0, 0
101218, 5, 1387, 1420, 1, 0, 30.03%, 0, 0, 25, 56.16, 3719039, 804, 0, 0
101224, 5, 544, 1420, 1, 0, 30.03%, 0, 0, 25, 93.22, 3719438, 804, 0, 0
101229, 5, 694, 1420, 1, 0, 30.03%, 0, 0, 25, 86.43, 3719894, 804, 0, 0
101234, 5, 691, 1420, 1, 0, 30.03%, 0, 0, 25, 74.20, 3720254, 804, 0, 0
101239, 5, 1322, 1420, 1, 0, 30.03%, 0, 0, 25, 80.84, 3720674, 804, 0, 0
101244, 5, 590, 1420, 1, 0, 30.03%, 0, 0, 25, 74.24, 3721041, 804, 0, 0
101249, 5, 885, 1420, 1, 0, 30.03%, 0, 0, 25, 70.18, 3721397, 804, 0, 0
101254, 5, 1250, 1420, 1, 0, 30.03%, 0, 0, 25, 59.69, 3721685, 804, 0, 0
101259, 5, 618, 1420, 1, 0, 30.03%, 0, 0, 25, 66.72, 3722030, 804, 0, 0
101264, 5, 478, 1420, 1, 0, 30.03%, 0, 0, 25, 88.69, 3722491, 804, 0, 0
101270, 5, 1281, 1420, 1, 0, 30.03%, 0, 0, 25, 75.93, 3722902, 804, 0, 0
101275, 5, 1163, 1420, 1, 0, 30.03%, 0, 0, 25, 59.81, 3723181, 804, 0, 0
101280, 5, 1243, 1420, 1, 0, 30.03%, 0, 0, 25, 65.24, 3723523, 804, 0, 0
101285, 5, 702, 1420, 1, 0, 30.03%, 0, 0, 25, 65.46, 3723835, 804, 0, 0
101290, 5, 1419, 1420, 1, 0, 30.03%, 0, 0, 25, 64.79, 3724191, 804, 0, 0
101295, 5, 1419, 1420, 1, 0, 30.03%, 0, 0, 25, 50.61, 3724438, 804, 0, 0
101300, 5, 1419, 1420, 1, 0, 30.03%, 0, 0, 25, 48.55, 3724688, 804, 0, 0
101306, 5, 1419, 1420, 1, 0, 30.03%, 0, 0, 25, 47.94, 3724935, 804, 0, 0
101311, 5, 1419, 1420, 1, 0, 30.03%, 0, 0, 25, 47.85, 3725175, 804, 0, 0
101316, 5, 1419, 1420, 1, 0, 30.03%, 0, 0, 25, 48.80, 3725425, 804, 0, 0
101321, 5, 1419, 1420, 1, 0, 30.03%, 0, 0, 25, 48.18, 3725663, 804, 0, 0
101326, 5, 1419, 1420, 1, 0, 30.03%, 0, 0, 25, 47.53, 3725910, 804, 0, 0
101331, 5, 1419, 1420, 1, 0, 30.03%, 0, 0, 25, 47.37, 3726149, 804, 0, 0
101336, 5, 1419, 1420, 1, 0, 30.03%, 0, 0, 25, 47.77, 3726397, 804, 0, 0
101341, 5, 1419, 1420, 1, 0, 30.03%, 0, 0, 25, 47.33, 3726636, 804, 0, 0
101346, 5, 364, 1420, 0, 0, 30.03%, 0, 0, 25, 76.06, 3727028, 804, 0, 0
101352, 5, 1213, 1420, 0, 0, 30.03%, 0, 0, 25, 84.37, 3727496, 804, 0, 0
101357, 5, 691, 1420, 0, 0, 30.03%, 0, 0, 25, 67.88, 3727812, 804, 0, 0
101362, 5, 584, 1420, 0, 0, 30.03%, 0, 0, 25, 82.15, 3728257, 804, 0, 0
101367, 5, 1390, 1420, 0, 0, 30.03%, 0, 0, 25, 59.98, 3728548, 804, 0, 0
101372, 5, 1416, 1420, 0, 0, 30.03%, 0, 0, 25, 78.61, 3728945, 804, 0, 0
101377, 5, 1416, 1420, 0, 0, 30.03%, 0, 0, 25, 53.20, 3729179, 804, 0, 0
101382, 5, 1086, 1420, 0, 0, 30.03%, 0, 0, 25, 64.78, 3729536, 804, 0, 0
101387, 5, 1357, 1420, 0, 0, 30.03%, 0, 0, 25, 61.40, 3729863, 804, 0, 0
101392, 5, 644, 1420, 0, 0, 30.03%, 0, 0, 25, 63.81, 3730167, 804, 0, 0
101397, 5, 1397, 1420, 0, 0, 30.03%, 0, 0, 25, 59.65, 3730496, 804, 0, 0
101403, 5, 1397, 1420, 0, 0, 30.03%, 0, 0, 25, 52.63, 3730755, 804, 0, 0
101408, 5, 250, 1420, 0, 0, 30.03%, 0, 0, 25, 77.14, 3731124, 804, 0, 0
101413, 5, 632, 1420, 0, 0, 30.03%, 0, 0, 25, 79.95, 3731565, 804, 0, 0
101418, 5, 1217, 1420, 0, 0, 30.03%, 0, 0, 25, 64.66, 3731896, 804, 0, 0
101423, 5, 1292, 1420, 0, 0, 30.03%, 0, 0, 25, 56.59, 3732179, 804, 0, 0
101428, 5, 1171, 1420, 0, 0, 30.03%, 0, 0, 25, 58.67, 3732478, 804, 0, 0
101433, 5, 1375, 1420, 0, 0, 30.03%, 0, 0, 25, 81.94, 3732913, 804, 0, 0
101439, 5, 1375, 1420, 0, 0, 30.03%, 0, 0, 25, 56.91, 3733171, 804, 0, 0
101444, 5, 976, 1420, 0, 0, 30.03%, 0, 0, 25, 83.95, 3733610, 804, 0, 0
101449, 5, 283, 1420, 0, 0, 30.03%, 0, 0, 25, 80.04, 3733991, 804, 0, 0
101454, 5, 1133, 1420, 0, 0, 30.03%, 0, 0, 25, 68.89, 3734353, 804, 0, 0
101459, 5, 1397, 1420, 0, 0, 30.03%, 0, 0, 25, 62.92, 3734694, 804, 0, 0
101464, 5, 1197, 1420, 0, 0, 30.03%, 0, 0, 25, 55.74, 3734963, 804, 0, 0
101470, 5, 854, 1420, 0, 0, 30.03%, 0, 0, 25, 60.42, 3735271, 804, 0, 0
101475, 5, 838, 1420, 0, 0, 30.03%, 0, 0, 25, 67.46, 3735621, 804, 0, 0
101480, 5, 683, 1420, 0, 0, 30.03%, 0, 0, 25, 70.26, 3735982, 804, 0, 0
101485, 5, 188, 1420, 0, 0, 30.03%, 0, 0, 25, 76.67, 3736346, 804, 0, 0
101490, 5, 1059, 1420, 0, 0, 30.03%, 0, 0, 25, 74.58, 3736757, 804, 0, 0
101495, 5, 547, 1420, 0, 0, 30.03%, 0, 0, 25, 82.15, 3737186, 804, 0, 0
101500, 5, 1296, 1420, 0, 0, 30.03%, 0, 0, 25, 63.84, 3737520, 804, 0, 0
101506, 5, 1364, 1420, 0, 0, 30.03%, 0, 0, 25, 51.84, 3737776, 804, 0, 0
101511, 5, 1184, 1420, 0, 0, 30.03%, 0, 0, 25, 53.70, 3738049, 804, 0, 0
101516, 5, 1237, 1420, 0, 0, 30.03%, 0, 0, 25, 55.54, 3738332, 804, 0, 0
101521, 5, 1234, 1420, 0, 0, 30.03%, 0, 0, 25, 56.71, 3738620, 804, 0, 0
101526, 5, 489, 1420, 0, 0, 30.03%, 0, 0, 25, 75.94, 3738996, 804, 0, 0
101531, 5, 1369, 1420, 0, 0, 30.03%, 0, 0, 25, 79.19, 3739444, 804, 0, 0
101536, 5, 1256, 1420, 0, 0, 30.03%, 0, 0, 25, 57.43, 3739706, 804, 0, 0
101541, 5, 640, 1420, 0, 0, 30.03%, 0, 0, 25, 60.01, 3740003, 804, 0, 0
101546, 5, 553, 1420, 0, 0, 30.03%, 0, 0, 25, 77.36, 3740428, 804, 0, 0
101551, 5, 1371, 1420, 0, 0, 30.03%, 0, 0, 25, 64.66, 3740772, 804, 0, 0
101557, 5, 1016, 1420, 0, 0, 30.03%, 0, 0, 25, 60.25, 3741063, 804, 0, 0
101562, 5, 616, 1420, 0, 0, 30.03%, 0, 0, 25, 79.74, 3741485, 804, 0, 0
101567, 5, 1147, 1420, 0, 0, 30.03%, 0, 0, 25, 66.60, 3741816, 804, 0, 0
101572, 5, 722, 1420, 0, 0, 30.03%, 0, 0, 25, 76.90, 3742221, 804, 0, 0
101577, 5, 1202, 1420, 0, 0, 30.03%, 0, 0, 25, 68.42, 3742590, 804, 0, 0
101582, 5, 1301, 1420, 0, 0, 30.03%, 0, 0, 25, 57.89, 3742879, 804, 0, 0
101588, 5, 1397, 1420, 0, 0, 30.03%, 0, 0, 25, 52.22, 3743144, 804, 0, 0
101593, 5, 1299, 1420, 0, 0, 30.03%, 0, 0, 25, 52.54, 3743405, 804, 0, 0
101598, 5, 702, 1420, 0, 0, 30.03%, 0, 0, 25, 60.78, 3743706, 804, 0, 0
101603, 5, 1225, 1420, 0, 0, 30.03%, 0, 0, 25, 65.85, 3744078, 804, 0, 0
101608, 5, 276, 1420, 0, 0, 30.03%, 0, 0, 25, 74.59, 3744504, 804, 0, 0
101613, 5, 1140, 1420, 0, 0, 30.03%, 0, 0, 25, 66.08, 3744845, 804, 0, 0
101618, 5, 1174, 1420, 0, 0, 30.03%, 0, 0, 25, 58.87, 3745142, 804, 0, 0
101623, 5, 1397, 1420, 0, 0, 30.03%, 0, 0, 25, 53.20, 3745410, 804, 0, 0
101629, 5, 289, 1420, 0, 0, 30.03%, 0, 0, 25, 86.38, 3745853, 804, 0, 0
101634, 5, 1305, 1420, 0, 0, 30.03%, 0, 0, 25, 62.07, 3746151, 804, 0, 0
101639, 5, 1181, 1420, 0, 0, 30.03%, 0, 0, 25, 62.88, 3746488, 804, 0, 0
101644, 5, 378, 1420, 0, 0, 30.03%, 0, 0, 25, 73.26, 3746830, 804, 0, 0
101649, 5, 1136, 1420, 0, 0, 30.03%, 0, 0, 25, 92.37, 3747318, 804, 0, 0
101654, 5, 492, 1420, 0, 0, 30.03%, 0, 0, 25, 84.03, 3747703, 804, 0, 0
101659, 5, 1038, 1420, 0, 0, 30.03%, 0, 0, 25, 89.38, 3748182, 804, 0, 0
101664, 5, 446, 1420, 0, 0, 30.03%, 0, 0, 25, 84.46, 3748579, 804, 0, 0
101670, 5, 1236, 1420, 0, 0, 30.03%, 0, 0, 25, 73.53, 3748986, 804, 0, 0
101675, 5, 445, 1420, 0, 0, 30.03%, 0, 0, 25, 84.30, 3749397, 804, 0, 0
101680, 5, 1342, 1420, 0, 0, 30.03%, 0, 0, 25, 83.52, 3749850, 804, 0, 0
101685, 5, 1194, 1420, 0, 0, 30.03%, 0, 0, 25, 67.20, 3750198, 804, 0, 0
101690, 5, 179, 1420, 0, 0, 30.03%, 0, 0, 25, 74.09, 3750576, 804, 0, 0
101695, 5, 1235, 1420, 0, 0, 30.03%, 0, 0, 25, 66.32, 3750933, 804, 0, 0
101700, 5, 92, 1420, 0, 0, 30.03%, 0, 0, 25, 93.22, 3751405, 804, 0, 0
101705, 5, 1419, 1420, 0, 0, 30.03%, 0, 0, 25, 66.30, 3751739, 804, 0, 0
101710, 5, 1419, 1420, 0, 0, 30.03%, 0, 0, 25, 51.25, 3751976, 804, 0, 0
101716, 5, 1419, 1421, 1, 0, 30.03%, 0, 0, 26, 48.46, 3752229, 804, 0, 0
101721, 5, 1419, 1421, 1, 0, 30.03%, 0, 0, 26, 48.05, 3752479, 804, 0, 0
101726, 5, 1419, 1421, 1, 0, 30.03%, 0, 0, 26, 47.77, 3752718, 804, 0, 0
101731, 5, 1237, 1421, 1, 0, 30.03%, 0, 0, 26, 50.12, 3752968, 804, 0, 0
101736, 5, 584, 1421, 1, 0, 30.03%, 0, 0, 26, 60.08, 3753272, 804, 0, 0
101741, 5, 1038, 1421, 1, 0, 30.03%, 0, 0, 26, 71.90, 3753673, 804, 0, 0
101746, 5, 1355, 1421, 1, 0, 30.03%, 0, 0, 26, 58.46, 3753963, 804, 0, 0
101751, 5, 1394, 1421, 1, 0, 30.03%, 0, 0, 26, 56.51, 3754250, 804, 0, 0
101757, 5, 525, 1421, 1, 0, 30.03%, 0, 0, 26, 59.42, 3754537, 804, 0, 0
101762, 5, 304, 1421, 1, 0, 30.03%, 0, 0, 26, 90.34, 3755041, 804, 0, 0
101767, 5, 1411, 1421, 1, 0, 30.03%, 0, 0, 26, 96.34, 3755548, 804, 0, 0
101772, 5, 386, 1421, 1, 0, 30.03%, 0, 0, 26, 99.36, 3756061, 804, 0, 0
101777, 5, 304, 1421, 1, 0, 30.03%, 0, 0, 26, 87.13, 3756511, 804, 0, 0
101782, 5, 1010, 1421, 1, 0, 30.03%, 0, 0, 26, 76.16, 3756913, 804, 0, 0
101788, 5, 707, 1421, 1, 0, 30.03%, 0, 0, 26, 80.77, 3757342, 804, 0, 0
101793, 5, 617, 1421, 1, 0, 30.03%, 0, 0, 26, 86.49, 3757808, 804, 0, 0
101798, 5, 1129, 1421, 1, 0, 30.03%, 0, 0, 26, 71.66, 3758184, 804, 0, 0
101803, 5, 792, 1421, 1, 0, 30.03%, 0, 0, 26, 72.29, 3758563, 804, 0, 0
101808, 5, 1019, 1421, 1, 0, 30.03%, 0, 0, 26, 68.94, 3758911, 804, 0, 0
101813, 5, 1371, 1421, 1, 0, 30.03%, 0, 0, 26, 61.12, 3759236, 804, 0, 0
101818, 5, 437, 1421, 1, 0, 30.03%, 0, 0, 26, 78.54, 3759607, 804, 0, 0
101823, 5, 443, 1421, 1, 0, 30.03%, 0, 0, 26, 96.97, 3760130, 804, 0, 0
101829, 5, 628, 1421, 1, 0, 30.03%, 0, 0, 26, 80.74, 3760535, 804, 0, 0
101834, 5, 1204, 1421, 1, 0, 30.03%, 0, 0, 26, 79.35, 3760968, 804, 0, 0
101839, 5, 837, 1421, 1, 0, 30.03%, 0, 0, 26, 74.20, 3761318, 804, 0, 0
101844, 5, 513, 1421, 1, 0, 30.03%, 0, 0, 26, 78.49, 3761703, 804, 0, 0
101849, 5, 635, 1421, 1, 0, 30.03%, 0, 0, 26, 92.05, 3762193, 804, 0, 0
101854, 5, 608, 1421, 1, 0, 30.03%, 0, 0, 26, 79.82, 3762576, 804, 0, 0
101859, 5, 755, 1421, 1, 0, 30.03%, 0, 0, 26, 79.33, 3763010, 804, 0, 0
101865, 5, 1420, 1421, 1, 0, 30.03%, 0, 0, 26, 75.26, 3763434, 804, 0, 0
101870, 5, 1420, 1421, 1, 0, 30.03%, 0, 0, 26, 51.64, 3763663, 804, 0, 0
101875, 5, 1420, 1421, 1, 0, 30.03%, 0, 0, 26, 46.57, 3763886, 804, 0, 0
101880, 5, 1420, 1421, 1, 0, 30.03%, 0, 0, 26, 46.16, 3764125, 804, 0, 0
101885, 5, 1420, 1421, 1, 0, 30.03%, 0, 0, 26, 43.22, 3764343, 804, 0, 0
101890, 5, 1420, 1421, 1, 0, 30.03%, 0, 0, 26, 44.46, 3764556, 804, 0, 0
101895, 5, 1420, 1421, 1, 0, 30.03%, 0, 0, 26, 45.71, 3764795, 804, 0, 0
101900, 5, 1420, 1421, 1, 0, 30.03%, 0, 0, 26, 45.80, 3765029, 804, 0, 0
101906, 5, 1420, 1421, 1, 0, 30.03%, 0, 0, 26, 45.50, 3765262, 804, 0, 0
101911, 5, 1420, 1421, 1, 0, 30.03%, 0, 0, 26, 45.53, 3765495, 804, 0, 0
101916, 5, 1420, 1421, 1, 0, 30.03%, 0, 0, 26, 46.14, 3765735, 804, 0, 0
101921, 5, 1420, 1421, 1, 0, 30.03%, 0, 0, 26, 45.74, 3765963, 804, 0, 0
101926, 5, 1420, 1421, 1, 0, 30.03%, 0, 0, 26, 46.07, 3766201, 804, 0, 0
101931, 5, 257, 1421, 0, 0, 30.03%, 0, 0, 26, 59.21, 3766483, 804, 0, 0
101936, 5, 571, 1421, 0, 0, 30.03%, 0, 0, 26, 82.02, 3766931, 804, 0, 0
101941, 5, 437, 1421, 0, 0, 30.03%, 0, 0, 26, 77.19, 3767320, 804, 0, 0
101946, 5, 693, 1421, 0, 0, 30.03%, 0, 0, 26, 80.89, 3767756, 804, 0, 0
101952, 5, 1348, 1421, 0, 0, 30.03%, 0, 0, 26, 76.17, 3768183, 804, 0, 0
101957, 5, 1397, 1421, 0, 0, 30.03%, 0, 0, 26, 55.65, 3768443, 804, 0, 0
101962, 5, 1397, 1421, 0, 0, 30.03%, 0, 0, 26, 50.71, 3768698, 804, 0, 0
101967, 5, 1231, 1421, 0, 0, 30.03%, 0, 0, 26, 60.72, 3769044, 804, 0, 0
101972, 5, 608, 1421, 0, 0, 30.03%, 0, 0, 26, 71.90, 3769424, 804, 0, 0
101977, 5, 1146, 1421, 0, 0, 30.03%, 0, 0, 26, 67.53, 3769785, 804, 0, 0
101983, 5, 322, 1421, 0, 0, 30.03%, 0, 0, 26, 89.45, 3770236, 804, 0, 0
101988, 5, 1011, 1421, 0, 0, 30.03%, 0, 0, 26, 76.37, 3770637, 804, 0, 0
101993, 5, 1222, 1421, 0, 0, 30.03%, 0, 0, 26, 61.15, 3770931, 804, 0, 0
101998, 5, 1035, 1421, 0, 0, 30.03%, 0, 0, 26, 66.05, 3771269, 804, 0, 0
102003, 5, 1365, 1421, 0, 0, 30.03%, 0, 0, 26, 54.80, 3771538, 804, 0, 0
102008, 5, 1184, 1421, 0, 0, 30.03%, 0, 0, 26, 62.56, 3771864, 804, 0, 0
102013, 5, 21, 1421, 0, 0, 30.03%, 0, 0, 26, 69.11, 3772191, 804, 0, 0
102018, 5, 1137, 1421, 0, 0, 30.03%, 0, 0, 26, 61.02, 3772493, 804, 0, 0
102023, 5, 1299, 1421, 0, 0, 30.03%, 0, 0, 26, 54.73, 3772767, 804, 0, 0
102029, 5, 575, 1421, 0, 0, 30.03%, 0, 0, 26, 76.34, 3773176, 804, 0, 0
102034, 5, 220, 1421, 0, 0, 30.03%, 0, 0, 26, 83.69, 3773598, 804, 0, 0
102039, 5, 1231, 1421, 0, 0, 30.03%, 0, 0, 26, 66.55, 3773932, 804, 0, 0
102044, 5, 1100, 1421, 0, 0, 30.03%, 0, 0, 26, 69.68, 3774281, 804, 0, 0
102049, 5, 1211, 1421, 0, 0, 30.03%, 0, 0, 26, 61.06, 3774588, 804, 0, 0
102054, 5, 613, 1421, 0, 0, 30.03%, 0, 0, 26, 68.14, 3774921, 804, 0, 0
102059, 5, 220, 1421, 0, 0, 30.03%, 0, 0, 26, 92.16, 3775411, 804, 0, 0
102064, 5, 304, 1421, 0, 0, 30.03%, 0, 0, 26, 75.75, 3775762, 804, 0, 0
102070, 5, 1355, 1421, 0, 0, 30.03%, 0, 0, 26, 62.13, 3776093, 804, 0, 0
102075, 5, 456, 1421, 0, 0, 30.03%, 0, 0, 26, 80.30, 3776469, 804, 0, 0
102080, 5, 705, 1421, 0, 0, 30.03%, 0, 0, 26, 86.56, 3776941, 804, 0, 0
102085, 5, 289, 1421, 0, 0, 30.03%, 0, 0, 26, 95.25, 3777420, 804, 0, 0
102090, 5, 1393, 1421, 0, 0, 30.03%, 0, 0, 26, 64.71, 3777733, 804, 0, 0
102095, 5, 67, 1421, 0, 0, 30.03%, 0, 0, 26, 86.28, 3778164, 804, 0, 0
102100, 5, 1196, 1421, 0, 0, 30.03%, 0, 0, 26, 64.44, 3778482, 804, 0, 0
102105, 5, 610, 1421, 0, 0, 30.03%, 0, 0, 26, 75.83, 3778887, 804, 0, 0
102110, 5, 1396, 1421, 0, 0, 30.03%, 0, 0, 26, 70.82, 3779278, 804, 0, 0
102116, 5, 216, 1421, 0, 0, 30.03%, 0, 0, 26, 57.43, 3779543, 804, 0, 0
102121, 5, 1397, 1421, 0, 0, 30.03%, 0, 0, 26, 55.71, 3779843, 804, 0, 0
102126, 5, 741, 1421, 0, 0, 30.03%, 0, 0, 26, 68.49, 3780190, 804, 0, 0
102131, 5, 1248, 1421, 0, 0, 30.03%, 0, 0, 26, 59.53, 3780482, 804, 0, 0
102136, 5, 415, 1421, 0, 0, 30.03%, 0, 0, 26, 86.59, 3780945, 804, 0, 0
102141, 5, 1153, 1421, 0, 0, 30.03%, 0, 0, 26, 75.27, 3781361, 804, 0, 0
102146, 5, 1220, 1421, 0, 0, 30.03%, 0, 0, 26, 60.59, 3781642, 804, 0, 0
102151, 5, 795, 1421, 0, 0, 30.03%, 0, 0, 26, 68.99, 3781979, 804, 0, 0
102156, 5, 1090, 1421, 0, 0, 30.03%, 0, 0, 26, 65.64, 3782319, 804, 0, 0
102162, 5, 746, 1421, 0, 0, 30.03%, 0, 0, 26, 69.78, 3782669, 804, 0, 0
102167, 5, 553, 1421, 0, 0, 30.03%, 0, 0, 26, 86.89, 3783111, 804, 0, 0
102172, 5, 1279, 1421, 0, 0, 30.03%, 0, 0, 26, 61.34, 3783422, 804, 0, 0
102177, 5, 957, 1421, 0, 0, 30.03%, 0, 0, 26, 63.95, 3783748, 804, 0, 0
102182, 5, 421, 1421, 0, 0, 30.03%, 0, 0, 26, 89.72, 3784224, 804, 0, 0
102187, 5, 1251, 1421, 0, 0, 30.03%, 0, 0, 26, 68.04, 3784574, 804, 0, 0
102192, 5, 455, 1421, 0, 0, 30.03%, 0, 0, 26, 86.87, 3785007, 804, 0, 0
102197, 5, 1305, 1421, 0, 0, 30.03%, 0, 0, 26, 66.42, 3785353, 804, 0, 0
102202, 5, 1376, 1421, 0, 0, 30.03%, 0, 0, 26, 52.74, 3785612, 804, 0, 0
102208, 5, 549, 1421, 0, 0, 30.03%, 0, 0, 26, 71.64, 3785960, 804, 0, 0
102213, 5, 1070, 1421, 0, 0, 30.03%, 0, 0, 26, 71.57, 3786351, 804, 0, 0
102218, 5, 1185, 1421, 0, 0, 30.03%, 0, 0, 26, 72.59, 3786739, 804, 0, 0
102223, 5, 1185, 1421, 0, 0, 30.03%, 0, 0, 26, 60.55, 3787039, 804, 0, 0
102228, 5, 1368, 1421, 0, 0, 30.03%, 0, 0, 26, 52.05, 3787291, 804, 0, 0
102233, 5, 592, 1421, 0, 0, 30.03%, 0, 0, 26, 78.66, 3787704, 804, 0, 0
102239, 5, 378, 1421, 0, 0, 30.03%, 0, 0, 26, 91.45, 3788170, 804, 0, 0
102244, 5, 592, 1421, 0, 0, 30.03%, 0, 0, 26, 71.44, 3788506, 804, 0, 0
102249, 5, 1204, 1421, 0, 0, 30.03%, 0, 0, 26, 63.09, 3788839, 804, 0, 0
102254, 5, 427, 1421, 0, 0, 30.03%, 0, 0, 26, 82.67, 3789248, 804, 0, 0
102259, 5, 984, 1421, 0, 0, 30.03%, 0, 0, 26, 82.07, 3789692, 804, 0, 0
102264, 5, 1011, 1421, 0, 0, 30.03%, 0, 0, 26, 75.53, 3790067, 804, 0, 0
102270, 5, 1035, 1421, 0, 0, 30.03%, 0, 0, 26, 82.86, 3790492, 804, 0, 0
102275, 5, 1417, 1421, 0, 0, 30.03%, 0, 0, 26, 74.24, 3790855, 804, 0, 0
102280, 5, 1163, 1421, 0, 0, 30.03%, 0, 0, 26, 82.77, 3791268, 804, 0, 0
102285, 5, 844, 1421, 0, 0, 30.03%, 0, 0, 26, 67.29, 3791581, 804, 0, 0
102290, 5, 658, 1421, 0, 0, 30.03%, 0, 0, 26, 72.54, 3791952, 804, 0, 0
102295, 5, 503, 1421, 0, 0, 30.03%, 0, 0, 26, 85.15, 3792410, 804, 0, 0
102300, 5, 1020, 1421, 0, 0, 30.03%, 0, 0, 26, 76.71, 3792816, 804, 0, 0
102305, 5, 441, 1421, 0, 0, 30.03%, 0, 0, 26, 87.71, 3793202, 804, 0, 0
102310, 5, 1397, 1421, 0, 0, 30.03%, 0, 0, 26, 66.42, 3793530, 804, 0, 0
102315, 5, 616, 1421, 0, 0, 30.03%, 0, 0, 26, 65.39, 3793837, 804, 0, 0
102321, 5, 1209, 1421, 0, 0, 30.03%, 0, 0, 26, 68.51, 3794230, 804, 0, 0
102326, 5, 625, 1421, 0, 0, 30.03%, 0, 0, 26, 78.84, 3794657, 804, 0, 0
102331, 5, 1011, 1421, 0, 0, 30.03%, 0, 0, 26, 75.05, 3795061, 804, 0, 0
102336, 5, 1294, 1421, 0, 0, 30.03%, 0, 0, 26, 59.46, 3795340, 804, 0, 0
102341, 5, 1218, 1421, 0, 0, 30.03%, 0, 0, 26, 57.88, 3795635, 804, 0, 0
102346, 5, 588, 1421, 0, 0, 30.03%, 0, 0, 26, 70.82, 3796002, 804, 0, 0
102351, 5, 1397, 1421, 0, 0, 30.03%, 0, 0, 26, 66.15, 3796349, 804, 0, 0
102356, 5, 1199, 1421, 0, 0, 30.03%, 0, 0, 26, 55.37, 3796612, 804, 0, 0
102362, 5, 664, 1421, 0, 0, 30.03%, 0, 0, 26, 61.21, 3796925, 804, 0, 0
102367, 5, 938, 1421, 0, 0, 30.03%, 0, 0, 26, 67.76, 3797289, 804, 0, 0
102372, 5, 536, 1421, 0, 0, 30.03%, 0, 0, 26, 87.65, 3797748, 804, 0, 0
102377, 5, 1362, 1421, 0, 0, 30.03%, 0, 0, 26, 75.87, 3798166, 804, 0, 0
102382, 5, 1262, 1421, 0, 0, 30.03%, 0, 0, 26, 56.25, 3798427, 804, 0, 0
102387, 5, 1304, 1421, 0, 0, 30.03%, 0, 0, 26, 54.88, 3798704, 804, 0, 0
102392, 5, 186, 1421, 0, 0, 30.03%, 0, 0, 26, 55.68, 3798984, 804, 0, 0
102397, 5, 1397, 1421, 0, 0, 30.03%, 0, 0, 26, 55.51, 3799292, 804, 0, 0
102403, 5, 1311, 1421, 0, 0, 30.03%, 0, 0, 26, 60.12, 3799618, 804, 0, 0
102408, 5, 537, 1421, 0, 0, 30.03%, 0, 0, 26, 76.68, 3799989, 804, 0, 0
102413, 5, 661, 1421, 0, 0, 30.03%, 0, 0, 26, 87.47, 3800467, 804, 0, 0
102418, 5, 1082, 1421, 0, 0, 30.03%, 0, 0, 26, 69.21, 3800808, 804, 0, 0
102423, 5, 1215, 1421, 0, 0, 30.03%, 0, 0, 26, 60.28, 3801099, 804, 0, 0
102428, 5, 1283, 1421, 0, 0, 30.03%, 0, 0, 26, 58.31, 3801415, 804, 0, 0
102433, 5, 1080, 1421, 0, 0, 30.03%, 0, 0, 26, 60.15, 3801720, 804, 0, 0
102438, 5, 1084, 1421, 0, 0, 30.03%, 0, 0, 26, 62.62, 3802043, 804, 0, 0
102444, 5, 1078, 1421, 0, 0, 30.03%, 0, 0, 26, 69.76, 3802442, 804, 0, 0
102449, 5, 1270, 1421, 0, 0, 30.03%, 0, 0, 26, 58.73, 3802737, 804, 0, 0
102454, 5, 1194, 1421, 0, 0, 30.03%, 0, 0, 26, 63.85, 3803077, 804, 0, 0
102459, 5, 624, 1421, 0, 0, 30.03%, 0, 0, 26, 67.14, 3803401, 804, 0, 0
102464, 5, 949, 1421, 0, 0, 30.03%, 0, 0, 26, 68.78, 3803756, 804, 0, 0
102469, 5, 304, 1421, 0, 0, 30.03%, 0, 0, 26, 88.81, 3804208, 804, 0, 0
102474, 5, 980, 1421, 0, 0, 30.03%, 0, 0, 26, 73.07, 3804582, 804, 0, 0
102479, 5, 708, 1421, 0, 0, 30.03%, 0, 0, 26, 79.60, 3805020, 804, 0, 0
102485, 5, 633, 1421, 0, 0, 30.03%, 0, 0, 26, 85.25, 3805460, 804, 0, 0
102490, 5, 1302, 1421, 0, 0, 30.03%, 0, 0, 26, 39.31, 3805757, 804, 0, 0
102495, 5, 1053, 1421, 0, 0, 30.03%, 0, 0, 26, 55.74, 3806064, 804, 0, 0
102500, 5, 658, 1421, 0, 0, 30.03%, 0, 0, 26, 83.64, 3806519, 804, 0, 0
102505, 5, 171, 1421, 0, 0, 30.03%, 0, 0, 26, 91.33, 3806984, 804, 0, 0
102510, 5, 277, 1421, 0, 0, 30.03%, 0, 0, 26, 89.38, 3807425, 804, 0, 0
102515, 5, 1391, 1421, 0, 0, 30.03%, 0, 0, 26, 61.77, 3807736, 804, 0, 0
102520, 5, 1170, 1421, 0, 0, 30.03%, 0, 0, 26, 64.10, 3808055, 804, 0, 0
102526, 5, 1354, 1421, 0, 0, 30.03%, 0, 0, 26, 54.28, 3808336, 804, 0, 0
102531, 5, 474, 1421, 0, 0, 30.03%, 0, 0, 26, 65.44, 3808647, 804, 0, 0
102536, 5, 1397, 1421, 0, 0, 30.03%, 0, 0, 26, 61.32, 3808989, 804, 0, 0
102541, 5, 492, 1421, 0, 0, 30.03%, 0, 0, 26, 78.62, 3809366, 804, 0, 0
102546, 5, 563, 1421, 0, 0, 30.03%, 0, 0, 26, 93.64, 3809869, 804, 0, 0
102551, 5, 783, 1421, 0, 0, 30.03%, 0, 0, 26, 90.00, 3810343, 804, 0, 0
102556, 5, 1275, 1421, 0, 0, 30.03%, 0, 0, 26, 67.18, 3810674, 804, 0, 0
102561, 5, 1159, 1421, 0, 0, 30.03%, 0, 0, 26, 57.75, 3810954, 804, 0, 0
102567, 5, 291, 1421, 0, 0, 30.03%, 0, 0, 26, 69.85, 3811308, 804, 0, 0
102572, 5, 1092, 1421, 0, 0, 30.03%, 0, 0, 26, 81.94, 3811775, 804, 0, 0
102577, 5, 304, 1421, 0, 0, 30.03%, 0, 0, 26, 74.19, 3812122, 804, 0, 0
102582, 5, 1176, 1421, 0, 0, 30.03%, 0, 0, 26, 64.27, 3812453, 804, 0, 0
102587, 5, 1397, 1421, 0, 0, 30.03%, 0, 0, 26, 55.13, 3812725, 804, 0, 0
102592, 5, 655, 1421, 0, 0, 30.03%, 0, 0, 26, 60.05, 3813018, 804, 0, 0
102597, 5, 719, 1421, 0, 0, 30.03%, 0, 0, 26, 84.55, 3813489, 804, 0, 0
102602, 5, 761, 1421, 0, 0, 30.03%, 0, 0, 26, 72.48, 3813852, 804, 0, 0
102607, 5, 1184, 1421, 0, 0, 30.03%, 0, 0, 26, 58.04, 3814134, 804, 0, 0
102612, 5, 569, 1421, 0, 0, 30.03%, 0, 0, 26, 76.12, 3814516, 804, 0, 0
102618, 5, 560, 1421, 0, 0, 30.03%, 0, 0, 26, 87.93, 3814968, 804, 0, 0
102623, 5, 1181, 1421, 0, 0, 30.03%, 0, 0, 26, 63.44, 3815257, 804, 0, 0
102628, 5, 1397, 1421, 0, 0, 30.03%, 0, 0, 26, 62.12, 3815579, 804, 0, 0
102633, 5, 1397, 1421, 0, 0, 30.03%, 0, 0, 26, 53.34, 3815841, 804, 0, 0
102638, 5, 1010, 1421, 0, 0, 30.03%, 0, 0, 26, 63.02, 3816165, 804, 0, 0
102643, 5, 1223, 1421, 0, 0, 30.03%, 0, 0, 26, 66.67, 3816549, 804, 0, 0
102648, 5, 1231, 1421, 0, 0, 30.03%, 0, 0, 26, 68.82, 3816897, 804, 0, 0
102654, 5, 220, 1421, 0, 0, 30.03%, 0, 0, 26, 65.17, 3817213, 804, 0, 0
102659, 5, 1202, 1421, 0, 0, 30.03%, 0, 0, 26, 77.12, 3817667, 804, 0, 0
102664, 5, 1287, 1421, 0, 0, 30.03%, 0, 0, 26, 59.74, 3817948, 804, 0, 0
102669, 5, 513, 1421, 0, 0, 30.03%, 0, 0, 26, 60.16, 3818230, 804, 0, 0
102674, 5, 610, 1421, 0, 0, 30.03%, 0, 0, 26, 87.63, 3818720, 804, 0, 0
102679, 5, 414, 1421, 0, 0, 30.03%, 0, 0, 26, 94.08, 3819190, 804, 0, 0
102684, 5, 531, 1421, 0, 0, 30.03%, 0, 0, 26, 94.70, 3819679, 804, 0, 0
102689, 5, 1291, 1421, 0, 0, 30.03%, 0, 0, 26, 65.17, 3819998, 804, 0, 0
102694, 5, 514, 1421, 0, 0, 30.03%, 0, 0, 26, 84.17, 3820422, 804, 0, 0
102700, 5, 566, 1421, 0, 0, 30.03%, 0, 0, 26, 79.79, 3820843, 804, 0, 0
102705, 5, 389, 1421, 0, 0, 30.03%, 0, 0, 26, 92.56, 3821313, 804, 0, 0
102710, 5, 1010, 1421, 0, 0, 30.03%, 0, 0, 26, 76.35, 3821695, 804, 0, 0
102715, 5, 349, 1421, 0, 0, 30.03%, 0, 0, 26, 86.49, 3822142, 804, 0, 0
102720, 5, 615, 1421, 0, 0, 30.03%, 0, 0, 26, 80.21, 3822545, 804, 0, 0
102725, 5, 692, 1421, 0, 0, 30.03%, 0, 0, 26, 81.80, 3822971, 804, 0, 0
102730, 5, 1262, 1421, 0, 0, 30.03%, 0, 0, 26, 60.53, 3823258, 804, 0, 0
102735, 5, 1223, 1421, 0, 0, 30.03%, 0, 0, 26, 68.78, 3823640, 804, 0, 0
102740, 5, 553, 1421, 0, 0, 30.03%, 0, 0, 26, 78.46, 3824016, 804, 0, 0
102745, 5, 1053, 1421, 0, 0, 30.03%, 0, 0, 26, 71.86, 3824377, 804, 0, 0
102751, 5, 1334, 1421, 0, 0, 30.03%, 0, 0, 26, 79.38, 3824789, 804, 0, 0
102756, 5, 1250, 1421, 0, 0, 30.03%, 0, 0, 26, 81.15, 3825196, 804, 0, 0
102761, 5, 53, 1421, 0, 0, 30.03%, 0, 0, 26, 63.59, 3825486, 804, 0, 0
102766, 5, 1267, 1421, 0, 0, 30.03%, 0, 0, 26, 63.56, 3825844, 804, 0, 0
102771, 5, 1096, 1421, 0, 0, 30.03%, 0, 0, 26, 61.33, 3826146, 804, 0, 0
102776, 5, 1213, 1421, 0, 0, 30.03%, 0, 0, 26, 58.48, 3826440, 804, 0, 0
102781, 5, 1038, 1421, 0, 0, 30.03%, 0, 0, 26, 64.36, 3826770, 804, 0, 0
102786, 5, 516, 1421, 0, 0, 30.03%, 0, 0, 26, 87.88, 3827234, 804, 0, 0
102791, 5, 1309, 1421, 0, 0, 30.03%, 0, 0, 26, 61.20, 3827515, 804, 0, 0
102797, 5, 1143, 1421, 0, 0, 30.03%, 0, 0, 26, 65.47, 3827850, 804, 0, 0
102802, 5, 711, 1421, 0, 0, 30.03%, 0, 0, 26, 61.96, 3828159, 804, 0, 0
102807, 5, 748, 1421, 0, 0, 30.03%, 0, 0, 26, 74.14, 3828559, 804, 0, 0
102812, 5, 1397, 1421, 0, 0, 30.03%, 0, 0, 26, 70.61, 3828938, 804, 0, 0
102817, 5, 1247, 1421, 0, 0, 30.03%, 0, 0, 26, 54.89, 3829190, 804, 0, 0
102822, 5, 547, 1421, 0, 0, 30.03%, 0, 0, 26, 64.83, 3829516, 804, 0, 0
102827, 5, 1306, 1421, 0, 0, 30.03%, 0, 0, 26, 62.06, 3829850, 804, 0, 0
102832, 5, 1224, 1421, 0, 0, 30.03%, 0, 0, 26, 80.98, 3830260, 804, 0, 0
102837, 5, 1224, 1421, 0, 0, 30.03%, 0, 0, 26, 62.42, 3830548, 804, 0, 0
102842, 5, 1304, 1421, 0, 0, 30.03%, 0, 0, 26, 68.91, 3830957, 804, 0, 0
102848, 5, 1224, 1421, 0, 0, 30.03%, 0, 0, 26, 57.49, 3831237, 804, 0, 0
102853, 5, 597, 1421, 0, 0, 30.03%, 0, 0, 26, 65.03, 3831557, 804, 0, 0
102858, 5, 100, 1421, 0, 0, 30.03%, 0, 0, 26, 95.24, 3832069, 804, 0, 0
102863, 5, 628, 1421, 0, 0, 30.03%, 0, 0, 26, 94.51, 3832582, 804, 0, 0
102868, 5, 493, 1421, 0, 0, 30.03%, 0, 0, 26, 93.70, 3833051, 804, 0, 0
102873, 5, 1287, 1421, 0, 0, 30.03%, 0, 0, 26, 67.26, 3833390, 804, 0, 0
102878, 5, 1315, 1421, 0, 0, 30.03%, 0, 0, 26, 76.16, 3833750, 804, 0, 0
102883, 5, 580, 1421, 0, 0, 30.03%, 0, 0, 26, 60.01, 3834038, 804, 0, 0
102888, 5, 1345, 1421, 0, 0, 30.03%, 0, 0, 26, 58.66, 3834357, 804, 0, 0
102893, 5, 469, 1421, 0, 0, 30.03%, 0, 0, 26, 71.88, 3834692, 804, 0, 0
102899, 5, 1068, 1421, 0, 0, 30.03%, 0, 0, 26, 75.44, 3835117, 804, 0, 0
102904, 5, 545, 1421, 0, 0, 30.03%, 0, 0, 26, 90.84, 3835579, 804, 0, 0
102909, 5, 1010, 1421, 0, 0, 30.03%, 0, 0, 26, 74.75, 3835963, 804, 0, 0
102914, 5, 185, 1421, 0, 0, 30.03%, 0, 0, 26, 97.44, 3836467, 804, 0, 0
102919, 5, 521, 1421, 0, 0, 30.03%, 0, 0, 26, 96.43, 3836967, 804, 0, 0
102924, 5, 1365, 1421, 0, 0, 30.03%, 0, 0, 26, 74.21, 3837345, 804, 0, 0
102929, 5, 610, 1421, 0, 0, 30.03%, 0, 0, 26, 59.99, 3837619, 804, 0, 0
102934, 5, 1124, 1421, 0, 0, 30.03%, 0, 0, 26, 86.84, 3838081, 804, 0, 0
102940, 5, 655, 1421, 0, 0, 30.03%, 0, 0, 26, 72.98, 3838437, 804, 0, 0
102945, 5, 1349, 1421, 0, 0, 30.03%, 0, 0, 26, 66.42, 3838793, 804, 0, 0
102950, 5, 367, 1421, 0, 0, 30.03%, 0, 0, 26, 73.17, 3839127, 804, 0, 0
102955, 5, 1371, 1421, 0, 0, 30.03%, 0, 0, 26, 82.58, 3839605, 804, 0, 0
102960, 5, 349, 1421, 0, 0, 30.03%, 0, 0, 26, 60.91, 3839874, 804, 0, 0
102965, 5, 1275, 1421, 0, 0, 30.03%, 0, 0, 26, 86.78, 3840373, 804, 0, 0
102970, 5, 1275, 1421, 0, 0, 30.03%, 0, 0, 26, 61.52, 3840648, 804, 0, 0
102975, 5, 623, 1421, 0, 0, 30.03%, 0, 0, 26, 67.26, 3840997, 804, 0, 0
102981, 5, 662, 1421, 0, 0, 30.03%, 0, 0, 26, 88.42, 3841464, 804, 0, 0
102986, 5, 420, 1421, 0, 0, 30.03%, 0, 0, 26, 91.72, 3841914, 804, 0, 0
102991, 5, 1315, 1421, 0, 0, 30.03%, 0, 0, 26, 79.67, 3842348, 804, 0, 0
102996, 5, 1087, 1421, 0, 0, 30.03%, 0, 0, 26, 62.27, 3842637, 804, 0, 0
103001, 5, 513, 1421, 0, 0, 30.03%, 0, 0, 26, 75.12, 3843006, 804, 0, 0
103006, 5, 731, 1421, 0, 0, 30.03%, 0, 0, 26, 79.50, 3843444, 804, 0, 0
103011, 5, 1397, 1421, 0, 0, 30.03%, 0, 0, 26, 55.28, 3843699, 804, 0, 0
103017, 5, 336, 1421, 0, 0, 30.03%, 0, 0, 26, 87.54, 3844159, 804, 0, 0
103022, 5, 513, 1421, 0, 0, 30.03%, 0, 0, 26, 97.67, 3844678, 804, 0, 0
103027, 5, 592, 1421, 0, 0, 30.03%, 0, 0, 26, 87.05, 3845122, 804, 0, 0
103032, 5, 982, 1421, 0, 0, 30.03%, 0, 0, 26, 76.27, 3845509, 804, 0, 0
103037, 5, 159, 1421, 0, 0, 30.03%, 0, 0, 26, 85.27, 3845920, 804, 0, 0
103042, 5, 1231, 1421, 0, 0, 30.03%, 0, 0, 26, 61.97, 3846216, 804, 0, 0
103047, 5, 289, 1421, 0, 0, 30.03%, 0, 0, 26, 81.40, 3846671, 804, 0, 0
103053, 5, 682, 1421, 0, 0, 30.03%, 0, 0, 26, 80.78, 3847109, 804, 0, 0
103058, 5, 990, 1421, 0, 0, 30.03%, 0, 0, 26, 59.00, 3847502, 804, 0, 0
103063, 5, 1300, 1421, 0, 0, 30.03%, 0, 0, 26, 57.17, 3847804, 804, 0, 0
103068, 5, 409, 1421, 0, 0, 30.03%, 0, 0, 26, 82.98, 3848219, 804, 0, 0
103073, 5, 1144, 1421, 0, 0, 30.03%, 0, 0, 26, 82.64, 3848676, 804, 0, 0
103078, 5, 1399, 1421, 0, 0, 30.03%, 0, 0, 26, 62.86, 3848977, 804, 0, 0
103083, 5, 1087, 1421, 0, 0, 30.03%, 0, 0, 26, 53.98, 3849241, 804, 0, 0
103089, 5, 693, 1421, 0, 0, 30.03%, 0, 0, 26, 61.55, 3849554, 804, 0, 0
103094, 5, 50, 1421, 0, 0, 30.03%, 0, 0, 26, 90.05, 3850029, 804, 0, 0
103099, 5, 1000, 1421, 0, 0, 30.03%, 0, 0, 26, 73.37, 3850404, 804, 0, 0
103104, 5, 1328, 1421, 0, 0, 30.03%, 0, 0, 26, 78.79, 3850835, 804, 0, 0
103109, 5, 1172, 1421, 0, 0, 30.03%, 0, 0, 26, 65.02, 3851163, 804, 0, 0
103114, 5, 553, 1421, 0, 0, 30.03%, 0, 0, 26, 85.79, 3851601, 804, 0, 0
103119, 5, 1397, 1421, 0, 0, 30.03%, 0, 0, 26, 42.87, 3851904, 804, 0, 0
103124, 5, 898, 1421, 0, 0, 30.03%, 0, 0, 26, 63.16, 3852226, 804, 0, 0
103129, 5, 1264, 1421, 0, 0, 30.03%, 0, 0, 26, 63.51, 3852564, 804, 0, 0
103135, 5, 1214, 1421, 0, 0, 30.03%, 0, 0, 26, 55.26, 3852839, 804, 0, 0
103140, 5, 188, 1421, 0, 0, 30.03%, 0, 0, 26, 55.86, 3853126, 804, 0, 0
103145, 5, 513, 1421, 0, 0, 30.03%, 0, 0, 26, 87.66, 3853617, 804, 0, 0
103150, 5, 1240, 1421, 0, 0, 30.03%, 0, 0, 26, 63.58, 3853906, 804, 0, 0
103155, 5, 1265, 1421, 0, 0, 30.03%, 0, 0, 26, 59.81, 3854223, 804, 0, 0
103160, 5, 896, 1421, 0, 0, 30.03%, 0, 0, 26, 79.26, 3854647, 804, 0, 0
103165, 5, 1215, 1421, 0, 0, 30.03%, 0, 0, 26, 66.15, 3854963, 804, 0, 0
103170, 5, 1397, 1421, 0, 0, 30.03%, 0, 0, 26, 71.28, 3855308, 804, 0, 0
103176, 5, 1397, 1421, 0, 0, 30.03%, 0, 0, 26, 53.20, 3855556, 804, 0, 0
103181, 5, 1124, 1421, 0, 0, 30.03%, 0, 0, 26, 71.25, 3855933, 804, 0, 0
103186, 5, 508, 1421, 0, 0, 30.03%, 0, 0, 26, 84.89, 3856357, 804, 0, 0
103191, 5, 1010, 1421, 0, 0, 30.03%, 0, 0, 26, 72.20, 3856720, 804, 0, 0
103196, 5, 1177, 1421, 0, 0, 30.03%, 0, 0, 26, 66.10, 3857057, 804, 0, 0
103201, 5, 62, 1421, 0, 0, 30.03%, 0, 0, 26, 72.78, 3857404, 804, 0, 0
103206, 5, 453, 1421, 0, 0, 30.03%, 0, 0, 26, 65.70, 3857723, 804, 0, 0
103211, 5, 938, 1421, 0, 0, 30.03%, 0, 0, 26, 91.35, 3858213, 804, 0, 0
103217, 5, 1157, 1421, 0, 0, 30.03%, 0, 0, 26, 69.96, 3858551, 804, 0, 0
103222, 5, 1035, 1421, 0, 0, 30.03%, 0, 0, 26, 62.59, 3858862, 804, 0, 0
103227, 5, 1289, 1421, 0, 0, 30.03%, 0, 0, 26, 59.66, 3859180, 804, 0, 0
103232, 5, 961, 1421, 0, 0, 30.03%, 0, 0, 26, 61.25, 3859488, 804, 0, 0
103237, 5, 580, 1421, 0, 0, 30.03%, 0, 0, 26, 70.13, 3859856, 804, 0, 0
103242, 5, 418, 1421, 0, 0, 30.03%, 0, 0, 26, 89.79, 3860319, 804, 0, 0
103248, 5, 73, 1421, 0, 0, 30.03%, 0, 0, 26, 78.59, 3860694, 804, 0, 0
103253, 5, 124, 1421, 0, 0, 30.03%, 0, 0, 26, 82.65, 3861117, 804, 0, 0
103258, 5, 455, 1421, 0, 0, 30.03%, 0, 0, 26, 96.64, 3861632, 804, 0, 0
103263, 5, 1211, 1421, 0, 0, 30.03%, 0, 0, 26, 68.02, 3861969, 804, 0, 0
103268, 5, 165, 1421, 0, 0, 30.03%, 0, 0, 26, 92.09, 3862450, 804, 0, 0
103273, 5, 1135, 1421, 0, 0, 30.03%, 0, 0, 26, 69.06, 3862783, 804, 0, 0
103278, 5, 1363, 1421, 0, 0, 30.03%, 0, 0, 26, 64.57, 3863119, 804, 0, 0
103283, 5, 1259, 1421, 0, 0, 30.03%, 0, 0, 26, 66.70, 3863412, 804, 0, 0
103288, 5, 1259, 1421, 0, 0, 30.03%, 0, 0, 26, 58.12, 3863695, 804, 0, 0
103293, 5, 1397, 1421, 0, 0, 30.03%, 0, 0, 26, 85.84, 3864175, 804, 0, 0
103299, 5, 1397, 1421, 0, 0, 30.03%, 0, 0, 26, 57.35, 3864430, 804, 0, 0
103304, 5, 659, 1421, 0, 0, 30.03%, 0, 0, 26, 75.61, 3864819, 804, 0, 0
103309, 5, 1420, 1421, 0, 0, 30.03%, 0, 0, 26, 84.94, 3865258, 804, 0, 0
103314, 5, 1420, 1421, 0, 0, 30.03%, 0, 0, 26, 53.89, 3865493, 804, 0, 0
103319, 5, 1420, 1421, 0, 0, 30.03%, 0, 0, 26, 46.94, 3865720, 804, 0, 0
103324, 5, 1420, 1421, 0, 0, 30.03%, 0, 0, 26, 46.67, 3865960, 804, 0, 0
103329, 5, 1208, 1421, 0, 0, 30.03%, 0, 0, 26, 59.87, 3866292, 804, 0, 0
103334, 5, 1131, 1421, 0, 0, 30.03%, 0, 0, 26, 59.80, 3866588, 804, 0, 0
103339, 5, 662, 1421, 0, 0, 30.03%, 0, 0, 26, 66.71, 3866920, 804, 0, 0
103344, 5, 1274, 1421, 0, 0, 30.03%, 0, 0, 26, 59.08, 3867218, 804, 0, 0
103349, 5, 960, 1421, 0, 0, 30.03%, 0, 0, 26, 72.60, 3867612, 804, 0, 0
103355, 5, 289, 1421, 0, 0, 30.03%, 0, 0, 26, 80.23, 3868005, 804, 0, 0
103360, 5, 470, 1421, 0, 0, 30.03%, 0, 0, 26, 97.27, 3868529, 804, 0, 0
103365, 5, 1397, 1421, 0, 0, 30.03%, 0, 0, 26, 61.57, 3868804, 804, 0, 0
103370, 5, 720, 1421, 0, 0, 30.03%, 0, 0, 26, 77.93, 3869201, 804, 0, 0
103375, 5, 513, 1421, 0, 0, 30.03%, 0, 0, 26, 79.38, 3869604, 804, 0, 0
103380, 5, 400, 1421, 0, 0, 30.03%, 0, 0, 26, 95.14, 3870106, 804, 0, 0
103385, 5, 1218, 1421, 0, 0, 30.03%, 0, 0, 26, 70.78, 3870459, 804, 0, 0
103390, 5, 1109, 1421, 0, 0, 30.03%, 0, 0, 26, 62.56, 3870758, 804, 0, 0
103395, 5, 1039, 1421, 0, 0, 30.03%, 0, 0, 26, 64.59, 3871084, 804, 0, 0
103401, 5, 1159, 1421, 0, 0, 30.03%, 0, 0, 26, 70.27, 3871472, 804, 0, 0
103406, 5, 1260, 1421, 0, 0, 30.03%, 0, 0, 26, 73.13, 3871851, 804, 0, 0
103411, 5, 1268, 1421, 0, 0, 30.03%, 0, 0, 26, 58.92, 3872130, 804, 0, 0
103416, 5, 88, 1421, 0, 0, 30.03%, 0, 0, 26, 62.87, 3872431, 804, 0, 0
103421, 5, 1351, 1421, 0, 0, 30.03%, 0, 0, 26, 84.50, 3872909, 804, 0, 0
103426, 5, 1351, 1421, 0, 0, 30.03%, 0, 0, 26, 58.24, 3873169, 804, 0, 0
103431, 5, 585, 1421, 0, 0, 30.03%, 0, 0, 26, 85.88, 3873651, 804, 0, 0
103436, 5, 329, 1421, 0, 0, 30.03%, 0, 0, 26, 97.34, 3874137, 804, 0, 0
103441, 5, 1229, 1421, 0, 0, 30.03%, 0, 0, 26, 67.22, 3874447, 804, 0, 0
103446, 5, 634, 1421, 0, 0, 30.03%, 0, 0, 26, 87.11, 3874928, 804, 0, 0
103452, 5, 1368, 1421, 0, 0, 30.03%, 0, 0, 26, 71.33, 3875304, 804, 0, 0
103457, 5, 1125, 1421, 0, 0, 30.03%, 0, 0, 26, 57.41, 3875570, 804, 0, 0
103462, 5, 694, 1421, 0, 0, 30.03%, 0, 0, 26, 70.73, 3875918, 804, 0, 0
103467, 5, 1395, 1421, 0, 0, 30.03%, 0, 0, 26, 60.51, 3876243, 804, 0, 0
103472, 5, 1397, 1421, 0, 0, 30.03%, 0, 0, 26, 63.93, 3876550, 804, 0, 0
103477, 5, 1397, 1421, 0, 0, 30.03%, 0, 0, 26, 51.81, 3876807, 804, 0, 0
103482, 5, 1369, 1421, 0, 0, 30.03%, 0, 0, 26, 51.30, 3877070, 804, 0, 0
103488, 5, 1316, 1421, 0, 0, 30.03%, 0, 0, 26, 83.47, 3877537, 804, 0, 0
103493, 5, 1316, 1421, 0, 0, 30.03%, 0, 0, 26, 59.31, 3877810, 804, 0, 0
103498, 5, 1157, 1421, 0, 0, 30.03%, 0, 0, 26, 67.61, 3878185, 804, 0, 0
103503, 5, 396, 1421, 0, 0, 30.03%, 0, 0, 26, 83.34, 3878589, 804, 0, 0
103508, 5, 1171, 1421, 0, 0, 30.03%, 0, 0, 26, 65.07, 3878907, 804, 0, 0
103513, 5, 1211, 1421, 0, 0, 30.03%, 0, 0, 26, 59.07, 3879195, 804, 0, 0
103518, 5, 554, 1421, 0, 0, 30.03%, 0, 0, 26, 84.19, 3879597, 804, 0, 0
103523, 5, 1185, 1421, 0, 0, 30.03%, 0, 0, 26, 63.32, 3879907, 804, 0, 0
103528, 5, 1038, 1421, 0, 0, 30.03%, 0, 0, 26, 65.39, 3880234, 804, 0, 0
103534, 5, 542, 1421, 0, 0, 30.03%, 0, 0, 26, 70.81, 3880588, 804, 0, 0
103539, 5, 513, 1421, 0, 0, 30.03%, 0, 0, 26, 84.91, 3881057, 804, 0, 0
103544, 5, 513, 1421, 0, 0, 30.03%, 0, 0, 26, 87.96, 3881506, 804, 0, 0
103549, 5, 266, 1421, 0, 0, 30.03%, 0, 0, 26, 82.02, 3881938, 804, 0, 0
103554, 5, 492, 1421, 0, 0, 30.03%, 0, 0, 26, 92.53, 3882439, 804, 0, 0
103559, 5, 266, 1421, 0, 0, 30.03%, 0, 0, 26, 87.87, 3882878, 804, 0, 0
103565, 5, 689, 1421, 0, 0, 30.03%, 0, 0, 26, 79.68, 3883287, 804, 0, 0
103570, 5, 130, 1421, 0, 0, 30.03%, 0, 0, 26, 90.20, 3883753, 804, 0, 0
103575, 5, 1078, 1421, 0, 0, 30.03%, 0, 0, 26, 73.25, 3884138, 804, 0, 0
103586, 5, 1078, 1421, 0, 0, 30.03%, 0, 0, 26, 0.42, 3884232, 804, 0, 0
103591, 5, 1140, 1421, 0, 0, 30.03%, 0, 0, 26, 74.72, 3884645, 804, 0, 0
103596, 5, 378, 1421, 0, 0, 30.03%, 0, 0, 26, 78.76, 3885015, 804, 0, 0
103601, 5, 1082, 1421, 0, 0, 30.03%, 0, 0, 26, 69.20, 3885383, 804, 0, 0
103606, 5, 1040, 1421, 0, 0, 30.03%, 0, 0, 26, 67.82, 3885742, 804, 0, 0
103611, 5, 801, 1421, 0, 0, 30.03%, 0, 0, 26, 67.77, 3886092, 804, 0, 0
103617, 5, 747, 1421, 0, 0, 30.03%, 0, 0, 26, 78.27, 3886521, 804, 0, 0
103622, 5, 1314, 1421, 0, 0, 30.03%, 0, 0, 26, 83.35, 3886962, 804, 0, 0
103627, 5, 1314, 1421, 0, 0, 30.03%, 0, 0, 26, 58.64, 3887224, 804, 0, 0
103632, 5, 520, 1421, 0, 0, 30.03%, 0, 0, 26, 87.04, 3887705, 804, 0, 0
103637, 5, 1360, 1421, 0, 0, 30.03%, 0, 0, 26, 38.41, 3887944, 804, 0, 0
103642, 5, 1397, 1421, 0, 0, 30.03%, 0, 0, 26, 47.55, 3888202, 804, 0, 0
104566, 5, 511, 1421, 0, 0, 30.03%, 0, 0, 26, 0.02, 3888443, 804, 0, 0
104571, 5, 735, 1421, 0, 0, 30.03%, 0, 0, 26, 84.85, 3888893, 804, 0, 0
104577, 5, 484, 1421, 0, 0, 30.03%, 0, 0, 26, 92.54, 3889349, 804, 0, 0
104582, 5, 1344, 1421, 0, 0, 30.03%, 0, 0, 26, 65.28, 3889686, 804, 0, 0
104587, 5, 1144, 1421, 0, 0, 30.03%, 0, 0, 26, 55.55, 3889943, 804, 0, 0
104592, 5, 469, 1421, 0, 0, 30.03%, 0, 0, 26, 79.93, 3890348, 804, 0, 0
104597, 5, 1374, 1421, 0, 0, 30.03%, 0, 0, 26, 59.41, 3890643, 804, 0, 0
104602, 5, 1099, 1421, 0, 0, 30.03%, 0, 0, 26, 59.69, 3890934, 804, 0, 0
104607, 5, 1170, 1421, 0, 0, 30.03%, 0, 0, 26, 59.46, 3891237, 804, 0, 0
104612, 5, 492, 1421, 0, 0, 30.03%, 0, 0, 26, 66.02, 3891582, 804, 0, 0
104617, 5, 163, 1421, 0, 0, 30.03%, 0, 0, 26, 94.76, 3892093, 804, 0, 0
104622, 5, 1226, 1421, 0, 0, 30.03%, 0, 0, 26, 88.77, 3892574, 804, 0, 0
104628, 5, 1164, 1421, 0, 0, 30.03%, 0, 0, 26, 64.39, 3892873, 804, 0, 0
104633, 5, 125, 1421, 0, 0, 30.03%, 0, 0, 26, 72.89, 3893219, 804, 0, 0
104638, 5, 1278, 1421, 0, 0, 30.03%, 0, 0, 26, 62.96, 3893559, 804, 0, 0
104643, 5, 1207, 1421, 0, 0, 30.03%, 0, 0, 26, 56.83, 3893842, 804, 0, 0
104648, 5, 692, 1421, 0, 0, 30.03%, 0, 0, 26, 65.25, 3894170, 804, 0, 0
104653, 5, 1208, 1421, 0, 0, 30.03%, 0, 0, 26, 72.18, 3894577, 804, 0, 0
104659, 5, 1158, 1421, 0, 0, 30.03%, 0, 0, 26, 61.34, 3894879, 804, 0, 0
104664, 5, 553, 1421, 0, 0, 30.03%, 0, 0, 26, 70.81, 3895220, 804, 0, 0
104669, 5, 882, 1421, 0, 0, 30.03%, 0, 0, 26, 71.83, 3895601, 804, 0, 0
104674, 5, 1275, 1421, 0, 0, 30.03%, 0, 0, 26, 59.61, 3895891, 804, 0, 0
104679, 5, 1231, 1421, 0, 0, 30.03%, 0, 0, 26, 58.28, 3896188, 804, 0, 0
104684, 5, 1201, 1421, 0, 0, 30.03%, 0, 0, 26, 57.70, 3896488, 804, 0, 0
104689, 5, 1155, 1421, 0, 0, 30.03%, 0, 0, 26, 64.83, 3896827, 804, 0, 0
104694, 5, 513, 1421, 0, 0, 30.03%, 0, 0, 26, 83.47, 3897247, 804, 0, 0
104700, 5, 758, 1421, 0, 0, 30.03%, 0, 0, 26, 89.78, 3897733, 804, 0, 0
104705, 5, 638, 1421, 0, 0, 30.03%, 0, 0, 26, 78.87, 3898116, 804, 0, 0
104710, 5, 0, 1421, 0, 0, 30.03%, 0, 0, 26, 76.56, 3898486, 804, 0, 0
104715, 5, 721, 1421, 0, 0, 30.03%, 0, 0, 26, 85.40, 3898970, 804, 0, 0
104720, 5, 706, 1421, 0, 0, 30.03%, 0, 0, 26, 88.04, 3899438, 804, 0, 0
104725, 5, 1307, 1421, 0, 0, 30.03%, 0, 0, 26, 66.20, 3899777, 804, 0, 0
104730, 5, 1182, 1421, 0, 0, 30.03%, 0, 0, 26, 57.87, 3900052, 804, 0, 0
104735, 5, 1401, 1421, 0, 0, 30.03%, 0, 0, 26, 76.36, 3900445, 804, 0, 0
104740, 5, 607, 1421, 0, 0, 30.03%, 0, 0, 26, 76.38, 3900828, 804, 0, 0
104746, 5, 88, 1421, 0, 0, 30.03%, 0, 0, 26, 88.66, 3901273, 804, 0, 0
104751, 5, 1397, 1421, 0, 0, 30.03%, 0, 0, 26, 59.30, 3901544, 804, 0, 0
104756, 5, 1107, 1421, 0, 0, 30.03%, 0, 0, 26, 62.29, 3901864, 804, 0, 0
104761, 5, 1172, 1421, 0, 0, 30.03%, 0, 0, 26, 62.99, 3902212, 804, 0, 0
104766, 5, 1355, 1421, 0, 0, 30.03%, 0, 0, 26, 52.78, 3902470, 804, 0, 0
104771, 5, 1251, 1421, 0, 0, 30.03%, 0, 0, 26, 61.10, 3902798, 804, 0, 0
104776, 5, 1038, 1421, 0, 0, 30.03%, 0, 0, 26, 65.05, 3903127, 804, 0, 0
104781, 5, 494, 1421, 0, 0, 30.03%, 0, 0, 26, 90.01, 3903602, 804, 0, 0
104787, 5, 1010, 1421, 0, 0, 30.03%, 0, 0, 26, 87.48, 3904071, 804, 0, 0
104792, 5, 1166, 1421, 0, 0, 30.03%, 0, 0, 26, 68.80, 3904411, 804, 0, 0
104797, 5, 1130, 1421, 0, 0, 30.03%, 0, 0, 26, 62.14, 3904717, 804, 0, 0
104802, 5, 1220, 1421, 0, 0, 30.03%, 0, 0, 26, 79.35, 3905104, 804, 0, 0
104807, 5, 1220, 1421, 0, 0, 30.03%, 0, 0, 26, 61.57, 3905391, 804, 0, 0
104812, 5, 209, 1421, 0, 0, 30.03%, 0, 0, 26, 82.22, 3905846, 804, 0, 0
104817, 5, 480, 1421, 0, 0, 30.03%, 0, 0, 26, 99.48, 3906376, 804, 0, 0
104822, 5, 1347, 1421, 0, 0, 30.03%, 0, 0, 26, 70.91, 3906731, 804, 0, 0
104827, 5, 557, 1421, 0, 0, 30.03%, 0, 0, 26, 70.23, 3907047, 804, 0, 0
104832, 5, 663, 1421, 0, 0, 30.03%, 0, 0, 26, 76.01, 3907450, 804, 0, 0
104837, 5, 1397, 1421, 0, 0, 30.03%, 0, 0, 26, 60.05, 3907751, 804, 0, 0
104843, 5, 1243, 1421, 0, 0, 30.03%, 0, 0, 26, 55.96, 3908023, 804, 0, 0
104848, 5, 906, 1421, 0, 0, 30.03%, 0, 0, 26, 61.78, 3908332, 804, 0, 0
104853, 5, 753, 1421, 0, 0, 30.03%, 0, 0, 26, 71.27, 3908694, 804, 0, 0
104858, 5, 968, 1421, 0, 0, 30.03%, 0, 0, 26, 71.41, 3909073, 804, 0, 0
104863, 5, 761, 1421, 0, 0, 30.03%, 0, 0, 26, 69.38, 3909423, 804, 0, 0
104868, 5, 1226, 1421, 0, 0, 30.03%, 0, 0, 26, 62.02, 3909741, 804, 0, 0
104873, 5, 204, 1421, 0, 0, 30.03%, 0, 0, 26, 86.65, 3910167, 804, 0, 0
104878, 5, 1262, 1421, 0, 0, 30.03%, 0, 0, 26, 60.84, 3910446, 804, 0, 0
104883, 5, 688, 1421, 0, 0, 30.03%, 0, 0, 26, 78.19, 3910881, 804, 0, 0
104888, 5, 884, 1421, 0, 0, 30.03%, 0, 0, 26, 76.82, 3911279, 804, 0, 0
104894, 5, 604, 1421, 0, 0, 30.03%, 0, 0, 26, 79.20, 3911681, 804, 0, 0
104899, 5, 472, 1421, 0, 0, 30.03%, 0, 0, 26, 94.64, 3912173, 804, 0, 0
104904, 5, 450, 1421, 0, 0, 30.03%, 0, 0, 26, 97.25, 3912672, 804, 0, 0
104909, 5, 590, 1421, 0, 0, 30.03%, 0, 0, 26, 95.31, 3913159, 804, 0, 0
104914, 5, 1288, 1421, 0, 0, 30.03%, 0, 0, 26, 67.50, 3913495, 804, 0, 0
104919, 5, 1169, 1421, 0, 0, 30.03%, 0, 0, 26, 74.68, 3913857, 804, 0, 0
104925, 5, 724, 1421, 0, 0, 30.03%, 0, 0, 26, 67.23, 3914190, 804, 0, 0
104930, 5, 1287, 1421, 0, 0, 30.03%, 0, 0, 26, 54.45, 3914460, 804, 0, 0
104935, 5, 1084, 1421, 0, 0, 30.03%, 0, 0, 26, 66.82, 3914813, 804, 0, 0
104940, 5, 1035, 1421, 0, 0, 30.03%, 0, 0, 26, 67.19, 3915151, 804, 0, 0
104945, 5, 1164, 1421, 0, 0, 30.03%, 0, 0, 26, 62.53, 3915477, 804, 0, 0
104950, 5, 664, 1421, 0, 0, 30.03%, 0, 0, 26, 71.59, 3915843, 804, 0, 0
104955, 5, 447, 1421, 0, 0, 30.03%, 0, 0, 26, 91.12, 3916318, 804, 0, 0
104960, 5, 1113, 1421, 0, 0, 30.03%, 0, 0, 26, 79.17, 3916742, 804, 0, 0
104966, 5, 958, 1421, 0, 0, 30.03%, 0, 0, 26, 68.88, 3917090, 804, 0, 0
104971, 5, 88, 1421, 0, 0, 30.03%, 0, 0, 26, 81.87, 3917515, 804, 0, 0
104976, 5, 1376, 1421, 0, 0, 30.03%, 0, 0, 26, 56.21, 3917786, 804, 0, 0
104981, 5, 1366, 1421, 0, 0, 30.03%, 0, 0, 26, 57.83, 3918091, 804, 0, 0
104986, 5, 1164, 1421, 0, 0, 30.03%, 0, 0, 26, 56.07, 3918365, 804, 0, 0
104991, 5, 1285, 1421, 0, 0, 30.03%, 0, 0, 26, 56.94, 3918660, 804, 0, 0
104996, 5, 571, 1421, 0, 0, 30.03%, 0, 0, 26, 63.67, 3918975, 804, 0, 0
105001, 5, 1332, 1421, 0, 0, 30.03%, 0, 0, 26, 69.30, 3919333, 804, 0, 0
105007, 5, 1035, 1421, 0, 0, 30.03%, 0, 0, 26, 67.39, 3919680, 804, 0, 0
105012, 5, 1270, 1421, 0, 0, 30.03%, 0, 0, 26, 76.53, 3920063, 804, 0, 0
105017, 5, 1270, 1421, 0, 0, 30.03%, 0, 0, 26, 60.62, 3920348, 804, 0, 0
105022, 5, 225, 1421, 0, 0, 30.03%, 0, 0, 26, 74.03, 3920722, 804, 0, 0
105027, 5, 1165, 1421, 0, 0, 30.03%, 0, 0, 26, 66.91, 3921086, 804, 0, 0
105032, 5, 937, 1421, 0, 0, 30.03%, 0, 0, 26, 67.30, 3921428, 804, 0, 0
105037, 5, 1273, 1421, 0, 0, 30.03%, 0, 0, 26, 57.75, 3921712, 804, 0, 0
105042, 5, 588, 1421, 0, 0, 30.03%, 0, 0, 26, 71.48, 3922082, 804, 0, 0
105047, 5, 553, 1421, 0, 0, 30.03%, 0, 0, 26, 80.77, 3922483, 804, 0, 0
105052, 5, 1341, 1421, 0, 0, 30.03%, 0, 0, 26, 67.13, 3922848, 804, 0, 0
105057, 5, 1404, 1421, 0, 0, 30.03%, 0, 0, 26, 53.19, 3923112, 804, 0, 0
105063, 5, 995, 1421, 0, 0, 30.03%, 0, 0, 26, 57.79, 3923397, 804, 0, 0
105068, 5, 634, 1421, 0, 0, 30.03%, 0, 0, 26, 68.97, 3923760, 804, 0, 0
105073, 5, 1397, 1421, 0, 0, 30.03%, 0, 0, 26, 59.43, 3924078, 804, 0, 0
105078, 5, 1412, 1421, 0, 0, 30.03%, 0, 0, 26, 64.89, 3924398, 804, 0, 0
105083, 5, 1412, 1421, 0, 0, 30.03%, 0, 0, 26, 56.49, 3924675, 804, 0, 0
105088, 5, 1305, 1421, 0, 0, 30.03%, 0, 0, 26, 77.57, 3925092, 804, 0, 0
105093, 5, 1305, 1421, 0, 0, 30.03%, 0, 0, 26, 59.11, 3925373, 804, 0, 0
105098, 5, 1397, 1421, 0, 0, 30.03%, 0, 0, 26, 51.51, 3925620, 804, 0, 0
105104, 5, 524, 1421, 0, 0, 30.03%, 0, 0, 26, 84.14, 3926069, 804, 0, 0
105109, 5, 1157, 1421, 0, 0, 30.03%, 0, 0, 26, 79.98, 3926499, 804, 0, 0
105114, 5, 627, 1421, 0, 0, 30.03%, 0, 0, 26, 70.81, 3926832, 804, 0, 0
105119, 5, 1238, 1421, 0, 0, 30.03%, 0, 0, 26, 60.89, 3927135, 804, 0, 0
105124, 5, 1215, 1421, 0, 0, 30.03%, 0, 0, 26, 62.73, 3927466, 804, 0, 0
105129, 5, 1253, 1421, 0, 0, 30.03%, 0, 0, 26, 75.08, 3927832, 804, 0, 0
105134, 5, 308, 1421, 0, 0, 30.03%, 0, 0, 26, 68.71, 3928156, 804, 0, 0
105139, 5, 1348, 1421, 0, 0, 30.03%, 0, 0, 26, 60.29, 3928482, 804, 0, 0
105144, 5, 1393, 1421, 0, 0, 30.03%, 0, 0, 26, 52.34, 3928739, 804, 0, 0
105150, 5, 861, 1421, 0, 0, 30.03%, 0, 0, 26, 59.18, 3929035, 804, 0, 0
105155, 5, 1159, 1421, 0, 0, 30.03%, 0, 0, 26, 59.54, 3929355, 804, 0, 0
105160, 5, 572, 1421, 0, 0, 30.03%, 0, 0, 26, 77.12, 3929771, 804, 0, 0
105165, 5, 844, 1421, 0, 0, 30.03%, 0, 0, 26, 78.91, 3930166, 804, 0, 0
105170, 5, 1397, 1421, 0, 0, 30.03%, 0, 0, 26, 64.74, 3930493, 804, 0, 0
105175, 5, 389, 1421, 0, 0, 30.03%, 0, 0, 26, 60.81, 3930777, 804, 0, 0
105180, 5, 1235, 1421, 0, 0, 30.03%, 0, 0, 26, 67.18, 3931166, 804, 0, 0
105185, 5, 984, 1421, 0, 0, 30.03%, 0, 0, 26, 62.32, 3931466, 804, 0, 0
105190, 5, 736, 1421, 0, 0, 30.03%, 0, 0, 26, 67.50, 3931814, 804, 0, 0
105196, 5, 1341, 1421, 0, 0, 30.03%, 0, 0, 26, 65.18, 3932167, 804, 0, 0
105201, 5, 296, 1421, 0, 0, 30.03%, 0, 0, 26, 71.61, 3932505, 804, 0, 0
105206, 5, 475, 1421, 0, 0, 30.03%, 0, 0, 26, 93.04, 3933016, 804, 0, 0
105211, 5, 517, 1421, 0, 0, 30.03%, 0, 0, 26, 95.14, 3933516, 804, 0, 0
105216, 5, 245, 1421, 0, 0, 30.03%, 0, 0, 26, 97.65, 3934025, 804, 0, 0
105221, 5, 650, 1421, 0, 0, 30.03%, 0, 0, 26, 93.70, 3934509, 804, 0, 0
105226, 5, 574, 1421, 0, 0, 30.03%, 0, 0, 26, 78.83, 3934884, 804, 0, 0
105231, 5, 1397, 1421, 0, 0, 30.03%, 0, 0, 26, 61.47, 3935197, 804, 0, 0
105236, 5, 748, 1421, 0, 0, 30.03%, 0, 0, 26, 64.05, 3935499, 804, 0, 0
105242, 5, 1191, 1421, 0, 0, 30.03%, 0, 0, 26, 61.70, 3935821, 804, 0, 0
105247, 5, 513, 1421, 0, 0, 30.03%, 0, 0, 26, 66.39, 3936137, 804, 0, 0
105252, 5, 654, 1421, 0, 0, 30.03%, 0, 0, 26, 81.12, 3936596, 804, 0, 0
105257, 5, 1280, 1421, 0, 0, 30.03%, 0, 0, 26, 70.12, 3936978, 804, 0, 0
105262, 5, 275, 1421, 0, 0, 30.03%, 0, 0, 26, 77.89, 3937340, 804, 0, 0
105267, 5, 1062, 1421, 0, 0, 30.03%, 0, 0, 26, 71.88, 3937696, 804, 0, 0
105272, 5, 620, 1421, 0, 0, 30.03%, 0, 0, 26, 72.05, 3938057, 804, 0, 0
105277, 5, 1387, 1421, 0, 0, 30.03%, 0, 0, 26, 57.74, 3938344, 804, 0, 0
105282, 5, 1400, 1421, 0, 0, 30.03%, 0, 0, 26, 67.89, 3938676, 804, 0, 0
105287, 5, 1083, 1421, 0, 0, 30.03%, 0, 0, 26, 79.90, 3939118, 804, 0, 0
105292, 5, 1151, 1421, 0, 0, 30.03%, 0, 0, 26, 75.42, 3939482, 804, 0, 0
105298, 5, 413, 1421, 0, 0, 30.03%, 0, 0, 26, 71.99, 3939819, 804, 0, 0
105303, 5, 392, 1421, 0, 0, 30.03%, 0, 0, 26, 95.96, 3940344, 804, 0, 0
105308, 5, 1397, 1421, 0, 0, 30.03%, 0, 0, 26, 60.05, 3940603, 804, 0, 0
105313, 5, 1361, 1421, 0, 0, 30.03%, 0, 0, 26, 61.91, 3940929, 804, 0, 0
105318, 5, 1201, 1421, 0, 0, 30.03%, 0, 0, 26, 54.36, 3941192, 804, 0, 0
105323, 5, 1201, 1421, 0, 0, 30.03%, 0, 0, 26, 57.45, 3941490, 804, 0, 0
105328, 5, 449, 1421, 0, 0, 30.03%, 0, 0, 26, 72.56, 3941872, 804, 0, 0
105333, 5, 1084, 1421, 0, 0, 30.03%, 0, 0, 26, 75.87, 3942295, 804, 0, 0
105339, 5, 1232, 1421, 0, 0, 30.03%, 0, 0, 26, 60.14, 3942590, 804, 0, 0
105344, 5, 1155, 1421, 0, 0, 30.03%, 0, 0, 26, 57.50, 3942880, 804, 0, 0
105349, 5, 1081, 1421, 0, 0, 30.03%, 0, 0, 26, 60.86, 3943170, 804, 0, 0
105354, 5, 1410, 1421, 0, 0, 30.03%, 0, 0, 26, 64.31, 3943500, 804, 0, 0
105359, 5, 1117, 1421, 0, 0, 30.03%, 0, 0, 26, 67.62, 3943874, 804, 0, 0
105364, 5, 1388, 1421, 0, 0, 30.03%, 0, 0, 26, 65.81, 3944218, 804, 0, 0
105369, 5, 1388, 1421, 0, 0, 30.03%, 0, 0, 26, 53.71, 3944476, 804, 0, 0
105374, 5, 1156, 1421, 0, 0, 30.03%, 0, 0, 26, 58.88, 3944778, 804, 0, 0
105380, 5, 1354, 1421, 0, 0, 30.03%, 0, 0, 26, 50.65, 3945030, 804, 0, 0
105385, 5, 553, 1421, 0, 0, 30.03%, 0, 0, 26, 72.65, 3945398, 804, 0, 0
105390, 5, 553, 1421, 0, 0, 30.03%, 0, 0, 26, 85.47, 3945847, 804, 0, 0
105395, 5, 1327, 1421, 0, 0, 30.03%, 0, 0, 26, 82.10, 3946272, 804, 0, 0
105400, 5, 746, 1421, 0, 0, 30.03%, 0, 0, 26, 79.97, 3946668, 804, 0, 0
105405, 5, 1397, 1421, 0, 0, 30.03%, 0, 0, 26, 63.86, 3946994, 804, 0, 0
105410, 5, 553, 1421, 0, 0, 30.03%, 0, 0, 26, 69.98, 3947314, 804, 0, 0
105416, 5, 755, 1421, 0, 0, 30.03%, 0, 0, 26, 81.36, 3947749, 804, 0, 0
105421, 5, 94, 1421, 0, 0, 30.03%, 0, 0, 26, 86.27, 3948179, 804, 0, 0
105426, 5, 295, 1421, 0, 0, 30.03%, 0, 0, 26, 87.11, 3948626, 804, 0, 0
105431, 6, 1241, 1421, 0, 0, 30.03%, 0, 0, 26, 68.19, 3948984, 804, 0, 0
105436, 6, 1217, 1421, 0, 0, 30.03%, 0, 0, 26, 69.90, 3949362, 804, 0, 0
105441, 6, 590, 1421, 0, 0, 30.03%, 0, 0, 26, 67.86, 3949693, 804, 0, 0
105447, 6, 1044, 1421, 0, 0, 30.03%, 0, 0, 26, 71.47, 3950083, 804, 0, 0
105452, 6, 188, 1421, 0, 0, 30.03%, 0, 0, 26, 85.94, 3950515, 804, 0, 0
105457, 6, 1359, 1421, 0, 0, 30.03%, 0, 0, 26, 58.58, 3950784, 804, 0, 0
105462, 6, 1263, 1421, 0, 0, 30.03%, 0, 0, 26, 76.29, 3951161, 804, 0, 0
105467, 6, 1263, 1421, 0, 0, 30.03%, 0, 0, 26, 59.77, 3951440, 804, 0, 0
105472, 6, 1136, 1421, 0, 0, 30.03%, 0, 0, 26, 68.30, 3951824, 804, 0, 0
105477, 6, 1236, 1421, 0, 0, 30.03%, 0, 0, 26, 59.84, 3952126, 804, 0, 0
105482, 6, 1175, 1421, 0, 0, 30.03%, 0, 0, 26, 64.70, 3952475, 804, 0, 0
105487, 6, 1403, 1421, 0, 0, 30.03%, 0, 0, 26, 72.86, 3952832, 804, 0, 0
105493, 6, 513, 1421, 0, 0, 30.03%, 0, 0, 26, 86.93, 3953278, 804, 0, 0
105498, 6, 724, 1421, 0, 0, 30.03%, 0, 0, 26, 83.93, 3953722, 804, 0, 0
105503, 6, 235, 1421, 0, 0, 30.03%, 0, 0, 26, 91.67, 3954191, 804, 0, 0
105508, 6, 1397, 1421, 0, 0, 30.03%, 0, 0, 26, 79.57, 3954621, 804, 0, 0
105513, 6, 1397, 1421, 0, 0, 30.03%, 0, 0, 26, 56.79, 3954882, 804, 0, 0
105518, 6, 1397, 1421, 0, 0, 30.03%, 0, 0, 26, 44.67, 3955116, 804, 0, 0
105523, 6, 1038, 1421, 0, 0, 30.03%, 0, 0, 26, 64.98, 3955460, 804, 0, 0
105528, 6, 492, 1421, 0, 0, 30.03%, 0, 0, 26, 81.48, 3955864, 804, 0, 0
105534, 6, 165, 1421, 0, 0, 30.03%, 0, 0, 26, 84.82, 3956315, 804, 0, 0
105539, 6, 1284, 1421, 0, 0, 30.03%, 0, 0, 26, 61.40, 3956608, 804, 0, 0
105544, 6, 743, 1421, 0, 0, 30.03%, 0, 0, 26, 77.88, 3957035, 804, 0, 0
105549, 6, 471, 1421, 0, 0, 30.03%, 0, 0, 26, 97.80, 3957552, 804, 0, 0
105554, 6, 654, 1421, 0, 0, 30.03%, 0, 0, 26, 86.58, 3958006, 804, 0, 0
105559, 6, 1392, 1421, 0, 0, 30.03%, 0, 0, 26, 66.03, 3958330, 804, 0, 0
105564, 6, 510, 1421, 0, 0, 30.03%, 0, 0, 26, 67.68, 3958637, 804, 0, 0
105569, 6, 619, 1421, 0, 0, 30.03%, 0, 0, 26, 81.09, 3959090, 804, 0, 0
105574, 6, 381, 1421, 0, 0, 30.03%, 0, 0, 26, 88.98, 3959535, 804, 0, 0
105580, 6, 1387, 1421, 0, 0, 30.03%, 0, 0, 26, 70.74, 3959930, 804, 0, 0
105585, 6, 512, 1421, 0, 0, 30.03%, 0, 0, 26, 72.94, 3960263, 804, 0, 0
105590, 6, 1168, 1421, 0, 0, 30.03%, 0, 0, 26, 77.75, 3960703, 804, 0, 0
105595, 6, 642, 1421, 0, 0, 30.03%, 0, 0, 26, 69.97, 3961036, 804, 0, 0
105600, 6, 964, 1421, 0, 0, 30.03%, 0, 0, 26, 71.53, 3961418, 804, 0, 0
105605, 6, 1084, 1421, 0, 0, 30.03%, 0, 0, 26, 66.05, 3961755, 804, 0, 0
105610, 6, 1221, 1421, 0, 0, 30.03%, 0, 0, 26, 66.42, 3962110, 804, 0, 0
105616, 6, 687, 1421, 0, 0, 30.03%, 0, 0, 26, 65.29, 3962432, 804, 0, 0
105621, 6, 513, 1421, 0, 0, 30.03%, 0, 0, 26, 81.52, 3962857, 804, 0, 0
105626, 6, 1250, 1421, 0, 0, 30.03%, 0, 0, 26, 73.42, 3963264, 804, 0, 0
105631, 6, 1383, 1421, 0, 0, 30.03%, 0, 0, 26, 57.52, 3963538, 804, 0, 0
105636, 6, 513, 1421, 0, 0, 30.03%, 0, 0, 26, 66.03, 3963846, 804, 0, 0
105641, 6, 699, 1421, 0, 0, 30.03%, 0, 0, 26, 80.16, 3964293, 804, 0, 0
105646, 6, 1069, 1421, 0, 0, 30.03%, 0, 0, 26, 70.88, 3964664, 804, 0, 0
105651, 6, 565, 1421, 0, 0, 30.03%, 0, 0, 26, 83.43, 3965104, 804, 0, 0
105657, 6, 553, 1421, 0, 0, 30.03%, 0, 0, 26, 76.19, 3965474, 804, 0, 0
105662, 6, 1359, 1421, 0, 0, 30.03%, 0, 0, 26, 62.65, 3965805, 804, 0, 0
105667, 6, 1229, 1421, 0, 0, 30.03%, 0, 0, 26, 56.65, 3966077, 804, 0, 0
105672, 6, 1038, 1421, 0, 0, 30.03%, 0, 0, 26, 63.65, 3966392, 804, 0, 0
105677, 6, 749, 1421, 0, 0, 30.03%, 0, 0, 26, 76.40, 3966797, 804, 0, 0
105682, 6, 819, 1421, 0, 0, 30.03%, 0, 0, 26, 70.84, 3967161, 804, 0, 0
105687, 6, 1153, 1421, 0, 0, 30.03%, 0, 0, 26, 61.04, 3967458, 804, 0, 0
105692, 6, 355, 1421, 0, 0, 30.03%, 0, 0, 26, 79.55, 3967849, 804, 0, 0
105697, 6, 1268, 1421, 0, 0, 30.03%, 0, 0, 26, 72.64, 3968262, 804, 0, 0
105702, 6, 1397, 1421, 0, 0, 30.03%, 0, 0, 26, 56.35, 3968531, 804, 0, 0
105707, 6, 1274, 1421, 0, 0, 30.03%, 0, 0, 26, 52.52, 3968790, 804, 0, 0
105712, 6, 1361, 1421, 0, 0, 30.03%, 0, 0, 26, 53.71, 3969067, 804, 0, 0
105718, 6, 553, 1421, 0, 0, 30.03%, 0, 0, 26, 52.54, 3969332, 804, 0, 0
105723, 6, 1378, 1421, 0, 0, 30.03%, 0, 0, 26, 59.72, 3969682, 804, 0, 0
105728, 6, 1203, 1421, 0, 0, 30.03%, 0, 0, 26, 55.37, 3969951, 804, 0, 0
105733, 6, 304, 1421, 0, 0, 30.03%, 0, 0, 26, 79.57, 3970347, 804, 0, 0
105738, 6, 513, 1421, 0, 0, 30.03%, 0, 0, 26, 92.21, 3970841, 804, 0, 0
105743, 6, 1175, 1421, 0, 0, 30.03%, 0, 0, 26, 66.85, 3971152, 804, 0, 0
105748, 6, 1241, 1421, 0, 0, 30.03%, 0, 0, 26, 58.80, 3971438, 804, 0, 0
105753, 6, 518, 1421, 0, 0, 30.03%, 0, 0, 26, 77.83, 3971837, 804, 0, 0
105758, 6, 565, 1421, 0, 0, 30.03%, 0, 0, 26, 93.18, 3972326, 804, 0, 0
105764, 6, 1167, 1421, 0, 0, 30.03%, 0, 0, 26, 95.63, 3972804, 804, 0, 0
105769, 6, 1257, 1421, 0, 0, 30.03%, 0, 0, 26, 65.01, 3973090, 804, 0, 0
105774, 6, 1030, 1421, 0, 0, 30.03%, 0, 0, 26, 58.83, 3973369, 804, 0, 0
105779, 6, 1397, 1421, 0, 0, 30.03%, 0, 0, 26, 60.42, 3973683, 804, 0, 0
105784, 6, 79, 1421, 0, 0, 30.03%, 0, 0, 26, 57.64, 3973959, 804, 0, 0
105789, 6, 793, 1421, 0, 0, 30.03%, 0, 0, 26, 66.19, 3974317, 804, 0, 0
105794, 6, 273, 1421, 0, 0, 30.03%, 0, 0, 26, 83.48, 3974747, 804, 0, 0
105799, 6, 1297, 1421, 0, 0, 30.03%, 0, 0, 26, 74.63, 3975148, 804, 0, 0
105804, 6, 528, 1421, 0, 0, 30.03%, 0, 0, 26, 78.14, 3975500, 804, 0, 0
105809, 6, 1258, 1421, 0, 0, 30.03%, 0, 0, 26, 75.73, 3975923, 804, 0, 0
105815, 6, 666, 1421, 0, 0, 30.03%, 0, 0, 26, 66.66, 3976235, 804, 0, 0
105820, 6, 573, 1421, 0, 0, 30.03%, 0, 0, 26, 80.90, 3976687, 804, 0, 0
105825, 6, 1252, 1421, 0, 0, 30.03%, 0, 0, 26, 63.48, 3977013, 804, 0, 0
105830, 6, 1276, 1421, 0, 0, 30.03%, 0, 0, 26, 61.49, 3977333, 804, 0, 0
105835, 6, 255, 1421, 0, 0, 30.03%, 0, 0, 26, 79.30, 3977709, 804, 0, 0
105840, 6, 1366, 1421, 0, 0, 30.03%, 0, 0, 26, 59.27, 3978003, 804, 0, 0
105845, 6, 220, 1421, 0, 0, 30.03%, 0, 0, 26, 62.26, 3978311, 804, 0, 0
105850, 6, 606, 1421, 0, 0, 30.03%, 0, 0, 26, 73.27, 3978709, 804, 0, 0
105855, 6, 1218, 1421, 0, 0, 30.03%, 0, 0, 26, 72.55, 3979102, 804, 0, 0
105861, 6, 1411, 1421, 0, 0, 30.03%, 0, 0, 26, 72.58, 3979448, 804, 0, 0
105866, 6, 1405, 1421, 0, 0, 30.03%, 0, 0, 26, 63.17, 3979798, 804, 0, 0
105871, 6, 210, 1421, 0, 0, 30.03%, 0, 0, 26, 61.75, 3980073, 804, 0, 0
105876, 6, 1180, 1421, 0, 0, 30.03%, 0, 0, 26, 58.32, 3980371, 804, 0, 0
105881, 6, 1397, 1421, 0, 0, 30.03%, 0, 0, 26, 57.18, 3980682, 804, 0, 0
105886, 6, 1285, 1421, 0, 0, 30.03%, 0, 0, 26, 53.94, 3980948, 804, 0, 0
105891, 6, 1387, 1421, 0, 0, 30.03%, 0, 0, 26, 52.07, 3981220, 804, 0, 0
105896, 6, 601, 1421, 0, 0, 30.03%, 0, 0, 26, 60.06, 3981518, 804, 0, 0
105902, 6, 1220, 1421, 0, 0, 30.03%, 0, 0, 26, 69.66, 3981926, 804, 0, 0
105907, 6, 1415, 1421, 0, 0, 30.03%, 0, 0, 26, 66.86, 3982242, 804, 0, 0
105912, 6, 1259, 1421, 0, 0, 30.03%, 0, 0, 26, 62.01, 3982567, 804, 0, 0
105917, 6, 415, 1421, 0, 0, 30.03%, 0, 0, 26, 80.18, 3982961, 804, 0, 0
105922, 6, 1205, 1421, 0, 0, 30.03%, 0, 0, 26, 81.06, 3983390, 804, 0, 0
105927, 6, 1415, 1421, 0, 0, 30.03%, 0, 0, 26, 76.08, 3983779, 804, 0, 0
105932, 6, 1241, 1421, 0, 0, 30.03%, 0, 0, 26, 61.38, 3984071, 804, 0, 0
105937, 6, 647, 1421, 0, 0, 30.03%, 0, 0, 26, 71.44, 3984447, 804, 0, 0
105942, 6, 1096, 1421, 0, 0, 30.03%, 0, 0, 26, 64.55, 3984768, 804, 0, 0
105948, 6, 508, 1421, 0, 0, 30.03%, 0, 0, 26, 66.03, 3985103, 804, 0, 0
105953, 6, 1397, 1421, 0, 0, 30.03%, 0, 0, 26, 91.50, 3985610, 804, 0, 0
105958, 6, 1397, 1421, 0, 0, 30.03%, 0, 0, 26, 58.93, 3985866, 804, 0, 0
105963, 6, 1273, 1421, 0, 0, 30.03%, 0, 0, 26, 60.38, 3986190, 804, 0, 0
105968, 6, 1277, 1421, 0, 0, 30.03%, 0, 0, 26, 68.75, 3986531, 804, 0, 0
105973, 6, 1117, 1421, 0, 0, 30.03%, 0, 0, 26, 70.06, 3986909, 804, 0, 0
105978, 6, 334, 1421, 0, 0, 30.03%, 0, 0, 26, 84.01, 3987318, 804, 0, 0
105983, 6, 303, 1421, 0, 0, 30.03%, 0, 0, 26, 98.62, 3987840, 804, 0, 0
105989, 6, 1306, 1421, 0, 0, 30.03%, 0, 0, 26, 64.92, 3988144, 804, 0, 0
105994, 6, 1226, 1421, 0, 0, 30.03%, 0, 0, 26, 67.38, 3988515, 804, 0, 0
105999, 6, 264, 1421, 0, 0, 30.03%, 0, 0, 26, 85.07, 3988920, 804, 0, 0
106004, 6, 1284, 1421, 0, 0, 30.03%, 0, 0, 26, 64.22, 3989246, 804, 0, 0
106009, 6, 1343, 1421, 0, 0, 30.03%, 0, 0, 26, 56.63, 3989524, 804, 0, 0
106014, 6, 276, 1421, 0, 0, 30.03%, 0, 0, 26, 73.54, 3989892, 804, 0, 0
106019, 6, 553, 1421, 0, 0, 30.03%, 0, 0, 26, 79.46, 3990314, 804, 0, 0
106024, 6, 513, 1421, 0, 0, 30.03%, 0, 0, 26, 83.37, 3990757, 804, 0, 0
106030, 6, 1386, 1421, 0, 0, 30.03%, 0, 0, 26, 52.74, 3991030, 804, 0, 0
106035, 6, 1026, 1421, 0, 0, 30.03%, 0, 0, 26, 61.05, 3991340, 804, 0, 0
106040, 6, 1112, 1421, 0, 0, 30.03%, 0, 0, 26, 64.78, 3991671, 804, 0, 0
106045, 6, 352, 1421, 0, 0, 30.03%, 0, 0, 26, 92.61, 3992167, 804, 0, 0
106050, 6, 692, 1421, 0, 0, 30.03%, 0, 0, 26, 82.76, 3992602, 804, 0, 0
106055, 6, 1188, 1421, 0, 0, 30.03%, 0, 0, 26, 63.67, 3992910, 804, 0, 0
106060, 6, 1055, 1421, 0, 0, 30.03%, 0, 0, 26, 83.54, 3993347, 804, 0, 0
106065, 6, 525, 1421, 0, 0, 30.03%, 0, 0, 26, 78.32, 3993726, 804, 0, 0
106071, 6, 1145, 1421, 0, 0, 30.03%, 0, 0, 26, 72.45, 3994129, 804, 0, 0
106076, 6, 486, 1421, 0, 0, 30.03%, 0, 0, 26, 83.89, 3994526, 804, 0, 0
106081, 6, 1199, 1421, 0, 0, 30.03%, 0, 0, 26, 65.29, 3994845, 804, 0, 0
106086, 6, 796, 1421, 0, 0, 30.03%, 0, 0, 26, 70.39, 3995217, 804, 0, 0
106091, 6, 1266, 1421, 0, 0, 30.03%, 0, 0, 26, 59.49, 3995505, 804, 0, 0
106096, 6, 1191, 1421, 0, 0, 30.03%, 0, 0, 26, 78.84, 3995922, 804, 0, 0
106101, 6, 1191, 1421, 0, 0, 30.03%, 0, 0, 26, 61.55, 3996209, 804, 0, 0
106106, 6, 1279, 1421, 0, 0, 30.03%, 0, 0, 26, 67.73, 3996581, 804, 0, 0
106111, 6, 632, 1421, 0, 0, 30.03%, 0, 0, 26, 65.35, 3996893, 804, 0, 0
106116, 6, 1397, 1421, 0, 0, 30.03%, 0, 0, 26, 55.37, 3997175, 804, 0, 0
106121, 6, 23, 1421, 0, 0, 30.03%, 0, 0, 26, 85.75, 3997612, 804, 0, 0
106126, 6, 1263, 1421, 0, 0, 30.03%, 0, 0, 26, 62.15, 3997900, 804, 0, 0
106132, 6, 1343, 1421, 0, 0, 30.03%, 0, 0, 26, 66.79, 3998275, 804, 0, 0
106137, 6, 650, 1421, 0, 0, 30.03%, 0, 0, 26, 66.46, 3998594, 804, 0, 0
106142, 6, 1287, 1421, 0, 0, 30.03%, 0, 0, 26, 64.60, 3998936, 804, 0, 0
106147, 6, 499, 1421, 0, 0, 30.03%, 0, 0, 26, 63.93, 3999230, 804, 0, 0
106152, 6, 444, 1421, 0, 0, 30.03%, 0, 0, 26, 90.88, 3999725, 804, 0, 0
106157, 6, 1250, 1421, 0, 0, 30.03%, 0, 0, 26, 67.58, 4000073, 804, 0, 0
106162, 6, 588, 1421, 0, 0, 30.03%, 0, 0, 26, 79.67, 4000495, 804, 0, 0
106167, 6, 795, 1421, 0, 0, 30.03%, 0, 0, 26, 84.49, 4000954, 804, 0, 0
106172, 6, 640, 1421, 0, 0, 30.03%, 0, 0, 26, 86.79, 4001378, 804, 0, 0
106178, 6, 1135, 1421, 0, 0, 30.03%, 0, 0, 26, 67.84, 4001715, 804, 0, 0
106183, 6, 1207, 1421, 0, 0, 30.03%, 0, 0, 26, 69.62, 4002101, 804, 0, 0
106188, 6, 509, 1421, 0, 0, 30.03%, 0, 0, 26, 82.13, 4002500, 804, 0, 0
106193, 6, 1390, 1421, 0, 0, 30.03%, 0, 0, 26, 88.39, 4002981, 804, 0, 0
106198, 6, 1390, 1421, 0, 0, 30.03%, 0, 0, 26, 58.67, 4003241, 804, 0, 0
106203, 6, 1413, 1421, 0, 0, 30.03%, 0, 0, 26, 67.92, 4003620, 804, 0, 0
106208, 6, 1266, 1421, 0, 0, 30.03%, 0, 0, 26, 54.62, 4003878, 804, 0, 0
106214, 6, 611, 1421, 0, 0, 30.03%, 0, 0, 26, 56.70, 4004165, 804, 0, 0
106219, 6, 103, 1421, 0, 0, 30.03%, 0, 0, 26, 87.28, 4004624, 804, 0, 0
106224, 6, 1285, 1421, 0, 0, 30.03%, 0, 0, 26, 64.93, 4004955, 804, 0, 0
106229, 6, 1170, 1421, 0, 0, 30.03%, 0, 0, 26, 60.54, 4005248, 804, 0, 0
106234, 6, 1408, 1421, 0, 0, 30.03%, 0, 0, 26, 51.90, 4005506, 804, 0, 0
106239, 6, 1397, 1421, 0, 0, 30.03%, 0, 0, 26, 50.06, 4005754, 804, 0, 0
106244, 6, 298, 1421, 0, 0, 30.03%, 0, 0, 26, 72.42, 4006100, 804, 0, 0
106249, 6, 1408, 1421, 0, 0, 30.03%, 0, 0, 26, 53.75, 4006362, 804, 0, 0
106254, 6, 995, 1421, 0, 0, 30.03%, 0, 0, 26, 63.24, 4006681, 804, 0, 0
106259, 6, 553, 1421, 0, 0, 30.03%, 0, 0, 26, 83.35, 4007110, 804, 0, 0
106265, 6, 299, 1421, 0, 0, 30.03%, 0, 0, 26, 75.64, 4007480, 804, 0, 0
106270, 6, 1404, 1421, 0, 0, 30.03%, 0, 0, 26, 59.74, 4007806, 804, 0, 0
106275, 6, 636, 1421, 0, 0, 30.03%, 0, 0, 26, 64.97, 4008115, 804, 0, 0
106280, 6, 1263, 1421, 0, 0, 30.03%, 0, 0, 26, 66.23, 4008488, 804, 0, 0
106285, 6, 996, 1421, 0, 0, 30.03%, 0, 0, 26, 64.40, 4008801, 804, 0, 0
106290, 6, 1287, 1421, 0, 0, 30.03%, 0, 0, 26, 63.67, 4009140, 804, 0, 0
106295, 6, 220, 1421, 0, 0, 30.03%, 0, 0, 26, 74.12, 4009480, 804, 0, 0
106300, 6, 1003, 1421, 0, 0, 30.03%, 0, 0, 26, 73.06, 4009873, 804, 0, 0
106305, 6, 642, 1421, 0, 0, 30.03%, 0, 0, 26, 75.56, 4010266, 804, 0, 0
106310, 6, 695, 1422, 1, 0, 30.03%, 0, 0, 26, 76.11, 4010664, 804, 0, 0
106316, 6, 1200, 1422, 1, 0, 30.03%, 0, 0, 26, 78.26, 4011101, 804, 0, 0
106321, 6, 1170, 1422, 1, 0, 30.03%, 0, 0, 26, 63.13, 4011408, 804, 0, 0
106326, 6, 278, 1422, 1, 0, 30.03%, 0, 0, 26, 78.01, 4011780, 804, 0, 0
106331, 6, 413, 1422, 1, 0, 30.03%, 0, 0, 26, 95.63, 4012289, 804, 0, 0
106336, 6, 289, 1422, 1, 0, 30.03%, 0, 0, 26, 79.77, 4012662, 804, 0, 0
106341, 6, 1397, 1422, 1, 0, 30.03%, 0, 0, 26, 75.79, 4013102, 804, 0, 0
106346, 6, 1217, 1422, 1, 0, 30.03%, 0, 0, 26, 57.52, 4013367, 804, 0, 0
106351, 6, 374, 1422, 1, 0, 30.03%, 0, 0, 26, 70.62, 4013712, 804, 0, 0
106357, 6, 754, 1422, 1, 0, 30.03%, 0, 0, 26, 83.42, 4014181, 804, 0, 0
106362, 6, 553, 1422, 1, 0, 30.03%, 0, 0, 26, 92.52, 4014645, 804, 0, 0
106367, 6, 716, 1422, 1, 0, 30.03%, 0, 0, 26, 83.51, 4015068, 804, 0, 0
106372, 6, 880, 1422, 1, 0, 30.03%, 0, 0, 26, 75.44, 4015454, 804, 0, 0
106377, 6, 492, 1422, 1, 0, 30.03%, 0, 0, 26, 86.85, 4015881, 804, 0, 0
106382, 6, 1271, 1422, 1, 0, 30.03%, 0, 0, 26, 63.61, 4016182, 804, 0, 0
106387, 6, 906, 1422, 1, 0, 30.03%, 0, 0, 26, 69.00, 4016553, 804, 0, 0
106392, 6, 561, 1422, 1, 0, 30.03%, 0, 0, 26, 91.63, 4017033, 804, 0, 0
106398, 6, 515, 1422, 1, 0, 30.03%, 0, 0, 26, 95.05, 4017525, 804, 0, 0
106403, 6, 1026, 1422, 1, 0, 30.03%, 0, 0, 26, 83.72, 4017967, 804, 0, 0
106408, 6, 1338, 1422, 1, 0, 30.03%, 0, 0, 26, 73.28, 4018330, 804, 0, 0
106413, 6, 1186, 1422, 1, 0, 30.03%, 0, 0, 26, 87.64, 4018794, 804, 0, 0
106418, 6, 1186, 1422, 1, 0, 30.03%, 0, 0, 26, 62.27, 4019084, 804, 0, 0
106423, 6, 708, 1422, 1, 0, 30.03%, 0, 0, 26, 84.15, 4019525, 804, 0, 0
106429, 6, 558, 1422, 1, 0, 30.03%, 0, 0, 26, 90.39, 4019971, 804, 0, 0
106434, 6, 1082, 1422, 1, 0, 30.03%, 0, 0, 26, 75.63, 4020372, 804, 0, 0
106439, 6, 1349, 1422, 1, 0, 30.03%, 0, 0, 26, 57.61, 4020648, 804, 0, 0
106444, 6, 1183, 1422, 1, 0, 30.03%, 0, 0, 26, 55.27, 4020924, 804, 0, 0
106449, 6, 1218, 1422, 1, 0, 30.03%, 0, 0, 26, 74.22, 4021303, 804, 0, 0
106454, 6, 1276, 1422, 1, 0, 30.03%, 0, 0, 26, 60.70, 4021591, 804, 0, 0
106459, 6, 1276, 1422, 1, 0, 30.03%, 0, 0, 26, 56.41, 4021871, 804, 0, 0
106464, 6, 118, 1422, 1, 0, 30.03%, 0, 0, 26, 81.89, 4022334, 804, 0, 0
106470, 6, 1354, 1422, 1, 0, 30.03%, 0, 0, 26, 56.51, 4022607, 804, 0, 0
106475, 6, 1184, 1422, 1, 0, 30.03%, 0, 0, 26, 59.53, 4022918, 804, 0, 0
106480, 6, 1218, 1422, 1, 0, 30.03%, 0, 0, 26, 57.51, 4023205, 804, 0, 0
106485, 6, 1152, 1422, 1, 0, 30.03%, 0, 0, 26, 64.11, 4023538, 804, 0, 0
106490, 6, 1316, 1422, 1, 0, 30.03%, 0, 0, 26, 48.31, 4023802, 804, 0, 0
106495, 6, 513, 1422, 1, 0, 30.03%, 0, 0, 26, 72.01, 4024159, 804, 0, 0
106500, 6, 1397, 1422, 1, 0, 30.03%, 0, 0, 26, 80.93, 4024618, 804, 0, 0
106505, 6, 1397, 1422, 1, 0, 30.03%, 0, 0, 26, 56.48, 4024876, 804, 0, 0
106510, 6, 1252, 1422, 1, 0, 30.03%, 0, 0, 26, 56.50, 4025162, 804, 0, 0
106515, 6, 823, 1422, 1, 0, 30.03%, 0, 0, 26, 67.41, 4025531, 804, 0, 0
106521, 6, 592, 1422, 1, 0, 30.03%, 0, 0, 26, 81.17, 4025955, 804, 0, 0
106526, 6, 536, 1422, 1, 0, 30.03%, 0, 0, 26, 89.54, 4026412, 804, 0, 0
106531, 6, 1075, 1422, 1, 0, 30.03%, 0, 0, 26, 71.29, 4026771, 804, 0, 0
106536, 6, 1256, 1422, 1, 0, 30.03%, 0, 0, 26, 59.91, 4027068, 804, 0, 0
106541, 6, 1311, 1422, 1, 0, 30.03%, 0, 0, 26, 55.34, 4027344, 804, 0, 0
106546, 6, 896, 1422, 1, 0, 30.03%, 0, 0, 26, 66.74, 4027707, 804, 0, 0
106552, 6, 1082, 1422, 1, 0, 30.03%, 0, 0, 26, 65.56, 4028044, 804, 0, 0
106557, 6, 553, 1422, 1, 0, 30.03%, 0, 0, 26, 87.32, 4028484, 804, 0, 0
106562, 6, 919, 1422, 1, 0, 30.03%, 0, 0, 26, 73.85, 4028860, 804, 0, 0
106567, 6, 553, 1422, 1, 0, 30.03%, 0, 0, 26, 84.59, 4029305, 804, 0, 0
106572, 6, 1230, 1422, 1, 0, 30.03%, 0, 0, 26, 64.09, 4029619, 804, 0, 0
106577, 6, 1398, 1422, 1, 0, 30.03%, 0, 0, 26, 59.43, 4029933, 804, 0, 0
106582, 6, 1397, 1422, 1, 0, 30.03%, 0, 0, 26, 53.22, 4030195, 804, 0, 0
106587, 6, 1397, 1422, 1, 0, 30.03%, 0, 0, 26, 51.83, 4030458, 804, 0, 0
106592, 6, 1354, 1422, 1, 0, 30.03%, 0, 0, 26, 50.95, 4030717, 804, 0, 0
106597, 6, 1354, 1422, 1, 0, 30.03%, 0, 0, 26, 48.44, 4030956, 804, 0, 0
106602, 6, 613, 1422, 1, 0, 30.03%, 0, 0, 26, 78.68, 4031407, 804, 0, 0
106608, 6, 379, 1422, 1, 0, 30.03%, 0, 0, 26, 95.41, 4031906, 804, 0, 0
106613, 6, 1342, 1422, 1, 0, 30.03%, 0, 0, 26, 81.07, 4032320, 804, 0, 0
106618, 6, 910, 1422, 1, 0, 30.03%, 0, 0, 26, 73.44, 4032701, 804, 0, 0
106623, 6, 521, 1422, 1, 0, 30.03%, 0, 0, 26, 83.25, 4033116, 804, 0, 0
106628, 6, 67, 1422, 1, 0, 30.03%, 0, 0, 26, 95.32, 4033614, 804, 0, 0
106633, 6, 479, 1422, 1, 0, 30.03%, 0, 0, 26, 91.04, 4034068, 804, 0, 0
106639, 6, 488, 1422, 1, 0, 30.03%, 0, 0, 26, 98.13, 4034575, 804, 0, 0
106644, 6, 1421, 1422, 1, 0, 30.03%, 0, 0, 26, 85.24, 4035015, 804, 0, 0
106649, 6, 1421, 1422, 1, 0, 30.03%, 0, 0, 26, 77.90, 4035411, 804, 0, 0
106654, 6, 1421, 1422, 1, 0, 30.03%, 0, 0, 26, 76.71, 4035807, 804, 0, 0
106659, 6, 1421, 1422, 1, 0, 30.03%, 0, 0, 26, 76.10, 4036185, 804, 0, 0
106664, 6, 1421, 1422, 1, 0, 30.03%, 0, 0, 26, 76.94, 4036601, 804, 0, 0
106670, 6, 1421, 1422, 1, 0, 30.03%, 0, 0, 26, 76.47, 4036996, 804, 0, 0
106675, 6, 1421, 1422, 1, 0, 30.03%, 0, 0, 26, 76.63, 4037379, 804, 0, 0
106680, 6, 1421, 1422, 1, 0, 30.03%, 0, 0, 26, 76.82, 4037778, 804, 0, 0
106685, 6, 553, 1422, 0, 0, 30.03%, 0, 0, 26, 89.92, 4038231, 804, 0, 0
106690, 6, 1397, 1422, 0, 0, 30.03%, 0, 0, 26, 60.41, 4038508, 804, 0, 0
106695, 6, 840, 1422, 0, 0, 30.03%, 0, 0, 26, 65.36, 4038837, 804, 0, 0
106700, 6, 1199, 1422, 0, 0, 30.03%, 0, 0, 26, 68.90, 4039231, 804, 0, 0
106705, 6, 680, 1422, 0, 0, 30.03%, 0, 0, 26, 70.39, 4039582, 804, 0, 0
106711, 6, 1044, 1422, 0, 0, 30.03%, 0, 0, 26, 69.49, 4039950, 804, 0, 0
106716, 6, 1035, 1422, 0, 0, 30.03%, 0, 0, 26, 85.62, 4040393, 804, 0, 0
106721, 6, 793, 1422, 0, 0, 30.03%, 0, 0, 26, 72.54, 4040743, 804, 0, 0
106726, 6, 1225, 1422, 0, 0, 30.03%, 0, 0, 26, 64.41, 4041074, 804, 0, 0
106731, 6, 1130, 1422, 0, 0, 30.03%, 0, 0, 26, 60.72, 4041381, 804, 0, 0
106736, 6, 336, 1422, 0, 0, 30.03%, 0, 0, 26, 79.95, 4041781, 804, 0, 0
106742, 6, 1300, 1422, 0, 0, 30.03%, 0, 0, 26, 61.89, 4042101, 804, 0, 0
106747, 6, 424, 1422, 0, 0, 30.03%, 0, 0, 26, 87.61, 4042551, 804, 0, 0
106752, 6, 1394, 1422, 0, 0, 30.03%, 0, 0, 26, 69.07, 4042920, 804, 0, 0
106757, 6, 944, 1422, 0, 0, 30.03%, 0, 0, 26, 77.00, 4043281, 804, 0, 0
106762, 6, 1131, 1422, 0, 0, 30.03%, 0, 0, 26, 66.85, 4043620, 804, 0, 0
106767, 6, 553, 1422, 0, 0, 30.03%, 0, 0, 26, 79.23, 4044000, 804, 0, 0
106772, 6, 1315, 1422, 0, 0, 30.03%, 0, 0, 26, 80.90, 4044452, 804, 0, 0
106777, 6, 1397, 1422, 0, 0, 30.03%, 0, 0, 26, 59.63, 4044725, 804, 0, 0
106783, 6, 1397, 1422, 0, 0, 30.03%, 0, 0, 26, 53.19, 4044989, 804, 0, 0
106788, 6, 1144, 1422, 0, 0, 30.03%, 0, 0, 26, 57.97, 4045290, 804, 0, 0
106793, 6, 1295, 1422, 0, 0, 30.03%, 0, 0, 26, 59.43, 4045617, 804, 0, 0
106798, 6, 730, 1422, 0, 0, 30.03%, 0, 0, 26, 73.39, 4045998, 804, 0, 0
106803, 6, 729, 1422, 0, 0, 30.03%, 0, 0, 26, 75.85, 4046415, 804, 0, 0
106808, 6, 966, 1422, 0, 0, 30.03%, 0, 0, 26, 67.23, 4046757, 804, 0, 0
106813, 6, 1214, 1422, 0, 0, 30.03%, 0, 0, 26, 74.24, 4047142, 804, 0, 0
106818, 6, 1413, 1422, 0, 0, 30.03%, 0, 0, 26, 57.60, 4047417, 804, 0, 0
106823, 6, 1413, 1422, 0, 0, 30.03%, 0, 0, 26, 50.95, 4047667, 804, 0, 0
106829, 6, 310, 1422, 0, 0, 30.03%, 0, 0, 26, 88.23, 4048145, 804, 0, 0
106834, 6, 1175, 1422, 0, 0, 30.03%, 0, 0, 26, 69.26, 4048513, 804, 0, 0
106839, 6, 732, 1422, 0, 0, 30.03%, 0, 0, 26, 85.22, 4048950, 804, 0, 0
106844, 6, 988, 1422, 0, 0, 30.03%, 0, 0, 26, 72.37, 4049319, 804, 0, 0
106849, 6, 1358, 1422, 0, 0, 30.03%, 0, 0, 26, 61.52, 4049632, 804, 0, 0
106854, 6, 513, 1422, 0, 0, 30.03%, 0, 0, 26, 73.91, 4049975, 804, 0, 0
106859, 6, 262, 1422, 0, 0, 30.03%, 0, 0, 26, 94.86, 4050482, 804, 0, 0
106865, 6, 1381, 1422, 0, 0, 30.03%, 0, 0, 26, 79.02, 4050907, 804, 0, 0
106870, 6, 1381, 1422, 0, 0, 30.03%, 0, 0, 26, 54.52, 4051157, 804, 0, 0
106875, 6, 165, 1422, 0, 0, 30.03%, 0, 0, 26, 67.23, 4051504, 804, 0, 0
106880, 6, 1092, 1422, 0, 0, 30.03%, 0, 0, 26, 64.61, 4051848, 804, 0, 0
106885, 6, 1161, 1422, 0, 0, 30.03%, 0, 0, 26, 66.22, 4052196, 804, 0, 0
106890, 6, 668, 1422, 0, 0, 30.03%, 0, 0, 26, 69.81, 4052533, 804, 0, 0
106895, 6, 1167, 1422, 0, 0, 30.03%, 0, 0, 26, 74.30, 4052942, 804, 0, 0
106900, 6, 521, 1422, 0, 0, 30.03%, 0, 0, 26, 85.28, 4053356, 804, 0, 0
106905, 6, 1168, 1422, 0, 0, 30.03%, 0, 0, 26, 85.83, 4053806, 804, 0, 0
106910, 6, 168, 1422, 0, 0, 30.03%, 0, 0, 26, 70.71, 4054129, 804, 0, 0
106915, 6, 1031, 1422, 0, 0, 30.03%, 0, 0, 26, 66.39, 4054475, 804, 0, 0
106921, 6, 1343, 1422, 0, 0, 30.03%, 0, 0, 26, 56.95, 4054748, 804, 0, 0
106926, 6, 553, 1422, 0, 0, 30.03%, 0, 0, 26, 78.40, 4055147, 804, 0, 0
106931, 6, 954, 1422, 0, 0, 30.03%, 0, 0, 26, 89.45, 4055634, 804, 0, 0
106936, 6, 615, 1422, 0, 0, 30.03%, 0, 0, 26, 75.37, 4055995, 804, 0, 0
106941, 6, 220, 1422, 0, 0, 30.03%, 0, 0, 26, 93.36, 4056485, 804, 0, 0
106946, 6, 1194, 1422, 0, 0, 30.03%, 0, 0, 26, 67.94, 4056828, 804, 0, 0
106951, 6, 1241, 1422, 0, 0, 30.03%, 0, 0, 26, 76.84, 4057248, 804, 0, 0
106956, 6, 628, 1422, 0, 0, 30.03%, 0, 0, 26, 65.23, 4057551, 804, 0, 0
106962, 6, 613, 1422, 0, 0, 30.03%, 0, 0, 26, 80.95, 4057992, 804, 0, 0
106967, 6, 1173, 1422, 0, 0, 30.03%, 0, 0, 26, 63.84, 4058312, 804, 0, 0
106972, 6, 1365, 1422, 0, 0, 30.03%, 0, 0, 26, 55.46, 4058586, 804, 0, 0
106977, 6, 513, 1422, 0, 0, 30.03%, 0, 0, 26, 66.02, 4058900, 804, 0, 0
106982, 6, 1272, 1422, 0, 0, 30.03%, 0, 0, 26, 70.99, 4059300, 804, 0, 0
106987, 6, 1399, 1422, 0, 0, 30.03%, 0, 0, 26, 56.58, 4059572, 804, 0, 0
106992, 6, 551, 1422, 0, 0, 30.03%, 0, 0, 26, 64.39, 4059878, 804, 0, 0
106997, 6, 1399, 1422, 0, 0, 30.03%, 0, 0, 26, 66.36, 4060256, 804, 0, 0
107002, 6, 452, 1422, 0, 0, 30.03%, 0, 0, 26, 62.85, 4060546, 804, 0, 0
107007, 6, 513, 1422, 0, 0, 30.03%, 0, 0, 26, 89.43, 4061043, 804, 0, 0
107013, 6, 1266, 1422, 0, 0, 30.03%, 0, 0, 26, 67.66, 4061382, 804, 0, 0
107018, 6, 179, 1422, 0, 0, 30.03%, 0, 0, 26, 88.74, 4061826, 804, 0, 0
107023, 6, 599, 1422, 0, 0, 30.03%, 0, 0, 26, 84.62, 4062259, 804, 0, 0
107028, 6, 600, 1422, 0, 0, 30.03%, 0, 0, 26, 78.44, 4062657, 804, 0, 0
107033, 6, 1354, 1422, 0, 0, 30.03%, 0, 0, 26, 81.81, 4063074, 804, 0, 0
107038, 6, 1354, 1422, 0, 0, 30.03%, 0, 0, 26, 55.15, 4063325, 804, 0, 0
107044, 6, 513, 1422, 0, 0, 30.03%, 0, 0, 26, 65.54, 4063664, 804, 0, 0
107049, 6, 289, 1422, 0, 0, 30.03%, 0, 0, 26, 90.87, 4064155, 804, 0, 0
107054, 6, 684, 1422, 0, 0, 30.03%, 0, 0, 26, 91.53, 4064652, 804, 0, 0
107059, 6, 304, 1422, 0, 0, 30.03%, 0, 0, 26, 98.91, 4065152, 804, 0, 0
107064, 6, 913, 1422, 0, 0, 30.03%, 0, 0, 26, 75.93, 4065527, 804, 0, 0
107069, 6, 1209, 1422, 0, 0, 30.03%, 0, 0, 26, 69.62, 4065912, 804, 0, 0
107074, 6, 1343, 1422, 0, 0, 30.03%, 0, 0, 26, 66.46, 4066287, 804, 0, 0
107079, 6, 1131, 1422, 0, 0, 30.03%, 0, 0, 26, 67.08, 4066620, 804, 0, 0
107084, 6, 638, 1422, 0, 0, 30.03%, 0, 0, 26, 68.88, 4066955, 804, 0, 0
107090, 6, 1272, 1422, 0, 0, 30.03%, 0, 0, 26, 59.49, 4067253, 804, 0, 0
107095, 6, 732, 1422, 0, 0, 30.03%, 0, 0, 26, 82.78, 4067695, 804, 0, 0
107100, 6, 1053, 1422, 0, 0, 30.03%, 0, 0, 26, 82.01, 4068124, 804, 0, 0
107105, 6, 692, 1422, 0, 0, 30.03%, 0, 0, 26, 77.21, 4068496, 804, 0, 0
107110, 6, 120, 1422, 0, 0, 30.03%, 0, 0, 26, 83.51, 4068919, 804, 0, 0
107115, 6, 1292, 1422, 0, 0, 30.03%, 0, 0, 26, 60.16, 4069202, 804, 0, 0
107120, 6, 1245, 1422, 0, 0, 30.03%, 0, 0, 26, 58.00, 4069499, 804, 0, 0
107126, 6, 88, 1422, 0, 0, 30.03%, 0, 0, 26, 78.45, 4069909, 804, 0, 0
107131, 6, 587, 1422, 0, 0, 30.03%, 0, 0, 26, 66.92, 4070246, 804, 0, 0
107136, 6, 1387, 1422, 0, 0, 30.03%, 0, 0, 26, 68.29, 4070613, 804, 0, 0
107141, 6, 544, 1422, 0, 0, 30.03%, 0, 0, 26, 65.61, 4070912, 804, 0, 0
107146, 6, 1256, 1422, 0, 0, 30.03%, 0, 0, 26, 63.06, 4071260, 804, 0, 0
107151, 6, 1158, 1422, 0, 0, 30.03%, 0, 0, 26, 70.67, 4071646, 804, 0, 0
107156, 6, 836, 1422, 0, 0, 30.03%, 0, 0, 26, 66.41, 4071966, 804, 0, 0
107161, 6, 289, 1422, 0, 0, 30.03%, 0, 0, 26, 89.26, 4072414, 804, 0, 0
107167, 6, 289, 1422, 0, 0, 30.03%, 0, 0, 26, 100.90, 4072948, 804, 0, 0
107172, 6, 633, 1422, 0, 0, 30.03%, 0, 0, 26, 87.96, 4073400, 804, 0, 0
107177, 6, 1214, 1422, 0, 0, 30.03%, 0, 0, 26, 62.66, 4073685, 804, 0, 0
107182, 6, 839, 1422, 0, 0, 30.03%, 0, 0, 26, 79.05, 4074132, 804, 0, 0
107187, 6, 902, 1422, 0, 0, 30.03%, 0, 0, 26, 71.11, 4074483, 804, 0, 0
107192, 6, 1334, 1422, 0, 0, 30.03%, 0, 0, 26, 70.57, 4074844, 804, 0, 0
107197, 6, 1397, 1422, 0, 0, 30.03%, 0, 0, 26, 56.18, 4075119, 804, 0, 0
107202, 6, 93, 1422, 0, 0, 30.03%, 0, 0, 26, 84.64, 4075551, 804, 0, 0
107208, 6, 1400, 1422, 0, 0, 30.03%, 0, 0, 26, 88.21, 4076033, 804, 0, 0
107213, 6, 752, 1422, 0, 0, 30.03%, 0, 0, 26, 78.53, 4076429, 804, 0, 0
107218, 6, 165, 1422, 0, 0, 30.03%, 0, 0, 26, 92.47, 4076908, 804, 0, 0
107223, 6, 458, 1422, 0, 0, 30.03%, 0, 0, 26, 76.32, 4077292, 804, 0, 0
107228, 6, 1292, 1422, 0, 0, 30.03%, 0, 0, 26, 79.16, 4077733, 804, 0, 0
107233, 6, 269, 1422, 0, 0, 30.03%, 0, 0, 26, 72.71, 4078068, 804, 0, 0
107238, 6, 492, 1422, 0, 0, 30.03%, 0, 0, 26, 95.15, 4078586, 804, 0, 0
107243, 6, 605, 1422, 0, 0, 30.03%, 0, 0, 26, 77.60, 4078975, 804, 0, 0
107249, 6, 1291, 1422, 0, 0, 30.03%, 0, 0, 26, 63.55, 4079306, 804, 0, 0
107254, 6, 1018, 1422, 0, 0, 30.03%, 0, 0, 26, 62.32, 4079614, 804, 0, 0
107259, 6, 418, 1422, 0, 0, 30.03%, 0, 0, 26, 85.59, 4080052, 804, 0, 0
107264, 6, 278, 1422, 0, 0, 30.03%, 0, 0, 26, 98.74, 4080577, 804, 0, 0
107269, 6, 940, 1422, 0, 0, 30.03%, 0, 0, 26, 75.79, 4080951, 804, 0, 0
107274, 6, 1246, 1422, 0, 0, 30.03%, 0, 0, 26, 68.68, 4081332, 804, 0, 0
107280, 6, 1204, 1422, 0, 0, 30.03%, 0, 0, 26, 60.19, 4081632, 804, 0, 0
107285, 6, 1397, 1422, 0, 0, 30.03%, 0, 0, 26, 68.46, 4081973, 804, 0, 0
107290, 6, 1397, 1422, 0, 0, 30.03%, 0, 0, 26, 54.64, 4082232, 804, 0, 0
107295, 6, 1298, 1422, 0, 0, 30.03%, 0, 0, 26, 66.86, 4082589, 804, 0, 0
107300, 6, 165, 1422, 0, 0, 30.03%, 0, 0, 26, 58.47, 4082869, 804, 0, 0
107305, 6, 492, 1422, 0, 0, 30.03%, 0, 0, 26, 90.07, 4083375, 804, 0, 0
107310, 6, 1405, 1422, 0, 0, 30.03%, 0, 0, 26, 79.03, 4083807, 804, 0, 0
107315, 6, 639, 1422, 0, 0, 30.03%, 0, 0, 26, 58.25, 4084070, 804, 0, 0
107320, 6, 88, 1422, 0, 0, 30.03%, 0, 0, 26, 77.10, 4084480, 804, 0, 0
107325, 6, 609, 1422, 0, 0, 30.03%, 0, 0, 26, 81.73, 4084919, 804, 0, 0
107331, 6, 1274, 1422, 0, 0, 30.03%, 0, 0, 26, 75.43, 4085339, 804, 0, 0
107336, 6, 1313, 1422, 0, 0, 30.03%, 0, 0, 26, 70.14, 4085663, 804, 0, 0
107341, 6, 1212, 1422, 0, 0, 30.03%, 0, 0, 26, 57.14, 4085938, 804, 0, 0
107346, 6, 1212, 1422, 0, 0, 30.03%, 0, 0, 26, 56.25, 4086222, 804, 0, 0
107351, 6, 805, 1422, 0, 0, 30.03%, 0, 0, 26, 77.26, 4086673, 804, 0, 0
107356, 6, 1222, 1422, 0, 0, 30.03%, 0, 0, 26, 63.50, 4086993, 804, 0, 0
107361, 6, 1188, 1422, 0, 0, 30.03%, 0, 0, 26, 59.23, 4087293, 804, 0, 0
107366, 6, 959, 1422, 0, 0, 30.03%, 0, 0, 26, 64.56, 4087620, 804, 0, 0
107371, 6, 491, 1422, 0, 0, 30.03%, 0, 0, 26, 88.98, 4088080, 804, 0, 0
107377, 6, 553, 1422, 0, 0, 30.03%, 0, 0, 26, 92.25, 4088558, 804, 0, 0
107382, 6, 1313, 1422, 0, 0, 30.03%, 0, 0, 26, 93.51, 4089047, 804, 0, 0
107387, 6, 1313, 1422, 0, 0, 30.03%, 0, 0, 26, 61.15, 4089318, 804, 0, 0
107392, 6, 1312, 1422, 0, 0, 30.03%, 0, 0, 26, 55.56, 4089594, 804, 0, 0
107397, 6, 1029, 1422, 0, 0, 30.03%, 0, 0, 26, 66.48, 4089956, 804, 0, 0
107402, 6, 1092, 1422, 0, 0, 30.03%, 0, 0, 26, 64.50, 4090292, 804, 0, 0
107407, 6, 676, 1422, 0, 0, 30.03%, 0, 0, 26, 76.93, 4090685, 804, 0, 0
107413, 6, 513, 1422, 0, 0, 30.03%, 0, 0, 26, 88.73, 4091141, 804, 0, 0
107418, 6, 1248, 1422, 0, 0, 30.03%, 0, 0, 26, 66.58, 4091476, 804, 0, 0
107423, 6, 1405, 1422, 0, 0, 30.03%, 0, 0, 26, 65.20, 4091842, 804, 0, 0
107428, 6, 704, 1422, 0, 0, 30.03%, 0, 0, 26, 57.64, 4092104, 804, 0, 0
107433, 6, 1348, 1422, 0, 0, 30.03%, 0, 0, 26, 55.36, 4092410, 804, 0, 0
107438, 6, 1192, 1422, 0, 0, 30.03%, 0, 0, 26, 69.92, 4092755, 804, 0, 0
107443, 6, 1421, 1422, 0, 0, 30.03%, 0, 0, 26, 76.10, 4093155, 804, 0, 0
107449, 6, 601, 1422, 0, 0, 30.03%, 0, 0, 26, 75.27, 4093544, 804, 0, 0
107454, 6, 263, 1422, 0, 0, 30.03%, 0, 0, 26, 89.47, 4094000, 804, 0, 0
107459, 6, 606, 1422, 0, 0, 30.03%, 0, 0, 26, 86.32, 4094464, 804, 0, 0
107464, 6, 599, 1422, 0, 0, 30.03%, 0, 0, 26, 89.57, 4094933, 804, 0, 0
107469, 6, 1290, 1422, 0, 0, 30.03%, 0, 0, 26, 72.56, 4095274, 804, 0, 0
107474, 6, 492, 1422, 0, 0, 30.03%, 0, 0, 26, 61.89, 4095563, 804, 0, 0
107479, 6, 1038, 1422, 0, 0, 30.03%, 0, 0, 26, 74.79, 4095992, 804, 0, 0
107484, 6, 188, 1422, 0, 0, 30.03%, 0, 0, 26, 88.00, 4096433, 804, 0, 0
107489, 6, 1315, 1422, 0, 0, 30.03%, 0, 0, 26, 64.48, 4096758, 804, 0, 0
107495, 6, 171, 1422, 0, 0, 30.03%, 0, 0, 26, 89.80, 4097220, 804, 0, 0
107500, 6, 1308, 1422, 0, 0, 30.03%, 0, 0, 26, 67.48, 4097562, 804, 0, 0
107505, 6, 589, 1422, 0, 0, 30.03%, 0, 0, 26, 66.55, 4097881, 804, 0, 0
107510, 6, 203, 1422, 0, 0, 30.03%, 0, 0, 26, 95.59, 4098397, 804, 0, 0
107515, 6, 1271, 1422, 0, 0, 30.03%, 0, 0, 26, 69.05, 4098753, 804, 0, 0
107520, 6, 553, 1422, 0, 0, 30.03%, 0, 0, 26, 71.51, 4099078, 804, 0, 0
107526, 6, 414, 1422, 0, 0, 30.03%, 0, 0, 26, 93.79, 4099547, 804, 0, 0
107531, 6, 1226, 1422, 0, 0, 30.03%, 0, 0, 26, 66.83, 4099877, 804, 0, 0
107536, 6, 1185, 1422, 0, 0, 30.03%, 0, 0, 26, 64.07, 4100213, 804, 0, 0
107541, 6, 696, 1422, 0, 0, 30.03%, 0, 0, 26, 65.19, 4100523, 804, 0, 0
107546, 6, 1010, 1422, 0, 0, 30.03%, 0, 0, 26, 67.48, 4100883, 804, 0, 0
107551, 6, 1282, 1422, 0, 0, 30.03%, 0, 0, 26, 58.39, 4101168, 804, 0, 0
107556, 6, 1108, 1422, 0, 0, 30.03%, 0, 0, 26, 65.96, 4101524, 804, 0, 0
107561, 6, 553, 1422, 0, 0, 30.03%, 0, 0, 26, 81.78, 4101938, 804, 0, 0
107566, 6, 1232, 1422, 0, 0, 30.03%, 0, 0, 26, 64.33, 4102266, 804, 0, 0
107572, 6, 1143, 1422, 0, 0, 30.03%, 0, 0, 26, 84.32, 4102729, 804, 0, 0
107577, 6, 605, 1422, 0, 0, 30.03%, 0, 0, 26, 66.71, 4103033, 804, 0, 0
107582, 6, 1373, 1422, 0, 0, 30.03%, 0, 0, 26, 91.23, 4103508, 804, 0, 0
107587, 6, 1373, 1422, 0, 0, 30.03%, 0, 0, 26, 32.14, 4103749, 804, 0, 0
107592, 6, 1172, 1422, 0, 0, 30.03%, 0, 0, 26, 70.69, 4104160, 804, 0, 0
107597, 6, 553, 1422, 0, 0, 30.03%, 0, 0, 26, 78.49, 4104532, 804, 0, 0
107602, 6, 537, 1422, 0, 0, 30.03%, 0, 0, 26, 93.01, 4105031, 804, 0, 0
107607, 6, 1233, 1422, 0, 0, 30.03%, 0, 0, 26, 85.56, 4105499, 804, 0, 0
107613, 6, 1397, 1422, 0, 0, 30.03%, 0, 0, 26, 61.63, 4105793, 804, 0, 0
107618, 6, 1350, 1422, 0, 0, 30.03%, 0, 0, 26, 53.37, 4106054, 804, 0, 0
107623, 6, 1350, 1422, 0, 0, 30.03%, 0, 0, 26, 51.04, 4106315, 804, 0, 0
107628, 6, 653, 1422, 0, 0, 30.03%, 0, 0, 26, 81.99, 4106780, 804, 0, 0
107633, 6, 518, 1422, 0, 0, 30.03%, 0, 0, 26, 89.10, 4107232, 804, 0, 0
107638, 6, 1231, 1422, 0, 0, 30.03%, 0, 0, 26, 85.74, 4107689, 804, 0, 0
107643, 6, 1224, 1422, 0, 0, 30.03%, 0, 0, 26, 63.70, 4107989, 804, 0, 0
107649, 6, 668, 1422, 0, 0, 30.03%, 0, 0, 26, 62.99, 4108303, 804, 0, 0
107654, 6, 553, 1422, 0, 0, 30.03%, 0, 0, 26, 89.26, 4108779, 804, 0, 0
107659, 6, 516, 1422, 0, 0, 30.03%, 0, 0, 26, 94.74, 4109261, 804, 0, 0
107664, 6, 1397, 1422, 0, 0, 30.03%, 0, 0, 26, 82.03, 4109670, 804, 0, 0
107669, 6, 1279, 1422, 0, 0, 30.03%, 0, 0, 26, 58.13, 4109934, 804, 0, 0
107674, 6, 543, 1422, 0, 0, 30.03%, 0, 0, 26, 56.59, 4110216, 804, 0, 0
107679, 6, 1209, 1422, 0, 0, 30.03%, 0, 0, 26, 72.65, 4110635, 804, 0, 0
107684, 6, 1141, 1422, 0, 0, 30.03%, 0, 0, 26, 80.89, 4111022, 804, 0, 0
107689, 6, 1197, 1422, 0, 0, 30.03%, 0, 0, 26, 63.20, 4111321, 804, 0, 0
107695, 6, 662, 1422, 0, 0, 30.03%, 0, 0, 26, 58.91, 4111620, 804, 0, 0
107700, 6, 82, 1422, 0, 0, 30.03%, 0, 0, 26, 73.60, 4112018, 804, 0, 0
107705, 6, 513, 1422, 0, 0, 30.03%, 0, 0, 26, 90.31, 4112509, 804, 0, 0
107710, 6, 470, 1422, 0, 0, 30.03%, 0, 0, 26, 96.16, 4113009, 804, 0, 0
107715, 6, 553, 1422, 0, 0, 30.03%, 0, 0, 26, 97.47, 4113517, 804, 0, 0
107720, 6, 1164, 1422, 0, 0, 30.03%, 0, 0, 26, 70.19, 4113848, 804, 0, 0
107725, 6, 535, 1422, 0, 0, 30.03%, 0, 0, 26, 89.23, 4114320, 804, 0, 0
107731, 6, 1271, 1422, 0, 0, 30.03%, 0, 0, 26, 94.94, 4114818, 804, 0, 0
107736, 6, 1271, 1422, 0, 0, 30.03%, 0, 0, 26, 62.71, 4115100, 804, 0, 0
107741, 6, 188, 1422, 0, 0, 30.03%, 0, 0, 26, 79.23, 4115547, 804, 0, 0
107746, 6, 613, 1422, 0, 0, 30.03%, 0, 0, 26, 86.60, 4116024, 804, 0, 0
107751, 6, 715, 1422, 0, 0, 30.03%, 0, 0, 26, 77.64, 4116417, 804, 0, 0
107756, 6, 1402, 1422, 0, 0, 30.03%, 0, 0, 26, 63.48, 4116763, 804, 0, 0
107762, 6, 1397, 1422, 0, 0, 30.03%, 0, 0, 26, 69.54, 4117086, 804, 0, 0
107767, 6, 1397, 1422, 0, 0, 30.03%, 0, 0, 26, 53.86, 4117341, 804, 0, 0
107772, 6, 1272, 1422, 0, 0, 30.03%, 0, 0, 26, 54.77, 4117619, 804, 0, 0
107777, 6, 483, 1422, 0, 0, 30.03%, 0, 0, 26, 76.77, 4118002, 804, 0, 0
107782, 6, 1035, 1422, 0, 0, 30.03%, 0, 0, 26, 76.29, 4118417, 804, 0, 0
107787, 6, 1419, 1422, 0, 0, 30.03%, 0, 0, 26, 63.40, 4118741, 804, 0, 0
107792, 6, 492, 1422, 0, 0, 30.03%, 0, 0, 26, 54.63, 4119001, 804, 0, 0
107797, 6, 553, 1422, 0, 0, 30.03%, 0, 0, 26, 89.36, 4119503, 804, 0, 0
107802, 6, 1035, 1422, 0, 0, 30.03%, 0, 0, 26, 96.38, 4120013, 804, 0, 0
107808, 6, 404, 1422, 0, 0, 30.03%, 0, 0, 26, 87.20, 4120413, 804, 0, 0
107813, 6, 464, 1422, 0, 0, 30.03%, 0, 0, 26, 96.64, 4120918, 804, 0, 0
107818, 6, 1171, 1422, 0, 0, 30.03%, 0, 0, 26, 68.21, 4121244, 804, 0, 0
107823, 6, 1243, 1422, 0, 0, 30.03%, 0, 0, 26, 59.72, 4121543, 804, 0, 0
107828, 6, 1347, 1422, 0, 0, 30.03%, 0, 0, 26, 70.18, 4121917, 804, 0, 0
107833, 6, 96, 1422, 0, 0, 30.03%, 0, 0, 26, 62.30, 4122204, 804, 0, 0
107838, 6, 1379, 1422, 0, 0, 30.03%, 0, 0, 26, 55.08, 4122488, 804, 0, 0
107843, 6, 1010, 1422, 0, 0, 30.03%, 0, 0, 26, 64.02, 4122819, 804, 0, 0
107849, 6, 459, 1422, 0, 0, 30.03%, 0, 0, 26, 94.60, 4123331, 804, 0, 0
107854, 6, 1299, 1422, 0, 0, 30.03%, 0, 0, 26, 70.30, 4123702, 804, 0, 0
107859, 6, 660, 1422, 0, 0, 30.03%, 0, 0, 26, 80.45, 4124092, 804, 0, 0
107864, 6, 748, 1422, 0, 0, 30.03%, 0, 0, 26, 77.60, 4124491, 804, 0, 0
107869, 6, 1294, 1422, 0, 0, 30.03%, 0, 0, 26, 59.55, 4124780, 804, 0, 0
107874, 6, 1207, 1422, 0, 0, 30.03%, 0, 0, 26, 58.36, 4125075, 804, 0, 0
107879, 6, 901, 1422, 0, 0, 30.03%, 0, 0, 26, 65.84, 4125415, 804, 0, 0
107884, 6, 188, 1422, 0, 0, 30.03%, 0, 0, 26, 68.45, 4125766, 804, 0, 0
107890, 6, 966, 1422, 0, 0, 30.03%, 0, 0, 26, 72.59, 4126163, 804, 0, 0
107895, 6, 594, 1422, 0, 0, 30.03%, 0, 0, 26, 71.67, 4126530, 804, 0, 0
107900, 6, 1303, 1422, 0, 0, 30.03%, 0, 0, 26, 57.58, 4126801, 804, 0, 0
107905, 6, 539, 1422, 0, 0, 30.03%, 0, 0, 26, 86.34, 4127275, 804, 0, 0
107910, 6, 1241, 1422, 0, 0, 30.03%, 0, 0, 26, 70.92, 4127645, 804, 0, 0
107915, 6, 1185, 1422, 0, 0, 30.03%, 0, 0, 26, 59.17, 4127938, 804, 0, 0
107920, 6, 204, 1422, 0, 0, 30.03%, 0, 0, 26, 60.30, 4128243, 804, 0, 0
107926, 6, 88, 1422, 0, 0, 30.03%, 0, 0, 26, 90.21, 4128756, 804, 0, 0
107931, 6, 1265, 1422, 0, 0, 30.03%, 0, 0, 26, 64.94, 4129071, 804, 0, 0
107936, 6, 1248, 1422, 0, 0, 30.03%, 0, 0, 26, 70.35, 4129457, 804, 0, 0
107941, 6, 758, 1423, 1, 0, 30.03%, 0, 0, 26, 69.43, 4129798, 804, 0, 0
107946, 6, 758, 1423, 1, 0, 30.03%, 0, 0, 26, 73.77, 4130176, 804, 0, 0
107951, 6, 1205, 1423, 1, 0, 30.03%, 0, 0, 26, 81.69, 4130623, 804, 0, 0
107956, 6, 1377, 1423, 1, 0, 30.03%, 0, 0, 26, 59.88, 4130914, 804, 0, 0
107961, 6, 1038, 1423, 1, 0, 30.03%, 0, 0, 26, 62.49, 4131214, 804, 0, 0
107966, 6, 1350, 1423, 1, 0, 30.03%, 0, 0, 26, 56.13, 4131504, 804, 0, 0
107971, 6, 399, 1423, 1, 0, 30.03%, 0, 0, 26, 78.09, 4131879, 804, 0, 0
107977, 6, 1394, 1423, 1, 0, 30.03%, 0, 0, 26, 56.96, 4132160, 804, 0, 0
107982, 6, 1391, 1423, 1, 0, 30.03%, 0, 0, 26, 52.37, 4132423, 804, 0, 0
107987, 6, 152, 1423, 1, 0, 30.03%, 0, 0, 26, 80.65, 4132820, 804, 0, 0
107992, 6, 1035, 1423, 1, 0, 30.03%, 0, 0, 26, 77.11, 4133237, 804, 0, 0
107997, 6, 1106, 1423, 1, 0, 30.03%, 0, 0, 26, 71.68, 4133609, 804, 0, 0
108002, 6, 1316, 1423, 1, 0, 30.03%, 0, 0, 26, 75.66, 4134006, 804, 0, 0
108007, 6, 289, 1423, 1, 0, 30.03%, 0, 0, 26, 67.65, 4134316, 804, 0, 0
108012, 6, 1086, 1423, 1, 0, 30.03%, 0, 0, 26, 68.72, 4134687, 804, 0, 0
108018, 6, 710, 1423, 1, 0, 30.03%, 0, 0, 26, 73.53, 4135077, 804, 0, 0
108023, 6, 288, 1423, 1, 0, 30.03%, 0, 0, 26, 90.92, 4135538, 804, 0, 0
108028, 6, 671, 1423, 1, 0, 30.03%, 0, 0, 26, 86.20, 4136003, 804, 0, 0
108033, 6, 478, 1423, 1, 0, 30.03%, 0, 0, 26, 77.22, 4136371, 804, 0, 0
108038, 6, 689, 1423, 1, 0, 30.03%, 0, 0, 26, 90.04, 4136838, 804, 0, 0
108043, 6, 1296, 1423, 1, 0, 30.03%, 0, 0, 26, 66.37, 4137173, 804, 0, 0
108048, 6, 1273, 1423, 1, 0, 30.03%, 0, 0, 26, 56.58, 4137448, 804, 0, 0
108053, 6, 676, 1423, 1, 0, 30.03%, 0, 0, 26, 64.53, 4137767, 804, 0, 0
108059, 6, 1185, 1423, 1, 0, 30.03%, 0, 0, 26, 60.38, 4138079, 804, 0, 0
108064, 6, 1166, 1423, 1, 0, 30.03%, 0, 0, 26, 60.42, 4138378, 804, 0, 0
108069, 6, 511, 1423, 1, 0, 30.03%, 0, 0, 26, 81.07, 4138788, 804, 0, 0
108074, 6, 1352, 1423, 1, 0, 30.03%, 0, 0, 26, 65.24, 4139145, 804, 0, 0
108079, 6, 745, 1423, 1, 0, 30.03%, 0, 0, 26, 64.83, 4139450, 804, 0, 0
108084, 6, 1354, 1423, 1, 0, 30.03%, 0, 0, 26, 71.82, 4139849, 804, 0, 0
108089, 6, 430, 1423, 1, 0, 30.03%, 0, 0, 26, 56.18, 4140109, 804, 0, 0
108094, 6, 627, 1423, 1, 0, 30.03%, 0, 0, 26, 76.43, 4140560, 804, 0, 0
108100, 6, 705, 1423, 1, 0, 30.03%, 0, 0, 26, 78.38, 4140979, 804, 0, 0
108105, 6, 1078, 1423, 1, 0, 30.03%, 0, 0, 26, 65.83, 4141318, 804, 0, 0
108110, 6, 1144, 1423, 1, 0, 30.03%, 0, 0, 26, 66.26, 4141658, 804, 0, 0
108115, 6, 129, 1423, 1, 0, 30.03%, 0, 0, 26, 75.50, 4142016, 804, 0, 0
108120, 6, 499, 1423, 1, 0, 30.03%, 0, 0, 26, 94.01, 4142527, 804, 0, 0
108125, 6, 655, 1423, 1, 0, 30.03%, 0, 0, 26, 85.47, 4142969, 804, 0, 0
108130, 6, 613, 1423, 1, 0, 30.03%, 0, 0, 26, 86.66, 4143435, 804, 0, 0
108135, 6, 1312, 1423, 1, 0, 30.03%, 0, 0, 26, 71.28, 4143815, 804, 0, 0
108140, 6, 480, 1423, 1, 0, 30.03%, 0, 0, 26, 76.93, 4144171, 804, 0, 0
108146, 6, 1397, 1423, 1, 0, 30.03%, 0, 0, 26, 69.94, 4144559, 804, 0, 0
108151, 6, 179, 1423, 1, 0, 30.03%, 0, 0, 26, 65.90, 4144859, 804, 0, 0
108156, 6, 1374, 1423, 1, 0, 30.03%, 0, 0, 26, 53.97, 4145122, 804, 0, 0
108161, 6, 1323, 1423, 1, 0, 30.03%, 0, 0, 26, 69.19, 4145494, 804, 0, 0
108166, 6, 1402, 1423, 1, 0, 30.03%, 0, 0, 26, 53.81, 4145766, 804, 0, 0
108171, 6, 194, 1423, 1, 0, 30.03%, 0, 0, 26, 81.09, 4146168, 804, 0, 0
108176, 6, 333, 1423, 1, 0, 30.03%, 0, 0, 26, 89.73, 4146634, 804, 0, 0
108182, 6, 1344, 1423, 1, 0, 30.03%, 0, 0, 26, 58.77, 4146907, 804, 0, 0
108187, 6, 225, 1423, 1, 0, 30.03%, 0, 0, 26, 59.37, 4147200, 804, 0, 0
108192, 6, 1348, 1423, 1, 0, 30.03%, 0, 0, 26, 56.53, 4147507, 804, 0, 0
108197, 6, 1038, 1423, 1, 0, 30.03%, 0, 0, 26, 73.23, 4147900, 804, 0, 0
108202, 6, 1422, 1423, 1, 0, 30.03%, 0, 0, 26, 84.24, 4148319, 804, 0, 0
108207, 6, 1422, 1423, 1, 0, 30.03%, 0, 0, 26, 77.09, 4148712, 804, 0, 0
108212, 6, 1422, 1423, 1, 0, 30.03%, 0, 0, 26, 76.98, 4149110, 804, 0, 0
108217, 6, 1422, 1423, 1, 0, 30.03%, 0, 0, 26, 76.11, 4149489, 804, 0, 0
108223, 6, 1422, 1423, 1, 0, 30.03%, 0, 0, 26, 74.04, 4149874, 804, 0, 0
108228, 6, 1422, 1423, 1, 0, 30.03%, 0, 0, 26, 74.47, 4150243, 804, 0, 0
108233, 6, 1422, 1423, 1, 0, 30.03%, 0, 0, 26, 76.48, 4150639, 804, 0, 0
108238, 6, 1422, 1423, 1, 0, 30.03%, 0, 0, 26, 77.04, 4151037, 804, 0, 0
108243, 6, 1082, 1423, 0, 0, 30.03%, 0, 0, 26, 72.04, 4151412, 804, 0, 0
108248, 6, 706, 1423, 0, 0, 30.03%, 0, 0, 26, 70.58, 4151758, 804, 0, 0
108253, 6, 1308, 1423, 0, 0, 30.03%, 0, 0, 26, 58.69, 4152054, 804, 0, 0
108259, 6, 1050, 1423, 0, 0, 30.03%, 0, 0, 26, 62.84, 4152375, 804, 0, 0
108264, 6, 285, 1423, 0, 0, 30.03%, 0, 0, 26, 68.97, 4152728, 804, 0, 0
108269, 6, 1414, 1423, 0, 0, 30.03%, 0, 0, 26, 77.78, 4153160, 804, 0, 0
108274, 6, 101, 1423, 0, 0, 30.03%, 0, 0, 26, 76.11, 4153531, 804, 0, 0
108279, 6, 578, 1423, 0, 0, 30.03%, 0, 0, 26, 86.97, 4153989, 804, 0, 0
108284, 6, 1301, 1423, 0, 0, 30.03%, 0, 0, 26, 63.20, 4154300, 804, 0, 0
108289, 6, 517, 1423, 0, 0, 30.03%, 0, 0, 26, 81.15, 4154692, 804, 0, 0
108294, 6, 1269, 1423, 0, 0, 30.03%, 0, 0, 26, 63.35, 4155018, 804, 0, 0
108300, 6, 1397, 1423, 0, 0, 30.03%, 0, 0, 26, 72.18, 4155413, 804, 0, 0
108305, 6, 304, 1423, 0, 0, 30.03%, 0, 0, 26, 61.39, 4155694, 804, 0, 0
108310, 6, 1031, 1423, 0, 0, 30.03%, 0, 0, 26, 79.44, 4156157, 804, 0, 0
108315, 6, 1284, 1423, 0, 0, 30.03%, 0, 0, 26, 61.35, 4156459, 804, 0, 0
108320, 6, 659, 1423, 0, 0, 30.03%, 0, 0, 26, 63.97, 4156773, 804, 0, 0
108325, 6, 902, 1423, 0, 0, 30.03%, 0, 0, 26, 70.91, 4157156, 804, 0, 0
108330, 6, 1202, 1423, 0, 0, 30.03%, 0, 0, 26, 70.07, 4157520, 804, 0, 0
108335, 6, 1397, 1423, 0, 0, 30.03%, 0, 0, 26, 56.92, 4157796, 804, 0, 0
108340, 6, 672, 1423, 0, 0, 30.03%, 0, 0, 26, 56.31, 4158068, 804, 0, 0
108346, 6, 1397, 1423, 0, 0, 30.03%, 0, 0, 26, 63.31, 4158425, 804, 0, 0
108351, 6, 342, 1423, 0, 0, 30.03%, 0, 0, 26, 67.94, 4158739, 804, 0, 0
108356, 6, 1270, 1423, 0, 0, 30.03%, 0, 0, 26, 61.26, 4159062, 804, 0, 0
108361, 6, 1181, 1423, 0, 0, 30.03%, 0, 0, 26, 70.64, 4159433, 804, 0, 0
108366, 6, 656, 1423, 0, 0, 30.03%, 0, 0, 26, 59.58, 4159716, 804, 0, 0
108371, 6, 1010, 1423, 0, 0, 30.03%, 0, 0, 26, 74.16, 4160122, 804, 0, 0
108376, 6, 362, 1423, 0, 0, 30.03%, 0, 0, 26, 88.00, 4160556, 804, 0, 0
108381, 6, 1164, 1423, 0, 0, 30.03%, 0, 0, 26, 67.72, 4160882, 804, 0, 0
108386, 6, 513, 1423, 0, 0, 30.03%, 0, 0, 26, 90.95, 4161372, 804, 0, 0
108391, 6, 167, 1423, 0, 0, 30.03%, 0, 0, 26, 101.17, 4161894, 804, 0, 0
108396, 6, 188, 1423, 0, 0, 30.03%, 0, 0, 26, 80.45, 4162262, 804, 0, 0
108402, 6, 1390, 1423, 0, 0, 30.03%, 0, 0, 26, 75.71, 4162689, 804, 0, 0
108407, 6, 236, 1423, 0, 0, 30.03%, 0, 0, 26, 68.41, 4162992, 804, 0, 0
108412, 6, 1250, 1423, 0, 0, 30.03%, 0, 0, 26, 59.93, 4163293, 804, 0, 0
108417, 6, 1201, 1423, 0, 0, 30.03%, 0, 0, 26, 61.75, 4163604, 804, 0, 0
108422, 6, 1201, 1423, 0, 0, 30.03%, 0, 0, 26, 58.67, 4163904, 804, 0, 0
108427, 6, 1235, 1423, 0, 0, 30.03%, 0, 0, 26, 62.02, 4164240, 804, 0, 0
108432, 6, 710, 1423, 0, 0, 30.03%, 0, 0, 26, 66.80, 4164575, 804, 0, 0
108438, 6, 1405, 1423, 0, 0, 30.03%, 0, 0, 26, 65.16, 4164919, 804, 0, 0
108443, 6, 1405, 1423, 0, 0, 30.03%, 0, 0, 26, 51.18, 4165158, 804, 0, 0
108448, 6, 1133, 1423, 0, 0, 30.03%, 0, 0, 26, 59.38, 4165470, 804, 0, 0
108453, 6, 620, 1423, 0, 0, 30.03%, 0, 0, 26, 81.19, 4165928, 804, 0, 0
108458, 6, 553, 1423, 0, 0, 30.03%, 0, 0, 26, 90.85, 4166376, 804, 0, 0
108463, 6, 577, 1423, 0, 0, 30.03%, 0, 0, 26, 79.38, 4166775, 804, 0, 0
108468, 6, 1281, 1423, 0, 0, 30.03%, 0, 0, 26, 62.37, 4167091, 804, 0, 0
108474, 6, 635, 1423, 0, 0, 30.03%, 0, 0, 26, 73.54, 4167466, 804, 0, 0
108479, 6, 1151, 1423, 0, 0, 30.03%, 0, 0, 26, 63.60, 4167774, 804, 0, 0
108484, 6, 512, 1423, 0, 0, 30.03%, 0, 0, 26, 90.70, 4168273, 804, 0, 0
108489, 6, 495, 1423, 0, 0, 30.03%, 0, 0, 26, 94.83, 4168762, 804, 0, 0
108494, 6, 1307, 1423, 0, 0, 30.03%, 0, 0, 26, 71.38, 4169144, 804, 0, 0
108499, 6, 1013, 1423, 0, 0, 30.03%, 0, 0, 26, 63.42, 4169448, 804, 0, 0
108504, 6, 684, 1423, 0, 0, 30.03%, 0, 0, 26, 75.56, 4169833, 804, 0, 0
108509, 6, 1292, 1423, 0, 0, 30.03%, 0, 0, 26, 89.10, 4170308, 804, 0, 0
108514, 6, 1292, 1423, 0, 0, 30.03%, 0, 0, 26, 58.84, 4170576, 804, 0, 0
108520, 6, 492, 1423, 0, 0, 30.03%, 0, 0, 26, 68.63, 4170928, 804, 0, 0
108525, 6, 940, 1423, 0, 0, 30.03%, 0, 0, 26, 74.97, 4171340, 804, 0, 0
108530, 6, 519, 1423, 0, 0, 30.03%, 0, 0, 26, 84.00, 4171756, 804, 0, 0
108535, 6, 1416, 1423, 0, 0, 30.03%, 0, 0, 26, 60.86, 4172063, 804, 0, 0
108540, 6, 947, 1423, 0, 0, 30.03%, 0, 0, 26, 60.82, 4172359, 804, 0, 0
108545, 6, 1136, 1423, 0, 0, 30.03%, 0, 0, 26, 69.04, 4172714, 804, 0, 0
108550, 6, 179, 1423, 0, 0, 30.03%, 0, 0, 26, 80.68, 4173095, 804, 0, 0
108555, 6, 1416, 1423, 0, 0, 30.03%, 0, 0, 26, 54.57, 4173347, 804, 0, 0
108560, 6, 952, 1423, 0, 0, 30.03%, 0, 0, 26, 63.31, 4173673, 804, 0, 0
108566, 6, 1213, 1423, 0, 0, 30.03%, 0, 0, 26, 73.69, 4174091, 804, 0, 0
108571, 6, 1100, 1423, 0, 0, 30.03%, 0, 0, 26, 62.94, 4174395, 804, 0, 0
108576, 6, 1357, 1423, 0, 0, 30.03%, 0, 0, 26, 55.88, 4174677, 804, 0, 0
108581, 6, 849, 1423, 0, 0, 30.03%, 0, 0, 26, 60.73, 4174971, 804, 0, 0
108586, 6, 724, 1423, 0, 0, 30.03%, 0, 0, 26, 75.91, 4175373, 804, 0, 0
108591, 6, 1288, 1423, 0, 0, 30.03%, 0, 0, 26, 60.78, 4175669, 804, 0, 0
108596, 6, 1382, 1423, 0, 0, 30.03%, 0, 0, 26, 85.90, 4176141, 804, 0, 0
108601, 6, 1382, 1423, 0, 0, 30.03%, 0, 0, 26, 58.88, 4176404, 804, 0, 0
108606, 6, 1397, 1423, 0, 0, 30.03%, 0, 0, 26, 63.97, 4176730, 804, 0, 0
108611, 6, 1397, 1423, 0, 0, 30.03%, 0, 0, 26, 53.96, 4176993, 804, 0, 0
108617, 6, 569, 1423, 0, 0, 30.03%, 0, 0, 26, 85.19, 4177465, 804, 0, 0
108622, 6, 707, 1423, 0, 0, 30.03%, 0, 0, 26, 91.61, 4177935, 804, 0, 0
108627, 6, 711, 1423, 0, 0, 30.03%, 0, 0, 26, 80.48, 4178335, 804, 0, 0
108632, 6, 1297, 1423, 0, 0, 30.03%, 0, 0, 26, 62.53, 4178659, 804, 0, 0
108637, 6, 1398, 1423, 0, 0, 30.03%, 0, 0, 26, 53.23, 4178925, 804, 0, 0
108642, 6, 741, 1423, 0, 0, 30.03%, 0, 0, 26, 62.19, 4179230, 804, 0, 0
108647, 6, 1397, 1423, 0, 0, 30.03%, 0, 0, 26, 58.32, 4179545, 804, 0, 0
108653, 6, 1268, 1423, 0, 0, 30.03%, 0, 0, 26, 54.57, 4179815, 804, 0, 0
108658, 6, 585, 1423, 0, 0, 30.03%, 0, 0, 26, 64.42, 4180134, 804, 0, 0
108663, 6, 1406, 1423, 0, 0, 30.03%, 0, 0, 26, 53.27, 4180408, 804, 0, 0
108668, 6, 1279, 1423, 0, 0, 30.03%, 0, 0, 26, 68.13, 4180766, 804, 0, 0
108673, 6, 620, 1423, 0, 0, 30.03%, 0, 0, 26, 62.00, 4181060, 804, 0, 0
108678, 6, 896, 1423, 0, 0, 30.03%, 0, 0, 26, 67.29, 4181415, 804, 0, 0
108683, 6, 1148, 1423, 0, 0, 30.03%, 0, 0, 26, 61.23, 4181725, 804, 0, 0
108688, 6, 1221, 1423, 0, 0, 30.03%, 0, 0, 26, 65.53, 4182074, 804, 0, 0
108694, 6, 492, 1423, 0, 0, 30.03%, 0, 0, 26, 72.89, 4182426, 804, 0, 0
108700, 6, 170, 1423, 0, 0, 30.03%, 0, 0, 26, 81.47, 4183006, 804, 0, 0
108705, 6, 829, 1423, 0, 0, 30.03%, 0, 0, 26, 76.78, 4183423, 804, 0, 0
108710, 6, 1315, 1423, 0, 0, 30.03%, 0, 0, 26, 71.63, 4183811, 804, 0, 0
108715, 6, 653, 1423, 0, 0, 30.03%, 0, 0, 26, 72.05, 4184147, 804, 0, 0
108720, 6, 1110, 1423, 0, 0, 30.03%, 0, 0, 26, 68.04, 4184500, 804, 0, 0
108725, 6, 471, 1423, 0, 0, 30.03%, 0, 0, 26, 86.09, 4184936, 804, 0, 0
108730, 6, 268, 1423, 0, 0, 30.03%, 0, 0, 26, 100.22, 4185461, 804, 0, 0
108736, 6, 1416, 1423, 0, 0, 30.03%, 0, 0, 26, 71.04, 4185834, 804, 0, 0
108741, 6, 1360, 1423, 0, 0, 30.03%, 0, 0, 26, 52.70, 4186073, 804, 0, 0
108746, 6, 1038, 1423, 0, 0, 30.03%, 0, 0, 26, 54.75, 4186346, 804, 0, 0
108751, 6, 1025, 1423, 0, 0, 30.03%, 0, 0, 26, 65.61, 4186696, 804, 0, 0
108756, 6, 1396, 1423, 0, 0, 30.03%, 0, 0, 26, 58.98, 4187000, 804, 0, 0
108761, 6, 1159, 1423, 0, 0, 30.03%, 0, 0, 26, 54.68, 4187266, 804, 0, 0
108766, 6, 1170, 1423, 0, 0, 30.03%, 0, 0, 26, 63.86, 4187603, 804, 0, 0
108771, 6, 1142, 1423, 0, 0, 30.03%, 0, 0, 26, 70.24, 4187954, 804, 0, 0
108776, 6, 1130, 1423, 0, 0, 30.03%, 0, 0, 26, 61.82, 4188263, 804, 0, 0
108781, 6, 1274, 1423, 0, 0, 30.03%, 0, 0, 26, 59.76, 4188567, 804, 0, 0
108786, 6, 1020, 1423, 0, 0, 30.03%, 0, 0, 26, 59.59, 4188860, 804, 0, 0
108791, 6, 1151, 1423, 0, 0, 30.03%, 0, 0, 26, 63.11, 4189187, 804, 0, 0
108797, 6, 448, 1423, 0, 0, 30.03%, 0, 0, 26, 74.10, 4189541, 804, 0, 0
108802, 6, 654, 1423, 0, 0, 30.03%, 0, 0, 26, 82.60, 4190000, 804, 0, 0
108807, 6, 561, 1423, 0, 0, 30.03%, 0, 0, 26, 93.90, 4190503, 804, 0, 0
108812, 6, 674, 1423, 0, 0, 30.03%, 0, 0, 26, 80.38, 4190903, 804, 0, 0
108817, 6, 252, 1423, 0, 0, 30.03%, 0, 0, 26, 73.80, 4191254, 804, 0, 0
108822, 6, 553, 1423, 0, 0, 30.03%, 0, 0, 26, 88.36, 4191721, 804, 0, 0
108827, 6, 1316, 1423, 0, 0, 30.03%, 0, 0, 26, 94.05, 4192213, 804, 0, 0
108832, 6, 1316, 1423, 0, 0, 30.03%, 0, 0, 26, 62.12, 4192489, 804, 0, 0
108837, 6, 1293, 1423, 0, 0, 30.03%, 0, 0, 26, 55.84, 4192762, 804, 0, 0
108843, 6, 1078, 1423, 0, 0, 30.03%, 0, 0, 26, 76.91, 4193190, 804, 0, 0
108848, 6, 190, 1423, 0, 0, 30.03%, 0, 0, 26, 85.09, 4193593, 804, 0, 0
108853, 6, 1231, 1423, 0, 0, 30.03%, 0, 0, 26, 69.29, 4193968, 804, 0, 0
108858, 6, 656, 1423, 0, 0, 30.03%, 0, 0, 26, 78.91, 4194380, 804, 0, 0
108863, 6, 1111, 1423, 0, 0, 30.03%, 0, 0, 26, 68.61, 4194714, 804, 0, 0
108868, 6, 1274, 1423, 0, 0, 30.03%, 0, 0, 26, 75.76, 4195140, 804, 0, 0
108873, 6, 1035, 1423, 0, 0, 30.03%, 0, 0, 26, 64.12, 4195439, 804, 0, 0
108878, 6, 883, 1423, 0, 0, 30.03%, 0, 0, 26, 67.99, 4195789, 804, 0, 0
108884, 6, 1364, 1423, 0, 0, 30.03%, 0, 0, 26, 57.22, 4196089, 804, 0, 0
108889, 6, 1292, 1423, 0, 0, 30.03%, 0, 0, 26, 52.62, 4196341, 804, 0, 0
108894, 6, 1419, 1423, 0, 0, 30.03%, 0, 0, 26, 51.83, 4196607, 804, 0, 0
108899, 6, 133, 1423, 0, 0, 30.03%, 0, 0, 26, 50.12, 4196859, 804, 0, 0
108904, 6, 1193, 1423, 0, 0, 30.03%, 0, 0, 26, 59.71, 4197203, 804, 0, 0
108909, 6, 1035, 1423, 0, 0, 30.03%, 0, 0, 26, 65.26, 4197536, 804, 0, 0
108914, 6, 790, 1423, 0, 0, 30.03%, 0, 0, 26, 74.21, 4197952, 804, 0, 0
108919, 6, 242, 1423, 0, 0, 30.03%, 0, 0, 26, 91.28, 4198421, 804, 0, 0
108925, 6, 745, 1423, 0, 0, 30.03%, 0, 0, 26, 82.64, 4198852, 804, 0, 0
108930, 6, 702, 1423, 0, 0, 30.03%, 0, 0, 26, 77.62, 4199234, 804, 0, 0
108935, 6, 1147, 1423, 0, 0, 30.03%, 0, 0, 26, 66.06, 4199581, 804, 0, 0
108940, 6, 710, 1423, 0, 0, 30.03%, 0, 0, 26, 76.85, 4199985, 804, 0, 0
108945, 6, 431, 1423, 0, 0, 30.03%, 0, 0, 26, 93.60, 4200456, 804, 0, 0
108950, 6, 1203, 1423, 0, 0, 30.03%, 0, 0, 26, 72.23, 4200831, 804, 0, 0
108955, 6, 584, 1423, 0, 0, 30.03%, 0, 0, 26, 76.07, 4201220, 804, 0, 0
108960, 6, 1149, 1423, 0, 0, 30.03%, 0, 0, 26, 73.10, 4201624, 804, 0, 0
108965, 6, 406, 1423, 0, 0, 30.03%, 0, 0, 26, 96.65, 4201993, 804, 0, 0
108971, 6, 686, 1423, 0, 0, 30.03%, 0, 0, 26, 86.92, 4202448, 804, 0, 0
108976, 6, 393, 1423, 0, 0, 30.03%, 0, 0, 26, 96.04, 4202948, 804, 0, 0
108981, 6, 561, 1423, 0, 0, 30.03%, 0, 0, 26, 98.06, 4203462, 804, 0, 0
108986, 6, 753, 1423, 0, 0, 30.03%, 0, 0, 26, 84.59, 4203898, 804, 0, 0
108991, 6, 492, 1423, 0, 0, 30.03%, 0, 0, 26, 94.69, 4204390, 804, 0, 0
108996, 6, 1256, 1423, 0, 0, 30.03%, 0, 0, 26, 65.13, 4204684, 804, 0, 0
109001, 6, 1288, 1423, 0, 0, 30.03%, 0, 0, 26, 56.67, 4204963, 804, 0, 0
109006, 6, 738, 1423, 0, 0, 30.03%, 0, 0, 26, 73.56, 4205359, 804, 0, 0
109012, 6, 1172, 1423, 0, 0, 30.03%, 0, 0, 26, 91.13, 4205842, 804, 0, 0
109017, 6, 441, 1423, 0, 0, 30.03%, 0, 0, 26, 79.96, 4206201, 804, 0, 0
109022, 6, 1348, 1423, 0, 0, 30.03%, 0, 0, 26, 63.81, 4206538, 804, 0, 0
109027, 6, 592, 1423, 0, 0, 30.03%, 0, 0, 26, 75.57, 4206908, 804, 0, 0
109032, 6, 1362, 1423, 0, 0, 30.03%, 0, 0, 26, 88.37, 4207365, 804, 0, 0
109037, 6, 1362, 1423, 0, 0, 30.03%, 0, 0, 26, 58.31, 4207624, 804, 0, 0
109042, 6, 1356, 1423, 0, 0, 30.03%, 0, 0, 26, 52.05, 4207884, 804, 0, 0
109048, 6, 1218, 1423, 0, 0, 30.03%, 0, 0, 26, 76.10, 4208305, 804, 0, 0
109053, 6, 879, 1423, 0, 0, 30.03%, 0, 0, 26, 63.94, 4208613, 804, 0, 0
109058, 6, 1397, 1423, 0, 0, 30.03%, 0, 0, 26, 60.49, 4208933, 804, 0, 0
109063, 6, 694, 1423, 0, 0, 30.03%, 0, 0, 26, 58.00, 4209211, 804, 0, 0
109068, 6, 1138, 1423, 0, 0, 30.03%, 0, 0, 26, 86.38, 4209660, 804, 0, 0
109073, 6, 1416, 1423, 0, 0, 30.03%, 0, 0, 26, 65.88, 4209964, 804, 0, 0
109078, 6, 1416, 1423, 0, 0, 30.03%, 0, 0, 26, 51.94, 4210214, 804, 0, 0
109083, 6, 1407, 1423, 0, 0, 30.03%, 0, 0, 26, 62.81, 4210544, 804, 0, 0
109089, 6, 531, 1423, 0, 0, 30.03%, 0, 0, 26, 89.58, 4211037, 804, 0, 0
109094, 6, 580, 1423, 0, 0, 30.03%, 0, 0, 26, 91.10, 4211513, 804, 0, 0
109099, 6, 1137, 1423, 0, 0, 30.03%, 0, 0, 26, 68.18, 4211849, 804, 0, 0
109104, 6, 685, 1423, 0, 0, 30.03%, 0, 0, 26, 76.19, 4212247, 804, 0, 0
109109, 6, 706, 1423, 0, 0, 30.03%, 0, 0, 26, 75.86, 4212642, 804, 0, 0
109114, 6, 682, 1423, 0, 0, 30.03%, 0, 0, 26, 76.66, 4213026, 804, 0, 0
109119, 6, 1282, 1423, 0, 0, 30.03%, 0, 0, 26, 58.98, 4213301, 804, 0, 0
109124, 6, 1310, 1423, 0, 0, 30.03%, 0, 0, 26, 55.46, 4213583, 804, 0, 0
109130, 6, 1038, 1423, 0, 0, 30.03%, 0, 0, 26, 64.32, 4213923, 804, 0, 0
109135, 6, 1239, 1423, 0, 0, 30.03%, 0, 0, 26, 59.29, 4214224, 804, 0, 0
109140, 6, 1359, 1423, 0, 0, 30.03%, 0, 0, 26, 63.59, 4214563, 804, 0, 0
109145, 6, 1359, 1423, 0, 0, 30.03%, 0, 0, 26, 53.16, 4214824, 804, 0, 0
109150, 6, 1285, 1423, 0, 0, 30.03%, 0, 0, 26, 54.26, 4215105, 804, 0, 0
109155, 6, 1168, 1423, 0, 0, 30.03%, 0, 0, 26, 61.63, 4215442, 804, 0, 0
109160, 6, 492, 1423, 0, 0, 30.03%, 0, 0, 26, 77.16, 4215816, 804, 0, 0
109166, 6, 1222, 1423, 0, 0, 30.03%, 0, 0, 26, 65.38, 4216162, 804, 0, 0
109171, 6, 841, 1423, 0, 0, 30.03%, 0, 0, 26, 67.25, 4216500, 804, 0, 0
109176, 6, 859, 1423, 0, 0, 30.03%, 0, 0, 26, 74.75, 4216912, 804, 0, 0
109181, 6, 286, 1423, 0, 0, 30.03%, 0, 0, 26, 85.56, 4217335, 804, 0, 0
109186, 6, 1044, 1423, 0, 0, 30.03%, 0, 0, 26, 76.73, 4217747, 804, 0, 0
109191, 6, 1035, 1423, 0, 0, 30.03%, 0, 0, 26, 72.68, 4218119, 804, 0, 0
109197, 6, 600, 1423, 0, 0, 30.03%, 0, 0, 26, 73.35, 4218489, 804, 0, 0
109202, 6, 720, 1423, 0, 0, 30.03%, 0, 0, 26, 91.12, 4218985, 804, 0, 0
109207, 6, 915, 1423, 0, 0, 30.03%, 0, 0, 26, 72.99, 4219350, 804, 0, 0
109212, 6, 261, 1423, 0, 0, 30.03%, 0, 0, 26, 84.72, 4219769, 804, 0, 0
109217, 6, 1276, 1423, 0, 0, 30.03%, 0, 0, 26, 71.25, 4220165, 804, 0, 0
109222, 6, 682, 1423, 0, 0, 30.03%, 0, 0, 26, 81.63, 4220566, 804, 0, 0
109227, 6, 304, 1423, 0, 0, 30.03%, 0, 0, 26, 92.59, 4221034, 804, 0, 0
109233, 6, 739, 1423, 0, 0, 30.03%, 0, 0, 26, 83.16, 4221473, 804, 0, 0
109238, 6, 1401, 1423, 0, 0, 30.03%, 0, 0, 26, 82.76, 4221917, 804, 0, 0
109243, 6, 1244, 1423, 0, 0, 30.03%, 0, 0, 26, 64.54, 4222239, 804, 0, 0
109248, 6, 629, 1423, 0, 0, 30.03%, 0, 0, 26, 82.19, 4222671, 804, 0, 0
109253, 6, 968, 1423, 0, 0, 30.03%, 0, 0, 26, 81.51, 4223102, 804, 0, 0
109258, 6, 1293, 1423, 0, 0, 30.03%, 0, 0, 26, 63.67, 4223421, 804, 0, 0
109264, 6, 1211, 1423, 0, 0, 30.03%, 0, 0, 26, 65.42, 4223747, 804, 0, 0
109269, 6, 1396, 1423, 0, 0, 30.03%, 0, 0, 26, 56.69, 4224035, 804, 0, 0
109274, 6, 391, 1423, 0, 0, 30.03%, 0, 0, 26, 55.77, 4224306, 804, 0, 0
109279, 6, 706, 1423, 0, 0, 30.03%, 0, 0, 26, 78.77, 4224761, 804, 0, 0
109284, 6, 1050, 1423, 0, 0, 30.03%, 0, 0, 26, 81.37, 4225215, 804, 0, 0
109289, 6, 566, 1423, 0, 0, 30.03%, 0, 0, 26, 74.17, 4225570, 804, 0, 0
109294, 6, 1247, 1423, 0, 0, 30.03%, 0, 0, 26, 60.84, 4225871, 804, 0, 0
109300, 6, 1343, 1423, 0, 0, 30.03%, 0, 0, 26, 56.15, 4226153, 804, 0, 0
109305, 6, 1402, 1423, 0, 0, 30.03%, 0, 0, 26, 50.44, 4226408, 804, 0, 0
109310, 6, 235, 1423, 0, 0, 30.03%, 0, 0, 26, 83.73, 4226848, 804, 0, 0
109315, 6, 1106, 1423, 0, 0, 30.03%, 0, 0, 26, 71.26, 4227211, 804, 0, 0
109320, 6, 1197, 1423, 0, 0, 30.03%, 0, 0, 26, 62.52, 4227524, 804, 0, 0
109325, 6, 1248, 1423, 0, 0, 30.03%, 0, 0, 26, 64.30, 4227859, 804, 0, 0
109330, 6, 492, 1423, 0, 0, 30.03%, 0, 0, 26, 76.25, 4228226, 804, 0, 0
109336, 6, 927, 1423, 0, 0, 30.03%, 0, 0, 26, 87.23, 4228705, 804, 0, 0
109341, 6, 289, 1423, 0, 0, 30.03%, 0, 0, 26, 82.56, 4229094, 804, 0, 0
109346, 6, 1224, 1423, 0, 0, 30.03%, 0, 0, 26, 64.69, 4229408, 804, 0, 0
109351, 6, 562, 1423, 0, 0, 30.03%, 0, 0, 26, 87.83, 4229878, 804, 0, 0
109356, 6, 1390, 1423, 0, 0, 30.03%, 0, 0, 26, 77.79, 4230275, 804, 0, 0
109361, 6, 1390, 1423, 0, 0, 30.03%, 0, 0, 26, 57.07, 4230539, 804, 0, 0
109366, 6, 1370, 1423, 0, 0, 30.03%, 0, 0, 26, 63.00, 4230878, 804, 0, 0
109371, 6, 1370, 1423, 0, 0, 30.03%, 0, 0, 26, 53.07, 4231137, 804, 0, 0
109377, 6, 989, 1423, 0, 0, 30.03%, 0, 0, 26, 70.54, 4231548, 804, 0, 0
109382, 6, 553, 1423, 0, 0, 30.03%, 0, 0, 26, 88.52, 4232003, 804, 0, 0
109387, 6, 1217, 1423, 0, 0, 30.03%, 0, 0, 26, 64.28, 4232306, 804, 0, 0
109392, 6, 1420, 1423, 0, 0, 30.03%, 0, 0, 26, 51.06, 4232554, 804, 0, 0
109397, 6, 1018, 1423, 0, 0, 30.03%, 0, 0, 26, 53.60, 4232818, 804, 0, 0
109402, 6, 968, 1423, 0, 0, 30.03%, 0, 0, 26, 63.91, 4233152, 804, 0, 0
109407, 6, 715, 1423, 0, 0, 30.03%, 0, 0, 26, 71.81, 4233525, 804, 0, 0
109412, 6, 1010, 1423, 0, 0, 30.03%, 0, 0, 26, 71.46, 4233911, 804, 0, 0
109418, 6, 185, 1423, 0, 0, 30.03%, 0, 0, 26, 69.40, 4234255, 804, 0, 0
109423, 6, 830, 1423, 0, 0, 30.03%, 0, 0, 26, 72.15, 4234643, 804, 0, 0
109428, 6, 773, 1423, 0, 0, 30.03%, 0, 0, 26, 72.81, 4235012, 804, 0, 0
109433, 6, 238, 1423, 0, 0, 30.03%, 0, 0, 26, 78.04, 4235393, 804, 0, 0
109438, 6, 1378, 1423, 0, 0, 30.03%, 0, 0, 26, 65.15, 4235748, 804, 0, 0
109443, 6, 1353, 1423, 0, 0, 30.03%, 0, 0, 26, 62.96, 4236061, 804, 0, 0
109448, 6, 1041, 1423, 0, 0, 30.03%, 0, 0, 26, 56.07, 4236330, 804, 0, 0
109453, 6, 668, 1423, 0, 0, 30.03%, 0, 0, 26, 67.68, 4236681, 804, 0, 0
109458, 6, 1219, 1423, 0, 0, 30.03%, 0, 0, 26, 73.06, 4237077, 804, 0, 0
109464, 6, 289, 1423, 0, 0, 30.03%, 0, 0, 26, 79.14, 4237448, 804, 0, 0
109469, 6, 615, 1423, 0, 0, 30.03%, 0, 0, 26, 79.86, 4237879, 804, 0, 0
109474, 6, 1193, 1423, 0, 0, 30.03%, 0, 0, 26, 64.99, 4238210, 804, 0, 0
109479, 6, 923, 1423, 0, 0, 30.03%, 0, 0, 26, 64.80, 4238529, 804, 0, 0
109484, 6, 1226, 1423, 0, 0, 30.03%, 0, 0, 26, 60.20, 4238828, 804, 0, 0
109489, 6, 359, 1423, 0, 0, 30.03%, 0, 0, 26, 75.49, 4239229, 804, 0, 0
109494, 6, 1067, 1423, 0, 0, 30.03%, 0, 0, 26, 75.16, 4239635, 804, 0, 0
109499, 6, 843, 1423, 0, 0, 30.03%, 0, 0, 26, 67.46, 4239964, 804, 0, 0
109504, 6, 1290, 1423, 0, 0, 30.03%, 0, 0, 26, 75.09, 4240385, 804, 0, 0
109509, 6, 1355, 1423, 0, 0, 30.03%, 0, 0, 26, 57.56, 4240658, 804, 0, 0
109515, 6, 88, 1423, 0, 0, 30.03%, 0, 0, 26, 55.03, 4240931, 804, 0, 0
109520, 6, 506, 1423, 0, 0, 30.03%, 0, 0, 26, 79.00, 4241387, 804, 0, 0
109525, 6, 588, 1423, 0, 0, 30.03%, 0, 0, 26, 84.45, 4241851, 804, 0, 0
109530, 6, 693, 1423, 0, 0, 30.03%, 0, 0, 26, 84.36, 4242303, 804, 0, 0
109535, 6, 1230, 1423, 0, 0, 30.03%, 0, 0, 26, 71.49, 4242726, 804, 0, 0
109540, 6, 677, 1423, 0, 0, 30.03%, 0, 0, 26, 60.07, 4243015, 804, 0, 0
109546, 6, 1382, 1423, 0, 0, 30.03%, 0, 0, 26, 72.50, 4243410, 804, 0, 0
109551, 6, 1382, 1423, 0, 0, 30.03%, 0, 0, 26, 55.42, 4243670, 804, 0, 0
109556, 6, 816, 1423, 0, 0, 30.03%, 0, 0, 26, 64.89, 4244010, 804, 0, 0
109561, 6, 188, 1423, 0, 0, 30.03%, 0, 0, 26, 76.67, 4244392, 804, 0, 0
109566, 6, 184, 1423, 0, 0, 30.03%, 0, 0, 26, 75.25, 4244764, 804, 0, 0
109571, 6, 647, 1423, 0, 0, 30.03%, 0, 0, 26, 85.05, 4245240, 804, 0, 0
109576, 6, 644, 1423, 0, 0, 30.03%, 0, 0, 26, 93.84, 4245724, 804, 0, 0
109582, 6, 530, 1423, 0, 0, 30.03%, 0, 0, 26, 88.95, 4246153, 804, 0, 0
109587, 6, 1219, 1423, 0, 0, 30.03%, 0, 0, 26, 69.08, 4246500, 804, 0, 0
109592, 6, 1280, 1423, 0, 0, 30.03%, 0, 0, 26, 58.32, 4246791, 804, 0, 0
109597, 6, 707, 1423, 0, 0, 30.03%, 0, 0, 26, 68.07, 4247137, 804, 0, 0
109602, 6, 1390, 1423, 0, 0, 30.03%, 0, 0, 26, 75.69, 4247543, 804, 0, 0
109607, 6, 1135, 1423, 0, 0, 30.03%, 0, 0, 26, 57.25, 4247809, 804, 0, 0
109612, 6, 1420, 1423, 0, 0, 30.03%, 0, 0, 26, 58.25, 4248110, 804, 0, 0
109617, 6, 1420, 1423, 0, 0, 30.03%, 0, 0, 26, 49.13, 4248350, 804, 0, 0
109622, 6, 641, 1423, 0, 0, 30.03%, 0, 0, 26, 64.44, 4248670, 804, 0, 0
109628, 6, 1035, 1423, 0, 0, 30.03%, 0, 0, 26, 68.87, 4249041, 804, 0, 0
109633, 6, 741, 1423, 0, 0, 30.03%, 0, 0, 26, 81.03, 4249467, 804, 0, 0
109638, 6, 553, 1423, 0, 0, 30.03%, 0, 0, 26, 89.46, 4249919, 804, 0, 0
109643, 6, 1053, 1423, 0, 0, 30.03%, 0, 0, 26, 74.98, 4250315, 804, 0, 0
109648, 6, 1397, 1423, 0, 0, 30.03%, 0, 0, 26, 56.53, 4250582, 804, 0, 0
109653, 6, 1165, 1423, 0, 0, 30.03%, 0, 0, 26, 69.84, 4250965, 804, 0, 0
109658, 6, 1393, 1423, 0, 0, 30.03%, 0, 0, 26, 57.91, 4251248, 804, 0, 0
109664, 6, 273, 1423, 0, 0, 30.03%, 0, 0, 26, 66.50, 4251562, 804, 0, 0
109669, 6, 1266, 1423, 0, 0, 30.03%, 0, 0, 26, 61.69, 4251887, 804, 0, 0
109674, 6, 458, 1423, 0, 0, 30.03%, 0, 0, 26, 88.85, 4252353, 804, 0, 0
109679, 6, 1218, 1423, 0, 0, 30.03%, 0, 0, 26, 73.90, 4252744, 804, 0, 0
109684, 6, 438, 1423, 0, 0, 30.03%, 0, 0, 26, 78.36, 4253115, 804, 0, 0
109689, 6, 441, 1423, 0, 0, 30.03%, 0, 0, 26, 82.53, 4253565, 804, 0, 0
109694, 6, 534, 1423, 0, 0, 30.03%, 0, 0, 26, 98.60, 4254086, 804, 0, 0
109700, 6, 1387, 1423, 0, 0, 30.03%, 0, 0, 26, 81.57, 4254523, 804, 0, 0
109705, 6, 238, 1423, 0, 0, 30.03%, 0, 0, 26, 67.31, 4254819, 804, 0, 0
109710, 6, 1310, 1423, 0, 0, 30.03%, 0, 0, 26, 62.98, 4255159, 804, 0, 0
109715, 6, 902, 1423, 0, 0, 30.03%, 0, 0, 26, 64.06, 4255482, 804, 0, 0
109720, 6, 1112, 1423, 0, 0, 30.03%, 0, 0, 26, 66.04, 4255817, 804, 0, 0
109725, 6, 1235, 1423, 0, 0, 30.03%, 0, 0, 26, 75.33, 4256248, 804, 0, 0
109730, 6, 316, 1423, 0, 0, 30.03%, 0, 0, 26, 78.55, 4256615, 804, 0, 0
109735, 6, 335, 1423, 0, 0, 30.03%, 0, 0, 26, 98.31, 4257141, 804, 0, 0
109740, 6, 1185, 1423, 0, 0, 30.03%, 0, 0, 26, 79.36, 4257541, 804, 0, 0
109746, 6, 1185, 1423, 0, 0, 30.03%, 0, 0, 26, 61.84, 4257839, 804, 0, 0
109751, 6, 1377, 1423, 0, 0, 30.03%, 0, 0, 26, 52.90, 4258099, 804, 0, 0
109756, 6, 513, 1423, 0, 0, 30.03%, 0, 0, 26, 82.99, 4258543, 804, 0, 0
109761, 6, 1370, 1423, 0, 0, 30.03%, 0, 0, 26, 57.85, 4258809, 804, 0, 0
109766, 6, 1038, 1423, 0, 0, 30.03%, 0, 0, 26, 65.58, 4259147, 804, 0, 0
109771, 6, 1061, 1423, 0, 0, 30.03%, 0, 0, 26, 69.53, 4259521, 804, 0, 0
109776, 6, 1253, 1423, 0, 0, 30.03%, 0, 0, 26, 61.82, 4259838, 804, 0, 0
109782, 6, 1403, 1423, 0, 0, 30.03%, 0, 0, 26, 70.88, 4260199, 804, 0, 0
109787, 6, 934, 1423, 0, 0, 30.03%, 0, 0, 26, 69.25, 4260554, 804, 0, 0
109792, 6, 1210, 1423, 0, 0, 30.03%, 0, 0, 26, 60.10, 4260853, 804, 0, 0
109797, 6, 934, 1423, 0, 0, 30.03%, 0, 0, 26, 64.97, 4261185, 804, 0, 0
109802, 6, 616, 1423, 0, 0, 30.03%, 0, 0, 26, 73.11, 4261555, 804, 0, 0
109807, 6, 1010, 1423, 0, 0, 30.03%, 0, 0, 26, 85.28, 4262013, 804, 0, 0
109812, 6, 354, 1423, 0, 0, 30.03%, 0, 0, 26, 86.49, 4262425, 804, 0, 0
109817, 6, 904, 1423, 0, 0, 30.03%, 0, 0, 26, 87.34, 4262907, 804, 0, 0
109823, 6, 637, 1423, 0, 0, 30.03%, 0, 0, 26, 86.44, 4263328, 804, 0, 0
109828, 6, 622, 1423, 0, 0, 30.03%, 0, 0, 26, 79.03, 4263727, 804, 0, 0
109833, 6, 112, 1423, 0, 0, 30.03%, 0, 0, 26, 92.58, 4264202, 804, 0, 0
109838, 6, 1348, 1423, 0, 0, 30.03%, 0, 0, 26, 93.47, 4264679, 804, 0, 0
109843, 6, 1348, 1423, 0, 0, 30.03%, 0, 0, 26, 59.73, 4264940, 804, 0, 0
109848, 6, 1397, 1423, 0, 0, 30.03%, 0, 0, 26, 57.77, 4265251, 804, 0, 0
109853, 6, 1266, 1423, 0, 0, 30.03%, 0, 0, 26, 81.80, 4265667, 804, 0, 0
109858, 6, 1266, 1423, 0, 0, 30.03%, 0, 0, 26, 61.08, 4265953, 804, 0, 0
109864, 6, 1029, 1423, 0, 0, 30.03%, 0, 0, 26, 67.84, 4266307, 804, 0, 0
109869, 6, 304, 1423, 0, 0, 30.03%, 0, 0, 26, 77.47, 4266681, 804, 0, 0
109874, 6, 1292, 1423, 0, 0, 30.03%, 0, 0, 26, 61.20, 4266992, 804, 0, 0
109879, 6, 1053, 1423, 0, 0, 30.03%, 0, 0, 26, 64.44, 4267311, 804, 0, 0
109884, 6, 1390, 1423, 0, 0, 30.03%, 0, 0, 26, 66.59, 4267679, 804, 0, 0
109889, 6, 492, 1423, 0, 0, 30.03%, 0, 0, 26, 75.57, 4268023, 804, 0, 0
109894, 6, 1342, 1423, 0, 0, 30.03%, 0, 0, 26, 80.73, 4268468, 804, 0, 0
109899, 6, 1363, 1423, 0, 0, 30.03%, 0, 0, 26, 59.31, 4268752, 804, 0, 0
109904, 6, 1198, 1423, 0, 0, 30.03%, 0, 0, 26, 56.65, 4269025, 804, 0, 0
109909, 6, 1385, 1423, 0, 0, 30.03%, 0, 0, 26, 53.13, 4269294, 804, 0, 0
109914, 6, 1157, 1423, 0, 0, 30.03%, 0, 0, 26, 54.66, 4269565, 804, 0, 0
109919, 6, 638, 1423, 0, 0, 30.03%, 0, 0, 26, 77.94, 4269976, 804, 0, 0
109924, 6, 1240, 1423, 0, 0, 30.03%, 0, 0, 26, 63.80, 4270289, 804, 0, 0
109929, 6, 643, 1423, 0, 0, 30.03%, 0, 0, 26, 70.73, 4270637, 804, 0, 0
109934, 6, 1368, 1423, 0, 0, 30.03%, 0, 0, 26, 59.23, 4270943, 804, 0, 0
109939, 6, 343, 1423, 0, 0, 30.03%, 0, 0, 26, 80.46, 4271324, 804, 0, 0
109945, 6, 966, 1423, 0, 0, 30.03%, 0, 0, 26, 72.10, 4271693, 804, 0, 0
109950, 6, 776, 1423, 0, 0, 30.03%, 0, 0, 26, 69.04, 4272043, 804, 0, 0
109955, 6, 1167, 1423, 0, 0, 30.03%, 0, 0, 26, 64.01, 4272376, 804, 0, 0
109960, 6, 723, 1423, 0, 0, 30.03%, 0, 0, 26, 75.00, 4272760, 804, 0, 0
109965, 6, 1164, 1423, 0, 0, 30.03%, 0, 0, 26, 63.98, 4273079, 804, 0, 0
109970, 6, 1422, 1423, 0, 0, 30.03%, 0, 0, 26, 68.33, 4273430, 804, 0, 0
109975, 6, 1422, 1423, 0, 0, 30.03%, 0, 0, 26, 74.76, 4273828, 804, 0, 0
109981, 6, 747, 1423, 0, 0, 30.03%, 0, 0, 26, 84.67, 4274273, 804, 0, 0
109986, 6, 837, 1423, 0, 0, 30.03%, 0, 0, 26, 73.27, 4274633, 804, 0, 0
109991, 6, 564, 1423, 0, 0, 30.03%, 0, 0, 26, 78.30, 4275035, 804, 0, 0
109996, 6, 1043, 1423, 0, 0, 30.03%, 0, 0, 26, 76.64, 4275454, 804, 0, 0
110001, 6, 535, 1423, 0, 0, 30.03%, 0, 0, 26, 83.79, 4275871, 804, 0, 0
110006, 6, 1209, 1423, 0, 0, 30.03%, 0, 0, 26, 85.77, 4276313, 804, 0, 0
110011, 6, 326, 1423, 0, 0, 30.03%, 0, 0, 26, 81.99, 4276690, 804, 0, 0
110017, 6, 1250, 1423, 0, 0, 30.03%, 0, 0, 26, 62.32, 4276988, 804, 0, 0
110022, 6, 289, 1423, 0, 0, 30.03%, 0, 0, 26, 91.14, 4277479, 804, 0, 0
110027, 6, 1397, 1423, 0, 0, 30.03%, 0, 0, 26, 76.25, 4277906, 804, 0, 0
110032, 6, 581, 1423, 0, 0, 30.03%, 0, 0, 26, 62.73, 4278185, 804, 0, 0
110037, 6, 645, 1423, 0, 0, 30.03%, 0, 0, 26, 84.85, 4278654, 804, 0, 0
110042, 6, 1010, 1423, 0, 0, 30.03%, 0, 0, 26, 72.78, 4279016, 804, 0, 0
110047, 6, 462, 1423, 0, 0, 30.03%, 0, 0, 26, 92.83, 4279501, 804, 0, 0
110052, 6, 621, 1423, 0, 0, 30.03%, 0, 0, 26, 82.53, 4279933, 804, 0, 0
110058, 6, 1353, 1423, 0, 0, 30.03%, 0, 0, 26, 60.94, 4280232, 804, 0, 0
110063, 6, 1145, 1423, 0, 0, 30.03%, 0, 0, 26, 67.57, 4280557, 804, 0, 0
110068, 6, 553, 1423, 0, 0, 30.03%, 0, 0, 26, 64.85, 4280875, 804, 0, 0
110073, 6, 1010, 1423, 0, 0, 30.03%, 0, 0, 26, 72.04, 4281279, 804, 0, 0
110078, 6, 1248, 1423, 0, 0, 30.03%, 0, 0, 26, 61.18, 4281576, 804, 0, 0
110083, 6, 1394, 1423, 0, 0, 30.03%, 0, 0, 26, 53.87, 4281846, 804, 0, 0
110088, 7, 1176, 1423, 0, 0, 30.03%, 0, 0, 26, 64.62, 4282172, 804, 0, 0
110093, 7, 1176, 1423, 0, 0, 30.03%, 0, 0, 26, 59.46, 4282468, 804, 0, 0
110098, 7, 462, 1423, 0, 0, 30.03%, 0, 0, 26, 87.87, 4282924, 804, 0, 0
110103, 7, 513, 1423, 0, 0, 30.03%, 0, 0, 26, 88.30, 4283363, 804, 0, 0
110109, 7, 1158, 1423, 0, 0, 30.03%, 0, 0, 26, 85.34, 4283825, 804, 0, 0
110114, 7, 1277, 1423, 0, 0, 30.03%, 0, 0, 26, 70.54, 4284148, 804, 0, 0
110119, 7, 747, 1423, 0, 0, 30.03%, 0, 0, 26, 79.95, 4284571, 804, 0, 0
110124, 7, 755, 1423, 0, 0, 30.03%, 0, 0, 26, 82.01, 4284996, 804, 0, 0
110129, 7, 1269, 1423, 0, 0, 30.03%, 0, 0, 26, 91.68, 4285463, 804, 0, 0
110134, 7, 1269, 1423, 0, 0, 30.03%, 0, 0, 26, 61.73, 4285739, 804, 0, 0
110139, 7, 1268, 1423, 0, 0, 30.03%, 0, 0, 26, 56.80, 4286021, 804, 0, 0
110144, 7, 1215, 1423, 0, 0, 30.03%, 0, 0, 26, 61.72, 4286358, 804, 0, 0
110149, 7, 995, 1423, 0, 0, 30.03%, 0, 0, 26, 65.74, 4286694, 804, 0, 0
110155, 7, 1235, 1423, 0, 0, 30.03%, 0, 0, 26, 62.33, 4287034, 804, 0, 0
110160, 7, 284, 1423, 0, 0, 30.03%, 0, 0, 26, 91.09, 4287508, 804, 0, 0
110165, 7, 498, 1423, 0, 0, 30.03%, 0, 0, 26, 96.12, 4288018, 804, 0, 0
110170, 7, 597, 1423, 0, 0, 30.03%, 0, 0, 26, 86.66, 4288475, 804, 0, 0
110175, 7, 1344, 1423, 0, 0, 30.03%, 0, 0, 26, 56.68, 4288724, 804, 0, 0
110180, 7, 1396, 1423, 0, 0, 30.03%, 0, 0, 26, 68.79, 4289096, 804, 0, 0
110185, 7, 1396, 1423, 0, 0, 30.03%, 0, 0, 26, 55.48, 4289360, 804, 0, 0
110190, 7, 1315, 1423, 0, 0, 30.03%, 0, 0, 26, 59.49, 4289690, 804, 0, 0
110196, 7, 1156, 1423, 0, 0, 30.03%, 0, 0, 26, 58.59, 4289981, 804, 0, 0
110201, 7, 747, 1423, 0, 0, 30.03%, 0, 0, 26, 72.88, 4290373, 804, 0, 0
110206, 7, 1402, 1423, 0, 0, 30.03%, 0, 0, 26, 47.34, 4290633, 804, 0, 0
110211, 7, 649, 1423, 0, 0, 30.03%, 0, 0, 26, 62.94, 4290953, 804, 0, 0
110216, 7, 686, 1423, 0, 0, 30.03%, 0, 0, 26, 73.62, 4291337, 804, 0, 0
110221, 7, 171, 1423, 0, 0, 30.03%, 0, 0, 26, 84.62, 4291800, 804, 0, 0
110226, 7, 1273, 1423, 0, 0, 30.03%, 0, 0, 26, 62.26, 4292101, 804, 0, 0
110232, 7, 1223, 1423, 0, 0, 30.03%, 0, 0, 26, 58.95, 4292400, 804, 0, 0
110237, 7, 573, 1423, 0, 0, 30.03%, 0, 0, 26, 77.05, 4292822, 804, 0, 0
110242, 7, 1193, 1423, 0, 0, 30.03%, 0, 0, 26, 78.12, 4293259, 804, 0, 0
110247, 7, 517, 1423, 0, 0, 30.03%, 0, 0, 26, 79.24, 4293628, 804, 0, 0
110252, 7, 1235, 1423, 0, 0, 30.03%, 0, 0, 26, 85.65, 4294099, 804, 0, 0
110257, 7, 516, 1423, 0, 0, 30.03%, 0, 0, 26, 67.12, 4294397, 804, 0, 0
110262, 7, 379, 1423, 0, 0, 30.03%, 0, 0, 26, 93.00, 4294904, 804, 0, 0
110267, 7, 492, 1423, 0, 0, 30.03%, 0, 0, 26, 99.52, 4295422, 804, 0, 0
110272, 7, 1373, 1423, 0, 0, 30.03%, 0, 0, 26, 70.50, 4295778, 804, 0, 0
110277, 7, 1346, 1423, 0, 0, 30.03%, 0, 0, 26, 54.14, 4296029, 804, 0, 0
110283, 7, 659, 1423, 0, 0, 30.03%, 0, 0, 26, 58.92, 4296319, 804, 0, 0
110288, 7, 1132, 1423, 0, 0, 30.03%, 0, 0, 26, 68.04, 4296705, 804, 0, 0
110293, 7, 837, 1423, 0, 0, 30.03%, 0, 0, 26, 66.77, 4297044, 804, 0, 0
110298, 7, 381, 1423, 0, 0, 30.03%, 0, 0, 26, 76.09, 4297413, 804, 0, 0
110303, 7, 1165, 1423, 0, 0, 30.03%, 0, 0, 26, 71.66, 4297814, 804, 0, 0
110308, 7, 655, 1423, 0, 0, 30.03%, 0, 0, 26, 79.51, 4298207, 804, 0, 0
110313, 7, 724, 1423, 0, 0, 30.03%, 0, 0, 26, 83.62, 4298627, 804, 0, 0
110319, 7, 1397, 1423, 0, 0, 30.03%, 0, 0, 26, 62.51, 4298950, 804, 0, 0
110324, 7, 1151, 1423, 0, 0, 30.03%, 0, 0, 26, 55.89, 4299222, 804, 0, 0
110329, 7, 553, 1423, 0, 0, 30.03%, 0, 0, 26, 73.99, 4299578, 804, 0, 0
110334, 7, 1307, 1423, 0, 0, 30.03%, 0, 0, 26, 62.50, 4299909, 804, 0, 0
110339, 7, 312, 1423, 0, 0, 30.03%, 0, 0, 26, 75.78, 4300284, 804, 0, 0
110344, 7, 757, 1423, 0, 0, 30.03%, 0, 0, 26, 80.36, 4300733, 804, 0, 0
110350, 7, 553, 1423, 0, 0, 30.03%, 0, 0, 26, 86.18, 4301165, 804, 0, 0
110355, 7, 1269, 1423, 0, 0, 30.03%, 0, 0, 26, 60.01, 4301454, 804, 0, 0
110360, 7, 566, 1423, 0, 0, 30.03%, 0, 0, 26, 81.91, 4301901, 804, 0, 0
110365, 7, 553, 1423, 0, 0, 30.03%, 0, 0, 26, 94.32, 4302386, 804, 0, 0
110370, 7, 1092, 1423, 0, 0, 30.03%, 0, 0, 26, 73.60, 4302747, 804, 0, 0
110375, 7, 513, 1423, 0, 0, 30.03%, 0, 0, 26, 74.48, 4303102, 804, 0, 0
110380, 7, 670, 1423, 0, 0, 30.03%, 0, 0, 26, 93.39, 4303601, 804, 0, 0
110386, 7, 1253, 1423, 0, 0, 30.03%, 0, 0, 26, 69.26, 4303949, 804, 0, 0
110391, 7, 403, 1423, 0, 0, 30.03%, 0, 0, 26, 84.15, 4304358, 804, 0, 0
110396, 7, 1368, 1423, 0, 0, 30.03%, 0, 0, 26, 59.84, 4304642, 804, 0, 0
110401, 7, 598, 1423, 0, 0, 30.03%, 0, 0, 26, 83.69, 4305089, 804, 0, 0
110406, 7, 756, 1423, 0, 0, 30.03%, 0, 0, 26, 77.37, 4305486, 804, 0, 0
110411, 7, 1397, 1423, 0, 0, 30.03%, 0, 0, 26, 72.27, 4305891, 804, 0, 0
110417, 7, 1142, 1423, 0, 0, 30.03%, 0, 0, 26, 57.02, 4306151, 804, 0, 0
110422, 7, 754, 1423, 0, 0, 30.03%, 0, 0, 26, 60.97, 4306462, 804, 0, 0
110427, 7, 1397, 1423, 0, 0, 30.03%, 0, 0, 26, 59.08, 4306791, 804, 0, 0
110432, 7, 385, 1423, 0, 0, 30.03%, 0, 0, 26, 65.17, 4307095, 804, 0, 0
110437, 7, 1357, 1423, 0, 0, 30.03%, 0, 0, 26, 63.00, 4307450, 804, 0, 0
110442, 7, 1355, 1423, 0, 0, 30.03%, 0, 0, 26, 53.44, 4307714, 804, 0, 0
110447, 7, 686, 1423, 0, 0, 30.03%, 0, 0, 26, 60.06, 4308008, 804, 0, 0
110452, 7, 1319, 1423, 0, 0, 30.03%, 0, 0, 26, 72.54, 4308387, 804, 0, 0
110458, 7, 749, 1423, 0, 0, 30.03%, 0, 0, 26, 76.00, 4308786, 804, 0, 0
110463, 7, 150, 1423, 0, 0, 30.03%, 0, 0, 26, 93.60, 4309266, 804, 0, 0
110468, 7, 1163, 1423, 0, 0, 30.03%, 0, 0, 26, 74.28, 4309662, 804, 0, 0
110473, 7, 1070, 1423, 0, 0, 30.03%, 0, 0, 26, 76.93, 4310074, 804, 0, 0
110478, 7, 225, 1423, 0, 0, 30.03%, 0, 0, 26, 76.87, 4310455, 804, 0, 0
110483, 7, 1044, 1423, 0, 0, 30.03%, 0, 0, 26, 83.82, 4310925, 804, 0, 0
110488, 7, 1179, 1423, 0, 0, 30.03%, 0, 0, 26, 66.14, 4311254, 804, 0, 0
110494, 7, 1220, 1423, 0, 0, 30.03%, 0, 0, 26, 58.93, 4311552, 804, 0, 0
110499, 7, 1292, 1423, 0, 0, 30.03%, 0, 0, 26, 55.82, 4311829, 804, 0, 0
110504, 7, 469, 1423, 0, 0, 30.03%, 0, 0, 26, 71.29, 4312170, 804, 0, 0
110509, 7, 338, 1423, 0, 0, 30.03%, 0, 0, 26, 91.38, 4312686, 804, 0, 0
110514, 7, 335, 1423, 0, 0, 30.03%, 0, 0, 26, 90.52, 4313147, 804, 0, 0
110519, 7, 1264, 1423, 0, 0, 30.03%, 0, 0, 26, 76.52, 4313529, 804, 0, 0
110524, 7, 1264, 1423, 0, 0, 30.03%, 0, 0, 26, 57.41, 4313801, 804, 0, 0
110529, 7, 179, 1423, 0, 0, 30.03%, 0, 0, 26, 69.20, 4314152, 804, 0, 0
110534, 7, 371, 1423, 0, 0, 30.03%, 0, 0, 26, 73.81, 4314530, 804, 0, 0
110539, 7, 741, 1423, 0, 0, 30.03%, 0, 0, 26, 82.13, 4314989, 804, 0, 0
110545, 7, 548, 1423, 0, 0, 30.03%, 0, 0, 26, 89.85, 4315435, 804, 0, 0
110550, 7, 397, 1423, 0, 0, 30.03%, 0, 0, 26, 98.02, 4315946, 804, 0, 0
110555, 7, 1383, 1423, 0, 0, 30.03%, 0, 0, 26, 95.19, 4316447, 804, 0, 0
110560, 7, 1383, 1423, 0, 0, 30.03%, 0, 0, 26, 60.25, 4316710, 804, 0, 0
110565, 7, 513, 1423, 0, 0, 30.03%, 0, 0, 26, 86.78, 4317161, 804, 0, 0
110570, 7, 578, 1423, 0, 0, 30.03%, 0, 0, 26, 85.74, 4317622, 804, 0, 0
110575, 7, 1413, 1424, 1, 0, 30.03%, 0, 0, 26, 59.83, 4317903, 804, 0, 0
110581, 7, 1413, 1424, 1, 0, 30.03%, 0, 0, 26, 51.97, 4318162, 804, 0, 0
110586, 7, 1265, 1424, 1, 0, 30.03%, 0, 0, 26, 59.53, 4318458, 804, 0, 0
110591, 7, 1376, 1424, 1, 0, 30.03%, 0, 0, 26, 69.00, 4318788, 804, 0, 0
110596, 7, 1376, 1424, 1, 0, 30.03%, 0, 0, 26, 53.18, 4319045, 804, 0, 0
110601, 7, 758, 1424, 1, 0, 30.03%, 0, 0, 26, 78.67, 4319475, 804, 0, 0
110606, 7, 1357, 1424, 1, 0, 30.03%, 0, 0, 26, 83.53, 4319910, 804, 0, 0
110611, 7, 1357, 1424, 1, 0, 30.03%, 0, 0, 26, 57.94, 4320172, 804, 0, 0
110617, 7, 1308, 1424, 1, 0, 30.03%, 0, 0, 26, 57.64, 4320488, 804, 0, 0
110622, 7, 1423, 1424, 1, 0, 30.03%, 0, 0, 26, 52.47, 4320748, 804, 0, 0
110627, 7, 1423, 1424, 1, 0, 30.03%, 0, 0, 26, 50.05, 4320999, 804, 0, 0
110632, 7, 1423, 1424, 1, 0, 30.03%, 0, 0, 26, 50.34, 4321258, 804, 0, 0
110637, 7, 1423, 1424, 1, 0, 30.03%, 0, 0, 26, 50.70, 4321521, 804, 0, 0
110642, 7, 1423, 1424, 1, 0, 30.03%, 0, 0, 26, 50.54, 4321781, 804, 0, 0
110647, 7, 1423, 1424, 1, 0, 30.03%, 0, 0, 26, 50.45, 4322033, 804, 0, 0
110652, 7, 1423, 1424, 1, 0, 30.03%, 0, 0, 26, 50.40, 4322289, 804, 0, 0
110657, 7, 1423, 1424, 1, 0, 30.03%, 0, 0, 26, 49.80, 4322542, 804, 0, 0
110662, 7, 1423, 1424, 1, 0, 30.03%, 0, 0, 26, 49.88, 4322793, 804, 0, 0
110668, 7, 1423, 1424, 1, 0, 30.03%, 0, 0, 26, 49.99, 4323053, 804, 0, 0
110673, 7, 1259, 1424, 0, 0, 30.03%, 0, 0, 26, 53.91, 4323330, 804, 0, 0
110678, 7, 1244, 1424, 0, 0, 30.03%, 0, 0, 26, 56.32, 4323614, 804, 0, 0
110683, 7, 249, 1424, 0, 0, 30.03%, 0, 0, 26, 80.08, 4324020, 804, 0, 0
110688, 7, 1147, 1424, 0, 0, 30.03%, 0, 0, 26, 68.37, 4324388, 804, 0, 0
110693, 7, 1397, 1424, 0, 0, 30.03%, 0, 0, 26, 66.12, 4324731, 804, 0, 0
110698, 7, 554, 1424, 0, 0, 30.03%, 0, 0, 26, 56.19, 4324996, 804, 0, 0
110703, 7, 1277, 1424, 0, 0, 30.03%, 0, 0, 26, 74.72, 4325416, 804, 0, 0
110709, 7, 1170, 1424, 0, 0, 30.03%, 0, 0, 26, 68.15, 4325783, 804, 0, 0
110714, 7, 711, 1424, 0, 0, 30.03%, 0, 0, 26, 73.05, 4326150, 804, 0, 0
110719, 7, 513, 1424, 0, 0, 30.03%, 0, 0, 26, 85.50, 4326595, 804, 0, 0
110724, 7, 794, 1424, 0, 0, 30.03%, 0, 0, 26, 73.94, 4326968, 804, 0, 0
110729, 7, 1381, 1424, 0, 0, 30.03%, 0, 0, 26, 53.76, 4327212, 804, 0, 0
110734, 7, 128, 1424, 0, 0, 30.03%, 0, 0, 26, 71.17, 4327591, 804, 0, 0
110739, 7, 88, 1424, 0, 0, 30.03%, 0, 0, 26, 80.44, 4328021, 804, 0, 0
110744, 7, 1289, 1424, 0, 0, 30.03%, 0, 0, 26, 61.44, 4328327, 804, 0, 0
110750, 7, 1136, 1424, 0, 0, 30.03%, 0, 0, 26, 62.02, 4328660, 804, 0, 0
110755, 7, 1109, 1424, 0, 0, 30.03%, 0, 0, 26, 61.60, 4328971, 804, 0, 0
110760, 7, 654, 1424, 0, 0, 30.03%, 0, 0, 26, 85.42, 4329451, 804, 0, 0
110765, 7, 1330, 1424, 0, 0, 30.03%, 0, 0, 26, 72.57, 4329807, 804, 0, 0
110770, 7, 1224, 1424, 0, 0, 30.03%, 0, 0, 26, 61.55, 4330105, 804, 0, 0
110775, 7, 1177, 1424, 0, 0, 30.03%, 0, 0, 26, 71.13, 4330479, 804, 0, 0
110780, 7, 648, 1424, 0, 0, 30.03%, 0, 0, 26, 63.39, 4330787, 804, 0, 0
110785, 7, 1362, 1424, 0, 0, 30.03%, 0, 0, 26, 58.80, 4331103, 804, 0, 0
110790, 7, 1304, 1424, 0, 0, 30.03%, 0, 0, 26, 54.02, 4331366, 804, 0, 0
110795, 7, 1247, 1424, 0, 0, 30.03%, 0, 0, 26, 55.09, 4331648, 804, 0, 0
110800, 7, 1010, 1424, 0, 0, 30.03%, 0, 0, 26, 61.64, 4331964, 804, 0, 0
110805, 7, 1072, 1424, 0, 0, 30.03%, 0, 0, 26, 64.95, 4332305, 804, 0, 0
110811, 7, 1302, 1424, 0, 0, 30.03%, 0, 0, 26, 59.00, 4332614, 804, 0, 0
110816, 7, 1292, 1424, 0, 0, 30.03%, 0, 0, 26, 55.22, 4332890, 804, 0, 0
110821, 7, 1278, 1424, 0, 0, 30.03%, 0, 0, 26, 53.74, 4333165, 804, 0, 0
110826, 7, 1174, 1424, 0, 0, 30.03%, 0, 0, 26, 54.04, 4333433, 804, 0, 0
110831, 7, 327, 1424, 0, 0, 30.03%, 0, 0, 26, 71.86, 4333788, 804, 0, 0
110836, 7, 688, 1424, 0, 0, 30.03%, 0, 0, 26, 80.05, 4334222, 804, 0, 0
110841, 7, 304, 1424, 0, 0, 30.03%, 0, 0, 26, 95.18, 4334722, 804, 0, 0
110846, 7, 665, 1424, 0, 0, 30.03%, 0, 0, 26, 85.15, 4335175, 804, 0, 0
110852, 7, 1397, 1424, 0, 0, 30.03%, 0, 0, 26, 64.10, 4335494, 804, 0, 0
110857, 7, 1038, 1424, 0, 0, 30.03%, 0, 0, 26, 61.73, 4335782, 804, 0, 0
110862, 7, 553, 1424, 0, 0, 30.03%, 0, 0, 26, 86.33, 4336222, 804, 0, 0
110867, 7, 1144, 1424, 0, 0, 30.03%, 0, 0, 26, 70.78, 4336592, 804, 0, 0
110872, 7, 1191, 1424, 0, 0, 30.03%, 0, 0, 26, 78.71, 4337024, 804, 0, 0
110877, 7, 1191, 1424, 0, 0, 30.03%, 0, 0, 26, 61.55, 4337312, 804, 0, 0
110882, 7, 996, 1424, 0, 0, 30.03%, 0, 0, 26, 72.46, 4337718, 804, 0, 0
110887, 7, 1414, 1424, 0, 0, 30.03%, 0, 0, 26, 87.34, 4338156, 804, 0, 0
110893, 7, 618, 1424, 0, 0, 30.03%, 0, 0, 26, 85.05, 4338576, 804, 0, 0
110898, 7, 1096, 1424, 0, 0, 30.03%, 0, 0, 26, 69.98, 4338935, 804, 0, 0
110903, 7, 1406, 1424, 0, 0, 30.03%, 0, 0, 26, 71.36, 4339315, 804, 0, 0
110908, 7, 604, 1424, 0, 0, 30.03%, 0, 0, 26, 54.63, 4339571, 804, 0, 0
110913, 7, 557, 1424, 0, 0, 30.03%, 0, 0, 26, 82.58, 4340018, 804, 0, 0
110918, 7, 819, 1424, 0, 0, 30.03%, 0, 0, 26, 71.41, 4340371, 804, 0, 0
110923, 7, 1400, 1424, 0, 0, 30.03%, 0, 0, 26, 77.69, 4340782, 804, 0, 0
110929, 7, 1190, 1424, 0, 0, 30.03%, 0, 0, 26, 75.01, 4341159, 804, 0, 0
110934, 7, 1190, 1424, 0, 0, 30.03%, 0, 0, 26, 58.42, 4341432, 804, 0, 0
110939, 7, 1311, 1424, 0, 0, 30.03%, 0, 0, 26, 59.62, 4341766, 804, 0, 0
110944, 7, 513, 1424, 0, 0, 30.03%, 0, 0, 26, 78.21, 4342164, 804, 0, 0
110949, 7, 1138, 1424, 0, 0, 30.03%, 0, 0, 26, 76.63, 4342588, 804, 0, 0
110954, 7, 1262, 1424, 0, 0, 30.03%, 0, 0, 26, 63.40, 4342893, 804, 0, 0
110959, 7, 1146, 1424, 0, 0, 30.03%, 0, 0, 26, 58.07, 4343178, 804, 0, 0
110964, 7, 1172, 1424, 0, 0, 30.03%, 0, 0, 26, 59.70, 4343484, 804, 0, 0
110969, 7, 354, 1424, 0, 0, 30.03%, 0, 0, 26, 81.01, 4343881, 804, 0, 0
110975, 7, 1381, 1424, 0, 0, 30.03%, 0, 0, 26, 89.47, 4344376, 804, 0, 0
110980, 7, 1381, 1424, 0, 0, 30.03%, 0, 0, 26, 56.63, 4344616, 804, 0, 0
110985, 7, 1395, 1424, 0, 0, 30.03%, 0, 0, 26, 51.42, 4344874, 804, 0, 0
110990, 7, 239, 1424, 0, 0, 30.03%, 0, 0, 26, 75.74, 4345260, 804, 0, 0
110995, 7, 549, 1424, 0, 0, 30.03%, 0, 0, 26, 92.69, 4345765, 804, 0, 0
111000, 7, 1267, 1424, 0, 0, 30.03%, 0, 0, 26, 71.35, 4346129, 804, 0, 0
111005, 7, 1397, 1424, 0, 0, 30.03%, 0, 0, 26, 54.81, 4346394, 804, 0, 0
111010, 7, 1290, 1424, 0, 0, 30.03%, 0, 0, 26, 53.87, 4346662, 804, 0, 0
111015, 7, 1397, 1424, 0, 0, 30.03%, 0, 0, 26, 53.45, 4346935, 804, 0, 0
111020, 7, 1414, 1424, 0, 0, 30.03%, 0, 0, 26, 56.68, 4347214, 804, 0, 0
111026, 7, 422, 1424, 0, 0, 30.03%, 0, 0, 26, 83.71, 4347659, 804, 0, 0
111031, 7, 220, 1424, 0, 0, 30.03%, 0, 0, 26, 90.72, 4348114, 804, 0, 0
111036, 7, 1397, 1424, 0, 0, 30.03%, 0, 0, 26, 59.72, 4348371, 804, 0, 0
111041, 7, 1397, 1424, 0, 0, 30.03%, 0, 0, 26, 56.70, 4348669, 804, 0, 0
111046, 7, 703, 1424, 0, 0, 30.03%, 0, 0, 26, 62.79, 4348975, 804, 0, 0
111051, 7, 1035, 1424, 0, 0, 30.03%, 0, 0, 26, 69.31, 4349352, 804, 0, 0
111056, 7, 1227, 1424, 0, 0, 30.03%, 0, 0, 26, 62.11, 4349662, 804, 0, 0
111061, 7, 667, 1424, 0, 0, 30.03%, 0, 0, 26, 77.12, 4350054, 804, 0, 0
111067, 7, 481, 1424, 0, 0, 30.03%, 0, 0, 26, 79.50, 4350458, 804, 0, 0
111072, 7, 434, 1424, 0, 0, 30.03%, 0, 0, 26, 93.47, 4350954, 804, 0, 0
111077, 7, 304, 1424, 0, 0, 30.03%, 0, 0, 26, 99.02, 4351464, 804, 0, 0
111082, 7, 634, 1424, 0, 0, 30.03%, 0, 0, 26, 76.03, 4351830, 804, 0, 0
111087, 7, 1055, 1424, 0, 0, 30.03%, 0, 0, 26, 71.94, 4352202, 804, 0, 0
111092, 7, 688, 1424, 0, 0, 30.03%, 0, 0, 26, 87.10, 4352658, 804, 0, 0
111097, 7, 771, 1424, 0, 0, 30.03%, 0, 0, 26, 73.18, 4353021, 804, 0, 0
111102, 7, 580, 1424, 0, 0, 30.03%, 0, 0, 26, 81.45, 4353439, 804, 0, 0
111108, 7, 1091, 1424, 0, 0, 30.03%, 0, 0, 26, 74.53, 4353830, 804, 0, 0
111113, 7, 1298, 1424, 0, 0, 30.03%, 0, 0, 26, 61.41, 4354128, 804, 0, 0
111118, 7, 1357, 1424, 0, 0, 30.03%, 0, 0, 26, 53.95, 4354401, 804, 0, 0
111123, 7, 356, 1424, 0, 0, 30.03%, 0, 0, 26, 71.77, 4354741, 804, 0, 0
111128, 7, 1047, 1424, 0, 0, 30.03%, 0, 0, 26, 68.98, 4355115, 804, 0, 0
111133, 7, 743, 1424, 0, 0, 30.03%, 0, 0, 26, 79.31, 4355539, 804, 0, 0
111138, 7, 1290, 1424, 0, 0, 30.03%, 0, 0, 26, 72.43, 4355919, 804, 0, 0
111143, 7, 553, 1424, 0, 0, 30.03%, 0, 0, 26, 78.88, 4356291, 804, 0, 0
111148, 7, 1366, 1424, 0, 0, 30.03%, 0, 0, 26, 61.21, 4356605, 804, 0, 0
111154, 7, 376, 1424, 0, 0, 30.03%, 0, 0, 26, 81.27, 4357005, 804, 0, 0
111159, 7, 1276, 1424, 0, 0, 30.03%, 0, 0, 26, 82.91, 4357471, 804, 0, 0
111164, 7, 16, 1424, 0, 0, 30.03%, 0, 0, 26, 72.53, 4357789, 804, 0, 0
111169, 7, 1213, 1424, 0, 0, 30.03%, 0, 0, 26, 60.38, 4358082, 804, 0, 0
111174, 7, 967, 1424, 0, 0, 30.03%, 0, 0, 26, 92.38, 4358595, 804, 0, 0
111179, 7, 521, 1424, 0, 0, 30.03%, 0, 0, 26, 79.82, 4358970, 804, 0, 0
111184, 7, 1224, 1424, 0, 0, 30.03%, 0, 0, 26, 73.83, 4359369, 804, 0, 0
111189, 7, 289, 1424, 0, 0, 30.03%, 0, 0, 26, 76.16, 4359715, 804, 0, 0
111194, 7, 674, 1424, 0, 0, 30.03%, 0, 0, 26, 85.07, 4360183, 804, 0, 0
111199, 7, 1185, 1424, 0, 0, 30.03%, 0, 0, 26, 66.91, 4360528, 804, 0, 0
111204, 7, 553, 1424, 0, 0, 30.03%, 0, 0, 26, 81.55, 4360926, 804, 0, 0
111210, 7, 1402, 1424, 0, 0, 30.03%, 0, 0, 26, 57.06, 4361212, 804, 0, 0
111215, 7, 320, 1424, 0, 0, 30.03%, 0, 0, 26, 68.87, 4361544, 804, 0, 0
111220, 7, 1386, 1424, 0, 0, 30.03%, 0, 0, 26, 61.01, 4361875, 804, 0, 0
111225, 7, 600, 1424, 0, 0, 30.03%, 0, 0, 26, 75.96, 4362248, 804, 0, 0
111230, 7, 664, 1424, 0, 0, 30.03%, 0, 0, 26, 79.08, 4362670, 804, 0, 0
111235, 7, 449, 1424, 0, 0, 30.03%, 0, 0, 26, 82.26, 4363074, 804, 0, 0
111240, 7, 509, 1424, 0, 0, 30.03%, 0, 0, 26, 94.18, 4363573, 804, 0, 0
111245, 7, 1397, 1424, 0, 0, 30.03%, 0, 0, 26, 63.95, 4363869, 804, 0, 0
111250, 7, 494, 1424, 0, 0, 30.03%, 0, 0, 26, 81.21, 4364259, 804, 0, 0
111255, 7, 1142, 1424, 0, 0, 30.03%, 0, 0, 26, 68.35, 4364604, 804, 0, 0
111260, 7, 1371, 1424, 0, 0, 30.03%, 0, 0, 26, 55.08, 4364874, 804, 0, 0
111266, 7, 560, 1424, 0, 0, 30.03%, 0, 0, 26, 80.30, 4365284, 804, 0, 0
111271, 7, 1368, 1424, 0, 0, 30.03%, 0, 0, 26, 61.08, 4365585, 804, 0, 0
111276, 7, 1099, 1424, 0, 0, 30.03%, 0, 0, 26, 65.49, 4365928, 804, 0, 0
111281, 7, 823, 1424, 0, 0, 30.03%, 0, 0, 26, 70.19, 4366306, 804, 0, 0
111286, 7, 1147, 1424, 0, 0, 30.03%, 0, 0, 26, 62.96, 4366621, 804, 0, 0
111291, 7, 516, 1424, 0, 0, 30.03%, 0, 0, 26, 87.30, 4367085, 804, 0, 0
111296, 7, 1383, 1424, 0, 0, 30.03%, 0, 0, 26, 71.07, 4367449, 804, 0, 0
111301, 7, 1365, 1424, 0, 0, 30.03%, 0, 0, 26, 54.78, 4367708, 804, 0, 0
111306, 7, 1365, 1424, 0, 0, 30.03%, 0, 0, 26, 50.90, 4367961, 804, 0, 0
111312, 7, 1355, 1424, 0, 0, 30.03%, 0, 0, 26, 50.55, 4368221, 804, 0, 0
111317, 7, 705, 1424, 0, 0, 30.03%, 0, 0, 26, 85.09, 4368688, 804, 0, 0
111322, 7, 1369, 1424, 0, 0, 30.03%, 0, 0, 26, 61.82, 4368990, 804, 0, 0
111327, 7, 1010, 1424, 0, 0, 30.03%, 0, 0, 26, 62.56, 4369291, 804, 0, 0
111332, 7, 547, 1424, 0, 0, 30.03%, 0, 0, 26, 89.24, 4369754, 804, 0, 0
111337, 7, 1278, 1424, 0, 0, 30.03%, 0, 0, 26, 61.52, 4370048, 804, 0, 0
111342, 7, 525, 1424, 0, 0, 30.03%, 0, 0, 26, 85.22, 4370493, 804, 0, 0
111347, 7, 1309, 1424, 0, 0, 30.03%, 0, 0, 26, 69.10, 4370867, 804, 0, 0
111352, 7, 422, 1424, 0, 0, 30.03%, 0, 0, 26, 83.08, 4371263, 804, 0, 0
111358, 7, 1150, 1424, 0, 0, 30.03%, 0, 0, 26, 73.03, 4371665, 804, 0, 0
111363, 7, 1416, 1424, 0, 0, 30.03%, 0, 0, 26, 84.91, 4372080, 804, 0, 0
111368, 7, 1416, 1424, 0, 0, 30.03%, 0, 0, 26, 55.18, 4372319, 804, 0, 0
111373, 7, 1227, 1424, 0, 0, 30.03%, 0, 0, 26, 56.08, 4372596, 804, 0, 0
111378, 7, 1249, 1424, 0, 0, 30.03%, 0, 0, 26, 62.33, 4372930, 804, 0, 0
111383, 7, 1027, 1424, 0, 0, 30.03%, 0, 0, 26, 77.61, 4373327, 804, 0, 0
111388, 7, 1421, 1424, 0, 0, 30.03%, 0, 0, 26, 74.33, 4373694, 804, 0, 0
111393, 7, 395, 1424, 0, 0, 30.03%, 0, 0, 26, 90.79, 4374161, 804, 0, 0
111398, 7, 1125, 1424, 0, 0, 30.03%, 0, 0, 26, 74.91, 4374562, 804, 0, 0
111404, 7, 1217, 1424, 0, 0, 30.03%, 0, 0, 26, 61.35, 4374865, 804, 0, 0
111409, 7, 1232, 1424, 0, 0, 30.03%, 0, 0, 26, 56.09, 4375149, 804, 0, 0
111414, 7, 416, 1424, 0, 0, 30.03%, 0, 0, 26, 82.19, 4375567, 804, 0, 0
111419, 7, 1311, 1424, 0, 0, 30.03%, 0, 0, 26, 66.57, 4375892, 804, 0, 0
111424, 7, 1311, 1424, 0, 0, 30.03%, 0, 0, 26, 56.04, 4376169, 804, 0, 0
111429, 7, 1384, 1424, 0, 0, 30.03%, 0, 0, 26, 51.84, 4376431, 804, 0, 0
111435, 7, 662, 1424, 0, 0, 30.03%, 0, 0, 26, 69.26, 4376805, 804, 0, 0
111440, 7, 642, 1424, 0, 0, 30.03%, 0, 0, 26, 81.90, 4377225, 804, 0, 0
111445, 7, 648, 1424, 0, 0, 30.03%, 0, 0, 26, 78.23, 4377625, 804, 0, 0
111450, 7, 1344, 1424, 0, 0, 30.03%, 0, 0, 26, 66.69, 4377986, 804, 0, 0
111455, 7, 1078, 1424, 0, 0, 30.03%, 0, 0, 26, 57.23, 4378255, 804, 0, 0
111460, 7, 1243, 1424, 0, 0, 30.03%, 0, 0, 26, 59.47, 4378570, 804, 0, 0
111465, 7, 675, 1424, 0, 0, 30.03%, 0, 0, 26, 63.07, 4378879, 804, 0, 0
111470, 7, 38, 1424, 0, 0, 30.03%, 0, 0, 26, 89.97, 4379356, 804, 0, 0
111476, 7, 442, 1424, 0, 0, 30.03%, 0, 0, 26, 90.99, 4379808, 804, 0, 0
111481, 7, 1200, 1424, 0, 0, 30.03%, 0, 0, 26, 75.42, 4380214, 804, 0, 0
111486, 7, 165, 1424, 0, 0, 30.03%, 0, 0, 26, 80.93, 4380585, 804, 0, 0
111491, 7, 1380, 1424, 0, 0, 30.03%, 0, 0, 26, 68.01, 4380943, 804, 0, 0
111496, 7, 1366, 1424, 0, 0, 30.03%, 0, 0, 26, 68.25, 4381253, 804, 0, 0
111501, 7, 1366, 1424, 0, 0, 30.03%, 0, 0, 26, 54.27, 4381513, 804, 0, 0
111506, 7, 1302, 1424, 0, 0, 30.03%, 0, 0, 26, 58.81, 4381837, 804, 0, 0
111511, 7, 980, 1424, 0, 0, 30.03%, 0, 0, 26, 63.68, 4382156, 804, 0, 0
111516, 7, 1347, 1424, 0, 0, 30.03%, 0, 0, 26, 55.22, 4382436, 804, 0, 0
111521, 7, 1417, 1424, 0, 0, 30.03%, 0, 0, 26, 71.69, 4382795, 804, 0, 0
111527, 7, 1392, 1424, 0, 0, 30.03%, 0, 0, 26, 59.26, 4383104, 804, 0, 0
111532, 7, 757, 1424, 0, 0, 30.03%, 0, 0, 26, 65.05, 4383414, 804, 0, 0
111537, 7, 319, 1424, 0, 0, 30.03%, 0, 0, 26, 78.55, 4383813, 804, 0, 0
111542, 7, 1177, 1424, 0, 0, 30.03%, 0, 0, 26, 77.30, 4384243, 804, 0, 0
111547, 7, 73, 1424, 0, 0, 30.03%, 0, 0, 26, 79.73, 4384598, 804, 0, 0
111552, 7, 1193, 1424, 0, 0, 30.03%, 0, 0, 26, 63.91, 4384921, 804, 0, 0
111557, 7, 513, 1424, 0, 0, 30.03%, 0, 0, 26, 81.09, 4385324, 804, 0, 0
111562, 7, 1402, 1424, 0, 0, 30.03%, 0, 0, 26, 65.18, 4385686, 804, 0, 0
111567, 7, 1354, 1424, 0, 0, 30.03%, 0, 0, 26, 52.22, 4385936, 804, 0, 0
111572, 7, 302, 1424, 0, 0, 30.03%, 0, 0, 26, 60.69, 4386225, 804, 0, 0
111577, 7, 24, 1424, 0, 0, 30.03%, 0, 0, 26, 84.61, 4386679, 804, 0, 0
111583, 7, 188, 1424, 0, 0, 30.03%, 0, 0, 26, 96.03, 4387189, 804, 0, 0
111588, 7, 1176, 1424, 0, 0, 30.03%, 0, 0, 26, 65.44, 4387486, 804, 0, 0
111593, 7, 1304, 1424, 0, 0, 30.03%, 0, 0, 26, 64.19, 4387814, 804, 0, 0
111598, 7, 888, 1424, 0, 0, 30.03%, 0, 0, 26, 61.10, 4388111, 804, 0, 0
111603, 7, 1376, 1424, 0, 0, 30.03%, 0, 0, 26, 58.83, 4388428, 804, 0, 0
111608, 7, 381, 1424, 0, 0, 30.03%, 0, 0, 26, 66.48, 4388740, 804, 0, 0
111613, 7, 1263, 1424, 0, 0, 30.03%, 0, 0, 26, 65.46, 4389106, 804, 0, 0
111618, 7, 1339, 1424, 0, 0, 30.03%, 0, 0, 26, 65.27, 4389421, 804, 0, 0
111624, 7, 513, 1424, 0, 0, 30.03%, 0, 0, 26, 85.49, 4389873, 804, 0, 0
111629, 7, 1124, 1424, 0, 0, 30.03%, 0, 0, 26, 98.62, 4390402, 804, 0, 0
111634, 7, 598, 1424, 0, 0, 30.03%, 0, 0, 26, 73.17, 4390748, 804, 0, 0
111639, 7, 855, 1424, 0, 0, 30.03%, 0, 0, 26, 70.14, 4391112, 804, 0, 0
111644, 7, 1195, 1424, 0, 0, 30.03%, 0, 0, 26, 61.94, 4391425, 804, 0, 0
111649, 7, 1415, 1424, 0, 0, 30.03%, 0, 0, 26, 74.40, 4391824, 804, 0, 0
111654, 7, 279, 1424, 0, 0, 30.03%, 0, 0, 26, 86.59, 4392258, 804, 0, 0
111660, 7, 1397, 1424, 0, 0, 30.03%, 0, 0, 26, 60.74, 4392542, 804, 0, 0
111665, 7, 317, 1424, 0, 0, 30.03%, 0, 0, 26, 78.76, 4392953, 804, 0, 0
111670, 7, 513, 1424, 0, 0, 30.03%, 0, 0, 26, 93.31, 4393451, 804, 0, 0
111675, 7, 1078, 1424, 0, 0, 30.03%, 0, 0, 26, 73.30, 4393806, 804, 0, 0
111680, 7, 603, 1424, 0, 0, 30.03%, 0, 0, 26, 69.02, 4394144, 804, 0, 0
111685, 7, 1313, 1424, 0, 0, 30.03%, 0, 0, 26, 60.31, 4394460, 804, 0, 0
111690, 7, 1397, 1424, 0, 0, 30.03%, 0, 0, 26, 53.59, 4394722, 804, 0, 0
111695, 7, 1103, 1424, 0, 0, 30.03%, 0, 0, 26, 57.89, 4395005, 804, 0, 0
111700, 7, 171, 1424, 0, 0, 30.03%, 0, 0, 26, 85.94, 4395437, 804, 0, 0
111705, 7, 1311, 1424, 0, 0, 30.03%, 0, 0, 26, 60.80, 4395719, 804, 0, 0
111711, 7, 639, 1424, 0, 0, 30.03%, 0, 0, 26, 72.19, 4396102, 804, 0, 0
111716, 7, 171, 1424, 0, 0, 30.03%, 0, 0, 26, 70.84, 4396463, 804, 0, 0
111721, 7, 1159, 1424, 0, 0, 30.03%, 0, 0, 26, 73.13, 4396882, 804, 0, 0
111726, 7, 1297, 1424, 0, 0, 30.03%, 0, 0, 26, 67.92, 4397215, 804, 0, 0
111731, 7, 1261, 1424, 0, 0, 30.03%, 0, 0, 26, 57.18, 4397492, 804, 0, 0
111736, 7, 553, 1424, 0, 0, 30.03%, 0, 0, 26, 56.80, 4397778, 804, 0, 0
111741, 7, 492, 1424, 0, 0, 30.03%, 0, 0, 26, 90.43, 4398281, 804, 0, 0
111746, 7, 725, 1424, 0, 0, 30.03%, 0, 0, 26, 86.59, 4398744, 804, 0, 0
111751, 7, 565, 1424, 0, 0, 30.03%, 0, 0, 26, 92.02, 4399225, 804, 0, 0
111757, 7, 513, 1424, 0, 0, 30.03%, 0, 0, 26, 93.49, 4399705, 804, 0, 0
111762, 7, 1042, 1424, 0, 0, 30.03%, 0, 0, 26, 74.30, 4400062, 804, 0, 0
111767, 7, 1231, 1424, 0, 0, 30.03%, 0, 0, 26, 64.45, 4400408, 804, 0, 0
111772, 7, 513, 1424, 0, 0, 30.03%, 0, 0, 26, 87.85, 4400868, 804, 0, 0
111777, 7, 991, 1424, 0, 0, 30.03%, 0, 0, 26, 72.31, 4401225, 804, 0, 0
111782, 7, 499, 1424, 0, 0, 30.03%, 0, 0, 26, 93.83, 4401729, 804, 0, 0
111787, 7, 507, 1424, 0, 0, 30.03%, 0, 0, 26, 99.08, 4402242, 804, 0, 0
111792, 7, 1054, 1424, 0, 0, 30.03%, 0, 0, 26, 80.18, 4402653, 804, 0, 0
111797, 7, 1397, 1424, 0, 0, 30.03%, 0, 0, 26, 69.87, 4402998, 804, 0, 0
111802, 7, 951, 1424, 0, 0, 30.03%, 0, 0, 26, 56.21, 4403263, 804, 0, 0
111808, 7, 342, 1424, 0, 0, 30.03%, 0, 0, 26, 74.87, 4403645, 804, 0, 0
111813, 7, 1284, 1424, 0, 0, 30.03%, 0, 0, 26, 62.13, 4403972, 804, 0, 0
111818, 7, 188, 1424, 0, 0, 30.03%, 0, 0, 26, 88.71, 4404423, 804, 0, 0
111823, 7, 1294, 1424, 0, 0, 30.03%, 0, 0, 26, 63.08, 4404713, 804, 0, 0
111828, 7, 1203, 1424, 0, 0, 30.03%, 0, 0, 26, 59.19, 4405010, 804, 0, 0
111833, 7, 1213, 1424, 0, 0, 30.03%, 0, 0, 26, 75.20, 4405441, 804, 0, 0
111838, 7, 1279, 1424, 0, 0, 30.03%, 0, 0, 26, 59.96, 4405734, 804, 0, 0
111843, 7, 765, 1424, 0, 0, 30.03%, 0, 0, 26, 67.89, 4406058, 804, 0, 0
111849, 7, 1079, 1424, 0, 0, 30.03%, 0, 0, 26, 66.48, 4406404, 804, 0, 0
111854, 7, 513, 1424, 0, 0, 30.03%, 0, 0, 26, 74.69, 4406772, 804, 0, 0
111859, 7, 506, 1424, 0, 0, 30.03%, 0, 0, 26, 91.23, 4407263, 804, 0, 0
111864, 7, 595, 1424, 0, 0, 30.03%, 0, 0, 26, 86.09, 4407723, 804, 0, 0
111869, 7, 1038, 1424, 0, 0, 30.03%, 0, 0, 26, 74.16, 4408098, 804, 0, 0
111874, 7, 1124, 1424, 0, 0, 30.03%, 0, 0, 26, 68.43, 4408446, 804, 0, 0
111879, 7, 340, 1424, 0, 0, 30.03%, 0, 0, 26, 81.26, 4408845, 804, 0, 0
111884, 7, 900, 1424, 0, 0, 30.03%, 0, 0, 26, 72.26, 4409220, 804, 0, 0
111890, 7, 641, 1424, 0, 0, 30.03%, 0, 0, 26, 80.01, 4409653, 804, 0, 0
111895, 7, 1404, 1424, 0, 0, 30.03%, 0, 0, 26, 56.50, 4409929, 804, 0, 0
111900, 7, 938, 1424, 0, 0, 30.03%, 0, 0, 26, 63.04, 4410241, 804, 0, 0
111905, 7, 647, 1424, 0, 0, 30.03%, 0, 0, 26, 79.77, 4410678, 804, 0, 0
111910, 7, 1370, 1424, 0, 0, 30.03%, 0, 0, 26, 68.92, 4411063, 804, 0, 0
111915, 7, 1010, 1424, 0, 0, 30.03%, 0, 0, 26, 62.51, 4411354, 804, 0, 0
111920, 7, 423, 1424, 0, 0, 30.03%, 0, 0, 26, 86.15, 4411792, 804, 0, 0
111925, 7, 437, 1424, 0, 0, 30.03%, 0, 0, 26, 101.56, 4412339, 804, 0, 0
111931, 7, 1144, 1424, 0, 0, 30.03%, 0, 0, 26, 80.65, 4412764, 804, 0, 0
111936, 7, 1265, 1424, 0, 0, 30.03%, 0, 0, 26, 61.83, 4413057, 804, 0, 0
111941, 7, 1035, 1424, 0, 0, 30.03%, 0, 0, 26, 64.10, 4413379, 804, 0, 0
111946, 7, 1235, 1424, 0, 0, 30.03%, 0, 0, 26, 72.17, 4413761, 804, 0, 0
111951, 7, 1308, 1424, 0, 0, 30.03%, 0, 0, 26, 59.18, 4414044, 804, 0, 0
111956, 7, 1308, 1424, 0, 0, 30.03%, 0, 0, 26, 55.01, 4414319, 804, 0, 0
111961, 7, 1290, 1424, 0, 0, 30.03%, 0, 0, 26, 77.73, 4414771, 804, 0, 0
111966, 7, 432, 1424, 0, 0, 30.03%, 0, 0, 26, 63.97, 4415066, 804, 0, 0
111972, 7, 1191, 1424, 0, 0, 30.03%, 0, 0, 26, 68.71, 4415469, 804, 0, 0
111977, 7, 941, 1424, 0, 0, 30.03%, 0, 0, 26, 59.57, 4415754, 804, 0, 0
111982, 7, 1350, 1424, 0, 0, 30.03%, 0, 0, 26, 61.80, 4416084, 804, 0, 0
111987, 7, 591, 1424, 0, 0, 30.03%, 0, 0, 26, 56.87, 4416358, 804, 0, 0
111992, 7, 909, 1424, 0, 0, 30.03%, 0, 0, 26, 87.97, 4416829, 804, 0, 0
111997, 7, 188, 1424, 0, 0, 30.03%, 0, 0, 26, 79.61, 4417203, 804, 0, 0
112002, 7, 1015, 1424, 0, 0, 30.03%, 0, 0, 26, 96.23, 4417730, 804, 0, 0
112007, 7, 503, 1424, 0, 0, 30.03%, 0, 0, 26, 82.48, 4418109, 804, 0, 0
112013, 7, 792, 1424, 0, 0, 30.03%, 0, 0, 26, 79.54, 4418544, 804, 0, 0
112018, 7, 1380, 1424, 0, 0, 30.03%, 0, 0, 26, 60.73, 4418841, 804, 0, 0
112023, 7, 706, 1424, 0, 0, 30.03%, 0, 0, 26, 64.07, 4419141, 804, 0, 0
112028, 7, 252, 1424, 0, 0, 30.03%, 0, 0, 26, 68.08, 4419497, 804, 0, 0
112033, 7, 748, 1424, 0, 0, 30.03%, 0, 0, 26, 80.19, 4419945, 804, 0, 0
112038, 7, 750, 1424, 0, 0, 30.03%, 0, 0, 26, 78.79, 4420345, 804, 0, 0
112043, 7, 1285, 1424, 0, 0, 30.03%, 0, 0, 26, 66.89, 4420684, 804, 0, 0
112048, 7, 796, 1424, 0, 0, 30.03%, 0, 0, 26, 62.71, 4420984, 804, 0, 0
112053, 7, 456, 1424, 0, 0, 30.03%, 0, 0, 26, 83.52, 4421405, 804, 0, 0
112058, 7, 215, 1424, 0, 0, 30.03%, 0, 0, 26, 96.11, 4421903, 804, 0, 0
112064, 7, 743, 1424, 0, 0, 30.03%, 0, 0, 26, 82.16, 4422321, 804, 0, 0
112069, 7, 1189, 1424, 0, 0, 30.03%, 0, 0, 26, 64.32, 4422638, 804, 0, 0
112074, 7, 705, 1424, 0, 0, 30.03%, 0, 0, 26, 79.44, 4423067, 804, 0, 0
112079, 7, 171, 1424, 0, 0, 30.03%, 0, 0, 26, 84.33, 4423492, 804, 0, 0
112084, 7, 274, 1424, 0, 0, 30.03%, 0, 0, 26, 90.70, 4423948, 804, 0, 0
112089, 7, 1394, 1424, 0, 0, 30.03%, 0, 0, 26, 64.10, 4424283, 804, 0, 0
112094, 7, 492, 1424, 0, 0, 30.03%, 0, 0, 26, 81.70, 4424674, 804, 0, 0
112100, 7, 1411, 1424, 0, 0, 30.03%, 0, 0, 26, 81.19, 4425105, 804, 0, 0
112105, 7, 1361, 1424, 0, 0, 30.03%, 0, 0, 26, 71.50, 4425510, 804, 0, 0
112110, 7, 677, 1424, 0, 0, 30.03%, 0, 0, 26, 70.71, 4425836, 804, 0, 0
112115, 7, 1397, 1424, 0, 0, 30.03%, 0, 0, 26, 59.22, 4426142, 804, 0, 0
112120, 7, 1362, 1424, 0, 0, 30.03%, 0, 0, 26, 62.22, 4426447, 804, 0, 0
112125, 7, 621, 1424, 0, 0, 30.03%, 0, 0, 26, 51.62, 4426701, 804, 0, 0
112130, 7, 501, 1424, 0, 0, 30.03%, 0, 0, 26, 80.78, 4427126, 804, 0, 0
112135, 7, 1026, 1424, 0, 0, 30.03%, 0, 0, 26, 73.57, 4427521, 804, 0, 0
112141, 7, 1038, 1424, 0, 0, 30.03%, 0, 0, 26, 73.36, 4427909, 804, 0, 0
112146, 7, 553, 1424, 0, 0, 30.03%, 0, 0, 26, 79.65, 4428307, 804, 0, 0
112151, 7, 1397, 1424, 0, 0, 30.03%, 0, 0, 26, 75.56, 4428712, 804, 0, 0
112156, 7, 1397, 1424, 0, 0, 30.03%, 0, 0, 26, 55.78, 4428970, 804, 0, 0
112161, 7, 1171, 1424, 0, 0, 30.03%, 0, 0, 26, 58.94, 4429268, 804, 0, 0
112166, 7, 1257, 1424, 0, 0, 30.03%, 0, 0, 26, 81.76, 4429700, 804, 0, 0
112171, 7, 1257, 1424, 0, 0, 30.03%, 0, 0, 26, 60.20, 4429983, 804, 0, 0
112176, 7, 1268, 1424, 0, 0, 30.03%, 0, 0, 26, 56.41, 4430260, 804, 0, 0
112182, 7, 610, 1424, 0, 0, 30.03%, 0, 0, 26, 76.21, 4430689, 804, 0, 0
112187, 7, 1268, 1424, 0, 0, 30.03%, 0, 0, 26, 63.46, 4431017, 804, 0, 0
112192, 7, 1359, 1424, 0, 0, 30.03%, 0, 0, 26, 77.71, 4431428, 804, 0, 0
112197, 7, 1359, 1424, 0, 0, 30.03%, 0, 0, 26, 55.80, 4431679, 804, 0, 0
112202, 7, 492, 1424, 0, 0, 30.03%, 0, 0, 26, 88.04, 4432162, 804, 0, 0
112207, 7, 1011, 1424, 0, 0, 30.03%, 0, 0, 26, 81.14, 4432602, 804, 0, 0
112212, 7, 1405, 1424, 0, 0, 30.03%, 0, 0, 26, 57.24, 4432873, 804, 0, 0
112217, 7, 1232, 1424, 0, 0, 30.03%, 0, 0, 26, 62.95, 4433181, 804, 0, 0
112222, 7, 268, 1424, 0, 0, 30.03%, 0, 0, 26, 74.08, 4433537, 804, 0, 0
112227, 7, 1397, 1424, 0, 0, 30.03%, 0, 0, 26, 69.14, 4433923, 804, 0, 0
112233, 7, 83, 1424, 0, 0, 30.03%, 0, 0, 26, 76.82, 4434275, 804, 0, 0
112238, 7, 1251, 1424, 0, 0, 30.03%, 0, 0, 26, 61.52, 4434566, 804, 0, 0
112243, 7, 513, 1424, 0, 0, 30.03%, 0, 0, 26, 88.34, 4435044, 804, 0, 0
112248, 7, 1174, 1424, 0, 0, 30.03%, 0, 0, 26, 67.87, 4435398, 804, 0, 0
112253, 7, 1303, 1424, 0, 0, 30.03%, 0, 0, 26, 57.24, 4435682, 804, 0, 0
112258, 7, 1397, 1424, 0, 0, 30.03%, 0, 0, 26, 64.75, 4436016, 804, 0, 0
112263, 7, 1397, 1424, 0, 0, 30.03%, 0, 0, 26, 51.43, 4436268, 804, 0, 0
112269, 7, 1298, 1424, 0, 0, 30.03%, 0, 0, 26, 70.42, 4436671, 804, 0, 0
112274, 7, 1218, 1424, 0, 0, 30.03%, 0, 0, 26, 58.62, 4436952, 804, 0, 0
112279, 7, 654, 1424, 0, 0, 30.03%, 0, 0, 26, 60.33, 4437248, 804, 0, 0
112284, 7, 423, 1424, 0, 0, 30.03%, 0, 0, 26, 85.30, 4437703, 804, 0, 0
112289, 7, 1236, 1424, 0, 0, 30.03%, 0, 0, 26, 69.97, 4438085, 804, 0, 0
112294, 7, 843, 1424, 0, 0, 30.03%, 0, 0, 26, 62.70, 4438389, 804, 0, 0
112299, 7, 1398, 1424, 0, 0, 30.03%, 0, 0, 26, 61.99, 4438722, 804, 0, 0
112304, 7, 724, 1424, 0, 0, 30.03%, 0, 0, 26, 62.79, 4439016, 804, 0, 0
112310, 7, 1372, 1424, 0, 0, 30.03%, 0, 0, 26, 54.85, 4439298, 804, 0, 0
112315, 7, 673, 1424, 0, 0, 30.03%, 0, 0, 26, 67.32, 4439631, 804, 0, 0
112320, 7, 1228, 1424, 0, 0, 30.03%, 0, 0, 26, 77.08, 4440052, 804, 0, 0
112325, 7, 342, 1424, 0, 0, 30.03%, 0, 0, 26, 70.55, 4440382, 804, 0, 0
112330, 7, 1220, 1424, 0, 0, 30.03%, 0, 0, 26, 63.19, 4440718, 804, 0, 0
112335, 7, 872, 1424, 0, 0, 30.03%, 0, 0, 26, 64.43, 4441047, 804, 0, 0
112340, 7, 903, 1424, 0, 0, 30.03%, 0, 0, 26, 71.04, 4441428, 804, 0, 0
112345, 7, 585, 1424, 0, 0, 30.03%, 0, 0, 26, 79.95, 4441858, 804, 0, 0
112350, 7, 1352, 1424, 0, 0, 30.03%, 0, 0, 26, 55.20, 4442110, 804, 0, 0
112356, 7, 1388, 1424, 0, 0, 30.03%, 0, 0, 26, 50.07, 4442356, 804, 0, 0
112361, 7, 383, 1424, 0, 0, 30.03%, 0, 0, 26, 76.32, 4442733, 804, 0, 0
112366, 7, 1270, 1424, 0, 0, 30.03%, 0, 0, 26, 87.20, 4443225, 804, 0, 0
112371, 7, 1304, 1424, 0, 0, 30.03%, 0, 0, 26, 61.36, 4443501, 804, 0, 0
112376, 7, 1304, 1424, 0, 0, 30.03%, 0, 0, 26, 55.82, 4443777, 804, 0, 0
112381, 7, 1248, 1424, 0, 0, 30.03%, 0, 0, 26, 57.50, 4444075, 804, 0, 0
112386, 7, 1205, 1424, 0, 0, 30.03%, 0, 0, 26, 82.67, 4444525, 804, 0, 0
112392, 7, 1423, 1424, 0, 0, 30.03%, 0, 0, 26, 78.50, 4444928, 804, 0, 0
112397, 7, 1423, 1424, 0, 0, 30.03%, 0, 0, 26, 55.77, 4445173, 804, 0, 0
112402, 7, 1423, 1424, 0, 0, 30.03%, 0, 0, 26, 50.26, 4445425, 804, 0, 0
112407, 7, 1149, 1424, 0, 0, 30.03%, 0, 0, 26, 55.92, 4445712, 804, 0, 0
112412, 7, 1056, 1424, 0, 0, 30.03%, 0, 0, 26, 66.81, 4446081, 804, 0, 0
112417, 7, 1347, 1424, 0, 0, 30.03%, 0, 0, 26, 54.17, 4446348, 804, 0, 0
112422, 7, 1163, 1424, 0, 0, 30.03%, 0, 0, 26, 56.13, 4446626, 804, 0, 0
112427, 7, 1155, 1424, 0, 0, 30.03%, 0, 0, 26, 65.72, 4447003, 804, 0, 0
112432, 7, 1157, 1424, 0, 0, 30.03%, 0, 0, 26, 66.97, 4447353, 804, 0, 0
112437, 7, 1359, 1424, 0, 0, 30.03%, 0, 0, 26, 56.44, 4447628, 804, 0, 0
112442, 7, 1399, 1424, 0, 0, 30.03%, 0, 0, 26, 51.98, 4447890, 804, 0, 0
112448, 7, 513, 1424, 0, 0, 30.03%, 0, 0, 26, 63.38, 4448197, 804, 0, 0
112453, 7, 1167, 1424, 0, 0, 30.03%, 0, 0, 26, 71.57, 4448616, 804, 0, 0
112458, 7, 758, 1424, 0, 0, 30.03%, 0, 0, 26, 71.61, 4448960, 804, 0, 0
112463, 7, 1200, 1424, 0, 0, 30.03%, 0, 0, 26, 61.49, 4449273, 804, 0, 0
112468, 7, 133, 1424, 0, 0, 30.03%, 0, 0, 26, 86.97, 4449733, 804, 0, 0
112473, 7, 1397, 1424, 0, 0, 30.03%, 0, 0, 26, 61.86, 4450039, 804, 0, 0
112478, 7, 1412, 1424, 0, 0, 30.03%, 0, 0, 26, 61.43, 4450359, 804, 0, 0
112484, 7, 1201, 1424, 0, 0, 30.03%, 0, 0, 26, 57.07, 4450644, 804, 0, 0
112489, 7, 145, 1424, 0, 0, 30.03%, 0, 0, 26, 57.36, 4450929, 804, 0, 0
112494, 7, 1269, 1424, 0, 0, 30.03%, 0, 0, 26, 58.39, 4451255, 804, 0, 0
112499, 7, 521, 1424, 0, 0, 30.03%, 0, 0, 26, 85.99, 4451708, 804, 0, 0
112504, 7, 1253, 1424, 0, 0, 30.03%, 0, 0, 26, 69.86, 4452073, 804, 0, 0
112509, 7, 655, 1424, 0, 0, 30.03%, 0, 0, 26, 73.68, 4452428, 804, 0, 0
112514, 7, 1148, 1424, 0, 0, 30.03%, 0, 0, 26, 62.57, 4452745, 804, 0, 0
112519, 7, 1225, 1424, 0, 0, 30.03%, 0, 0, 26, 70.37, 4453110, 804, 0, 0
112524, 7, 1225, 1424, 0, 0, 30.03%, 0, 0, 26, 59.75, 4453395, 804, 0, 0
112529, 7, 553, 1424, 0, 0, 30.03%, 0, 0, 26, 79.42, 4453815, 804, 0, 0
112535, 7, 188, 1424, 0, 0, 30.03%, 0, 0, 26, 81.18, 4454252, 804, 0, 0
112540, 7, 289, 1424, 0, 0, 30.03%, 0, 0, 26, 91.15, 4454714, 804, 0, 0
112545, 7, 635, 1424, 0, 0, 30.03%, 0, 0, 26, 85.60, 4455175, 804, 0, 0
112550, 7, 188, 1424, 0, 0, 30.03%, 0, 0, 26, 94.63, 4455665, 804, 0, 0
112555, 7, 1395, 1424, 0, 0, 30.03%, 0, 0, 26, 61.16, 4455941, 804, 0, 0
112560, 7, 93, 1424, 0, 0, 30.03%, 0, 0, 26, 78.49, 4456351, 804, 0, 0
112566, 7, 1420, 1424, 0, 0, 30.03%, 0, 0, 26, 54.41, 4456612, 804, 0, 0
112571, 7, 343, 1424, 0, 0, 30.03%, 0, 0, 26, 69.51, 4456932, 804, 0, 0
112576, 7, 1219, 1424, 0, 0, 30.03%, 0, 0, 26, 64.87, 4457281, 804, 0, 0
112581, 7, 554, 1424, 0, 0, 30.03%, 0, 0, 26, 86.66, 4457725, 804, 0, 0
112586, 7, 1182, 1424, 0, 0, 30.03%, 0, 0, 26, 68.86, 4458084, 804, 0, 0
112591, 7, 1397, 1424, 0, 0, 30.03%, 0, 0, 26, 55.73, 4458353, 804, 0, 0
112596, 7, 1288, 1424, 0, 0, 30.03%, 0, 0, 26, 53.11, 4458621, 804, 0, 0
112601, 7, 1310, 1424, 0, 0, 30.03%, 0, 0, 26, 54.23, 4458898, 804, 0, 0
112606, 7, 1397, 1424, 0, 0, 30.03%, 0, 0, 26, 52.47, 4459172, 804, 0, 0
112611, 7, 1172, 1424, 0, 0, 30.03%, 0, 0, 26, 64.68, 4459481, 804, 0, 0
112617, 7, 304, 1424, 0, 0, 30.03%, 0, 0, 26, 75.50, 4459843, 804, 0, 0
112622, 7, 1225, 1424, 0, 0, 30.03%, 0, 0, 26, 70.89, 4460245, 804, 0, 0
112627, 7, 668, 1424, 0, 0, 30.03%, 0, 0, 26, 69.15, 4460573, 804, 0, 0
112632, 7, 1397, 1424, 0, 0, 30.03%, 0, 0, 26, 55.07, 4460841, 804, 0, 0
112637, 7, 1170, 1424, 0, 0, 30.03%, 0, 0, 26, 63.52, 4461171, 804, 0, 0
112642, 7, 1402, 1424, 0, 0, 30.03%, 0, 0, 26, 70.14, 4461510, 804, 0, 0
112647, 7, 1402, 1424, 0, 0, 30.03%, 0, 0, 26, 52.32, 4461748, 804, 0, 0
112652, 7, 1275, 1424, 0, 0, 30.03%, 0, 0, 26, 54.51, 4462025, 804, 0, 0
112657, 7, 1104, 1424, 0, 0, 30.03%, 0, 0, 26, 60.57, 4462327, 804, 0, 0
112662, 7, 838, 1424, 0, 0, 30.03%, 0, 0, 26, 68.78, 4462693, 804, 0, 0
112667, 7, 1398, 1424, 0, 0, 30.03%, 0, 0, 26, 59.80, 4462997, 804, 0, 0
112672, 7, 304, 1424, 0, 0, 30.03%, 0, 0, 26, 67.04, 4463304, 804, 0, 0
112678, 7, 1224, 1424, 0, 0, 30.03%, 0, 0, 26, 62.11, 4463631, 804, 0, 0
112683, 7, 1408, 1424, 0, 0, 30.03%, 0, 0, 26, 51.92, 4463882, 804, 0, 0
112688, 7, 1010, 1424, 0, 0, 30.03%, 0, 0, 26, 59.17, 4464169, 804, 0, 0
112693, 7, 1035, 1424, 0, 0, 30.03%, 0, 0, 26, 66.00, 4464519, 804, 0, 0
112698, 7, 1395, 1424, 0, 0, 30.03%, 0, 0, 26, 54.85, 4464791, 804, 0, 0
112703, 7, 315, 1424, 0, 0, 30.03%, 0, 0, 26, 72.36, 4465151, 804, 0, 0
112708, 7, 1154, 1424, 0, 0, 30.03%, 0, 0, 26, 65.55, 4465512, 804, 0, 0
112713, 7, 1110, 1424, 0, 0, 30.03%, 0, 0, 26, 67.47, 4465865, 804, 0, 0
112719, 7, 1256, 1424, 0, 0, 30.03%, 0, 0, 26, 72.24, 4466226, 804, 0, 0
112724, 7, 1133, 1424, 0, 0, 30.03%, 0, 0, 26, 60.70, 4466515, 804, 0, 0
112729, 7, 577, 1424, 0, 0, 30.03%, 0, 0, 26, 64.78, 4466844, 804, 0, 0
112734, 7, 943, 1424, 0, 0, 30.03%, 0, 0, 26, 73.78, 4467247, 804, 0, 0
112739, 7, 630, 1424, 0, 0, 30.03%, 0, 0, 26, 78.13, 4467651, 804, 0, 0
112744, 7, 1184, 1424, 0, 0, 30.03%, 0, 0, 26, 61.49, 4467946, 804, 0, 0
112749, 7, 667, 1424, 0, 0, 30.03%, 0, 0, 26, 78.50, 4468378, 804, 0, 0
112754, 7, 1092, 1424, 0, 0, 30.03%, 0, 0, 26, 73.34, 4468749, 804, 0, 0
112759, 7, 504, 1424, 0, 0, 30.03%, 0, 0, 26, 74.99, 4469110, 804, 0, 0
112765, 7, 418, 1424, 0, 0, 30.03%, 0, 0, 26, 94.33, 4469612, 804, 0, 0
112770, 7, 289, 1424, 0, 0, 30.03%, 0, 0, 26, 92.53, 4470073, 804, 0, 0
112775, 7, 1397, 1424, 0, 0, 30.03%, 0, 0, 26, 59.07, 4470340, 804, 0, 0
112780, 7, 1134, 1424, 0, 0, 30.03%, 0, 0, 26, 76.36, 4470759, 804, 0, 0
112785, 7, 1397, 1424, 0, 0, 30.03%, 0, 0, 26, 59.84, 4471049, 804, 0, 0
112790, 7, 1374, 1424, 0, 0, 30.03%, 0, 0, 26, 52.27, 4471308, 804, 0, 0
112795, 7, 1374, 1424, 0, 0, 30.03%, 0, 0, 26, 50.95, 4471571, 804, 0, 0
112801, 7, 1372, 1424, 0, 0, 30.03%, 0, 0, 26, 70.80, 4471996, 804, 0, 0
112806, 7, 1372, 1424, 0, 0, 30.03%, 0, 0, 26, 53.83, 4472243, 804, 0, 0
112811, 7, 1419, 1424, 0, 0, 30.03%, 0, 0, 26, 49.61, 4472495, 804, 0, 0
112816, 7, 1144, 1424, 0, 0, 30.03%, 0, 0, 26, 56.21, 4472782, 804, 0, 0
112821, 7, 200, 1424, 0, 0, 30.03%, 0, 0, 26, 76.79, 4473166, 804, 0, 0
112826, 7, 1408, 1424, 0, 0, 30.03%, 0, 0, 26, 53.91, 4473408, 804, 0, 0
112831, 7, 1423, 1424, 0, 0, 30.03%, 0, 0, 26, 60.22, 4473733, 804, 0, 0
112836, 7, 1423, 1424, 0, 0, 30.03%, 0, 0, 26, 50.80, 4473979, 804, 0, 0
112841, 7, 1423, 1424, 0, 0, 30.03%, 0, 0, 26, 50.03, 4474235, 804, 0, 0
112847, 7, 1035, 1424, 0, 0, 30.03%, 0, 0, 26, 62.19, 4474568, 804, 0, 0
112852, 7, 1283, 1424, 0, 0, 30.03%, 0, 0, 26, 55.73, 4474846, 804, 0, 0
112857, 7, 444, 1424, 0, 0, 30.03%, 0, 0, 26, 89.19, 4475332, 804, 0, 0
112862, 7, 1193, 1424, 0, 0, 30.03%, 0, 0, 26, 75.96, 4475721, 804, 0, 0
112867, 7, 1394, 1424, 0, 0, 30.03%, 0, 0, 26, 69.02, 4476051, 804, 0, 0
112872, 7, 1394, 1424, 0, 0, 30.03%, 0, 0, 26, 54.81, 4476311, 804, 0, 0
112877, 7, 1345, 1424, 0, 0, 30.03%, 0, 0, 26, 51.90, 4476571, 804, 0, 0
112882, 7, 1371, 1424, 0, 0, 30.03%, 0, 0, 26, 62.34, 4476921, 804, 0, 0
112887, 7, 545, 1424, 0, 0, 30.03%, 0, 0, 26, 74.74, 4477266, 804, 0, 0
112893, 7, 1405, 1424, 0, 0, 30.03%, 0, 0, 26, 58.70, 4477581, 804, 0, 0
112898, 7, 579, 1424, 0, 0, 30.03%, 0, 0, 26, 64.60, 4477883, 804, 0, 0
112903, 7, 28, 1424, 0, 0, 30.03%, 0, 0, 26, 76.52, 4478275, 804, 0, 0
112908, 7, 1154, 1424, 0, 0, 30.03%, 0, 0, 26, 67.56, 4478613, 804, 0, 0
112913, 7, 58, 1424, 0, 0, 30.03%, 0, 0, 26, 63.09, 4478922, 804, 0, 0
112918, 7, 1154, 1424, 0, 0, 30.03%, 0, 0, 26, 72.09, 4479329, 804, 0, 0
112923, 7, 844, 1424, 0, 0, 30.03%, 0, 0, 26, 60.49, 4479619, 804, 0, 0
112929, 7, 1380, 1424, 0, 0, 30.03%, 0, 0, 26, 75.79, 4480002, 804, 0, 0
112934, 7, 1380, 1424, 0, 0, 30.03%, 0, 0, 26, 55.50, 4480254, 804, 0, 0
112939, 7, 1087, 1424, 0, 0, 30.03%, 0, 0, 26, 67.87, 4480601, 804, 0, 0
112944, 7, 204, 1424, 0, 0, 30.03%, 0, 0, 26, 69.66, 4480946, 804, 0, 0
112949, 7, 1315, 1424, 0, 0, 30.03%, 0, 0, 26, 57.15, 4481243, 804, 0, 0
112954, 7, 811, 1424, 0, 0, 30.03%, 0, 0, 26, 62.16, 4481556, 804, 0, 0
112959, 7, 1148, 1424, 0, 0, 30.03%, 0, 0, 26, 59.11, 4481862, 804, 0, 0
112964, 7, 1197, 1424, 0, 0, 30.03%, 0, 0, 26, 62.16, 4482195, 804, 0, 0
112969, 7, 753, 1424, 0, 0, 30.03%, 0, 0, 26, 69.23, 4482536, 804, 0, 0
112974, 7, 642, 1424, 0, 0, 30.03%, 0, 0, 26, 85.17, 4483001, 804, 0, 0
112979, 7, 1043, 1424, 0, 0, 30.03%, 0, 0, 26, 71.42, 4483362, 804, 0, 0
112985, 7, 1222, 1424, 0, 0, 30.03%, 0, 0, 26, 65.41, 4483700, 804, 0, 0
112990, 7, 1035, 1424, 0, 0, 30.03%, 0, 0, 26, 70.51, 4484050, 804, 0, 0
112995, 7, 1353, 1424, 0, 0, 30.03%, 0, 0, 26, 60.70, 4484372, 804, 0, 0
113000, 7, 1414, 1424, 0, 0, 30.03%, 0, 0, 26, 57.42, 4484649, 804, 0, 0
113005, 7, 1180, 1424, 0, 0, 30.03%, 0, 0, 26, 63.95, 4485009, 804, 0, 0
113010, 7, 284, 1424, 0, 0, 30.03%, 0, 0, 26, 79.53, 4485392, 804, 0, 0
113015, 7, 187, 1424, 0, 0, 30.03%, 0, 0, 26, 79.02, 4485799, 804, 0, 0
113021, 7, 1151, 1424, 0, 0, 30.03%, 0, 0, 26, 72.35, 4486196, 804, 0, 0
113026, 7, 1160, 1424, 0, 0, 30.03%, 0, 0, 26, 60.06, 4486494, 804, 0, 0
113031, 7, 1058, 1424, 0, 0, 30.03%, 0, 0, 26, 63.95, 4486822, 804, 0, 0
113036, 7, 506, 1424, 0, 0, 30.03%, 0, 0, 26, 85.16, 4487266, 804, 0, 0
113041, 7, 1293, 1424, 0, 0, 30.03%, 0, 0, 26, 78.43, 4487677, 804, 0, 0
113046, 7, 420, 1424, 0, 0, 30.03%, 0, 0, 26, 63.99, 4487960, 804, 0, 0
113051, 7, 527, 1424, 0, 0, 30.03%, 0, 0, 26, 91.22, 4488464, 804, 0, 0
113057, 7, 1292, 1424, 0, 0, 30.03%, 0, 0, 26, 79.19, 4488895, 804, 0, 0
113062, 7, 14, 1424, 0, 0, 30.03%, 0, 0, 26, 72.02, 4489217, 804, 0, 0
113067, 7, 597, 1424, 0, 0, 30.03%, 0, 0, 26, 75.75, 4489616, 804, 0, 0
113072, 7, 566, 1424, 0, 0, 30.03%, 0, 0, 26, 76.94, 4490013, 804, 0, 0
113077, 7, 1059, 1424, 0, 0, 30.03%, 0, 0, 26, 78.84, 4490431, 804, 0, 0
113082, 7, 1386, 1424, 0, 0, 30.03%, 0, 0, 26, 82.08, 4490837, 804, 0, 0
113087, 7, 1386, 1424, 0, 0, 30.03%, 0, 0, 26, 56.18, 4491093, 804, 0, 0
113093, 7, 128, 1424, 0, 0, 30.03%, 0, 0, 26, 66.80, 4491438, 804, 0, 0
113098, 7, 1385, 1424, 0, 0, 30.03%, 0, 0, 26, 57.85, 4491742, 804, 0, 0
113103, 7, 1320, 1424, 0, 0, 30.03%, 0, 0, 26, 66.73, 4492073, 804, 0, 0
113108, 7, 1320, 1424, 0, 0, 30.03%, 0, 0, 26, 75.92, 4492473, 804, 0, 0
113113, 7, 1397, 1424, 0, 0, 30.03%, 0, 0, 26, 57.25, 4492749, 804, 0, 0
113118, 7, 1387, 1424, 0, 0, 30.03%, 0, 0, 26, 62.29, 4493071, 804, 0, 0
113123, 7, 337, 1424, 0, 0, 30.03%, 0, 0, 26, 55.93, 4493340, 804, 0, 0
113128, 7, 290, 1424, 0, 0, 30.03%, 0, 0, 26, 91.95, 4493855, 804, 0, 0
113133, 7, 1220, 1424, 0, 0, 30.03%, 0, 0, 26, 65.61, 4494168, 804, 0, 0
113139, 7, 833, 1424, 0, 0, 30.03%, 0, 0, 26, 80.56, 4494601, 804, 0, 0
113144, 7, 1397, 1424, 0, 0, 30.03%, 0, 0, 26, 62.66, 4494907, 804, 0, 0
113149, 7, 1397, 1424, 0, 0, 30.03%, 0, 0, 26, 51.84, 4495160, 804, 0, 0
113154, 7, 1397, 1424, 0, 0, 30.03%, 0, 0, 26, 50.77, 4495421, 804, 0, 0
113159, 7, 1347, 1424, 0, 0, 30.03%, 0, 0, 26, 50.67, 4495683, 804, 0, 0
113164, 7, 1370, 1424, 0, 0, 30.03%, 0, 0, 26, 48.92, 4495936, 804, 0, 0
113169, 7, 1035, 1424, 0, 0, 30.03%, 0, 0, 26, 61.29, 4496248, 804, 0, 0
113174, 7, 171, 1424, 0, 0, 30.03%, 0, 0, 26, 91.61, 4496736, 804, 0, 0
113180, 7, 1381, 1424, 0, 0, 30.03%, 0, 0, 26, 65.33, 4497081, 804, 0, 0
113185, 7, 520, 1424, 0, 0, 30.03%, 0, 0, 26, 76.38, 4497441, 804, 0, 0
113190, 7, 509, 1424, 0, 0, 30.03%, 0, 0, 26, 91.77, 4497941, 804, 0, 0
113195, 7, 445, 1424, 0, 0, 30.03%, 0, 0, 26, 83.85, 4498356, 804, 0, 0
113200, 7, 1271, 1424, 0, 0, 30.03%, 0, 0, 26, 72.33, 4498758, 804, 0, 0
113205, 7, 404, 1424, 0, 0, 30.03%, 0, 0, 26, 79.57, 4499128, 804, 0, 0
113210, 7, 658, 1424, 0, 0, 30.03%, 0, 0, 26, 85.24, 4499602, 804, 0, 0
113215, 7, 210, 1424, 0, 0, 30.03%, 0, 0, 26, 86.56, 4500061, 804, 0, 0
113220, 7, 1398, 1424, 0, 0, 30.03%, 0, 0, 26, 60.35, 4500349, 804, 0, 0
113226, 7, 1173, 1424, 0, 0, 30.03%, 0, 0, 26, 57.07, 4500633, 804, 0, 0
113231, 7, 1173, 1424, 0, 0, 30.03%, 0, 0, 26, 57.76, 4500933, 804, 0, 0
113236, 7, 1173, 1424, 0, 0, 30.03%, 0, 0, 26, 57.57, 4501221, 804, 0, 0
113241, 7, 1225, 1424, 0, 0, 30.03%, 0, 0, 26, 63.35, 4501561, 804, 0, 0
113246, 7, 255, 1424, 0, 0, 30.03%, 0, 0, 26, 64.90, 4501870, 804, 0, 0
113251, 7, 947, 1424, 0, 0, 30.03%, 0, 0, 26, 71.82, 4502270, 804, 0, 0
113256, 7, 1291, 1424, 0, 0, 30.03%, 0, 0, 26, 62.25, 4502602, 804, 0, 0
113261, 7, 1397, 1424, 0, 0, 30.03%, 0, 0, 26, 66.56, 4502928, 804, 0, 0
113266, 7, 1397, 1424, 0, 0, 30.03%, 0, 0, 26, 54.11, 4503191, 804, 0, 0
113272, 7, 1355, 1424, 0, 0, 30.03%, 0, 0, 26, 51.18, 4503450, 804, 0, 0
113277, 7, 553, 1424, 0, 0, 30.03%, 0, 0, 26, 74.71, 4503831, 804, 0, 0
113282, 7, 145, 1424, 0, 0, 30.03%, 0, 0, 26, 92.27, 4504324, 804, 0, 0
113287, 7, 1420, 1424, 0, 0, 30.03%, 0, 0, 26, 73.04, 4504715, 804, 0, 0
113292, 7, 1420, 1424, 0, 0, 30.03%, 0, 0, 26, 51.89, 4504955, 804, 0, 0
113297, 7, 973, 1424, 0, 0, 30.03%, 0, 0, 26, 64.94, 4505311, 804, 0, 0
113302, 7, 1248, 1424, 0, 0, 30.03%, 0, 0, 26, 64.01, 4505643, 804, 0, 0
113307, 7, 1198, 1424, 0, 0, 30.03%, 0, 0, 26, 64.47, 4505979, 804, 0, 0
113313, 7, 1098, 1424, 0, 0, 30.03%, 0, 0, 26, 62.53, 4506294, 804, 0, 0
113318, 7, 1181, 1424, 0, 0, 30.03%, 0, 0, 26, 58.99, 4506599, 804, 0, 0
113323, 7, 688, 1424, 0, 0, 30.03%, 0, 0, 26, 67.64, 4506934, 804, 0, 0
113328, 7, 1158, 1424, 0, 0, 30.03%, 0, 0, 26, 61.66, 4507241, 804, 0, 0
113333, 7, 1101, 1424, 0, 0, 30.03%, 0, 0, 26, 66.22, 4507601, 804, 0, 0
113338, 7, 677, 1424, 0, 0, 30.03%, 0, 0, 26, 89.88, 4508082, 804, 0, 0
113343, 7, 541, 1424, 0, 0, 30.03%, 0, 0, 26, 81.00, 4508489, 804, 0, 0
113349, 7, 1155, 1424, 0, 0, 30.03%, 0, 0, 26, 68.71, 4508860, 804, 0, 0
113354, 7, 1202, 1424, 0, 0, 30.03%, 0, 0, 26, 77.46, 4509296, 804, 0, 0
113359, 7, 220, 1424, 0, 0, 30.03%, 0, 0, 26, 66.92, 4509613, 804, 0, 0
113364, 7, 869, 1424, 0, 0, 30.03%, 0, 0, 26, 64.25, 4509945, 804, 0, 0
113369, 7, 1417, 1424, 0, 0, 30.03%, 0, 0, 26, 70.52, 4510307, 804, 0, 0
113374, 7, 138, 1424, 0, 0, 30.03%, 0, 0, 26, 89.77, 4510769, 804, 0, 0
113379, 7, 1246, 1424, 0, 0, 30.03%, 0, 0, 26, 63.11, 4511066, 804, 0, 0
113385, 7, 1234, 1424, 0, 0, 30.03%, 0, 0, 26, 62.67, 4511400, 804, 0, 0
113390, 7, 1034, 1424, 0, 0, 30.03%, 0, 0, 26, 69.13, 4511756, 804, 0, 0
113395, 7, 1145, 1424, 0, 0, 30.03%, 0, 0, 26, 63.08, 4512072, 804, 0, 0
113400, 7, 1210, 1424, 0, 0, 30.03%, 0, 0, 26, 60.23, 4512373, 804, 0, 0
113405, 7, 557, 1424, 0, 0, 30.03%, 0, 0, 26, 61.87, 4512685, 804, 0, 0
113410, 7, 498, 1424, 0, 0, 30.03%, 0, 0, 26, 88.73, 4513165, 804, 0, 0
113415, 7, 1178, 1424, 0, 0, 30.03%, 0, 0, 26, 76.01, 4513581, 804, 0, 0
113420, 7, 1137, 1424, 0, 0, 30.03%, 0, 0, 26, 62.57, 4513887, 804, 0, 0
113426, 7, 692, 1424, 0, 0, 30.03%, 0, 0, 26, 69.15, 4514239, 804, 0, 0
113431, 7, 1182, 1424, 0, 0, 30.03%, 0, 0, 26, 60.52, 4514541, 804, 0, 0
113436, 7, 1276, 1424, 0, 0, 30.03%, 0, 0, 26, 65.32, 4514909, 804, 0, 0
113441, 7, 604, 1424, 0, 0, 30.03%, 0, 0, 26, 69.20, 4515246, 804, 0, 0
113446, 7, 289, 1424, 0, 0, 30.03%, 0, 0, 26, 74.18, 4515613, 804, 0, 0
113451, 7, 1081, 1424, 0, 0, 30.03%, 0, 0, 26, 69.30, 4515987, 804, 0, 0
113456, 7, 1130, 1424, 0, 0, 30.03%, 0, 0, 26, 63.04, 4516299, 804, 0, 0
113461, 7, 1110, 1424, 0, 0, 30.03%, 0, 0, 26, 64.31, 4516633, 804, 0, 0
113467, 7, 140, 1424, 0, 0, 30.03%, 0, 0, 26, 65.72, 4516962, 804, 0, 0
113472, 7, 1296, 1424, 0, 0, 30.03%, 0, 0, 26, 59.14, 4517284, 804, 0, 0
113477, 7, 263, 1424, 0, 0, 30.03%, 0, 0, 26, 79.73, 4517682, 804, 0, 0
113482, 7, 1366, 1424, 0, 0, 30.03%, 0, 0, 26, 78.04, 4518122, 804, 0, 0
113487, 7, 1389, 1424, 0, 0, 30.03%, 0, 0, 26, 56.37, 4518381, 804, 0, 0
113492, 7, 1389, 1424, 0, 0, 30.03%, 0, 0, 26, 51.78, 4518634, 804, 0, 0
113497, 7, 1350, 1424, 0, 0, 30.03%, 0, 0, 26, 62.36, 4518971, 804, 0, 0
113502, 7, 1350, 1424, 0, 0, 30.03%, 0, 0, 26, 53.32, 4519230, 804, 0, 0
113508, 7, 1065, 1424, 0, 0, 30.03%, 0, 0, 26, 82.76, 4519701, 804, 0, 0
113513, 7, 689, 1424, 0, 0, 30.03%, 0, 0, 26, 73.86, 4520064, 804, 0, 0
113518, 7, 1371, 1424, 0, 0, 30.03%, 0, 0, 26, 57.75, 4520351, 804, 0, 0
113523, 7, 1371, 1424, 0, 0, 30.03%, 0, 0, 26, 52.19, 4520611, 804, 0, 0
113528, 7, 1131, 1424, 0, 0, 30.03%, 0, 0, 26, 55.69, 4520890, 804, 0, 0
113533, 7, 1397, 1424, 0, 0, 30.03%, 0, 0, 26, 54.25, 4521174, 804, 0, 0
113538, 7, 621, 1424, 0, 0, 30.03%, 0, 0, 26, 61.60, 4521474, 804, 0, 0
113544, 7, 736, 1424, 0, 0, 30.03%, 0, 0, 26, 73.72, 4521883, 804, 0, 0
113549, 7, 1353, 1424, 0, 0, 30.03%, 0, 0, 26, 57.39, 4522163, 804, 0, 0
113554, 7, 1153, 1424, 0, 0, 30.03%, 0, 0, 26, 56.86, 4522453, 804, 0, 0
113559, 7, 1306, 1424, 0, 0, 30.03%, 0, 0, 26, 55.64, 4522741, 804, 0, 0
113564, 7, 1389, 1424, 0, 0, 30.03%, 0, 0, 26, 52.33, 4523006, 804, 0, 0
113569, 7, 566, 1424, 0, 0, 30.03%, 0, 0, 26, 62.79, 4523314, 804, 0, 0
113574, 7, 492, 1424, 0, 0, 30.03%, 0, 0, 26, 79.17, 4523756, 804, 0, 0
113579, 7, 553, 1424, 0, 0, 30.03%, 0, 0, 26, 96.19, 4524263, 804, 0, 0
113585, 7, 1035, 1424, 0, 0, 30.03%, 0, 0, 26, 95.36, 4524772, 804, 0, 0
113590, 7, 289, 1424, 0, 0, 30.03%, 0, 0, 26, 87.11, 4525176, 804, 0, 0
113595, 7, 1224, 1424, 0, 0, 30.03%, 0, 0, 26, 61.85, 4525471, 804, 0, 0
113600, 7, 1248, 1424, 0, 0, 30.03%, 0, 0, 26, 75.98, 4525892, 804, 0, 0
113605, 7, 542, 1424, 0, 0, 30.03%, 0, 0, 26, 71.82, 4526219, 804, 0, 0
113610, 7, 185, 1424, 0, 0, 30.03%, 0, 0, 26, 79.79, 4526644, 804, 0, 0
113615, 7, 1397, 1424, 0, 0, 30.03%, 0, 0, 26, 58.36, 4526928, 804, 0, 0
113620, 7, 1365, 1424, 0, 0, 30.03%, 0, 0, 26, 51.77, 4527181, 804, 0, 0
113626, 7, 220, 1424, 0, 0, 30.03%, 0, 0, 26, 80.52, 4527589, 804, 0, 0
113631, 7, 1186, 1424, 0, 0, 30.03%, 0, 0, 26, 74.63, 4528014, 804, 0, 0
113636, 7, 573, 1424, 0, 0, 30.03%, 0, 0, 26, 63.69, 4528316, 804, 0, 0
113641, 7, 1161, 1424, 0, 0, 30.03%, 0, 0, 26, 71.96, 4528701, 804, 0, 0
113646, 7, 1356, 1424, 0, 0, 30.03%, 0, 0, 26, 57.47, 4528988, 804, 0, 0
113651, 7, 1255, 1424, 0, 0, 30.03%, 0, 0, 26, 57.08, 4529260, 804, 0, 0
113656, 7, 653, 1424, 0, 0, 30.03%, 0, 0, 26, 70.56, 4529633, 804, 0, 0
113661, 7, 1383, 1424, 0, 0, 30.03%, 0, 0, 26, 56.20, 4529912, 804, 0, 0
113666, 7, 1246, 1424, 0, 0, 30.03%, 0, 0, 26, 55.88, 4530190, 804, 0, 0
113671, 7, 271, 1424, 0, 0, 30.03%, 0, 0, 26, 76.84, 4530567, 804, 0, 0
113677, 7, 408, 1424, 0, 0, 30.03%, 0, 0, 26, 86.04, 4531018, 804, 0, 0
113682, 7, 1423, 1424, 0, 0, 30.03%, 0, 0, 26, 92.66, 4531520, 804, 0, 0
113687, 7, 1423, 1424, 0, 0, 30.03%, 0, 0, 26, 58.49, 4531768, 804, 0, 0
113692, 7, 1423, 1424, 0, 0, 30.03%, 0, 0, 26, 52.38, 4532027, 804, 0, 0
113697, 7, 502, 1424, 0, 0, 30.03%, 0, 0, 26, 82.64, 4532450, 804, 0, 0
113702, 7, 88, 1424, 0, 0, 30.03%, 0, 0, 26, 74.93, 4532824, 804, 0, 0
113707, 7, 1397, 1424, 0, 0, 30.03%, 0, 0, 26, 60.92, 4533159, 804, 0, 0
113712, 7, 513, 1424, 0, 0, 30.03%, 0, 0, 26, 83.30, 4533573, 804, 0, 0
113717, 7, 1367, 1424, 0, 0, 30.03%, 0, 0, 26, 71.25, 4533950, 804, 0, 0
113723, 7, 439, 1424, 0, 0, 30.03%, 0, 0, 26, 69.73, 4534261, 804, 0, 0
113728, 7, 577, 1424, 0, 0, 30.03%, 0, 0, 26, 83.98, 4534726, 804, 0, 0
113733, 7, 1294, 1424, 0, 0, 30.03%, 0, 0, 26, 72.19, 4535103, 804, 0, 0
113738, 7, 480, 1424, 0, 0, 30.03%, 0, 0, 26, 63.74, 4535392, 804, 0, 0
113743, 7, 1246, 1424, 0, 0, 30.03%, 0, 0, 26, 68.29, 4535791, 804, 0, 0
113748, 7, 345, 1424, 0, 0, 30.03%, 0, 0, 26, 64.65, 4536091, 804, 0, 0
113753, 7, 246, 1424, 0, 0, 30.03%, 0, 0, 26, 92.99, 4536597, 804, 0, 0
113758, 7, 581, 1424, 0, 0, 30.03%, 0, 0, 26, 94.10, 4537096, 804, 0, 0
113763, 7, 1159, 1424, 0, 0, 30.03%, 0, 0, 26, 73.85, 4537473, 804, 0, 0
113769, 7, 1364, 1424, 0, 0, 30.03%, 0, 0, 26, 55.76, 4537742, 804, 0, 0
113774, 7, 639, 1424, 0, 0, 30.03%, 0, 0, 26, 64.97, 4538063, 804, 0, 0
113779, 7, 1397, 1424, 0, 0, 30.03%, 0, 0, 26, 53.66, 4538315, 804, 0, 0
113784, 7, 1162, 1424, 0, 0, 30.03%, 0, 0, 26, 56.54, 4538609, 804, 0, 0
113789, 7, 1225, 1424, 0, 0, 30.03%, 0, 0, 26, 56.78, 4538907, 804, 0, 0
113794, 7, 784, 1424, 0, 0, 30.03%, 0, 0, 26, 61.50, 4539213, 804, 0, 0
113799, 7, 208, 1424, 0, 0, 30.03%, 0, 0, 26, 63.91, 4539534, 804, 0, 0
113804, 7, 398, 1424, 0, 0, 30.03%, 0, 0, 26, 75.00, 4539923, 804, 0, 0
113810, 7, 801, 1424, 0, 0, 30.03%, 0, 0, 26, 72.46, 4540309, 804, 0, 0
113815, 7, 1350, 1424, 0, 0, 30.03%, 0, 0, 26, 56.81, 4540585, 804, 0, 0
113820, 7, 225, 1424, 0, 0, 30.03%, 0, 0, 26, 69.23, 4540928, 804, 0, 0
113825, 7, 304, 1424, 0, 0, 30.03%, 0, 0, 26, 84.09, 4541368, 804, 0, 0
113830, 7, 1230, 1424, 0, 0, 30.03%, 0, 0, 26, 65.11, 4541710, 804, 0, 0
113835, 7, 1161, 1424, 0, 0, 30.03%, 0, 0, 26, 82.28, 4542143, 804, 0, 0
113840, 7, 1320, 1424, 0, 0, 30.03%, 0, 0, 26, 68.64, 4542470, 804, 0, 0
113846, 7, 1063, 1424, 0, 0, 30.03%, 0, 0, 26, 76.80, 4542881, 804, 0, 0
113851, 7, 1065, 1424, 0, 0, 30.03%, 0, 0, 26, 75.30, 4543260, 804, 0, 0
113856, 7, 1225, 1424, 0, 0, 30.03%, 0, 0, 26, 64.15, 4543576, 804, 0, 0
113861, 7, 1352, 1424, 0, 0, 30.03%, 0, 0, 26, 54.66, 4543848, 804, 0, 0
113866, 7, 1177, 1424, 0, 0, 30.03%, 0, 0, 26, 51.15, 4544101, 804, 0, 0
113871, 7, 220, 1424, 0, 0, 30.03%, 0, 0, 26, 63.73, 4544424, 804, 0, 0
113876, 7, 1369, 1424, 0, 0, 30.03%, 0, 0, 26, 65.40, 4544817, 804, 0, 0
113882, 7, 492, 1424, 0, 0, 30.03%, 0, 0, 26, 75.38, 4545169, 804, 0, 0
113887, 7, 88, 1424, 0, 0, 30.03%, 0, 0, 26, 83.35, 4545608, 804, 0, 0
113892, 7, 1142, 1424, 0, 0, 30.03%, 0, 0, 26, 68.82, 4545979, 804, 0, 0
113897, 7, 1290, 1424, 0, 0, 30.03%, 0, 0, 26, 57.38, 4546260, 804, 0, 0
113902, 7, 1308, 1424, 0, 0, 30.03%, 0, 0, 26, 59.63, 4546573, 804, 0, 0
113907, 7, 432, 1424, 0, 0, 30.03%, 0, 0, 26, 76.05, 4546936, 804, 0, 0
113912, 7, 1188, 1424, 0, 0, 30.03%, 0, 0, 26, 64.69, 4547267, 804, 0, 0
113917, 7, 1227, 1424, 0, 0, 30.03%, 0, 0, 26, 58.04, 4547553, 804, 0, 0
113922, 7, 171, 1424, 0, 0, 30.03%, 0, 0, 26, 86.56, 4548000, 804, 0, 0
113927, 7, 865, 1424, 0, 0, 30.03%, 0, 0, 26, 75.81, 4548388, 804, 0, 0
113932, 7, 392, 1424, 0, 0, 30.03%, 0, 0, 26, 87.25, 4548852, 804, 0, 0
113938, 7, 1351, 1424, 0, 0, 30.03%, 0, 0, 26, 72.10, 4549243, 804, 0, 0
113943, 7, 1417, 1424, 0, 0, 30.03%, 0, 0, 26, 50.56, 4549462, 804, 0, 0
113948, 7, 304, 1424, 0, 0, 30.03%, 0, 0, 26, 80.21, 4549894, 804, 0, 0
113953, 7, 1204, 1424, 0, 0, 30.03%, 0, 0, 26, 63.79, 4550216, 804, 0, 0
113958, 7, 1253, 1424, 0, 0, 30.03%, 0, 0, 26, 58.90, 4550515, 804, 0, 0
113963, 7, 1296, 1424, 0, 0, 30.03%, 0, 0, 26, 82.32, 4550961, 804, 0, 0
113968, 7, 1296, 1424, 0, 0, 30.03%, 0, 0, 26, 59.97, 4551238, 804, 0, 0
113974, 7, 417, 1424, 0, 0, 30.03%, 0, 0, 26, 84.96, 4551746, 804, 0, 0
113979, 7, 966, 1424, 0, 0, 30.03%, 0, 0, 26, 76.17, 4552149, 804, 0, 0
113984, 7, 495, 1424, 0, 0, 30.03%, 0, 0, 26, 90.25, 4552616, 804, 0, 0
113989, 7, 1309, 1424, 0, 0, 30.03%, 0, 0, 26, 67.11, 4552971, 804, 0, 0
113994, 7, 464, 1424, 0, 0, 30.03%, 0, 0, 26, 82.29, 4553365, 804, 0, 0
113999, 7, 1371, 1424, 0, 0, 30.03%, 0, 0, 26, 61.21, 4553687, 804, 0, 0
114004, 7, 1397, 1424, 0, 0, 30.03%, 0, 0, 26, 51.58, 4553938, 804, 0, 0
114009, 7, 874, 1424, 0, 0, 30.03%, 0, 0, 26, 57.61, 4554220, 804, 0, 0
114014, 7, 796, 1424, 0, 0, 30.03%, 0, 0, 26, 58.58, 4554534, 804, 0, 0
114020, 7, 206, 1424, 0, 0, 30.03%, 0, 0, 26, 75.72, 4554890, 804, 0, 0
114025, 7, 1231, 1424, 0, 0, 30.03%, 0, 0, 26, 67.42, 4555235, 804, 0, 0
114030, 7, 1212, 1424, 0, 0, 30.03%, 0, 0, 26, 57.57, 4555515, 804, 0, 0
114035, 7, 1212, 1424, 0, 0, 30.03%, 0, 0, 26, 56.30, 4555796, 804, 0, 0
114040, 7, 227, 1424, 0, 0, 30.03%, 0, 0, 26, 90.96, 4556302, 804, 0, 0
114045, 7, 1038, 1424, 0, 0, 30.03%, 0, 0, 26, 73.45, 4556678, 804, 0, 0
114050, 7, 1242, 1424, 0, 0, 30.03%, 0, 0, 26, 64.51, 4557024, 804, 0, 0
114055, 7, 1348, 1424, 0, 0, 30.03%, 0, 0, 26, 54.28, 4557291, 804, 0, 0
114061, 7, 514, 1424, 0, 0, 30.03%, 0, 0, 26, 78.15, 4557681, 804, 0, 0
114066, 7, 1088, 1424, 0, 0, 30.03%, 0, 0, 26, 74.67, 4558078, 804, 0, 0
114071, 7, 220, 1424, 0, 0, 30.03%, 0, 0, 26, 69.74, 4558428, 804, 0, 0
114076, 7, 911, 1424, 0, 0, 30.03%, 0, 0, 26, 69.53, 4558802, 804, 0, 0
114081, 7, 1161, 1424, 0, 0, 30.03%, 0, 0, 26, 62.41, 4559109, 804, 0, 0
114086, 7, 431, 1424, 0, 0, 30.03%, 0, 0, 26, 84.62, 4559552, 804, 0, 0
114091, 7, 423, 1424, 0, 0, 30.03%, 0, 0, 26, 96.06, 4560058, 804, 0, 0
114096, 7, 1176, 1424, 0, 0, 30.03%, 0, 0, 26, 66.57, 4560379, 804, 0, 0
114101, 7, 628, 1424, 0, 0, 30.03%, 0, 0, 26, 69.23, 4560711, 804, 0, 0
114107, 7, 1274, 1424, 0, 0, 30.03%, 0, 0, 26, 66.46, 4561077, 804, 0, 0
114112, 7, 758, 1424, 0, 0, 30.03%, 0, 0, 26, 79.43, 4561460, 804, 0, 0
114117, 7, 513, 1424, 0, 0, 30.03%, 0, 0, 26, 86.65, 4561893, 804, 0, 0
114122, 7, 1397, 1424, 0, 0, 30.03%, 0, 0, 26, 69.47, 4562260, 804, 0, 0
114127, 7, 385, 1424, 0, 0, 30.03%, 0, 0, 26, 79.62, 4562621, 804, 0, 0
114132, 7, 829, 1424, 0, 0, 30.03%, 0, 0, 26, 76.47, 4563038, 804, 0, 0
114137, 7, 1397, 1424, 0, 0, 30.03%, 0, 0, 26, 76.05, 4563424, 804, 0, 0
114142, 7, 1397, 1424, 0, 0, 30.03%, 0, 0, 26, 56.49, 4563685, 804, 0, 0
114147, 7, 1038, 1424, 0, 0, 30.03%, 0, 0, 26, 78.84, 4564131, 804, 0, 0
114152, 7, 703, 1424, 0, 0, 30.03%, 0, 0, 26, 75.04, 4564504, 804, 0, 0
114157, 7, 553, 1424, 0, 0, 30.03%, 0, 0, 26, 92.42, 4564994, 804, 0, 0
114163, 7, 401, 1424, 0, 0, 30.03%, 0, 0, 26, 99.92, 4565519, 804, 0, 0
114168, 7, 1371, 1424, 0, 0, 30.03%, 0, 0, 26, 61.38, 4565782, 804, 0, 0
114173, 7, 775, 1424, 0, 0, 30.03%, 0, 0, 26, 67.84, 4566138, 804, 0, 0
114178, 7, 640, 1424, 0, 0, 30.03%, 0, 0, 26, 88.44, 4566592, 804, 0, 0
114183, 7, 936, 1424, 0, 0, 30.03%, 0, 0, 26, 71.59, 4566950, 804, 0, 0
114188, 7, 576, 1424, 0, 0, 30.03%, 0, 0, 26, 78.04, 4567338, 804, 0, 0
114194, 7, 593, 1424, 0, 0, 30.03%, 0, 0, 26, 92.99, 4567803, 804, 0, 0
114199, 7, 1288, 1424, 0, 0, 30.03%, 0, 0, 26, 8.82, 4568119, 804, 0, 0
114204, 7, 1219, 1424, 0, 0, 30.03%, 0, 0, 26, 54.18, 4568405, 804, 0, 0
114209, 7, 686, 1424, 0, 0, 30.03%, 0, 0, 26, 63.95, 4568723, 804, 0, 0
114214, 7, 99, 1424, 0, 0, 30.03%, 0, 0, 26, 68.23, 4569064, 804, 0, 0
114219, 7, 503, 1424, 0, 0, 30.03%, 0, 0, 26, 86.48, 4569512, 804, 0, 0
114224, 7, 1293, 1424, 0, 0, 30.03%, 0, 0, 26, 83.59, 4569970, 804, 0, 0
114229, 7, 895, 1424, 0, 0, 30.03%, 0, 0, 26, 64.01, 4570256, 804, 0, 0
114234, 7, 371, 1424, 0, 0, 30.03%, 0, 0, 26, 80.71, 4570659, 804, 0, 0
114240, 7, 753, 1424, 0, 0, 30.03%, 0, 0, 26, 78.47, 4571065, 804, 0, 0
114245, 7, 503, 1424, 0, 0, 30.03%, 0, 0, 26, 88.93, 4571519, 804, 0, 0
114250, 7, 1262, 1424, 0, 0, 30.03%, 0, 0, 26, 67.14, 4571873, 804, 0, 0
114255, 7, 553, 1424, 0, 0, 30.03%, 0, 0, 26, 71.32, 4572219, 804, 0, 0
114260, 7, 1220, 1424, 0, 0, 30.03%, 0, 0, 26, 86.03, 4572700, 804, 0, 0
114265, 7, 1180, 1424, 0, 0, 30.03%, 0, 0, 26, 62.44, 4572985, 804, 0, 0
114270, 7, 1180, 1424, 0, 0, 30.03%, 0, 0, 26, 57.28, 4573270, 804, 0, 0
114275, 7, 1397, 1424, 0, 0, 30.03%, 0, 0, 26, 61.55, 4573613, 804, 0, 0
114281, 7, 1397, 1424, 0, 0, 30.03%, 0, 0, 26, 48.67, 4573855, 804, 0, 0
114286, 7, 1110, 1424, 0, 0, 30.03%, 0, 0, 26, 58.86, 4574138, 804, 0, 0
114291, 7, 620, 1424, 0, 0, 30.03%, 0, 0, 26, 66.00, 4574469, 804, 0, 0
114296, 7, 1296, 1424, 0, 0, 30.03%, 0, 0, 26, 52.79, 4574739, 804, 0, 0
114301, 7, 424, 1424, 0, 0, 30.03%, 0, 0, 26, 57.37, 4575003, 804, 0, 0
114306, 7, 1373, 1424, 0, 0, 30.03%, 0, 0, 26, 69.79, 4575385, 804, 0, 0
114311, 7, 1373, 1424, 0, 0, 30.03%, 0, 0, 26, 14.90, 4575494, 804, 0, 0
114316, 7, 458, 1424, 0, 0, 30.03%, 0, 0, 26, 44.92, 4575733, 804, 0, 0
