# relative_time, cycles_done, cur_item, corpus_count, pending_total, pending_favs, map_size, saved_crashes, saved_hangs, max_depth, execs_per_sec, total_execs, edges_found, total_crashes, servers_count
62, 0, 0, 130, 130, 1, 15.91%, 0, 6, 2, 138.96, 7611, 426, 0, 0
67, 0, 0, 136, 136, 1, 16.06%, 0, 6, 2, 139.17, 8312, 430, 0, 0
72, 0, 0, 139, 139, 1, 16.06%, 0, 6, 2, 134.67, 8990, 430, 0, 0
77, 0, 0, 140, 140, 1, 16.10%, 0, 7, 2, 134.58, 9510, 431, 0, 0
82, 0, 0, 142, 142, 1, 16.10%, 0, 7, 2, 137.27, 10198, 431, 0, 0
87, 0, 0, 143, 143, 1, 16.14%, 0, 7, 2, 132.98, 10866, 432, 0, 0
92, 0, 0, 145, 145, 1, 16.14%, 0, 7, 2, 133.20, 11550, 432, 0, 0
98, 0, 0, 145, 145, 1, 16.14%, 0, 7, 2, 140.55, 12282, 432, 0, 0
103, 0, 0, 146, 146, 1, 16.14%, 0, 7, 2, 138.25, 12995, 432, 0, 0
108, 0, 0, 146, 146, 1, 16.14%, 0, 7, 2, 139.94, 13727, 432, 0, 0
113, 0, 0, 148, 148, 1, 16.14%, 0, 7, 2, 139.24, 14449, 432, 0, 0
118, 0, 0, 149, 149, 1, 16.17%, 0, 7, 2, 139.13, 15144, 433, 0, 0
123, 0, 0, 150, 150, 1, 16.21%, 0, 7, 2, 138.58, 15859, 434, 0, 0
128, 0, 0, 152, 152, 1, 16.21%, 0, 7, 2, 138.86, 16553, 434, 0, 0
134, 0, 0, 153, 153, 1, 16.25%, 0, 7, 2, 139.29, 17266, 435, 0, 0
139, 0, 0, 154, 154, 1, 16.25%, 0, 7, 2, 140.44, 17976, 435, 0, 0
144, 0, 0, 154, 154, 1, 16.25%, 0, 7, 2, 135.38, 18654, 435, 0, 0
149, 0, 0, 154, 154, 1, 16.25%, 0, 7, 2, 140.51, 19390, 435, 0, 0
154, 0, 0, 154, 154, 1, 16.25%, 0, 7, 2, 131.72, 20060, 435, 0, 0
159, 0, 0, 155, 155, 1, 16.29%, 0, 7, 2, 136.81, 20769, 436, 0, 0
164, 0, 0, 156, 156, 1, 16.29%, 0, 8, 2, 135.74, 21306, 436, 0, 0
169, 0, 0, 156, 156, 1, 16.29%, 0, 8, 2, 135.72, 21972, 436, 0, 0
174, 0, 0, 156, 156, 1, 16.29%, 0, 8, 2, 135.14, 22670, 436, 0, 0
179, 0, 0, 156, 156, 1, 16.29%, 0, 8, 2, 133.91, 23360, 436, 0, 0
185, 0, 0, 159, 159, 1, 16.59%, 0, 8, 2, 135.22, 24064, 444, 0, 0
190, 0, 0, 160, 160, 1, 16.62%, 0, 8, 2, 136.31, 24758, 445, 0, 0
195, 0, 0, 160, 160, 1, 16.62%, 0, 8, 2, 139.66, 25482, 445, 0, 0
200, 0, 0, 160, 160, 1, 16.62%, 0, 9, 2, 136.79, 26029, 445, 0, 0
205, 0, 0, 160, 160, 1, 16.62%, 0, 9, 2, 134.27, 26715, 445, 0, 0
210, 0, 0, 161, 161, 1, 16.62%, 0, 9, 2, 136.35, 27392, 445, 0, 0
215, 0, 0, 164, 164, 1, 16.66%, 0, 9, 2, 137.88, 28107, 446, 0, 0
221, 0, 0, 164, 164, 1, 16.66%, 0, 9, 2, 140.67, 28839, 446, 0, 0
226, 0, 0, 164, 164, 1, 16.66%, 0, 9, 2, 140.78, 29565, 446, 0, 0
231, 0, 0, 165, 165, 1, 16.66%, 0, 9, 2, 141.32, 30294, 446, 0, 0
236, 0, 0, 165, 165, 1, 16.66%, 0, 9, 2, 136.21, 30966, 446, 0, 0
241, 0, 0, 165, 165, 1, 16.66%, 0, 9, 2, 135.95, 31676, 446, 0, 0
246, 0, 0, 165, 165, 1, 16.66%, 0, 9, 2, 139.45, 32402, 446, 0, 0
251, 0, 0, 167, 167, 1, 16.66%, 0, 9, 2, 140.61, 33131, 446, 0, 0
257, 0, 0, 167, 167, 1, 16.66%, 0, 9, 2, 136.84, 33843, 446, 0, 0
262, 0, 0, 167, 167, 1, 16.66%, 0, 10, 2, 139.39, 34422, 446, 0, 0
267, 0, 0, 168, 168, 1, 16.66%, 0, 10, 2, 139.67, 35145, 446, 0, 0
272, 0, 0, 169, 169, 1, 16.70%, 0, 10, 2, 138.70, 35871, 447, 0, 0
277, 0, 0, 170, 170, 1, 16.74%, 0, 10, 2, 137.48, 36575, 448, 0, 0
282, 0, 0, 170, 170, 1, 16.74%, 0, 10, 2, 138.85, 37301, 448, 0, 0
288, 0, 0, 171, 171, 1, 16.77%, 0, 10, 2, 139.51, 38026, 449, 0, 0
293, 0, 0, 171, 171, 1, 16.77%, 0, 10, 2, 141.28, 38762, 449, 0, 0
298, 0, 0, 171, 171, 1, 16.77%, 0, 10, 2, 136.70, 39474, 449, 0, 0
303, 0, 0, 172, 172, 1, 16.77%, 0, 10, 2, 140.30, 40199, 449, 0, 0
308, 0, 0, 172, 172, 1, 16.77%, 0, 10, 2, 136.46, 40883, 449, 0, 0
313, 0, 0, 174, 174, 1, 16.77%, 0, 10, 2, 136.20, 41565, 449, 0, 0
318, 0, 0, 174, 174, 1, 16.77%, 0, 10, 2, 134.70, 42263, 449, 0, 0
324, 0, 0, 175, 175, 1, 16.77%, 0, 11, 2, 6.32, 42891, 449, 0, 0
329, 0, 0, 176, 176, 1, 16.77%, 0, 11, 2, 136.90, 43590, 449, 0, 0
334, 0, 0, 176, 176, 1, 16.77%, 0, 11, 2, 130.80, 44270, 449, 0, 0
339, 0, 0, 177, 177, 1, 16.81%, 0, 11, 2, 131.26, 44945, 450, 0, 0
344, 0, 0, 177, 177, 1, 16.81%, 0, 12, 2, 137.95, 45486, 450, 0, 0
349, 0, 0, 177, 177, 1, 16.81%, 0, 12, 2, 136.22, 46194, 450, 0, 0
355, 0, 0, 177, 177, 1, 16.81%, 0, 12, 2, 133.80, 46864, 450, 0, 0
360, 0, 0, 177, 177, 1, 16.81%, 0, 12, 2, 138.53, 47586, 450, 0, 0
365, 0, 0, 177, 177, 1, 16.81%, 0, 12, 2, 139.84, 48308, 450, 0, 0
370, 0, 0, 177, 177, 1, 16.81%, 0, 12, 2, 140.72, 49040, 450, 0, 0
375, 0, 0, 177, 177, 1, 16.81%, 0, 12, 2, 140.24, 49766, 450, 0, 0
380, 0, 0, 177, 177, 1, 16.81%, 0, 12, 2, 140.12, 50492, 450, 0, 0
386, 0, 0, 177, 177, 1, 16.81%, 0, 12, 2, 141.17, 51222, 450, 0, 0
391, 0, 0, 177, 177, 1, 16.81%, 0, 12, 2, 140.29, 51920, 450, 0, 0
396, 0, 0, 178, 178, 1, 16.81%, 0, 12, 2, 129.84, 52573, 450, 0, 0
401, 0, 0, 179, 179, 1, 16.81%, 0, 12, 2, 138.29, 53303, 450, 0, 0
406, 0, 0, 179, 179, 1, 16.81%, 0, 12, 2, 139.18, 54023, 450, 0, 0
411, 0, 0, 179, 179, 1, 16.81%, 0, 12, 2, 138.26, 54739, 450, 0, 0
416, 0, 0, 179, 179, 1, 16.81%, 0, 12, 2, 136.91, 55445, 450, 0, 0
421, 0, 0, 180, 180, 1, 16.81%, 0, 12, 2, 132.70, 56108, 450, 0, 0
427, 0, 1, 180, 179, 61, 16.81%, 0, 12, 2, 138.36, 56818, 450, 0, 0
434, 0, 5, 182, 176, 58, 16.92%, 0, 12, 3, 150.69, 57894, 453, 0, 0
439, 0, 29, 182, 169, 51, 16.92%, 0, 12, 3, 140.01, 58598, 453, 0, 0
444, 0, 40, 183, 166, 48, 16.96%, 0, 12, 3, 125.26, 59175, 454, 0, 0
449, 0, 47, 184, 163, 44, 16.96%, 0, 12, 3, 123.74, 59803, 454, 0, 0
454, 0, 154, 189, 166, 42, 17.03%, 0, 12, 3, 126.32, 60439, 456, 0, 0
459, 0, 154, 194, 171, 42, 17.07%, 0, 12, 3, 138.78, 61149, 457, 0, 0
465, 0, 154, 195, 172, 42, 17.11%, 0, 12, 3, 147.27, 61919, 458, 0, 0
470, 0, 154, 195, 172, 42, 17.11%, 0, 12, 3, 148.06, 62683, 458, 0, 0
475, 0, 154, 196, 173, 42, 17.15%, 0, 12, 3, 146.29, 63428, 459, 0, 0
480, 0, 154, 199, 176, 42, 17.22%, 0, 12, 3, 144.87, 64169, 461, 0, 0
485, 0, 154, 200, 177, 42, 17.22%, 0, 12, 3, 142.55, 64902, 461, 0, 0
490, 0, 154, 201, 178, 42, 17.26%, 0, 12, 3, 146.88, 65667, 462, 0, 0
495, 0, 154, 201, 178, 42, 17.26%, 0, 12, 3, 147.17, 66423, 462, 0, 0
500, 0, 154, 202, 179, 42, 17.30%, 0, 12, 3, 149.25, 67190, 463, 0, 0
506, 0, 154, 202, 179, 42, 17.30%, 0, 12, 3, 147.18, 67954, 463, 0, 0
511, 0, 154, 203, 180, 42, 17.33%, 0, 12, 3, 149.56, 68731, 464, 0, 0
516, 0, 154, 203, 180, 42, 17.33%, 0, 12, 3, 150.02, 69511, 464, 0, 0
521, 0, 154, 204, 181, 42, 17.33%, 0, 12, 3, 150.08, 70265, 464, 0, 0
526, 0, 154, 205, 182, 42, 17.37%, 0, 12, 3, 149.95, 71040, 465, 0, 0
531, 0, 154, 205, 182, 42, 17.37%, 0, 12, 3, 149.26, 71814, 465, 0, 0
537, 0, 154, 205, 182, 42, 17.37%, 0, 12, 3, 150.13, 72593, 465, 0, 0
542, 0, 49, 208, 184, 54, 17.48%, 0, 12, 3, 147.66, 73335, 468, 0, 0
547, 0, 49, 210, 186, 54, 17.63%, 0, 12, 3, 148.00, 74074, 472, 0, 0
552, 0, 49, 212, 188, 54, 17.63%, 0, 12, 3, 148.76, 74842, 472, 0, 0
557, 0, 49, 214, 190, 54, 17.67%, 0, 12, 3, 148.15, 75600, 473, 0, 0
562, 0, 49, 215, 191, 54, 17.67%, 0, 13, 3, 147.68, 76192, 473, 0, 0
567, 0, 49, 216, 192, 54, 17.67%, 0, 13, 3, 148.72, 76967, 473, 0, 0
572, 0, 49, 216, 192, 54, 17.67%, 0, 13, 3, 150.24, 77750, 473, 0, 0
577, 0, 49, 218, 194, 54, 17.71%, 0, 13, 3, 148.71, 78521, 474, 0, 0
583, 0, 49, 218, 194, 54, 17.71%, 0, 14, 3, 149.36, 79118, 474, 0, 0
588, 0, 49, 218, 194, 54, 17.71%, 0, 14, 3, 149.44, 79894, 474, 0, 0
593, 0, 49, 218, 194, 54, 17.71%, 0, 14, 3, 149.56, 80664, 474, 0, 0
598, 0, 49, 218, 194, 54, 17.71%, 0, 14, 3, 149.89, 81414, 474, 0, 0
603, 0, 49, 219, 195, 54, 17.71%, 0, 14, 3, 148.70, 82159, 474, 0, 0
608, 0, 49, 219, 195, 54, 17.71%, 0, 14, 3, 147.87, 82917, 474, 0, 0
613, 0, 49, 219, 195, 54, 17.71%, 0, 14, 3, 148.67, 83685, 474, 0, 0
618, 0, 49, 219, 195, 54, 17.71%, 0, 14, 3, 146.39, 84437, 474, 0, 0
624, 0, 49, 219, 195, 54, 17.71%, 0, 14, 3, 147.83, 85203, 474, 0, 0
629, 0, 49, 219, 195, 54, 17.71%, 0, 14, 3, 150.06, 85986, 474, 0, 0
634, 0, 80, 219, 189, 51, 17.71%, 0, 14, 3, 148.97, 86744, 474, 0, 0
639, 0, 92, 221, 186, 46, 17.71%, 0, 14, 3, 148.27, 87488, 474, 0, 0
644, 0, 176, 228, 191, 44, 17.71%, 0, 14, 3, 143.84, 88215, 474, 0, 0
649, 0, 176, 231, 194, 44, 17.71%, 0, 14, 3, 144.93, 88964, 474, 0, 0
654, 0, 176, 231, 194, 44, 17.71%, 0, 14, 3, 145.14, 89710, 474, 0, 0
659, 0, 176, 234, 197, 44, 17.71%, 0, 14, 3, 146.60, 90463, 474, 0, 0
665, 0, 176, 234, 197, 44, 17.71%, 0, 15, 3, 143.56, 91057, 474, 0, 0
670, 0, 176, 236, 199, 44, 17.71%, 0, 15, 3, 146.43, 91813, 474, 0, 0
675, 0, 176, 236, 199, 44, 17.71%, 0, 16, 3, 145.58, 92416, 474, 0, 0
680, 0, 176, 238, 201, 44, 17.71%, 0, 16, 3, 144.37, 93164, 474, 0, 0
685, 0, 176, 238, 201, 44, 17.71%, 0, 16, 3, 146.14, 93916, 474, 0, 0
690, 0, 176, 239, 202, 44, 17.71%, 0, 17, 3, 140.27, 94474, 474, 0, 0
695, 0, 176, 239, 202, 44, 17.71%, 0, 17, 3, 144.11, 95220, 474, 0, 0
700, 0, 176, 240, 203, 44, 17.74%, 0, 17, 3, 146.22, 95981, 475, 0, 0
706, 0, 176, 240, 203, 44, 17.74%, 0, 17, 3, 146.14, 96737, 475, 0, 0
711, 0, 176, 240, 203, 44, 17.74%, 0, 17, 3, 146.26, 97487, 475, 0, 0
716, 0, 176, 240, 203, 44, 17.74%, 0, 17, 3, 144.24, 98225, 475, 0, 0
721, 0, 176, 240, 203, 44, 17.74%, 0, 17, 3, 147.58, 98987, 475, 0, 0
726, 0, 176, 240, 203, 44, 17.74%, 0, 17, 3, 146.55, 99737, 475, 0, 0
731, 0, 176, 241, 204, 44, 17.74%, 0, 17, 3, 147.01, 100490, 475, 0, 0
736, 0, 237, 241, 199, 41, 17.74%, 0, 17, 3, 149.09, 101236, 475, 0, 0
741, 0, 141, 242, 197, 38, 17.74%, 0, 17, 3, 146.79, 101974, 475, 0, 0
746, 0, 148, 243, 192, 32, 17.74%, 0, 17, 3, 145.10, 102709, 475, 0, 0
751, 0, 175, 245, 190, 28, 17.74%, 0, 17, 3, 145.28, 103453, 475, 0, 0
757, 0, 50, 245, 183, 21, 17.74%, 0, 17, 3, 149.77, 104202, 475, 0, 0
762, 0, 210, 245, 178, 18, 17.74%, 0, 17, 3, 146.36, 104942, 475, 0, 0
767, 0, 216, 248, 179, 17, 17.74%, 0, 17, 4, 146.74, 105682, 475, 0, 0
772, 0, 78, 248, 171, 9, 17.74%, 0, 17, 4, 150.13, 106451, 475, 0, 0
777, 0, 239, 250, 172, 9, 17.74%, 0, 18, 4, 149.25, 107022, 475, 0, 0
782, 0, 182, 250, 168, 6, 17.74%, 0, 18, 4, 147.14, 107752, 475, 0, 0
787, 0, 250, 253, 167, 2, 17.74%, 0, 18, 6, 146.67, 108497, 475, 0, 0
792, 0, 97, 253, 165, 0, 17.74%, 0, 19, 6, 143.21, 109095, 475, 0, 0
797, 0, 131, 253, 164, 0, 17.74%, 0, 19, 6, 149.69, 109871, 475, 0, 0
803, 0, 242, 258, 169, 0, 17.74%, 0, 19, 6, 141.54, 110583, 475, 0, 0
808, 0, 242, 259, 170, 0, 17.74%, 0, 19, 6, 140.85, 111304, 475, 0, 0
813, 0, 242, 262, 173, 0, 17.74%, 0, 19, 6, 140.04, 112027, 475, 0, 0
818, 0, 242, 263, 174, 0, 17.74%, 0, 19, 6, 136.10, 112727, 475, 0, 0
823, 0, 242, 264, 175, 0, 18.01%, 0, 19, 6, 134.48, 113412, 482, 0, 0
828, 0, 242, 265, 176, 0, 18.01%, 0, 19, 6, 139.40, 114127, 482, 0, 0
833, 0, 242, 265, 176, 0, 18.01%, 0, 19, 6, 138.51, 114827, 482, 0, 0
838, 0, 242, 265, 176, 0, 18.01%, 0, 19, 6, 125.45, 115455, 482, 0, 0
843, 0, 242, 266, 177, 0, 18.01%, 0, 19, 6, 134.03, 116122, 482, 0, 0
849, 0, 242, 267, 178, 0, 18.08%, 0, 19, 6, 128.80, 116793, 484, 0, 0
854, 0, 242, 267, 178, 0, 18.08%, 0, 19, 6, 136.66, 117513, 484, 0, 0
859, 0, 242, 268, 179, 0, 18.08%, 0, 19, 6, 138.57, 118208, 484, 0, 0
864, 0, 242, 268, 179, 0, 18.08%, 0, 19, 6, 122.21, 118848, 484, 0, 0
869, 0, 242, 268, 179, 0, 18.08%, 0, 19, 6, 132.01, 119524, 484, 0, 0
874, 0, 242, 268, 179, 0, 18.08%, 0, 19, 6, 130.66, 120184, 484, 0, 0
879, 0, 242, 269, 180, 0, 18.08%, 0, 19, 6, 131.75, 120837, 484, 0, 0
884, 0, 242, 271, 182, 0, 18.08%, 0, 19, 6, 133.64, 121533, 484, 0, 0
889, 0, 242, 271, 182, 0, 18.08%, 0, 19, 6, 135.84, 122225, 484, 0, 0
894, 0, 242, 271, 182, 0, 18.08%, 0, 19, 6, 134.72, 122915, 484, 0, 0
900, 0, 214, 274, 182, 1, 18.08%, 0, 19, 6, 139.26, 123670, 484, 0, 0
905, 0, 272, 282, 189, 1, 18.08%, 0, 19, 6, 132.64, 124324, 484, 0, 0
910, 0, 272, 286, 193, 1, 18.08%, 0, 19, 6, 139.09, 125032, 484, 0, 0
915, 0, 272, 288, 195, 1, 18.08%, 0, 19, 6, 140.74, 125740, 484, 0, 0
920, 0, 272, 289, 196, 1, 18.08%, 0, 19, 6, 140.02, 126457, 484, 0, 0
925, 0, 272, 292, 199, 1, 18.08%, 0, 19, 6, 131.79, 127102, 484, 0, 0
931, 0, 272, 294, 201, 1, 18.08%, 0, 19, 6, 134.62, 127816, 484, 0, 0
936, 0, 272, 294, 201, 1, 18.08%, 0, 19, 6, 136.74, 128506, 484, 0, 0
941, 0, 272, 294, 201, 1, 18.08%, 0, 19, 6, 138.51, 129234, 484, 0, 0
946, 0, 272, 295, 202, 1, 18.08%, 0, 19, 6, 142.75, 129947, 484, 0, 0
951, 0, 272, 296, 203, 1, 18.08%, 0, 19, 6, 140.66, 130661, 484, 0, 0
956, 0, 272, 296, 203, 1, 18.08%, 0, 19, 6, 141.42, 131373, 484, 0, 0
961, 0, 272, 297, 204, 1, 18.08%, 0, 19, 6, 143.05, 132096, 484, 0, 0
966, 0, 272, 297, 204, 1, 18.08%, 0, 19, 6, 140.30, 132794, 484, 0, 0
971, 0, 272, 298, 205, 1, 18.08%, 0, 19, 6, 139.05, 133519, 484, 0, 0
976, 0, 272, 298, 205, 1, 18.08%, 0, 19, 6, 135.39, 134219, 484, 0, 0
982, 0, 272, 298, 205, 1, 18.08%, 0, 19, 6, 143.25, 134969, 484, 0, 0
987, 0, 272, 300, 207, 1, 18.08%, 0, 19, 6, 137.08, 135677, 484, 0, 0
992, 0, 272, 300, 207, 1, 18.08%, 0, 19, 6, 141.82, 136419, 484, 0, 0
997, 0, 32, 301, 206, 2, 18.08%, 0, 19, 7, 138.89, 137115, 484, 0, 0
1002, 0, 264, 301, 203, 2, 18.08%, 0, 19, 7, 142.19, 137838, 484, 0, 0
1007, 0, 282, 301, 199, 1, 18.08%, 0, 19, 7, 146.92, 138591, 484, 0, 0
1012, 0, 194, 301, 197, 0, 18.08%, 0, 19, 7, 152.11, 139374, 484, 0, 0
1017, 0, 249, 303, 199, 0, 18.08%, 0, 19, 7, 139.38, 140039, 484, 0, 0
1022, 0, 161, 303, 198, 0, 18.08%, 0, 19, 7, 145.75, 140761, 484, 0, 0
1028, 0, 194, 303, 195, 0, 18.08%, 0, 19, 7, 148.13, 141508, 484, 0, 0
1033, 0, 194, 303, 193, 0, 18.08%, 0, 19, 7, 151.66, 142277, 484, 0, 0
1038, 0, 149, 303, 193, 0, 18.08%, 0, 19, 7, 153.26, 143051, 484, 0, 0
1043, 0, 115, 303, 193, 0, 18.08%, 0, 19, 7, 152.38, 143822, 484, 0, 0
1048, 0, 93, 303, 191, 0, 18.08%, 0, 19, 7, 150.64, 144589, 484, 0, 0
1053, 0, 284, 303, 189, 0, 18.08%, 0, 19, 7, 145.19, 145327, 484, 0, 0
1058, 0, 3, 304, 187, 0, 18.08%, 0, 19, 7, 149.09, 146091, 484, 0, 0
1063, 0, 295, 304, 187, 0, 18.08%, 0, 19, 7, 147.11, 146844, 484, 0, 0
1068, 0, 295, 308, 191, 0, 18.15%, 0, 19, 7, 139.87, 147513, 486, 0, 0
1073, 0, 295, 310, 193, 0, 18.15%, 0, 19, 7, 134.09, 148193, 486, 0, 0
1078, 0, 295, 310, 193, 0, 18.15%, 0, 19, 7, 139.21, 148916, 486, 0, 0
1083, 0, 295, 313, 196, 0, 18.15%, 0, 20, 7, 137.50, 149416, 486, 0, 0
1089, 0, 295, 314, 197, 0, 18.15%, 0, 20, 7, 134.42, 150081, 486, 0, 0
1094, 0, 295, 314, 197, 0, 18.15%, 0, 20, 7, 137.85, 150791, 486, 0, 0
1099, 0, 295, 315, 198, 0, 18.15%, 0, 20, 7, 138.38, 151508, 486, 0, 0
1104, 0, 295, 315, 198, 0, 18.15%, 0, 20, 7, 133.12, 152168, 486, 0, 0
1109, 0, 295, 315, 198, 0, 18.15%, 0, 20, 7, 135.17, 152848, 486, 0, 0
1114, 0, 295, 315, 198, 0, 18.15%, 0, 20, 7, 138.41, 153568, 486, 0, 0
1119, 0, 295, 315, 198, 0, 18.15%, 0, 20, 7, 139.04, 154292, 486, 0, 0
1124, 0, 295, 317, 200, 0, 18.23%, 0, 20, 7, 134.88, 154942, 488, 0, 0
1129, 0, 295, 318, 201, 0, 18.23%, 0, 20, 7, 139.14, 155647, 488, 0, 0
1134, 0, 295, 318, 201, 0, 18.23%, 0, 20, 7, 136.59, 156345, 488, 0, 0
1140, 0, 285, 319, 199, 2, 18.23%, 0, 20, 8, 144.03, 157077, 488, 0, 0
1145, 0, 95, 319, 197, 1, 18.23%, 0, 20, 8, 143.88, 157799, 488, 0, 0
1150, 0, 314, 320, 196, 0, 18.23%, 0, 20, 8, 137.90, 158418, 488, 0, 0
1155, 0, 22, 320, 194, 0, 18.23%, 0, 20, 8, 146.58, 159156, 488, 0, 0
1160, 0, 40, 320, 192, 0, 18.23%, 0, 20, 8, 150.01, 159931, 488, 0, 0
1165, 0, 282, 320, 191, 0, 18.23%, 0, 20, 8, 147.61, 160655, 488, 0, 0
1170, 0, 285, 320, 191, 0, 18.23%, 0, 20, 8, 151.71, 161443, 488, 0, 0
1175, 0, 297, 320, 190, 0, 18.23%, 0, 20, 8, 149.37, 162179, 488, 0, 0
1180, 0, 320, 321, 189, 1, 18.27%, 0, 20, 8, 148.50, 162929, 489, 0, 0
1185, 0, 47, 322, 189, 0, 18.27%, 0, 20, 8, 150.29, 163680, 489, 0, 0
1190, 0, 237, 322, 188, 0, 18.27%, 0, 20, 8, 152.06, 164452, 489, 0, 0
1195, 0, 84, 323, 189, 0, 18.27%, 0, 20, 8, 149.27, 165226, 489, 0, 0
1200, 0, 282, 326, 191, 0, 18.27%, 0, 20, 8, 143.81, 165939, 489, 0, 0
1206, 0, 285, 326, 191, 0, 18.27%, 0, 20, 8, 146.74, 166717, 489, 0, 0
1211, 0, 298, 326, 190, 0, 18.27%, 0, 20, 8, 146.22, 167539, 489, 0, 0
1217, 0, 3, 326, 189, 0, 18.27%, 0, 20, 8, 151.90, 168316, 489, 0, 0
1222, 0, 29, 326, 187, 0, 18.27%, 0, 20, 8, 154.96, 169119, 489, 0, 0
1227, 0, 92, 326, 186, 0, 18.27%, 0, 20, 8, 152.78, 169896, 489, 0, 0
1232, 0, 31, 326, 185, 0, 18.27%, 0, 20, 8, 148.32, 170634, 489, 0, 0
1237, 0, 169, 326, 183, 0, 18.27%, 0, 20, 8, 149.62, 171391, 489, 0, 0
1242, 0, 131, 327, 182, 0, 18.27%, 0, 20, 8, 150.50, 172146, 489, 0, 0
1247, 0, 143, 327, 181, 0, 18.27%, 0, 20, 8, 150.55, 172913, 489, 0, 0
1252, 1, 324, 327, 179, 0, 18.27%, 0, 20, 8, 148.60, 173682, 489, 0, 0
1257, 1, 198, 333, 184, 0, 18.27%, 0, 20, 8, 148.74, 174424, 489, 0, 0
1263, 1, 198, 335, 186, 0, 18.27%, 0, 20, 8, 149.41, 175196, 489, 0, 0
1268, 1, 198, 337, 188, 0, 18.27%, 0, 20, 8, 149.41, 175964, 489, 0, 0
1273, 1, 198, 337, 188, 0, 18.27%, 0, 20, 8, 149.98, 176747, 489, 0, 0
1278, 1, 198, 337, 188, 0, 18.27%, 0, 20, 8, 150.39, 177506, 489, 0, 0
1283, 1, 198, 338, 189, 0, 18.30%, 0, 20, 8, 150.22, 178263, 490, 0, 0
1288, 1, 198, 338, 189, 0, 18.30%, 0, 20, 8, 149.52, 179013, 490, 0, 0
1293, 1, 198, 338, 189, 0, 18.30%, 0, 20, 8, 149.08, 179777, 490, 0, 0
1298, 1, 198, 338, 189, 0, 18.30%, 0, 20, 8, 144.16, 180498, 490, 0, 0
1303, 1, 198, 338, 189, 0, 18.30%, 0, 20, 8, 147.96, 181264, 490, 0, 0
1308, 1, 198, 338, 189, 0, 18.30%, 0, 20, 8, 149.41, 182034, 490, 0, 0
1314, 1, 198, 338, 189, 0, 18.30%, 0, 20, 8, 148.55, 182800, 490, 0, 0
1319, 1, 198, 338, 189, 0, 18.30%, 0, 20, 8, 149.28, 183574, 490, 0, 0
1324, 1, 198, 338, 189, 0, 18.30%, 0, 20, 8, 149.49, 184348, 490, 0, 0
1329, 1, 198, 338, 189, 0, 18.30%, 0, 20, 8, 148.57, 185112, 490, 0, 0
1334, 1, 198, 338, 189, 0, 18.30%, 0, 20, 8, 149.65, 185884, 490, 0, 0
1339, 1, 337, 338, 188, 1, 18.30%, 0, 20, 8, 149.92, 186649, 490, 0, 0
1345, 1, 183, 338, 185, 0, 18.30%, 0, 20, 8, 147.37, 187409, 490, 0, 0
1350, 1, 234, 340, 183, 0, 18.30%, 0, 20, 8, 148.85, 188158, 490, 0, 0
1355, 1, 97, 341, 182, 0, 18.30%, 0, 20, 8, 136.89, 188851, 490, 0, 0
1360, 1, 62, 341, 180, 0, 18.30%, 0, 20, 8, 144.30, 189634, 490, 0, 0
1365, 1, 186, 341, 178, 0, 18.30%, 0, 20, 8, 149.38, 190394, 490, 0, 0
1370, 1, 327, 341, 175, 0, 18.30%, 0, 20, 8, 148.30, 191137, 490, 0, 0
1376, 1, 179, 343, 174, 0, 18.30%, 0, 20, 8, 145.94, 191869, 490, 0, 0
1381, 1, 280, 344, 172, 0, 18.30%, 0, 20, 8, 142.17, 192591, 490, 0, 0
1386, 1, 278, 344, 168, 0, 18.30%, 0, 20, 8, 144.11, 193319, 490, 0, 0
1391, 1, 163, 344, 168, 0, 18.30%, 0, 20, 8, 152.32, 194114, 490, 0, 0
1396, 1, 67, 344, 166, 0, 18.30%, 0, 20, 8, 150.66, 194885, 490, 0, 0
1401, 1, 309, 344, 164, 0, 18.30%, 0, 20, 8, 138.59, 195548, 490, 0, 0
1406, 1, 258, 344, 161, 0, 18.30%, 0, 20, 8, 137.47, 196246, 490, 0, 0
1411, 1, 199, 344, 156, 0, 18.30%, 0, 20, 8, 147.90, 197013, 490, 0, 0
1417, 1, 7, 344, 156, 0, 18.30%, 0, 20, 8, 152.39, 197867, 490, 0, 0
1422, 1, 325, 344, 153, 0, 18.30%, 0, 20, 8, 152.52, 198638, 490, 0, 0
1427, 1, 208, 344, 150, 0, 18.30%, 0, 20, 8, 151.17, 199446, 490, 0, 0
1433, 1, 157, 344, 147, 0, 18.30%, 0, 20, 8, 151.03, 200258, 490, 0, 0
1438, 1, 313, 344, 142, 0, 18.30%, 0, 20, 8, 148.23, 201013, 490, 0, 0
1443, 1, 219, 345, 141, 0, 18.30%, 0, 20, 8, 150.36, 201796, 490, 0, 0
1448, 1, 335, 345, 136, 0, 18.30%, 0, 20, 8, 153.33, 202593, 490, 0, 0
1454, 1, 335, 349, 140, 0, 18.30%, 0, 21, 8, 137.19, 203114, 490, 0, 0
1459, 1, 335, 349, 140, 0, 18.30%, 0, 21, 8, 138.79, 203832, 490, 0, 0
1464, 1, 120, 349, 139, 0, 18.30%, 0, 21, 8, 139.22, 204544, 490, 0, 0
1469, 1, 347, 349, 139, 0, 18.30%, 0, 21, 8, 137.35, 205246, 490, 0, 0
1474, 1, 124, 349, 137, 0, 18.30%, 0, 21, 8, 142.75, 205963, 490, 0, 0
1479, 1, 319, 349, 134, 0, 18.30%, 0, 21, 8, 140.12, 206672, 490, 0, 0
1485, 1, 342, 349, 132, 0, 18.30%, 0, 21, 8, 141.69, 207429, 490, 0, 0
1490, 1, 102, 349, 130, 0, 18.30%, 0, 21, 8, 130.80, 208082, 490, 0, 0
1495, 1, 182, 349, 126, 0, 18.30%, 0, 21, 8, 142.38, 208812, 490, 0, 0
1500, 1, 89, 349, 123, 0, 18.30%, 0, 21, 8, 148.28, 209578, 490, 0, 0
1505, 1, 346, 349, 123, 0, 18.30%, 0, 21, 8, 143.94, 210261, 490, 0, 0
1510, 1, 251, 349, 121, 0, 18.30%, 0, 22, 8, 147.91, 210860, 490, 0, 0
1516, 1, 336, 349, 118, 0, 18.30%, 0, 22, 8, 140.42, 211553, 490, 0, 0
1521, 1, 58, 349, 115, 0, 18.30%, 0, 22, 8, 147.87, 212310, 490, 0, 0
1526, 1, 318, 349, 114, 0, 18.30%, 0, 23, 8, 101.45, 212879, 490, 0, 0
1531, 1, 318, 354, 119, 0, 18.30%, 0, 23, 9, 119.71, 213532, 490, 0, 0
1536, 1, 318, 355, 120, 0, 18.30%, 0, 23, 9, 126.87, 214193, 490, 0, 0
1541, 1, 318, 356, 121, 0, 18.30%, 0, 23, 9, 134.92, 214898, 490, 0, 0
1546, 1, 318, 356, 121, 0, 18.30%, 0, 23, 9, 135.12, 215604, 490, 0, 0
1552, 1, 318, 356, 121, 0, 18.30%, 0, 23, 9, 138.03, 216326, 490, 0, 0
1557, 1, 318, 356, 121, 0, 18.30%, 0, 23, 9, 136.41, 217014, 490, 0, 0
1562, 1, 318, 357, 122, 0, 18.30%, 0, 23, 9, 134.01, 217707, 490, 0, 0
1567, 1, 318, 357, 122, 0, 18.30%, 0, 23, 9, 126.83, 218365, 490, 0, 0
1572, 1, 318, 357, 122, 0, 18.30%, 0, 23, 9, 132.13, 219053, 490, 0, 0
1577, 1, 318, 357, 122, 0, 18.30%, 0, 24, 9, 130.53, 219604, 490, 0, 0
1582, 1, 318, 358, 123, 0, 18.30%, 0, 24, 9, 127.47, 220248, 490, 0, 0
1587, 1, 318, 358, 123, 0, 18.30%, 0, 24, 9, 130.40, 220902, 490, 0, 0
1592, 1, 318, 358, 123, 0, 18.30%, 0, 24, 9, 136.00, 221600, 490, 0, 0
1597, 1, 318, 358, 123, 0, 18.30%, 0, 24, 9, 134.40, 222288, 490, 0, 0
1603, 1, 33, 358, 122, 0, 18.30%, 0, 24, 9, 142.79, 223002, 490, 0, 0
1608, 1, 231, 358, 120, 0, 18.30%, 0, 24, 9, 143.40, 223733, 490, 0, 0
1613, 1, 37, 358, 119, 0, 18.30%, 0, 24, 9, 145.80, 224491, 490, 0, 0
1618, 1, 331, 359, 119, 0, 18.30%, 0, 24, 9, 145.07, 225228, 490, 0, 0
1623, 1, 30, 359, 116, 0, 18.30%, 0, 24, 9, 144.53, 225947, 490, 0, 0
1628, 1, 170, 359, 114, 0, 18.30%, 0, 24, 9, 145.69, 226678, 490, 0, 0
1633, 1, 58, 360, 114, 0, 18.30%, 0, 24, 9, 140.51, 227380, 490, 0, 0
1638, 1, 145, 360, 112, 0, 18.30%, 0, 24, 9, 142.79, 228099, 490, 0, 0
1643, 1, 139, 360, 111, 0, 18.30%, 0, 24, 9, 146.65, 228851, 490, 0, 0
1649, 1, 343, 360, 111, 0, 18.30%, 0, 24, 9, 151.88, 229635, 490, 0, 0
1654, 1, 290, 360, 109, 0, 18.30%, 0, 24, 9, 147.36, 230397, 490, 0, 0
1659, 1, 18, 360, 106, 0, 18.30%, 0, 24, 9, 148.54, 231151, 490, 0, 0
1664, 1, 322, 360, 104, 0, 18.30%, 0, 24, 9, 148.26, 231896, 490, 0, 0
1669, 1, 275, 360, 103, 0, 18.30%, 0, 24, 9, 133.54, 232572, 490, 0, 0
1674, 1, 92, 360, 101, 0, 18.30%, 0, 24, 9, 139.80, 233270, 490, 0, 0
1679, 1, 333, 360, 100, 0, 18.30%, 0, 24, 9, 133.24, 233925, 490, 0, 0
1684, 1, 139, 360, 99, 0, 18.30%, 0, 24, 9, 146.66, 234686, 490, 0, 0
1690, 1, 326, 360, 97, 0, 18.30%, 0, 24, 9, 143.76, 235410, 490, 0, 0
1695, 1, 326, 364, 101, 0, 18.30%, 0, 24, 9, 141.27, 236111, 490, 0, 0
1700, 1, 326, 366, 103, 0, 18.30%, 0, 24, 9, 140.84, 236837, 490, 0, 0
2598, 1, 326, 366, 103, 0, 18.30%, 0, 24, 9, 0.02, 236917, 490, 0, 0
2603, 1, 326, 366, 103, 0, 18.30%, 0, 24, 9, 141.81, 237625, 490, 0, 0
2608, 1, 326, 366, 103, 0, 18.30%, 0, 24, 9, 142.70, 238369, 490, 0, 0
2613, 1, 326, 366, 103, 0, 18.30%, 0, 24, 9, 142.48, 239105, 490, 0, 0
2619, 1, 326, 366, 103, 0, 18.30%, 0, 24, 9, 142.16, 239845, 490, 0, 0
2624, 1, 326, 366, 103, 0, 18.30%, 0, 24, 9, 141.86, 240557, 490, 0, 0
2629, 1, 326, 366, 103, 0, 18.30%, 0, 24, 9, 139.06, 241273, 490, 0, 0
2634, 1, 326, 366, 103, 0, 18.30%, 0, 24, 9, 139.19, 241997, 490, 0, 0
2639, 1, 165, 366, 101, 0, 18.30%, 0, 24, 9, 138.93, 242709, 490, 0, 0
2645, 1, 103, 366, 98, 0, 18.30%, 0, 24, 9, 148.08, 243494, 490, 0, 0
2650, 1, 341, 366, 95, 0, 18.30%, 0, 24, 9, 150.62, 244252, 490, 0, 0
2655, 1, 355, 366, 93, 0, 18.30%, 0, 24, 9, 149.28, 245020, 490, 0, 0
2660, 1, 318, 366, 93, 0, 18.30%, 0, 24, 9, 145.21, 245744, 490, 0, 0
2665, 1, 185, 366, 92, 0, 18.30%, 0, 24, 9, 148.85, 246516, 490, 0, 0
2670, 1, 204, 366, 91, 0, 18.30%, 0, 24, 9, 154.12, 247293, 490, 0, 0
2675, 1, 357, 366, 90, 0, 18.30%, 0, 24, 9, 150.69, 248068, 490, 0, 0
2680, 1, 197, 366, 88, 0, 18.30%, 0, 24, 9, 149.28, 248798, 490, 0, 0
2685, 1, 349, 368, 90, 0, 18.34%, 0, 24, 10, 136.46, 249504, 491, 0, 0
2691, 1, 367, 368, 89, 1, 18.34%, 0, 24, 10, 134.51, 250256, 491, 0, 0
2696, 1, 292, 368, 88, 0, 18.34%, 0, 24, 10, 144.82, 251008, 491, 0, 0
2701, 1, 134, 368, 87, 0, 18.34%, 0, 24, 10, 142.88, 251715, 491, 0, 0
2706, 1, 80, 369, 88, 0, 18.38%, 0, 24, 10, 147.02, 252469, 492, 0, 0
2711, 1, 367, 369, 86, 0, 18.38%, 0, 24, 10, 147.25, 253206, 492, 0, 0
2717, 1, 365, 369, 84, 0, 18.38%, 0, 24, 10, 142.76, 253935, 492, 0, 0
2722, 1, 92, 369, 83, 0, 18.38%, 0, 24, 10, 146.74, 254700, 492, 0, 0
2727, 1, 366, 369, 81, 0, 18.38%, 0, 24, 10, 150.30, 255476, 492, 0, 0
2732, 2, 352, 369, 80, 0, 18.38%, 0, 24, 10, 145.63, 256176, 492, 0, 0
2737, 2, 285, 370, 79, 0, 18.49%, 0, 24, 10, 147.84, 256937, 495, 0, 0
2742, 2, 369, 370, 79, 1, 18.49%, 0, 24, 10, 139.25, 257639, 495, 0, 0
2747, 2, 369, 370, 79, 1, 18.49%, 0, 24, 10, 134.34, 258331, 495, 0, 0
2753, 2, 369, 370, 79, 1, 18.49%, 0, 24, 10, 133.28, 259021, 495, 0, 0
2758, 2, 369, 375, 84, 1, 18.53%, 0, 24, 10, 128.08, 259681, 496, 0, 0
2763, 2, 369, 375, 84, 1, 18.53%, 0, 24, 10, 114.64, 260209, 496, 0, 0
2768, 2, 369, 375, 84, 1, 18.53%, 0, 24, 10, 125.58, 260873, 496, 0, 0
2773, 2, 369, 375, 84, 1, 18.53%, 0, 24, 10, 127.12, 261533, 496, 0, 0
2778, 2, 369, 375, 84, 1, 18.53%, 0, 24, 10, 121.89, 262119, 496, 0, 0
2832, 2, 369, 375, 84, 1, 18.53%, 0, 24, 10, 0.26, 262133, 496, 0, 0
2837, 2, 369, 375, 84, 1, 18.53%, 0, 24, 10, 131.47, 262815, 496, 0, 0
2842, 2, 369, 375, 84, 1, 18.53%, 0, 24, 10, 132.65, 263499, 496, 0, 0
2847, 2, 369, 375, 84, 1, 18.53%, 0, 24, 10, 130.93, 264173, 496, 0, 0
2852, 2, 369, 377, 86, 1, 18.53%, 0, 24, 10, 131.16, 264858, 496, 0, 0
2857, 2, 373, 377, 85, 1, 18.53%, 0, 24, 10, 119.87, 265462, 496, 0, 0
2862, 2, 373, 377, 85, 1, 18.53%, 0, 24, 10, 112.66, 266026, 496, 0, 0
2868, 2, 373, 377, 85, 1, 18.53%, 0, 24, 10, 110.58, 266586, 496, 0, 0
2874, 2, 373, 377, 85, 1, 18.53%, 0, 24, 10, 112.46, 267332, 496, 0, 0
2879, 2, 373, 383, 91, 1, 18.64%, 0, 24, 10, 119.55, 267948, 499, 0, 0
2884, 2, 373, 384, 92, 1, 18.64%, 0, 24, 10, 121.92, 268559, 499, 0, 0
2889, 2, 373, 386, 94, 1, 18.64%, 0, 24, 10, 123.06, 269201, 499, 0, 0
2894, 2, 373, 387, 95, 1, 18.68%, 0, 24, 10, 123.13, 269842, 500, 0, 0
2899, 2, 373, 387, 95, 1, 18.68%, 0, 24, 10, 121.40, 270450, 500, 0, 0
2904, 2, 373, 389, 97, 1, 18.71%, 0, 24, 10, 119.71, 271046, 501, 0, 0
2909, 2, 373, 389, 97, 1, 18.71%, 0, 24, 10, 114.20, 271614, 501, 0, 0
2914, 2, 373, 391, 99, 1, 18.71%, 0, 24, 10, 119.22, 272221, 501, 0, 0
2920, 2, 373, 392, 100, 1, 18.71%, 0, 24, 10, 121.66, 272854, 501, 0, 0
2925, 2, 373, 392, 100, 1, 18.71%, 0, 24, 10, 116.02, 273458, 501, 0, 0
2930, 2, 373, 393, 101, 1, 18.75%, 0, 24, 10, 120.55, 274065, 502, 0, 0
2935, 2, 373, 393, 101, 1, 18.75%, 0, 24, 10, 118.97, 274657, 502, 0, 0
2940, 2, 373, 394, 102, 1, 18.75%, 0, 24, 10, 119.80, 275262, 502, 0, 0
2945, 2, 373, 394, 102, 1, 18.75%, 0, 24, 10, 121.18, 275888, 502, 0, 0
2950, 2, 373, 395, 103, 1, 18.75%, 0, 24, 10, 120.72, 276515, 502, 0, 0
2955, 2, 373, 395, 103, 1, 18.75%, 0, 24, 10, 123.24, 277139, 502, 0, 0
2960, 2, 373, 395, 103, 1, 18.75%, 0, 24, 10, 123.16, 277759, 502, 0, 0
2965, 2, 373, 395, 103, 1, 18.75%, 0, 24, 10, 123.75, 278383, 502, 0, 0
2971, 2, 373, 397, 105, 1, 18.75%, 0, 24, 10, 122.87, 279015, 502, 0, 0
2976, 2, 373, 397, 105, 1, 18.75%, 0, 24, 10, 122.69, 279631, 502, 0, 0
2981, 2, 373, 398, 106, 1, 18.75%, 0, 24, 10, 119.70, 280234, 502, 0, 0
2986, 2, 382, 398, 105, 6, 18.75%, 0, 24, 10, 115.18, 280806, 502, 0, 0
2992, 2, 382, 398, 105, 6, 18.75%, 0, 24, 10, 116.01, 281604, 502, 0, 0
2997, 2, 390, 398, 104, 5, 18.75%, 0, 24, 10, 127.16, 282276, 502, 0, 0
3003, 2, 390, 398, 104, 5, 18.75%, 0, 24, 10, 125.74, 282930, 502, 0, 0
3008, 2, 390, 399, 105, 5, 18.75%, 0, 24, 10, 132.51, 283625, 502, 0, 0
3013, 2, 390, 399, 105, 5, 18.75%, 0, 24, 10, 137.19, 284347, 502, 0, 0
3018, 2, 383, 399, 104, 4, 18.75%, 0, 24, 10, 119.47, 284955, 502, 0, 0
3023, 2, 383, 399, 104, 4, 18.75%, 0, 24, 10, 115.85, 285543, 502, 0, 0
3028, 2, 383, 401, 106, 4, 18.75%, 0, 24, 10, 116.47, 286157, 502, 0, 0
3033, 2, 383, 404, 109, 4, 18.75%, 0, 24, 10, 115.09, 286740, 502, 0, 0
3038, 2, 383, 404, 109, 4, 18.75%, 0, 24, 10, 109.56, 287312, 502, 0, 0
3043, 2, 383, 404, 109, 4, 18.75%, 0, 24, 10, 111.49, 287868, 502, 0, 0
3049, 2, 383, 404, 109, 4, 18.75%, 0, 24, 10, 114.88, 288468, 502, 0, 0
3054, 2, 383, 404, 109, 4, 18.75%, 0, 24, 10, 113.72, 289056, 502, 0, 0
3059, 2, 383, 405, 110, 4, 18.75%, 0, 24, 10, 111.36, 289613, 502, 0, 0
3064, 2, 383, 405, 110, 4, 18.75%, 0, 24, 10, 111.94, 290173, 502, 0, 0
3069, 2, 383, 405, 110, 4, 18.75%, 0, 24, 10, 114.56, 290771, 502, 0, 0
3074, 2, 383, 405, 110, 4, 18.75%, 0, 24, 10, 113.39, 291361, 502, 0, 0
3079, 2, 383, 405, 110, 4, 18.75%, 0, 24, 10, 111.26, 291941, 502, 0, 0
3085, 2, 383, 405, 110, 4, 18.75%, 0, 24, 10, 109.64, 292507, 502, 0, 0
3090, 2, 383, 405, 110, 4, 18.75%, 0, 24, 10, 115.94, 293111, 502, 0, 0
3095, 2, 383, 406, 111, 4, 18.75%, 0, 24, 10, 116.91, 293714, 502, 0, 0
3100, 2, 383, 406, 111, 4, 18.75%, 0, 24, 10, 117.25, 294316, 502, 0, 0
3105, 2, 383, 406, 111, 4, 18.75%, 0, 24, 10, 114.57, 294886, 502, 0, 0
3110, 2, 383, 407, 112, 4, 18.75%, 0, 24, 10, 114.31, 295481, 502, 0, 0
3115, 2, 387, 407, 111, 4, 18.75%, 0, 24, 10, 107.88, 296021, 502, 0, 0
3120, 2, 387, 407, 111, 4, 18.75%, 0, 24, 10, 106.76, 296557, 502, 0, 0
3125, 2, 387, 407, 111, 4, 18.75%, 0, 24, 10, 107.17, 297109, 502, 0, 0
3132, 2, 387, 408, 112, 4, 18.75%, 0, 24, 10, 107.19, 297829, 502, 0, 0
3137, 2, 387, 413, 117, 4, 18.79%, 0, 24, 10, 112.54, 298412, 503, 0, 0
3142, 2, 387, 415, 119, 4, 18.79%, 0, 24, 10, 115.74, 299012, 503, 0, 0
3147, 2, 387, 415, 119, 4, 18.79%, 0, 24, 10, 115.76, 299608, 503, 0, 0
3152, 2, 387, 415, 119, 4, 18.79%, 0, 24, 10, 116.38, 300214, 503, 0, 0
3158, 2, 387, 415, 119, 4, 18.79%, 0, 24, 10, 118.91, 300836, 503, 0, 0
3163, 2, 387, 415, 119, 4, 18.79%, 0, 24, 10, 119.29, 301434, 503, 0, 0
3168, 2, 387, 415, 119, 4, 18.79%, 0, 24, 10, 119.11, 302050, 503, 0, 0
3173, 2, 387, 415, 119, 4, 18.79%, 0, 24, 10, 119.42, 302666, 503, 0, 0
3178, 2, 387, 415, 119, 4, 18.79%, 0, 24, 10, 116.55, 303264, 503, 0, 0
3183, 2, 387, 415, 119, 4, 18.79%, 0, 24, 10, 115.08, 303846, 503, 0, 0
3188, 2, 387, 415, 119, 4, 18.79%, 0, 24, 10, 117.63, 304452, 503, 0, 0
3193, 2, 387, 415, 119, 4, 18.79%, 0, 24, 10, 118.00, 305046, 503, 0, 0
3198, 2, 387, 415, 119, 4, 18.79%, 0, 24, 10, 115.39, 305640, 503, 0, 0
3204, 2, 387, 415, 119, 4, 18.79%, 0, 24, 10, 114.05, 306224, 503, 0, 0
3209, 2, 387, 415, 119, 4, 18.79%, 0, 24, 10, 116.13, 306814, 503, 0, 0
3214, 2, 387, 416, 120, 4, 18.79%, 0, 24, 10, 116.69, 307397, 503, 0, 0
3219, 2, 392, 416, 119, 4, 18.79%, 0, 24, 10, 124.37, 308045, 503, 0, 0
3224, 2, 392, 416, 119, 4, 18.79%, 0, 24, 10, 126.51, 308697, 503, 0, 0
3229, 2, 392, 418, 121, 4, 18.83%, 0, 24, 10, 129.48, 309373, 504, 0, 0
3234, 2, 392, 418, 121, 4, 18.83%, 0, 24, 10, 133.28, 310069, 504, 0, 0
3239, 2, 400, 418, 120, 4, 18.83%, 0, 24, 10, 120.41, 310685, 504, 0, 0
3244, 2, 400, 418, 120, 4, 18.83%, 0, 24, 10, 113.81, 311257, 504, 0, 0
3250, 2, 400, 418, 120, 4, 18.83%, 0, 24, 10, 114.62, 311887, 504, 0, 0
3255, 2, 402, 418, 119, 3, 18.83%, 0, 24, 10, 115.54, 312475, 504, 0, 0
3260, 2, 402, 418, 119, 3, 18.83%, 0, 24, 10, 115.91, 313087, 504, 0, 0
3265, 2, 411, 418, 118, 2, 18.83%, 0, 24, 10, 112.96, 313696, 504, 0, 0
3270, 2, 411, 418, 118, 2, 18.83%, 0, 24, 10, 110.69, 314248, 504, 0, 0
3275, 2, 411, 418, 118, 2, 18.83%, 0, 24, 10, 112.24, 314826, 504, 0, 0
3280, 2, 411, 418, 118, 2, 18.83%, 0, 24, 10, 109.20, 315380, 504, 0, 0
3285, 2, 411, 418, 118, 2, 18.83%, 0, 24, 10, 114.12, 316001, 504, 0, 0
3291, 2, 410, 418, 117, 1, 18.83%, 0, 24, 10, 110.62, 316591, 504, 0, 0
3296, 2, 410, 418, 117, 1, 18.83%, 0, 24, 10, 107.18, 317129, 504, 0, 0
3301, 2, 410, 418, 117, 1, 18.83%, 0, 24, 10, 111.73, 317713, 504, 0, 0
3306, 2, 410, 418, 117, 1, 18.83%, 0, 24, 10, 108.93, 318253, 504, 0, 0
3311, 2, 410, 418, 117, 1, 18.83%, 0, 24, 10, 110.17, 318866, 504, 0, 0
3316, 2, 353, 418, 116, 1, 18.83%, 0, 24, 10, 125.48, 319507, 504, 0, 0
3321, 2, 344, 419, 115, 1, 18.83%, 0, 24, 10, 137.69, 320219, 504, 0, 0
3327, 2, 417, 419, 114, 2, 18.83%, 0, 24, 10, 130.23, 320887, 504, 0, 0
3332, 2, 417, 419, 114, 2, 18.83%, 0, 24, 10, 127.06, 321543, 504, 0, 0
3338, 2, 418, 419, 113, 1, 18.83%, 0, 24, 10, 129.72, 322347, 504, 0, 0
3343, 2, 368, 419, 111, 0, 18.83%, 0, 24, 10, 141.54, 323084, 504, 0, 0
3348, 2, 384, 419, 110, 0, 18.83%, 0, 24, 10, 133.88, 323748, 504, 0, 0
3353, 2, 384, 419, 110, 0, 18.83%, 0, 24, 10, 109.76, 324272, 504, 0, 0
3358, 2, 384, 419, 110, 0, 18.83%, 0, 24, 10, 94.71, 324758, 504, 0, 0
3365, 2, 384, 419, 110, 0, 18.83%, 0, 24, 10, 90.81, 325385, 504, 0, 0
3371, 2, 15, 419, 108, 0, 18.83%, 0, 24, 10, 118.59, 326246, 504, 0, 0
3376, 2, 379, 419, 107, 0, 18.83%, 0, 24, 10, 113.17, 326820, 504, 0, 0
3383, 2, 379, 419, 107, 0, 18.83%, 0, 24, 10, 109.02, 327630, 504, 0, 0
3389, 2, 392, 420, 107, 0, 18.86%, 0, 24, 10, 124.49, 328269, 505, 0, 0
3394, 2, 419, 420, 107, 1, 18.86%, 0, 24, 10, 126.40, 328943, 505, 0, 0
3399, 2, 419, 420, 107, 1, 18.86%, 0, 24, 10, 120.50, 329557, 505, 0, 0
3405, 2, 419, 420, 107, 1, 18.86%, 0, 24, 10, 121.24, 330306, 505, 0, 0
3410, 2, 420, 421, 107, 1, 18.90%, 0, 24, 11, 129.74, 330993, 506, 0, 0
3415, 2, 420, 421, 107, 1, 18.90%, 0, 24, 11, 122.92, 331601, 506, 0, 0
3420, 2, 281, 421, 106, 0, 18.90%, 0, 24, 11, 132.54, 332292, 506, 0, 0
3426, 2, 294, 421, 105, 0, 18.90%, 0, 24, 11, 127.40, 333000, 506, 0, 0
3431, 2, 384, 421, 104, 0, 18.90%, 0, 24, 11, 125.66, 333680, 506, 0, 0
3436, 2, 107, 421, 103, 0, 18.90%, 0, 24, 11, 137.70, 334372, 506, 0, 0
3441, 2, 148, 421, 103, 0, 18.90%, 0, 24, 11, 140.56, 335104, 506, 0, 0
3446, 2, 120, 421, 102, 0, 18.90%, 0, 24, 11, 142.94, 335811, 506, 0, 0
3451, 2, 398, 421, 101, 0, 18.90%, 0, 24, 11, 136.71, 336497, 506, 0, 0
3456, 2, 398, 421, 101, 0, 18.90%, 0, 24, 11, 130.44, 337163, 506, 0, 0
3461, 2, 398, 421, 101, 0, 18.90%, 0, 24, 11, 133.02, 337843, 506, 0, 0
3467, 2, 393, 421, 100, 0, 18.90%, 0, 24, 11, 131.36, 338554, 506, 0, 0
3472, 2, 393, 421, 100, 0, 18.90%, 0, 24, 11, 119.18, 339166, 506, 0, 0
3477, 2, 393, 421, 100, 0, 18.90%, 0, 24, 11, 118.65, 339762, 506, 0, 0
3482, 2, 393, 422, 101, 0, 18.90%, 0, 24, 11, 118.38, 340386, 506, 0, 0
3487, 2, 1, 422, 100, 0, 18.90%, 0, 24, 11, 140.25, 341107, 506, 0, 0
3492, 2, 417, 423, 100, 0, 18.90%, 0, 24, 11, 139.05, 341824, 506, 0, 0
3497, 2, 422, 423, 100, 1, 18.90%, 0, 24, 11, 132.36, 342506, 506, 0, 0
3502, 2, 422, 423, 100, 1, 18.90%, 0, 24, 11, 129.06, 343164, 506, 0, 0
3507, 2, 370, 423, 99, 0, 18.90%, 0, 24, 11, 134.74, 343843, 506, 0, 0
3513, 2, 370, 423, 99, 0, 18.90%, 0, 24, 11, 145.56, 344609, 506, 0, 0
3518, 2, 370, 423, 99, 0, 18.90%, 0, 24, 11, 148.73, 345379, 506, 0, 0
3523, 2, 370, 424, 100, 0, 18.90%, 0, 24, 11, 147.93, 346135, 506, 0, 0
3528, 2, 394, 424, 99, 0, 18.90%, 0, 24, 11, 133.55, 346809, 506, 0, 0
3533, 2, 394, 424, 99, 0, 18.90%, 0, 24, 11, 124.52, 347423, 506, 0, 0
3538, 2, 394, 424, 99, 0, 18.90%, 0, 24, 11, 125.41, 348084, 506, 0, 0
3543, 2, 421, 424, 98, 0, 18.90%, 0, 24, 11, 113.26, 348640, 506, 0, 0
3548, 2, 421, 424, 98, 0, 18.90%, 0, 24, 11, 110.99, 349196, 506, 0, 0
3553, 2, 421, 424, 98, 0, 18.90%, 0, 24, 11, 109.38, 349742, 506, 0, 0
3558, 2, 421, 426, 100, 0, 18.90%, 0, 24, 11, 111.34, 350321, 506, 0, 0
3563, 2, 392, 426, 99, 0, 18.90%, 0, 24, 11, 123.52, 350959, 506, 0, 0
3569, 2, 411, 426, 99, 0, 18.90%, 0, 24, 11, 123.21, 351626, 506, 0, 0
3574, 2, 389, 426, 98, 0, 18.90%, 0, 24, 11, 141.47, 352344, 506, 0, 0
3579, 2, 389, 426, 98, 0, 18.90%, 0, 24, 11, 146.93, 353112, 506, 0, 0
3584, 2, 323, 426, 97, 0, 18.90%, 0, 24, 11, 143.61, 353839, 506, 0, 0
3589, 2, 375, 426, 95, 0, 18.90%, 0, 24, 11, 127.08, 354467, 506, 0, 0
3594, 2, 375, 426, 95, 0, 18.90%, 0, 24, 11, 112.14, 355027, 506, 0, 0
3599, 2, 375, 426, 95, 0, 18.90%, 0, 24, 11, 109.86, 355573, 506, 0, 0
3604, 2, 375, 426, 95, 0, 18.90%, 0, 24, 11, 108.34, 356119, 506, 0, 0
3609, 2, 375, 426, 95, 0, 18.90%, 0, 24, 11, 111.50, 356738, 506, 0, 0
3614, 2, 360, 426, 93, 0, 18.90%, 0, 24, 11, 126.89, 357384, 506, 0, 0
3619, 2, 388, 426, 92, 0, 18.90%, 0, 24, 11, 128.95, 358042, 506, 0, 0
3625, 2, 388, 426, 92, 0, 18.90%, 0, 24, 11, 132.65, 358730, 506, 0, 0
3630, 2, 392, 426, 91, 0, 18.90%, 0, 24, 11, 136.99, 359436, 506, 0, 0
3635, 2, 25, 426, 90, 0, 18.90%, 0, 24, 11, 147.41, 360202, 506, 0, 0
3640, 2, 31, 426, 90, 0, 18.90%, 0, 24, 11, 142.38, 360918, 506, 0, 0
3645, 2, 351, 426, 90, 0, 18.90%, 0, 24, 11, 137.60, 361598, 506, 0, 0
3650, 2, 378, 426, 88, 0, 18.90%, 0, 24, 11, 130.90, 362267, 506, 0, 0
3655, 2, 378, 426, 88, 0, 18.90%, 0, 24, 11, 112.72, 362829, 506, 0, 0
3661, 2, 378, 426, 88, 0, 18.90%, 0, 24, 11, 109.70, 363397, 506, 0, 0
3666, 2, 378, 426, 88, 0, 18.90%, 0, 24, 11, 106.74, 363945, 506, 0, 0
3671, 2, 378, 426, 88, 0, 18.90%, 0, 24, 11, 113.57, 364568, 506, 0, 0
3676, 2, 413, 426, 87, 0, 18.90%, 0, 24, 11, 125.95, 365238, 506, 0, 0
3681, 2, 413, 426, 87, 0, 18.90%, 0, 24, 11, 123.37, 365882, 506, 0, 0
3686, 2, 107, 426, 86, 0, 18.90%, 0, 24, 11, 127.25, 366525, 506, 0, 0
3692, 2, 426, 427, 86, 1, 18.94%, 0, 24, 11, 117.85, 367114, 507, 0, 0
3697, 2, 9, 427, 85, 0, 18.94%, 0, 24, 11, 138.13, 367842, 507, 0, 0
3702, 2, 72, 427, 84, 0, 18.94%, 0, 24, 11, 144.19, 368604, 507, 0, 0
3707, 2, 67, 428, 84, 0, 18.94%, 0, 24, 11, 143.91, 369324, 507, 0, 0
3712, 2, 392, 428, 84, 0, 18.94%, 0, 24, 11, 143.32, 370084, 507, 0, 0
3717, 2, 424, 428, 84, 0, 18.94%, 0, 24, 11, 134.86, 370770, 507, 0, 0
3722, 2, 424, 428, 84, 0, 18.94%, 0, 24, 11, 123.93, 371374, 507, 0, 0
3727, 2, 424, 428, 84, 0, 18.94%, 0, 24, 11, 123.48, 372024, 507, 0, 0
3733, 2, 424, 428, 84, 0, 18.94%, 0, 24, 11, 123.11, 372663, 507, 0, 0
3738, 2, 371, 428, 83, 0, 18.94%, 0, 24, 11, 133.45, 373365, 507, 0, 0
3743, 2, 371, 428, 83, 0, 18.94%, 0, 24, 11, 129.87, 374035, 507, 0, 0
3749, 2, 371, 428, 83, 0, 18.94%, 0, 24, 11, 130.58, 374786, 507, 0, 0
3754, 2, 414, 428, 82, 0, 18.94%, 0, 24, 11, 113.70, 375364, 507, 0, 0
3759, 2, 414, 428, 82, 0, 18.94%, 0, 24, 11, 98.37, 375836, 507, 0, 0
3764, 2, 414, 428, 82, 0, 18.94%, 0, 24, 11, 91.88, 376316, 507, 0, 0
3770, 2, 414, 428, 82, 0, 18.94%, 0, 24, 11, 87.13, 376853, 507, 0, 0
3775, 2, 414, 429, 83, 0, 18.94%, 0, 24, 11, 94.54, 377329, 507, 0, 0
3780, 2, 404, 429, 82, 0, 18.94%, 0, 24, 11, 106.29, 377893, 507, 0, 0
3785, 2, 404, 429, 82, 0, 18.94%, 0, 24, 11, 102.80, 378401, 507, 0, 0
3790, 2, 404, 429, 82, 0, 18.94%, 0, 24, 11, 100.78, 378909, 507, 0, 0
3795, 2, 404, 429, 82, 0, 18.94%, 0, 24, 11, 102.41, 379480, 507, 0, 0
3800, 2, 203, 429, 80, 0, 18.94%, 0, 24, 11, 126.80, 380118, 507, 0, 0
3807, 2, 427, 429, 80, 0, 18.94%, 0, 24, 11, 134.76, 381032, 507, 0, 0
3812, 2, 423, 429, 79, 0, 18.94%, 0, 24, 11, 139.12, 381739, 507, 0, 0
3817, 2, 423, 429, 79, 0, 18.94%, 0, 24, 11, 142.83, 382475, 507, 0, 0
3822, 2, 363, 429, 78, 0, 18.94%, 0, 24, 11, 142.10, 383193, 507, 0, 0
3827, 2, 416, 429, 77, 0, 18.94%, 0, 24, 11, 144.46, 383951, 507, 0, 0
3832, 2, 416, 429, 77, 0, 18.94%, 0, 24, 11, 131.10, 384605, 507, 0, 0
3838, 2, 416, 429, 77, 0, 18.94%, 0, 24, 11, 127.55, 385390, 507, 0, 0
3844, 2, 367, 429, 76, 0, 18.94%, 0, 24, 11, 131.21, 386069, 507, 0, 0
3849, 2, 83, 429, 74, 0, 18.94%, 0, 24, 11, 123.03, 386675, 507, 0, 0
3854, 2, 134, 429, 73, 0, 18.94%, 0, 24, 11, 140.72, 387415, 507, 0, 0
3859, 2, 90, 429, 71, 0, 18.94%, 0, 24, 11, 138.43, 388114, 507, 0, 0
3864, 2, 255, 429, 70, 0, 18.94%, 0, 24, 11, 141.38, 388823, 507, 0, 0
3869, 2, 418, 429, 68, 0, 18.94%, 0, 24, 11, 146.43, 389583, 507, 0, 0
3874, 2, 422, 430, 68, 0, 18.98%, 0, 24, 12, 136.62, 390299, 508, 0, 0
3879, 2, 429, 430, 68, 1, 18.98%, 0, 24, 12, 131.43, 390949, 508, 0, 0
3884, 2, 429, 430, 68, 1, 18.98%, 0, 24, 12, 126.36, 391611, 508, 0, 0
3889, 2, 47, 431, 68, 0, 18.98%, 0, 24, 13, 128.59, 392261, 508, 0, 0
3895, 2, 350, 431, 68, 0, 18.98%, 0, 24, 13, 136.16, 392946, 508, 0, 0
3900, 2, 191, 431, 65, 0, 18.98%, 0, 24, 13, 143.09, 393706, 508, 0, 0
3905, 2, 420, 431, 65, 0, 18.98%, 0, 24, 13, 132.96, 394355, 508, 0, 0
3910, 2, 89, 431, 65, 0, 18.98%, 0, 24, 13, 143.10, 395098, 508, 0, 0
3915, 2, 384, 432, 66, 0, 18.98%, 0, 24, 13, 142.71, 395859, 508, 0, 0
3920, 2, 428, 432, 66, 0, 18.98%, 0, 24, 13, 110.98, 396389, 508, 0, 0
3925, 2, 428, 432, 66, 0, 18.98%, 0, 24, 13, 100.07, 396891, 508, 0, 0
3932, 2, 428, 433, 67, 0, 18.98%, 0, 24, 13, 101.70, 397571, 508, 0, 0
3937, 2, 428, 436, 70, 0, 18.98%, 0, 24, 13, 104.58, 398100, 508, 0, 0
3942, 2, 428, 436, 70, 0, 18.98%, 0, 24, 13, 104.96, 398628, 508, 0, 0
3947, 2, 428, 436, 70, 0, 18.98%, 0, 24, 13, 103.60, 399166, 508, 0, 0
3952, 2, 386, 436, 69, 0, 18.98%, 0, 24, 13, 122.02, 399782, 508, 0, 0
3957, 2, 386, 436, 69, 0, 18.98%, 0, 24, 13, 123.11, 400408, 508, 0, 0
3962, 2, 386, 436, 69, 0, 18.98%, 0, 24, 13, 122.37, 401075, 508, 0, 0
3967, 2, 110, 436, 68, 0, 18.98%, 0, 24, 13, 139.64, 401810, 508, 0, 0
3972, 2, 432, 436, 67, 0, 18.98%, 0, 24, 13, 146.54, 402570, 508, 0, 0
3978, 2, 432, 436, 67, 0, 18.98%, 0, 24, 13, 142.37, 403302, 508, 0, 0
3983, 2, 45, 436, 66, 0, 18.98%, 0, 24, 13, 146.05, 404039, 508, 0, 0
3988, 2, 431, 436, 66, 0, 18.98%, 0, 24, 13, 136.73, 404723, 508, 0, 0
3993, 2, 431, 436, 66, 0, 18.98%, 0, 24, 13, 132.11, 405379, 508, 0, 0
3998, 2, 431, 436, 66, 0, 18.98%, 0, 24, 13, 130.43, 406055, 508, 0, 0
4003, 2, 134, 436, 65, 0, 18.98%, 0, 24, 13, 136.22, 406768, 508, 0, 0
4008, 2, 422, 436, 64, 0, 18.98%, 0, 24, 13, 141.15, 407498, 508, 0, 0
4013, 2, 419, 436, 64, 0, 18.98%, 0, 24, 13, 145.32, 408251, 508, 0, 0
4018, 2, 122, 437, 65, 0, 18.98%, 0, 24, 13, 141.61, 408970, 508, 0, 0
4024, 2, 122, 439, 67, 0, 18.98%, 0, 24, 13, 134.07, 409656, 508, 0, 0
4029, 2, 316, 439, 66, 0, 18.98%, 0, 24, 13, 141.48, 410392, 508, 0, 0
4034, 2, 3, 439, 66, 0, 18.98%, 0, 24, 13, 146.03, 411156, 508, 0, 0
4039, 2, 236, 439, 66, 0, 18.98%, 0, 24, 13, 142.09, 411883, 508, 0, 0
4044, 2, 360, 439, 65, 0, 18.98%, 0, 24, 13, 143.81, 412613, 508, 0, 0
4049, 2, 348, 439, 65, 0, 18.98%, 0, 24, 13, 140.22, 413300, 508, 0, 0
4056, 2, 437, 439, 64, 0, 18.98%, 0, 24, 13, 128.55, 414144, 508, 0, 0
4061, 2, 396, 439, 63, 0, 18.98%, 0, 24, 13, 118.27, 414736, 508, 0, 0
4066, 2, 396, 439, 63, 0, 18.98%, 0, 24, 13, 112.60, 415300, 508, 0, 0
4071, 2, 396, 439, 63, 0, 18.98%, 0, 24, 13, 111.44, 415882, 508, 0, 0
4077, 2, 396, 439, 63, 0, 18.98%, 0, 24, 13, 111.73, 416545, 508, 0, 0
4082, 2, 98, 439, 61, 0, 18.98%, 0, 24, 13, 132.13, 417240, 508, 0, 0
4087, 2, 433, 439, 61, 0, 18.98%, 0, 24, 13, 105.03, 417758, 508, 0, 0
4092, 2, 433, 439, 61, 0, 18.98%, 0, 24, 13, 97.96, 418255, 508, 0, 0
4099, 2, 433, 439, 61, 0, 18.98%, 0, 24, 13, 98.26, 418928, 508, 0, 0
4104, 2, 149, 439, 60, 0, 18.98%, 0, 24, 13, 122.48, 419556, 508, 0, 0
4109, 2, 345, 440, 61, 0, 18.98%, 0, 24, 13, 134.87, 420285, 508, 0, 0
4114, 2, 439, 440, 60, 0, 18.98%, 0, 24, 13, 138.13, 421007, 508, 0, 0
4119, 2, 115, 440, 59, 0, 18.98%, 0, 24, 13, 142.32, 421751, 508, 0, 0
4125, 2, 397, 440, 59, 0, 18.98%, 0, 24, 13, 130.37, 422425, 508, 0, 0
4130, 2, 397, 440, 59, 0, 18.98%, 0, 24, 13, 129.79, 423087, 508, 0, 0
4135, 2, 397, 440, 59, 0, 18.98%, 0, 24, 13, 133.21, 423767, 508, 0, 0
4140, 2, 374, 440, 58, 0, 18.98%, 0, 24, 13, 122.91, 424426, 508, 0, 0
4145, 2, 374, 440, 58, 0, 18.98%, 0, 24, 13, 113.34, 424986, 508, 0, 0
4150, 2, 374, 440, 58, 0, 18.98%, 0, 24, 13, 111.78, 425550, 508, 0, 0
4155, 2, 374, 440, 58, 0, 18.98%, 0, 24, 13, 110.56, 426106, 508, 0, 0
4160, 2, 374, 440, 58, 0, 18.98%, 0, 24, 13, 113.27, 426718, 508, 0, 0
4165, 2, 134, 440, 57, 0, 18.98%, 0, 24, 13, 128.54, 427355, 508, 0, 0
4170, 2, 394, 440, 57, 0, 18.98%, 0, 24, 13, 137.40, 428091, 508, 0, 0
4175, 2, 44, 440, 57, 0, 18.98%, 0, 24, 13, 144.63, 428831, 508, 0, 0
4181, 2, 391, 440, 57, 0, 18.98%, 0, 24, 13, 122.00, 429469, 508, 0, 0
4186, 2, 391, 440, 57, 0, 18.98%, 0, 24, 13, 111.40, 430031, 508, 0, 0
4191, 2, 391, 440, 57, 0, 18.98%, 0, 24, 13, 107.89, 430581, 508, 0, 0
4197, 2, 391, 440, 57, 0, 18.98%, 0, 24, 13, 109.30, 431294, 508, 0, 0
4202, 2, 408, 440, 56, 0, 18.98%, 0, 24, 13, 116.17, 431893, 508, 0, 0
4207, 2, 408, 440, 56, 0, 18.98%, 0, 24, 13, 113.68, 432471, 508, 0, 0
4212, 2, 408, 440, 56, 0, 18.98%, 0, 24, 13, 114.44, 433053, 508, 0, 0
4219, 2, 408, 440, 56, 0, 18.98%, 0, 24, 13, 111.19, 433871, 508, 0, 0
4224, 2, 429, 440, 55, 0, 18.98%, 0, 24, 13, 127.68, 434533, 508, 0, 0
4229, 2, 384, 440, 55, 0, 18.98%, 0, 24, 13, 120.43, 435126, 508, 0, 0
4234, 2, 418, 440, 55, 0, 18.98%, 0, 24, 13, 134.97, 435819, 508, 0, 0
4240, 2, 418, 440, 55, 0, 18.98%, 0, 24, 13, 143.26, 436558, 508, 0, 0
4245, 2, 300, 440, 55, 0, 18.98%, 0, 24, 13, 145.68, 437311, 508, 0, 0
4250, 2, 418, 440, 54, 0, 18.98%, 0, 24, 13, 132.60, 437983, 508, 0, 0
4255, 2, 377, 440, 54, 0, 18.98%, 0, 24, 13, 115.93, 438561, 508, 0, 0
4260, 2, 377, 440, 54, 0, 18.98%, 0, 24, 13, 109.77, 439117, 508, 0, 0
4265, 2, 377, 440, 54, 0, 18.98%, 0, 24, 13, 109.61, 439667, 508, 0, 0
4271, 2, 377, 440, 54, 0, 18.98%, 0, 24, 13, 111.41, 440370, 508, 0, 0
4276, 2, 89, 440, 53, 0, 18.98%, 0, 24, 13, 131.63, 441044, 508, 0, 0
4281, 2, 2, 441, 53, 0, 18.98%, 0, 24, 13, 147.37, 441795, 508, 0, 0
4286, 2, 72, 441, 52, 0, 18.98%, 0, 24, 13, 145.85, 442523, 508, 0, 0
4291, 2, 384, 441, 52, 0, 18.98%, 0, 24, 13, 131.48, 443192, 508, 0, 0
4296, 2, 337, 441, 52, 0, 18.98%, 0, 24, 13, 135.88, 443861, 508, 0, 0
4301, 2, 384, 441, 52, 0, 18.98%, 0, 24, 13, 128.83, 444563, 508, 0, 0
4307, 2, 385, 441, 52, 0, 18.98%, 0, 24, 13, 136.34, 445266, 508, 0, 0
4312, 2, 385, 441, 52, 0, 18.98%, 0, 24, 13, 116.45, 445828, 508, 0, 0
4317, 2, 385, 441, 52, 0, 18.98%, 0, 24, 13, 111.73, 446386, 508, 0, 0
4322, 2, 385, 441, 52, 0, 18.98%, 0, 24, 13, 110.13, 446938, 508, 0, 0
4327, 2, 385, 441, 52, 0, 18.98%, 0, 24, 13, 113.07, 447555, 508, 0, 0
4332, 2, 440, 441, 51, 0, 18.98%, 0, 24, 13, 137.22, 448256, 508, 0, 0
4337, 2, 182, 441, 49, 0, 18.98%, 0, 24, 13, 149.26, 449032, 508, 0, 0
4342, 2, 316, 441, 48, 0, 18.98%, 0, 24, 13, 147.23, 449804, 508, 0, 0
4347, 2, 318, 441, 48, 0, 18.98%, 0, 24, 13, 143.39, 450527, 508, 0, 0
4353, 2, 149, 441, 48, 0, 18.98%, 0, 24, 13, 147.96, 451295, 508, 0, 0
4358, 2, 224, 441, 48, 0, 18.98%, 0, 24, 13, 147.05, 452055, 508, 0, 0
4363, 2, 384, 441, 47, 0, 18.98%, 0, 24, 13, 139.28, 452781, 508, 0, 0
4368, 3, 224, 441, 47, 0, 18.98%, 0, 24, 13, 132.83, 453410, 508, 0, 0
4373, 3, 163, 441, 46, 0, 18.98%, 0, 24, 13, 147.79, 454173, 508, 0, 0
4378, 3, 44, 441, 45, 0, 18.98%, 0, 24, 13, 147.15, 454907, 508, 0, 0
4383, 3, 422, 441, 43, 0, 18.98%, 0, 24, 13, 148.88, 455664, 508, 0, 0
4388, 3, 401, 441, 43, 0, 18.98%, 0, 24, 13, 142.50, 456386, 508, 0, 0
4393, 3, 401, 441, 43, 0, 18.98%, 0, 24, 13, 114.36, 456926, 508, 0, 0
4398, 3, 401, 441, 43, 0, 18.98%, 0, 24, 13, 106.77, 457478, 508, 0, 0
4403, 3, 401, 441, 43, 0, 18.98%, 0, 24, 13, 110.02, 458092, 508, 0, 0
4409, 3, 434, 441, 42, 0, 18.98%, 0, 24, 13, 116.30, 458738, 508, 0, 0
4414, 3, 434, 441, 42, 0, 18.98%, 0, 24, 13, 96.82, 459206, 508, 0, 0
4419, 3, 434, 441, 42, 0, 18.98%, 0, 24, 13, 93.15, 459679, 508, 0, 0
4424, 3, 434, 441, 42, 0, 18.98%, 0, 24, 13, 92.76, 460153, 508, 0, 0
4429, 3, 434, 441, 42, 0, 18.98%, 0, 24, 13, 94.11, 460699, 508, 0, 0
4434, 3, 423, 441, 41, 0, 18.98%, 0, 24, 13, 130.91, 461368, 508, 0, 0
4439, 3, 399, 441, 41, 0, 18.98%, 0, 24, 13, 142.07, 462121, 508, 0, 0
4444, 3, 399, 441, 41, 0, 18.98%, 0, 24, 13, 121.37, 462707, 508, 0, 0
4449, 3, 399, 441, 41, 0, 18.98%, 0, 24, 13, 115.87, 463297, 508, 0, 0
4454, 3, 399, 441, 41, 0, 18.98%, 0, 24, 13, 118.78, 463934, 508, 0, 0
4459, 3, 49, 441, 40, 0, 18.98%, 0, 24, 13, 141.70, 464649, 508, 0, 0
4464, 3, 381, 441, 40, 0, 18.98%, 0, 24, 13, 126.17, 465295, 508, 0, 0
4469, 3, 381, 441, 40, 0, 18.98%, 0, 24, 13, 106.04, 465799, 508, 0, 0
4475, 3, 381, 441, 40, 0, 18.98%, 0, 24, 13, 102.10, 466313, 508, 0, 0
4480, 3, 381, 441, 40, 0, 18.98%, 0, 24, 13, 102.64, 466841, 508, 0, 0
4485, 3, 237, 441, 39, 0, 18.98%, 0, 24, 13, 112.50, 467466, 508, 0, 0
4490, 3, 380, 441, 39, 0, 18.98%, 0, 24, 13, 112.47, 468030, 508, 0, 0
4495, 3, 380, 441, 39, 0, 18.98%, 0, 24, 13, 107.10, 468584, 508, 0, 0
4500, 3, 380, 441, 39, 0, 18.98%, 0, 24, 13, 105.98, 469114, 508, 0, 0
4505, 3, 380, 441, 39, 0, 18.98%, 0, 24, 13, 106.87, 469717, 508, 0, 0
4510, 3, 1, 441, 38, 0, 18.98%, 0, 24, 13, 125.94, 470357, 508, 0, 0
4515, 3, 36, 441, 37, 0, 18.98%, 0, 24, 13, 140.04, 471078, 508, 0, 0
4521, 3, 367, 442, 38, 0, 19.01%, 0, 24, 13, 109.28, 471616, 509, 0, 0
4526, 3, 426, 442, 37, 0, 19.01%, 0, 24, 13, 131.70, 472277, 509, 0, 0
4531, 3, 400, 442, 37, 0, 19.01%, 0, 24, 13, 128.62, 472965, 509, 0, 0
4536, 3, 419, 442, 37, 0, 19.01%, 0, 24, 13, 140.49, 473703, 509, 0, 0
4541, 3, 420, 442, 37, 0, 19.01%, 0, 24, 13, 137.53, 474405, 509, 0, 0
4546, 3, 422, 442, 37, 0, 19.01%, 0, 24, 13, 137.06, 475112, 509, 0, 0
4551, 3, 371, 442, 36, 0, 19.01%, 0, 24, 13, 138.65, 475828, 509, 0, 0
4557, 3, 14, 442, 36, 0, 19.01%, 0, 24, 13, 141.56, 476556, 509, 0, 0
4562, 3, 411, 442, 35, 0, 19.01%, 0, 24, 13, 124.25, 477209, 509, 0, 0
4567, 3, 411, 442, 35, 0, 19.01%, 0, 24, 13, 124.61, 477833, 509, 0, 0
4572, 3, 411, 442, 35, 0, 19.01%, 0, 24, 13, 124.92, 478479, 509, 0, 0
4577, 3, 411, 442, 35, 0, 19.01%, 0, 24, 13, 124.33, 479123, 509, 0, 0
4582, 3, 411, 442, 35, 0, 19.01%, 0, 24, 13, 124.55, 479767, 509, 0, 0
4588, 3, 411, 442, 35, 0, 19.01%, 0, 24, 13, 125.89, 480427, 509, 0, 0
4593, 3, 411, 442, 35, 0, 19.01%, 0, 24, 13, 125.62, 481075, 509, 0, 0
4598, 3, 411, 442, 35, 0, 19.01%, 0, 24, 13, 114.07, 481637, 509, 0, 0
4603, 3, 411, 442, 35, 0, 19.01%, 0, 24, 13, 122.21, 482281, 509, 0, 0
4608, 3, 411, 442, 35, 0, 19.01%, 0, 24, 13, 112.34, 482857, 509, 0, 0
4613, 3, 411, 442, 35, 0, 19.01%, 0, 24, 13, 106.58, 483405, 509, 0, 0
4619, 3, 411, 442, 35, 0, 19.01%, 0, 24, 13, 105.63, 483935, 509, 0, 0
4624, 3, 411, 442, 35, 0, 19.01%, 0, 24, 13, 101.97, 484461, 509, 0, 0
4629, 3, 411, 442, 35, 0, 19.01%, 0, 24, 13, 103.14, 484985, 509, 0, 0
4634, 3, 411, 442, 35, 0, 19.01%, 0, 24, 13, 105.01, 485533, 509, 0, 0
4639, 3, 411, 442, 35, 0, 19.01%, 0, 24, 13, 104.87, 486055, 509, 0, 0
4644, 3, 411, 442, 35, 0, 19.01%, 0, 24, 13, 104.80, 486599, 509, 0, 0
4649, 3, 411, 442, 35, 0, 19.01%, 0, 24, 13, 106.24, 487147, 509, 0, 0
4654, 3, 411, 442, 35, 0, 19.01%, 0, 24, 13, 106.16, 487701, 509, 0, 0
4660, 3, 411, 442, 35, 0, 19.01%, 0, 24, 13, 106.93, 488249, 509, 0, 0
4665, 3, 411, 442, 35, 0, 19.01%, 0, 24, 13, 107.24, 488783, 509, 0, 0
4670, 3, 411, 442, 35, 0, 19.01%, 0, 24, 13, 108.92, 489353, 509, 0, 0
4675, 3, 411, 442, 35, 0, 19.01%, 0, 24, 13, 107.40, 489901, 509, 0, 0
4680, 3, 411, 442, 35, 0, 19.01%, 0, 24, 13, 108.65, 490471, 509, 0, 0
4685, 3, 411, 442, 35, 0, 19.01%, 0, 24, 13, 106.97, 491009, 509, 0, 0
4690, 3, 411, 442, 35, 0, 19.01%, 0, 24, 13, 106.46, 491563, 509, 0, 0
4696, 3, 411, 442, 35, 0, 19.01%, 0, 24, 13, 106.12, 492113, 509, 0, 0
4701, 3, 411, 442, 35, 0, 19.01%, 0, 24, 13, 105.68, 492663, 509, 0, 0
4706, 3, 411, 442, 35, 0, 19.01%, 0, 24, 13, 108.62, 493227, 509, 0, 0
4711, 3, 411, 442, 35, 0, 19.01%, 0, 24, 13, 108.84, 493771, 509, 0, 0
4716, 3, 411, 442, 35, 0, 19.01%, 0, 24, 13, 109.74, 494343, 509, 0, 0
4721, 3, 411, 442, 35, 0, 19.01%, 0, 24, 13, 110.15, 494899, 509, 0, 0
4726, 3, 411, 442, 35, 0, 19.01%, 0, 24, 13, 108.07, 495443, 509, 0, 0
4731, 3, 411, 442, 35, 0, 19.01%, 0, 24, 13, 106.76, 495981, 509, 0, 0
4736, 3, 411, 442, 35, 0, 19.01%, 0, 24, 13, 108.86, 496531, 509, 0, 0
4741, 3, 411, 442, 35, 0, 19.01%, 0, 24, 13, 108.64, 497087, 509, 0, 0
4746, 3, 411, 442, 35, 0, 19.01%, 0, 24, 13, 107.68, 497627, 509, 0, 0
4751, 3, 411, 442, 35, 0, 19.01%, 0, 24, 13, 108.22, 498169, 509, 0, 0
4756, 3, 411, 442, 35, 0, 19.01%, 0, 24, 13, 108.94, 498717, 509, 0, 0
4762, 3, 411, 442, 35, 0, 19.01%, 0, 24, 13, 108.98, 499281, 509, 0, 0
4767, 3, 411, 442, 35, 0, 19.01%, 0, 24, 13, 108.54, 499827, 509, 0, 0
4772, 3, 411, 442, 35, 0, 19.01%, 0, 24, 13, 106.94, 500381, 509, 0, 0
4777, 3, 411, 442, 35, 0, 19.01%, 0, 24, 13, 108.08, 500945, 509, 0, 0
4782, 3, 411, 442, 35, 0, 19.01%, 0, 24, 13, 102.98, 501467, 509, 0, 0
4787, 3, 411, 442, 35, 0, 19.01%, 0, 24, 13, 105.92, 502017, 509, 0, 0
4792, 3, 411, 442, 35, 0, 19.01%, 0, 24, 13, 103.84, 502553, 509, 0, 0
4797, 3, 411, 442, 35, 0, 19.01%, 0, 24, 13, 105.96, 503089, 509, 0, 0
4802, 3, 411, 442, 35, 0, 19.01%, 0, 24, 13, 101.62, 503587, 509, 0, 0
4808, 3, 411, 442, 35, 0, 19.01%, 0, 24, 13, 108.38, 504145, 509, 0, 0
4813, 3, 411, 442, 35, 0, 19.01%, 0, 24, 13, 109.26, 504703, 509, 0, 0
4818, 3, 411, 442, 35, 0, 19.01%, 0, 24, 13, 110.31, 505269, 509, 0, 0
4823, 3, 411, 442, 35, 0, 19.01%, 0, 24, 13, 110.83, 505833, 509, 0, 0
4828, 3, 411, 442, 35, 0, 19.01%, 0, 24, 13, 111.04, 506397, 509, 0, 0
4833, 3, 411, 442, 35, 0, 19.01%, 0, 24, 13, 110.88, 506965, 509, 0, 0
4838, 3, 411, 442, 35, 0, 19.01%, 0, 24, 13, 110.74, 507527, 509, 0, 0
4843, 3, 411, 442, 35, 0, 19.01%, 0, 24, 13, 110.87, 508091, 509, 0, 0
4848, 3, 411, 442, 35, 0, 19.01%, 0, 24, 13, 110.34, 508645, 509, 0, 0
4853, 3, 411, 442, 35, 0, 19.01%, 0, 24, 13, 110.98, 509213, 509, 0, 0
4858, 3, 411, 442, 35, 0, 19.01%, 0, 24, 13, 117.26, 509794, 509, 0, 0
4863, 3, 430, 442, 34, 0, 19.01%, 0, 24, 13, 132.22, 510475, 509, 0, 0
4868, 3, 430, 442, 34, 0, 19.01%, 0, 24, 13, 131.91, 511133, 509, 0, 0
4874, 3, 430, 442, 34, 0, 19.01%, 0, 24, 13, 131.88, 511808, 509, 0, 0
4879, 3, 361, 442, 32, 0, 19.01%, 0, 24, 13, 137.75, 512525, 509, 0, 0
4884, 3, 235, 442, 31, 0, 19.01%, 0, 24, 13, 142.76, 513279, 509, 0, 0
4889, 3, 343, 442, 31, 0, 19.01%, 0, 24, 13, 143.24, 514004, 509, 0, 0
4894, 3, 398, 442, 30, 0, 19.01%, 0, 24, 13, 145.02, 514764, 509, 0, 0
4899, 3, 107, 442, 30, 0, 19.01%, 0, 24, 13, 141.67, 515486, 509, 0, 0
4905, 3, 238, 443, 31, 0, 19.01%, 0, 24, 13, 142.01, 516208, 509, 0, 0
4910, 3, 285, 443, 31, 0, 19.01%, 0, 24, 13, 149.99, 516989, 509, 0, 0
4915, 3, 343, 443, 31, 0, 19.01%, 0, 24, 13, 148.26, 517756, 509, 0, 0
4920, 3, 415, 443, 31, 0, 19.01%, 0, 24, 13, 133.09, 518468, 509, 0, 0
4925, 3, 415, 443, 31, 0, 19.01%, 0, 24, 13, 106.30, 518970, 509, 0, 0
4930, 3, 415, 443, 31, 0, 19.01%, 0, 24, 13, 105.22, 519498, 509, 0, 0
4935, 3, 415, 443, 31, 0, 19.01%, 0, 24, 13, 101.59, 520006, 509, 0, 0
4940, 3, 415, 443, 31, 0, 19.01%, 0, 24, 13, 103.99, 520593, 509, 0, 0
4945, 3, 416, 443, 30, 0, 19.01%, 0, 24, 13, 124.58, 521237, 509, 0, 0
4950, 3, 384, 443, 30, 0, 19.01%, 0, 24, 13, 119.73, 521845, 509, 0, 0
4955, 3, 406, 443, 30, 0, 19.01%, 0, 24, 13, 114.40, 522421, 509, 0, 0
4961, 3, 406, 443, 30, 0, 19.01%, 0, 24, 13, 117.18, 523013, 509, 0, 0
4966, 3, 406, 443, 30, 0, 19.01%, 0, 24, 13, 91.58, 523436, 509, 0, 0
4971, 3, 406, 445, 32, 0, 19.01%, 0, 24, 13, 107.47, 524046, 509, 0, 0
4976, 3, 419, 445, 31, 0, 19.01%, 0, 24, 13, 129.51, 524727, 509, 0, 0
4981, 3, 402, 445, 31, 0, 19.01%, 0, 24, 13, 134.08, 525452, 509, 0, 0
4986, 3, 400, 445, 31, 0, 19.01%, 0, 24, 13, 125.30, 526090, 509, 0, 0
4991, 3, 429, 445, 31, 0, 19.01%, 0, 24, 13, 132.52, 526768, 509, 0, 0
4996, 3, 411, 445, 31, 0, 19.01%, 0, 24, 13, 133.54, 527476, 509, 0, 0
5002, 3, 412, 445, 31, 0, 19.01%, 0, 24, 13, 140.82, 528210, 509, 0, 0
5007, 3, 412, 445, 31, 0, 19.01%, 0, 24, 13, 119.83, 528796, 509, 0, 0
5012, 3, 412, 445, 31, 0, 19.01%, 0, 24, 13, 119.52, 529388, 509, 0, 0
5017, 3, 412, 445, 31, 0, 19.01%, 0, 24, 13, 111.43, 529936, 509, 0, 0
5022, 3, 412, 445, 31, 0, 19.01%, 0, 24, 13, 116.89, 530564, 509, 0, 0
5027, 3, 372, 445, 30, 0, 19.01%, 0, 24, 13, 114.05, 531160, 509, 0, 0
5032, 3, 372, 445, 30, 0, 19.01%, 0, 24, 13, 113.15, 531730, 509, 0, 0
5037, 3, 372, 445, 30, 0, 19.01%, 0, 24, 13, 111.87, 532296, 509, 0, 0
5042, 3, 372, 445, 30, 0, 19.01%, 0, 24, 13, 113.78, 532936, 509, 0, 0
5047, 3, 444, 445, 29, 0, 19.01%, 0, 24, 13, 121.63, 533550, 509, 0, 0
5053, 3, 444, 445, 29, 0, 19.01%, 0, 24, 13, 115.43, 534128, 509, 0, 0
5058, 3, 444, 445, 29, 0, 19.01%, 0, 24, 13, 114.27, 534714, 509, 0, 0
5063, 3, 444, 445, 29, 0, 19.01%, 0, 24, 13, 114.16, 535336, 509, 0, 0
5068, 3, 201, 445, 28, 0, 19.01%, 0, 24, 13, 131.07, 536000, 509, 0, 0
5073, 3, 28, 445, 28, 0, 19.01%, 0, 24, 13, 144.32, 536768, 509, 0, 0
5078, 3, 337, 445, 28, 0, 19.01%, 0, 24, 13, 151.18, 537553, 509, 0, 0
5083, 3, 103, 445, 28, 0, 19.01%, 0, 24, 13, 145.00, 538309, 509, 0, 0
5088, 3, 318, 445, 28, 0, 19.01%, 0, 24, 13, 136.71, 538997, 509, 0, 0
5094, 3, 426, 445, 28, 0, 19.01%, 0, 24, 13, 147.26, 539765, 509, 0, 0
5099, 3, 384, 445, 28, 0, 19.01%, 0, 24, 13, 138.35, 540499, 509, 0, 0
5104, 3, 98, 445, 28, 0, 19.01%, 0, 24, 13, 141.65, 541199, 509, 0, 0
5109, 3, 224, 445, 28, 0, 19.01%, 0, 24, 13, 148.46, 541963, 509, 0, 0
5114, 3, 422, 445, 28, 0, 19.01%, 0, 24, 13, 139.18, 542671, 509, 0, 0
5120, 3, 347, 445, 28, 0, 19.01%, 0, 24, 13, 146.06, 543420, 509, 0, 0
5125, 3, 429, 446, 29, 0, 19.01%, 0, 24, 13, 143.82, 544159, 509, 0, 0
5130, 3, 420, 446, 29, 0, 19.01%, 0, 24, 13, 144.96, 544911, 509, 0, 0
5135, 3, 72, 446, 29, 0, 19.01%, 0, 24, 13, 144.51, 545638, 509, 0, 0
5140, 3, 377, 446, 29, 0, 19.01%, 0, 24, 13, 136.63, 546329, 509, 0, 0
5145, 3, 429, 446, 29, 0, 19.01%, 0, 24, 13, 140.91, 547052, 509, 0, 0
5150, 3, 403, 446, 29, 0, 19.01%, 0, 24, 13, 144.30, 547803, 509, 0, 0
5155, 3, 403, 446, 29, 0, 19.01%, 0, 24, 13, 119.98, 548377, 509, 0, 0
5160, 3, 403, 446, 29, 0, 19.01%, 0, 24, 13, 114.12, 548957, 509, 0, 0
5165, 3, 67, 446, 28, 0, 19.01%, 0, 24, 13, 119.23, 549609, 509, 0, 0
5171, 3, 245, 446, 28, 0, 19.01%, 0, 24, 13, 132.45, 550326, 509, 0, 0
5176, 3, 426, 446, 28, 0, 19.01%, 0, 24, 13, 137.40, 551024, 509, 0, 0
5181, 3, 392, 446, 28, 0, 19.01%, 0, 24, 13, 142.36, 551770, 509, 0, 0
5186, 3, 419, 446, 28, 0, 19.01%, 0, 24, 13, 141.86, 552492, 509, 0, 0
5191, 3, 441, 447, 29, 0, 19.01%, 0, 24, 13, 113.36, 553052, 509, 0, 0
5196, 3, 204, 447, 29, 0, 19.01%, 0, 24, 13, 139.88, 553774, 509, 0, 0
5201, 3, 280, 447, 28, 0, 19.01%, 0, 24, 13, 140.07, 554438, 509, 0, 0
5206, 3, 416, 447, 28, 0, 19.01%, 0, 24, 13, 141.45, 555174, 509, 0, 0
5212, 3, 216, 447, 28, 0, 19.01%, 0, 24, 13, 148.25, 555938, 509, 0, 0
5217, 3, 337, 447, 28, 0, 19.01%, 0, 24, 13, 152.65, 556727, 509, 0, 0
5222, 3, 384, 447, 28, 0, 19.01%, 0, 24, 13, 137.56, 557450, 509, 0, 0
5227, 3, 422, 447, 28, 0, 19.01%, 0, 24, 13, 142.18, 558169, 509, 0, 0
5232, 3, 93, 447, 28, 0, 19.01%, 0, 24, 13, 149.08, 558937, 509, 0, 0
5237, 3, 29, 447, 28, 0, 19.01%, 0, 24, 13, 148.66, 559697, 509, 0, 0
5244, 3, 6, 447, 28, 0, 19.01%, 0, 24, 13, 146.96, 560610, 509, 0, 0
5249, 3, 80, 447, 27, 0, 19.01%, 0, 24, 13, 151.71, 561369, 509, 0, 0
5254, 3, 1, 447, 27, 0, 19.01%, 0, 24, 13, 144.44, 562063, 509, 0, 0
5259, 3, 422, 447, 27, 0, 19.01%, 0, 24, 13, 134.70, 562747, 509, 0, 0
5264, 3, 442, 447, 27, 0, 19.01%, 0, 25, 13, 151.99, 563319, 509, 0, 0
5269, 3, 224, 447, 26, 0, 19.01%, 0, 25, 13, 141.40, 564051, 509, 0, 0
5274, 3, 47, 447, 25, 0, 19.01%, 0, 25, 13, 130.06, 564706, 509, 0, 0
5279, 3, 134, 447, 25, 0, 19.01%, 0, 25, 13, 133.05, 565398, 509, 0, 0
5284, 3, 418, 447, 25, 0, 19.01%, 0, 25, 13, 135.67, 566076, 509, 0, 0
5289, 3, 390, 447, 25, 0, 19.01%, 0, 25, 13, 137.54, 566791, 509, 0, 0
5294, 3, 400, 447, 25, 0, 19.01%, 0, 25, 13, 133.68, 567507, 509, 0, 0
5300, 3, 394, 447, 25, 0, 19.01%, 0, 25, 13, 142.10, 568232, 509, 0, 0
5305, 3, 238, 447, 25, 0, 19.01%, 0, 25, 13, 145.34, 568973, 509, 0, 0
5310, 3, 107, 447, 25, 0, 19.01%, 0, 25, 13, 141.74, 569698, 509, 0, 0
5315, 3, 182, 447, 25, 0, 19.01%, 0, 25, 13, 143.43, 570423, 509, 0, 0
5320, 3, 237, 447, 25, 0, 19.01%, 0, 25, 13, 141.68, 571160, 509, 0, 0
5325, 3, 419, 447, 25, 0, 19.01%, 0, 25, 13, 141.02, 571892, 509, 0, 0
5330, 3, 384, 447, 25, 0, 19.01%, 0, 25, 13, 123.22, 572482, 509, 0, 0
5336, 3, 343, 448, 25, 0, 19.13%, 0, 25, 13, 139.83, 573213, 512, 0, 0
5341, 3, 14, 448, 25, 0, 19.13%, 0, 25, 13, 141.30, 573920, 512, 0, 0
5346, 3, 411, 448, 25, 0, 19.13%, 0, 25, 13, 127.32, 574593, 512, 0, 0
5351, 3, 210, 448, 25, 0, 19.13%, 0, 25, 13, 141.66, 575342, 512, 0, 0
5356, 3, 419, 449, 26, 0, 19.13%, 0, 25, 13, 142.40, 576075, 512, 0, 0
5361, 3, 239, 450, 26, 0, 19.13%, 0, 26, 13, 129.97, 576604, 512, 0, 0
5366, 3, 422, 450, 26, 0, 19.13%, 0, 26, 13, 133.92, 577274, 512, 0, 0
5371, 3, 368, 450, 26, 0, 19.13%, 0, 26, 13, 142.76, 578015, 512, 0, 0
5377, 3, 422, 450, 26, 0, 19.13%, 0, 26, 13, 139.82, 578738, 512, 0, 0
5382, 4, 422, 450, 26, 0, 19.13%, 0, 26, 13, 116.46, 579292, 512, 0, 0
5387, 4, 69, 450, 26, 0, 19.13%, 0, 26, 13, 133.82, 580002, 512, 0, 0
5392, 4, 28, 450, 26, 0, 19.13%, 0, 27, 13, 125.91, 580552, 512, 0, 0
5397, 4, 429, 450, 26, 0, 19.13%, 0, 27, 13, 132.41, 581233, 512, 0, 0
5402, 4, 429, 450, 26, 0, 19.13%, 0, 27, 13, 123.76, 581829, 512, 0, 0
5407, 4, 420, 450, 26, 0, 19.13%, 0, 27, 13, 130.83, 582504, 512, 0, 0
5413, 4, 405, 450, 26, 0, 19.13%, 0, 27, 13, 123.20, 583159, 512, 0, 0
5418, 4, 405, 450, 26, 0, 19.13%, 0, 27, 13, 115.00, 583739, 512, 0, 0
5423, 4, 405, 450, 26, 0, 19.13%, 0, 27, 13, 110.12, 584343, 512, 0, 0
5428, 4, 36, 450, 25, 0, 19.13%, 0, 27, 13, 123.00, 584957, 512, 0, 0
5433, 4, 384, 450, 25, 0, 19.13%, 0, 27, 13, 130.16, 585686, 512, 0, 0
5438, 4, 420, 450, 25, 0, 19.13%, 0, 27, 13, 138.18, 586399, 512, 0, 0
5444, 4, 367, 450, 25, 0, 19.13%, 0, 27, 13, 142.18, 587130, 512, 0, 0
5449, 4, 429, 450, 25, 0, 19.13%, 0, 27, 13, 139.87, 587866, 512, 0, 0
5454, 4, 384, 450, 25, 0, 19.13%, 0, 27, 13, 133.47, 588560, 512, 0, 0
5459, 4, 30, 450, 25, 0, 19.13%, 0, 27, 13, 138.09, 589263, 512, 0, 0
5464, 4, 153, 450, 25, 0, 19.13%, 0, 27, 13, 136.01, 589937, 512, 0, 0
5469, 4, 337, 450, 25, 0, 19.13%, 0, 27, 13, 145.41, 590696, 512, 0, 0
5474, 4, 321, 450, 25, 0, 19.13%, 0, 27, 13, 143.81, 591447, 512, 0, 0
5479, 4, 367, 450, 25, 0, 19.13%, 0, 27, 13, 146.28, 592176, 512, 0, 0
5485, 4, 367, 452, 27, 0, 19.13%, 0, 28, 13, 124.83, 592652, 512, 0, 0
5490, 4, 367, 452, 27, 0, 19.13%, 0, 28, 13, 126.97, 593272, 512, 0, 0
5495, 4, 419, 452, 27, 0, 19.13%, 0, 28, 13, 133.54, 593950, 512, 0, 0
5500, 4, 40, 452, 27, 0, 19.13%, 0, 28, 13, 142.16, 594691, 512, 0, 0
5505, 4, 107, 452, 27, 0, 19.13%, 0, 28, 13, 139.03, 595367, 512, 0, 0
5510, 4, 384, 452, 27, 0, 19.13%, 0, 28, 13, 134.30, 596081, 512, 0, 0
5515, 4, 392, 452, 27, 0, 19.13%, 0, 28, 13, 130.12, 596728, 512, 0, 0
5520, 4, 422, 452, 27, 0, 19.13%, 0, 28, 13, 129.87, 597370, 512, 0, 0
5525, 4, 400, 452, 27, 0, 19.13%, 0, 28, 13, 115.17, 597964, 512, 0, 0
5530, 4, 441, 452, 27, 0, 19.13%, 0, 28, 13, 121.02, 598602, 512, 0, 0
5536, 4, 419, 452, 27, 0, 19.13%, 0, 28, 13, 122.02, 599209, 512, 0, 0
5541, 4, 427, 452, 27, 0, 19.13%, 0, 28, 13, 130.09, 599881, 512, 0, 0
5546, 4, 425, 452, 27, 0, 19.13%, 0, 28, 13, 141.45, 600619, 512, 0, 0
5551, 4, 425, 452, 27, 0, 19.13%, 0, 28, 13, 106.34, 601109, 512, 0, 0
5556, 4, 425, 452, 27, 0, 19.13%, 0, 28, 13, 101.71, 601611, 512, 0, 0
5563, 4, 425, 452, 27, 0, 19.13%, 0, 28, 13, 103.61, 602349, 512, 0, 0
5568, 4, 425, 453, 28, 0, 19.13%, 0, 28, 13, 103.33, 602868, 512, 0, 0
5573, 4, 446, 453, 27, 0, 19.13%, 0, 28, 13, 115.28, 603497, 512, 0, 0
5578, 4, 388, 453, 26, 0, 19.13%, 0, 28, 13, 117.36, 604065, 512, 0, 0
5583, 4, 402, 453, 26, 0, 19.13%, 0, 28, 13, 117.20, 604688, 512, 0, 0
5589, 4, 451, 453, 26, 0, 19.13%, 0, 28, 13, 118.32, 605290, 512, 0, 0
5594, 4, 67, 453, 25, 0, 19.13%, 0, 28, 13, 126.48, 605965, 512, 0, 0
5599, 4, 426, 453, 25, 0, 19.13%, 0, 28, 13, 131.99, 606655, 512, 0, 0
5604, 4, 392, 453, 25, 0, 19.13%, 0, 28, 13, 123.23, 607292, 512, 0, 0
5609, 4, 420, 453, 25, 0, 19.13%, 0, 28, 13, 128.78, 607962, 512, 0, 0
5614, 4, 13, 453, 25, 0, 19.13%, 0, 28, 13, 121.86, 608600, 512, 0, 0
5620, 4, 224, 453, 24, 0, 19.13%, 0, 28, 13, 129.16, 609276, 512, 0, 0
5625, 4, 200, 453, 24, 0, 19.13%, 0, 28, 13, 136.45, 609968, 512, 0, 0
5630, 4, 114, 453, 24, 0, 19.13%, 0, 28, 13, 132.33, 610657, 512, 0, 0
5635, 4, 384, 454, 24, 0, 19.13%, 0, 28, 13, 117.61, 611252, 512, 0, 0
5640, 4, 48, 454, 24, 0, 19.13%, 0, 28, 13, 119.94, 611852, 512, 0, 0
5645, 4, 450, 454, 23, 0, 19.13%, 0, 28, 13, 132.46, 612525, 512, 0, 0
5650, 4, 392, 454, 22, 0, 19.13%, 0, 28, 13, 123.80, 613175, 512, 0, 0
5655, 4, 36, 454, 22, 0, 19.13%, 0, 28, 13, 138.90, 613896, 512, 0, 0
5660, 4, 367, 454, 22, 0, 19.13%, 0, 28, 13, 130.63, 614554, 512, 0, 0
5666, 4, 384, 455, 23, 0, 19.13%, 0, 28, 13, 116.07, 615074, 512, 0, 0
5671, 4, 422, 455, 23, 0, 19.13%, 0, 28, 13, 123.86, 615698, 512, 0, 0
5676, 4, 80, 455, 23, 0, 19.13%, 0, 28, 13, 124.58, 616329, 512, 0, 0
5681, 4, 422, 455, 23, 0, 19.13%, 0, 28, 13, 136.45, 617045, 512, 0, 0
5686, 4, 422, 455, 23, 0, 19.13%, 0, 28, 13, 132.26, 617733, 512, 0, 0
5691, 4, 419, 455, 23, 0, 19.13%, 0, 28, 13, 138.71, 618461, 512, 0, 0
5696, 4, 400, 455, 23, 0, 19.13%, 0, 28, 13, 138.94, 619198, 512, 0, 0
5702, 4, 181, 455, 23, 0, 19.13%, 0, 28, 13, 144.04, 619945, 512, 0, 0
5707, 4, 29, 455, 23, 0, 19.13%, 0, 28, 13, 139.03, 620653, 512, 0, 0
5712, 4, 443, 455, 23, 0, 19.13%, 0, 28, 13, 122.35, 621254, 512, 0, 0
5717, 4, 443, 455, 23, 0, 19.13%, 0, 28, 13, 116.40, 621838, 512, 0, 0
5722, 4, 443, 455, 23, 0, 19.13%, 0, 28, 13, 115.73, 622458, 512, 0, 0
5727, 4, 449, 455, 22, 0, 19.13%, 0, 28, 13, 122.18, 623081, 512, 0, 0
5732, 4, 441, 456, 22, 0, 19.13%, 0, 28, 13, 128.07, 623739, 512, 0, 0
5737, 4, 318, 456, 22, 0, 19.13%, 0, 28, 13, 135.01, 624434, 512, 0, 0
5744, 4, 454, 456, 22, 0, 19.13%, 0, 28, 13, 134.95, 625203, 512, 0, 0
5749, 4, 191, 456, 20, 0, 19.13%, 0, 28, 13, 136.92, 625875, 512, 0, 0
5754, 4, 407, 456, 20, 0, 19.13%, 0, 28, 13, 140.72, 626619, 512, 0, 0
5759, 4, 407, 456, 20, 0, 19.13%, 0, 28, 13, 120.72, 627185, 512, 0, 0
5764, 4, 407, 456, 20, 0, 19.13%, 0, 28, 13, 119.59, 627767, 512, 0, 0
5769, 4, 407, 456, 20, 0, 19.13%, 0, 28, 13, 111.37, 628325, 512, 0, 0
5774, 4, 407, 456, 20, 0, 19.13%, 0, 28, 13, 113.58, 628946, 512, 0, 0
5779, 4, 426, 456, 19, 0, 19.13%, 0, 28, 13, 140.66, 629685, 512, 0, 0
5784, 4, 429, 456, 19, 0, 19.13%, 0, 28, 13, 136.17, 630362, 512, 0, 0
5789, 4, 422, 456, 19, 0, 19.13%, 0, 28, 13, 140.52, 631050, 512, 0, 0
5795, 4, 93, 457, 20, 0, 19.13%, 0, 28, 13, 138.73, 631734, 512, 0, 0
5800, 4, 267, 457, 20, 0, 19.13%, 0, 28, 13, 141.06, 632477, 512, 0, 0
5805, 4, 93, 457, 20, 0, 19.13%, 0, 28, 13, 150.25, 633255, 512, 0, 0
5810, 4, 455, 457, 20, 0, 19.13%, 0, 28, 13, 144.65, 633968, 512, 0, 0
5815, 4, 211, 457, 19, 0, 19.13%, 0, 28, 13, 144.17, 634712, 512, 0, 0
5820, 4, 452, 457, 18, 0, 19.13%, 0, 28, 13, 150.84, 635493, 512, 0, 0
5825, 4, 452, 457, 18, 0, 19.13%, 0, 28, 13, 106.38, 635989, 512, 0, 0
5830, 4, 452, 457, 18, 0, 19.13%, 0, 28, 13, 97.88, 636468, 512, 0, 0
5836, 4, 452, 457, 18, 0, 19.13%, 0, 28, 13, 99.13, 637034, 512, 0, 0
5841, 4, 168, 458, 18, 0, 19.13%, 0, 28, 13, 103.65, 637558, 512, 0, 0
5846, 4, 40, 458, 18, 0, 19.13%, 0, 28, 13, 135.24, 638288, 512, 0, 0
5851, 4, 420, 458, 18, 0, 19.13%, 0, 28, 13, 139.17, 639020, 512, 0, 0
5856, 4, 316, 458, 18, 0, 19.13%, 0, 28, 13, 141.29, 639762, 512, 0, 0
5861, 4, 419, 458, 18, 0, 19.13%, 0, 28, 13, 143.14, 640499, 512, 0, 0
5866, 4, 392, 458, 18, 0, 19.13%, 0, 28, 13, 147.03, 641252, 512, 0, 0
5872, 4, 422, 458, 18, 0, 19.13%, 0, 28, 13, 143.28, 641989, 512, 0, 0
5877, 4, 36, 458, 18, 0, 19.13%, 0, 28, 13, 127.16, 642632, 512, 0, 0
5882, 4, 5, 458, 18, 0, 19.13%, 0, 28, 13, 143.62, 643393, 512, 0, 0
5887, 4, 360, 458, 18, 0, 19.13%, 0, 28, 13, 151.24, 644186, 512, 0, 0
5892, 4, 2, 458, 18, 0, 19.13%, 0, 28, 13, 145.92, 644920, 512, 0, 0
5897, 4, 426, 458, 18, 0, 19.13%, 0, 28, 13, 144.92, 645662, 512, 0, 0
5902, 4, 170, 458, 18, 0, 19.13%, 0, 28, 13, 135.00, 646375, 512, 0, 0
5908, 4, 237, 458, 18, 0, 19.13%, 0, 28, 13, 126.67, 647030, 512, 0, 0
5913, 4, 337, 458, 18, 0, 19.13%, 0, 28, 13, 140.28, 647755, 512, 0, 0
5918, 4, 392, 458, 18, 0, 19.13%, 0, 28, 13, 140.21, 648487, 512, 0, 0
5923, 4, 426, 458, 18, 0, 19.13%, 0, 28, 13, 132.78, 649179, 512, 0, 0
5928, 4, 318, 458, 18, 0, 19.13%, 0, 28, 13, 141.02, 649905, 512, 0, 0
5933, 4, 429, 458, 18, 0, 19.13%, 0, 28, 13, 141.75, 650645, 512, 0, 0
5938, 4, 317, 458, 18, 0, 19.13%, 0, 28, 13, 147.16, 651389, 512, 0, 0
5943, 4, 400, 458, 17, 0, 19.13%, 0, 28, 13, 144.57, 652134, 512, 0, 0
5949, 4, 308, 458, 17, 0, 19.13%, 0, 28, 13, 134.62, 652796, 512, 0, 0
5954, 4, 388, 458, 17, 0, 19.13%, 0, 28, 13, 130.73, 653448, 512, 0, 0
5959, 4, 429, 458, 17, 0, 19.13%, 0, 28, 13, 143.86, 654210, 512, 0, 0
5964, 4, 392, 458, 17, 0, 19.13%, 0, 28, 13, 141.14, 654943, 512, 0, 0
5969, 4, 97, 458, 17, 0, 19.13%, 0, 28, 13, 147.26, 655702, 512, 0, 0
5975, 4, 422, 458, 17, 0, 19.13%, 0, 28, 13, 144.53, 656457, 512, 0, 0
5980, 5, 402, 458, 17, 0, 19.13%, 0, 28, 13, 149.12, 657230, 512, 0, 0
5985, 5, 63, 458, 17, 0, 19.13%, 0, 28, 13, 143.94, 657933, 512, 0, 0
5990, 5, 422, 458, 16, 0, 19.13%, 0, 28, 13, 142.83, 658677, 512, 0, 0
5995, 5, 443, 458, 16, 0, 19.13%, 0, 28, 13, 130.55, 659355, 512, 0, 0
6000, 5, 384, 458, 16, 0, 19.13%, 0, 28, 13, 127.63, 660029, 512, 0, 0
6005, 5, 199, 458, 16, 0, 19.13%, 0, 28, 13, 143.14, 660774, 512, 0, 0
6011, 5, 376, 458, 16, 0, 19.13%, 0, 28, 13, 120.48, 661372, 512, 0, 0
6016, 5, 376, 458, 16, 0, 19.13%, 0, 28, 13, 112.43, 661930, 512, 0, 0
6021, 5, 376, 458, 16, 0, 19.13%, 0, 28, 13, 111.08, 662500, 512, 0, 0
6026, 5, 376, 458, 16, 0, 19.13%, 0, 28, 13, 112.98, 663144, 512, 0, 0
6031, 5, 392, 458, 15, 0, 19.13%, 0, 28, 13, 131.83, 663823, 512, 0, 0
6036, 5, 159, 458, 15, 0, 19.13%, 0, 28, 13, 140.92, 664538, 512, 0, 0
6042, 5, 435, 458, 15, 0, 19.13%, 0, 28, 13, 106.29, 665056, 512, 0, 0
6047, 5, 435, 458, 15, 0, 19.13%, 0, 28, 13, 97.35, 665551, 512, 0, 0
6053, 5, 435, 458, 15, 0, 19.13%, 0, 28, 13, 98.04, 666271, 512, 0, 0
6059, 5, 25, 458, 14, 0, 19.13%, 0, 28, 13, 120.36, 666881, 512, 0, 0
6064, 5, 419, 458, 14, 0, 19.13%, 0, 28, 13, 134.36, 667589, 512, 0, 0
6069, 5, 419, 458, 14, 0, 19.13%, 0, 28, 13, 137.04, 668307, 512, 0, 0
6074, 5, 188, 458, 14, 0, 19.13%, 0, 28, 13, 143.47, 669052, 512, 0, 0
6079, 5, 45, 458, 14, 0, 19.13%, 0, 28, 13, 132.47, 669740, 512, 0, 0
6084, 5, 50, 458, 13, 0, 19.13%, 0, 28, 13, 143.11, 670466, 512, 0, 0
6090, 5, 419, 458, 13, 0, 19.13%, 0, 28, 13, 142.54, 671222, 512, 0, 0
6095, 5, 114, 458, 13, 0, 19.13%, 0, 28, 13, 147.68, 671985, 512, 0, 0
6100, 5, 28, 458, 13, 0, 19.13%, 0, 28, 13, 146.63, 672732, 512, 0, 0
6105, 5, 400, 458, 13, 0, 19.13%, 0, 28, 13, 134.17, 673443, 512, 0, 0
6110, 5, 239, 458, 13, 0, 19.13%, 0, 28, 13, 143.24, 674170, 512, 0, 0
6115, 5, 419, 458, 13, 0, 19.13%, 0, 28, 13, 139.60, 674873, 512, 0, 0
6120, 5, 297, 458, 13, 0, 19.13%, 0, 28, 13, 136.64, 675579, 512, 0, 0
6126, 5, 422, 458, 13, 0, 19.13%, 0, 28, 13, 141.61, 676316, 512, 0, 0
6131, 5, 340, 458, 13, 0, 19.13%, 0, 28, 13, 144.38, 677054, 512, 0, 0
6136, 5, 337, 458, 13, 0, 19.13%, 0, 28, 13, 145.66, 677793, 512, 0, 0
6141, 5, 422, 458, 13, 0, 19.13%, 0, 28, 13, 149.12, 678581, 512, 0, 0
6146, 5, 420, 458, 13, 0, 19.13%, 0, 28, 13, 147.98, 679344, 512, 0, 0
6151, 5, 182, 458, 13, 0, 19.13%, 0, 28, 13, 141.14, 680046, 512, 0, 0
6157, 5, 40, 458, 13, 0, 19.13%, 0, 28, 13, 141.47, 680778, 512, 0, 0
6162, 5, 196, 458, 13, 0, 19.13%, 0, 28, 13, 149.75, 681545, 512, 0, 0
6167, 5, 318, 458, 13, 0, 19.13%, 0, 28, 13, 144.89, 682279, 512, 0, 0
6172, 5, 150, 458, 13, 0, 19.13%, 0, 28, 13, 141.68, 682972, 512, 0, 0
6177, 5, 392, 458, 13, 0, 19.13%, 0, 28, 13, 140.37, 683699, 512, 0, 0
6182, 5, 411, 458, 13, 0, 19.13%, 0, 28, 13, 136.52, 684418, 512, 0, 0
6187, 5, 400, 458, 13, 0, 19.13%, 0, 28, 13, 125.48, 685056, 512, 0, 0
6193, 5, 400, 458, 13, 0, 19.13%, 0, 28, 13, 134.30, 685771, 512, 0, 0
6198, 5, 457, 458, 13, 0, 19.13%, 0, 28, 13, 98.77, 686239, 512, 0, 0
6203, 5, 457, 458, 13, 0, 19.13%, 0, 28, 13, 91.86, 686696, 512, 0, 0
6208, 5, 457, 458, 13, 0, 19.13%, 0, 28, 13, 89.51, 687154, 512, 0, 0
6213, 5, 457, 458, 13, 0, 19.13%, 0, 28, 13, 90.86, 687679, 512, 0, 0
6218, 5, 420, 458, 12, 0, 19.13%, 0, 28, 13, 131.29, 688348, 512, 0, 0
6223, 5, 384, 458, 12, 0, 19.13%, 0, 28, 13, 139.43, 689072, 512, 0, 0
6228, 5, 429, 458, 12, 0, 19.13%, 0, 28, 13, 136.39, 689760, 512, 0, 0
6234, 5, 422, 458, 12, 0, 19.13%, 0, 28, 13, 144.91, 690506, 512, 0, 0
6239, 5, 400, 458, 12, 0, 19.13%, 0, 28, 13, 139.77, 691237, 512, 0, 0
6244, 5, 419, 458, 12, 0, 19.13%, 0, 28, 13, 137.44, 691939, 512, 0, 0
6249, 5, 115, 458, 12, 0, 19.13%, 0, 28, 13, 144.23, 692674, 512, 0, 0
6254, 5, 384, 458, 12, 0, 19.13%, 0, 28, 13, 129.70, 693351, 512, 0, 0
6259, 5, 422, 458, 12, 0, 19.13%, 0, 28, 13, 137.01, 694046, 512, 0, 0
6265, 5, 182, 458, 12, 0, 19.13%, 0, 28, 13, 150.36, 694830, 512, 0, 0
6270, 5, 50, 458, 12, 0, 19.13%, 0, 28, 13, 149.13, 695598, 512, 0, 0
6275, 5, 194, 458, 12, 0, 19.13%, 0, 28, 13, 144.61, 696352, 512, 0, 0
6280, 5, 237, 458, 12, 0, 19.13%, 0, 28, 13, 150.73, 697131, 512, 0, 0
6285, 5, 200, 458, 12, 0, 19.13%, 0, 28, 13, 149.04, 697888, 512, 0, 0
6290, 5, 441, 458, 12, 0, 19.13%, 0, 28, 13, 129.55, 698498, 512, 0, 0
6295, 5, 237, 458, 12, 0, 19.13%, 0, 28, 13, 147.46, 699281, 512, 0, 0
6300, 5, 163, 459, 13, 0, 19.13%, 0, 28, 13, 138.07, 699975, 512, 0, 0
6306, 5, 429, 459, 13, 0, 19.13%, 0, 28, 13, 139.02, 700680, 512, 0, 0
6311, 5, 420, 459, 13, 0, 19.13%, 0, 28, 13, 138.67, 701400, 512, 0, 0
6316, 5, 61, 459, 13, 0, 19.13%, 0, 28, 13, 142.17, 702134, 512, 0, 0
6321, 5, 203, 459, 13, 0, 19.13%, 0, 28, 13, 146.24, 702874, 512, 0, 0
6326, 5, 400, 459, 13, 0, 19.13%, 0, 28, 13, 142.52, 703624, 512, 0, 0
6331, 5, 392, 459, 13, 0, 19.13%, 0, 28, 13, 142.32, 704347, 512, 0, 0
6337, 5, 384, 459, 13, 0, 19.13%, 0, 28, 13, 134.67, 705052, 512, 0, 0
6342, 5, 368, 459, 13, 0, 19.13%, 0, 28, 13, 146.24, 705808, 512, 0, 0
6347, 5, 134, 459, 12, 0, 19.13%, 0, 28, 13, 148.57, 706578, 512, 0, 0
6352, 5, 360, 459, 12, 0, 19.13%, 0, 28, 13, 151.00, 707361, 512, 0, 0
6357, 5, 216, 460, 13, 0, 19.13%, 0, 28, 13, 145.63, 708073, 512, 0, 0
6362, 5, 259, 460, 13, 0, 19.13%, 0, 28, 13, 148.06, 708827, 512, 0, 0
6367, 5, 49, 460, 13, 0, 19.13%, 0, 28, 13, 152.03, 709615, 512, 0, 0
6373, 5, 384, 460, 13, 0, 19.13%, 0, 29, 13, 139.59, 710199, 512, 0, 0
6378, 5, 421, 460, 13, 0, 19.13%, 0, 29, 13, 131.03, 710865, 512, 0, 0
6383, 5, 456, 460, 13, 0, 19.13%, 0, 29, 13, 143.74, 711589, 512, 0, 0
6388, 5, 367, 460, 12, 0, 19.13%, 0, 29, 13, 140.09, 712315, 512, 0, 0
6393, 5, 388, 461, 13, 0, 19.13%, 0, 29, 13, 139.07, 712995, 512, 0, 0
6398, 5, 384, 461, 13, 0, 19.13%, 0, 29, 13, 124.35, 713658, 512, 0, 0
6403, 5, 185, 461, 13, 0, 19.13%, 0, 29, 13, 147.96, 714432, 512, 0, 0
6409, 5, 402, 461, 13, 0, 19.13%, 0, 29, 13, 129.92, 715107, 512, 0, 0
6414, 5, 445, 461, 13, 0, 19.13%, 0, 29, 13, 138.02, 715803, 512, 0, 0
6419, 5, 168, 461, 12, 0, 19.13%, 0, 29, 13, 145.58, 716553, 512, 0, 0
6424, 5, 347, 461, 12, 0, 19.13%, 0, 29, 13, 144.83, 717295, 512, 0, 0
6429, 5, 283, 461, 12, 0, 19.13%, 0, 29, 13, 142.35, 718023, 512, 0, 0
6435, 5, 438, 461, 12, 0, 19.13%, 0, 29, 13, 141.62, 718774, 512, 0, 0
6440, 5, 459, 461, 11, 0, 19.13%, 0, 29, 13, 132.17, 719452, 512, 0, 0
6445, 5, 459, 461, 11, 0, 19.13%, 0, 29, 13, 129.55, 720110, 512, 0, 0
6450, 5, 459, 461, 11, 0, 19.13%, 0, 29, 13, 130.12, 720786, 512, 0, 0
6455, 5, 400, 461, 10, 0, 19.13%, 0, 29, 13, 123.58, 721406, 512, 0, 0
6460, 5, 420, 461, 10, 0, 19.13%, 0, 29, 13, 133.31, 722106, 512, 0, 0
6465, 5, 409, 461, 10, 0, 19.13%, 0, 29, 13, 119.94, 722686, 512, 0, 0
6470, 5, 409, 461, 10, 0, 19.13%, 0, 29, 13, 118.93, 723286, 512, 0, 0
6475, 5, 409, 461, 10, 0, 19.13%, 0, 29, 13, 111.65, 723842, 512, 0, 0
6481, 5, 409, 461, 10, 0, 19.13%, 0, 29, 13, 115.88, 724487, 512, 0, 0
6486, 5, 400, 461, 9, 0, 19.13%, 0, 29, 13, 128.42, 725169, 512, 0, 0
6491, 5, 402, 461, 9, 0, 19.13%, 0, 29, 13, 140.05, 725924, 512, 0, 0
6496, 5, 365, 461, 9, 0, 19.13%, 0, 29, 13, 139.48, 726611, 512, 0, 0
6501, 5, 458, 461, 9, 0, 19.13%, 0, 29, 13, 121.06, 727217, 512, 0, 0
6506, 5, 458, 461, 9, 0, 19.13%, 0, 29, 13, 113.56, 727785, 512, 0, 0
6511, 5, 458, 462, 10, 0, 19.13%, 0, 29, 13, 117.20, 728404, 512, 0, 0
6516, 5, 392, 462, 9, 0, 19.13%, 0, 29, 13, 133.98, 729123, 512, 0, 0
6522, 5, 384, 462, 9, 0, 19.13%, 0, 29, 13, 132.83, 729832, 512, 0, 0
6527, 5, 402, 462, 9, 0, 19.13%, 0, 29, 13, 122.75, 730448, 512, 0, 0
6532, 5, 40, 462, 9, 0, 19.13%, 0, 29, 13, 131.90, 731113, 512, 0, 0
6537, 5, 14, 462, 9, 0, 19.13%, 0, 29, 13, 133.50, 731831, 512, 0, 0
6542, 5, 461, 462, 9, 0, 19.13%, 0, 29, 13, 133.36, 732547, 512, 0, 0
6547, 5, 461, 462, 9, 0, 19.13%, 0, 29, 13, 128.93, 733201, 512, 0, 0
6554, 5, 461, 462, 9, 0, 19.13%, 0, 29, 13, 128.58, 734123, 512, 0, 0
6559, 5, 461, 462, 9, 0, 19.13%, 0, 29, 13, 135.36, 734825, 512, 0, 0
6565, 5, 400, 462, 8, 0, 19.13%, 0, 29, 13, 129.56, 735507, 512, 0, 0
6570, 5, 45, 462, 8, 0, 19.13%, 0, 29, 13, 130.33, 736185, 512, 0, 0
6575, 6, 318, 462, 8, 0, 19.13%, 0, 29, 13, 143.84, 736950, 512, 0, 0
6580, 6, 93, 462, 8, 0, 19.13%, 0, 29, 13, 151.63, 737733, 512, 0, 0
6585, 6, 285, 462, 8, 0, 19.13%, 0, 29, 13, 142.50, 738435, 512, 0, 0
6590, 6, 429, 462, 7, 0, 19.13%, 0, 29, 13, 137.52, 739107, 512, 0, 0
6595, 6, 45, 462, 7, 0, 19.13%, 0, 29, 13, 142.89, 739841, 512, 0, 0
6601, 6, 400, 462, 7, 0, 19.13%, 0, 29, 13, 139.01, 740580, 512, 0, 0
6606, 6, 402, 462, 7, 0, 19.13%, 0, 29, 13, 133.91, 741277, 512, 0, 0
6611, 6, 181, 462, 7, 0, 19.13%, 0, 29, 13, 141.28, 741995, 512, 0, 0
6616, 6, 402, 462, 7, 0, 19.13%, 0, 29, 13, 141.54, 742746, 512, 0, 0
6621, 6, 402, 462, 7, 0, 19.13%, 0, 29, 13, 139.81, 743452, 512, 0, 0
6626, 6, 337, 462, 7, 0, 19.13%, 0, 29, 13, 143.03, 744156, 512, 0, 0
6632, 6, 447, 462, 7, 0, 19.13%, 0, 29, 13, 145.08, 744918, 512, 0, 0
6637, 6, 308, 462, 7, 0, 19.13%, 0, 29, 13, 141.57, 745657, 512, 0, 0
6642, 6, 200, 462, 7, 0, 19.13%, 0, 29, 13, 146.20, 746396, 512, 0, 0
6647, 6, 420, 462, 7, 0, 19.13%, 0, 29, 13, 137.87, 747100, 512, 0, 0
6652, 6, 456, 462, 7, 0, 19.13%, 0, 29, 13, 145.68, 747857, 512, 0, 0
6657, 6, 447, 462, 7, 0, 19.13%, 0, 29, 13, 142.94, 748591, 512, 0, 0
6663, 6, 419, 462, 7, 0, 19.13%, 0, 29, 13, 145.44, 749355, 512, 0, 0
6668, 6, 199, 462, 7, 0, 19.13%, 0, 29, 13, 132.19, 749986, 512, 0, 0
6673, 6, 115, 462, 7, 0, 19.13%, 0, 29, 13, 141.92, 750728, 512, 0, 0
6678, 6, 36, 462, 7, 0, 19.13%, 0, 29, 13, 147.22, 751479, 512, 0, 0
6683, 6, 422, 462, 7, 0, 19.13%, 0, 29, 13, 126.22, 752124, 512, 0, 0
6688, 6, 389, 462, 7, 0, 19.13%, 0, 29, 13, 142.74, 752868, 512, 0, 0
6693, 6, 150, 462, 7, 0, 19.13%, 0, 29, 13, 149.83, 753630, 512, 0, 0
6698, 6, 400, 462, 7, 0, 19.13%, 0, 29, 13, 142.62, 754353, 512, 0, 0
7618, 6, 420, 462, 7, 0, 19.13%, 0, 29, 13, 0.02, 754784, 512, 0, 0
7623, 6, 441, 462, 7, 0, 19.13%, 0, 29, 13, 138.67, 755489, 512, 0, 0
7628, 6, 80, 462, 7, 0, 19.13%, 0, 29, 13, 148.63, 756258, 512, 0, 0
7633, 6, 7, 462, 7, 0, 19.13%, 0, 29, 13, 150.62, 757024, 512, 0, 0
7638, 6, 114, 462, 7, 0, 19.13%, 0, 29, 13, 147.53, 757765, 512, 0, 0
7643, 6, 341, 462, 7, 0, 19.13%, 0, 29, 13, 146.36, 758533, 512, 0, 0
7648, 6, 261, 462, 7, 0, 19.13%, 0, 29, 13, 142.53, 759273, 512, 0, 0
7654, 6, 77, 462, 6, 0, 19.13%, 0, 29, 13, 143.91, 760007, 512, 0, 0
7659, 6, 385, 462, 6, 0, 19.13%, 0, 29, 13, 133.54, 760708, 512, 0, 0
7664, 6, 422, 462, 6, 0, 19.13%, 0, 29, 13, 143.82, 761447, 512, 0, 0
7669, 6, 420, 462, 6, 0, 19.13%, 0, 29, 13, 120.27, 762001, 512, 0, 0
7674, 6, 78, 462, 6, 0, 19.13%, 0, 29, 13, 137.57, 762730, 512, 0, 0
7842, 6, 238, 462, 6, 0, 19.13%, 0, 29, 13, 0.05, 763168, 512, 0, 0
7847, 6, 367, 463, 7, 0, 19.13%, 0, 29, 13, 130.09, 763814, 512, 0, 0
7852, 6, 463, 464, 7, 1, 19.16%, 0, 29, 13, 126.85, 764398, 513, 0, 0
7857, 6, 429, 464, 6, 0, 19.16%, 0, 29, 13, 133.09, 765078, 513, 0, 0
7862, 6, 80, 464, 5, 0, 19.16%, 0, 29, 13, 135.99, 765790, 513, 0, 0
7867, 6, 426, 464, 5, 0, 19.16%, 0, 29, 13, 139.73, 766522, 513, 0, 0
7873, 6, 395, 464, 5, 0, 19.16%, 0, 29, 13, 121.19, 767139, 513, 0, 0
7878, 6, 395, 464, 5, 0, 19.16%, 0, 29, 13, 111.96, 767709, 513, 0, 0
7883, 6, 395, 464, 5, 0, 19.16%, 0, 29, 13, 109.22, 768259, 513, 0, 0
7890, 6, 395, 464, 5, 0, 19.16%, 0, 29, 13, 106.64, 769019, 513, 0, 0
7895, 6, 252, 464, 4, 0, 19.16%, 0, 30, 13, 118.09, 769488, 513, 0, 0
7900, 6, 202, 464, 4, 0, 19.16%, 0, 30, 13, 125.73, 770134, 513, 0, 0
7905, 6, 14, 464, 4, 0, 19.16%, 0, 30, 13, 141.39, 770873, 513, 0, 0
7910, 6, 422, 464, 4, 0, 19.16%, 0, 30, 13, 115.96, 771420, 513, 0, 0
7915, 6, 343, 464, 4, 0, 19.16%, 0, 30, 13, 131.19, 772102, 513, 0, 0
7920, 6, 29, 464, 4, 0, 19.16%, 0, 30, 13, 132.93, 772788, 513, 0, 0
7925, 6, 235, 464, 4, 0, 19.16%, 0, 30, 13, 138.86, 773517, 513, 0, 0
7930, 6, 447, 464, 4, 0, 19.16%, 0, 30, 13, 134.15, 774191, 513, 0, 0
7936, 6, 392, 464, 4, 0, 19.16%, 0, 30, 13, 128.56, 774863, 513, 0, 0
7941, 6, 360, 464, 4, 0, 19.16%, 0, 30, 13, 129.99, 775540, 513, 0, 0
7946, 6, 429, 464, 4, 0, 19.16%, 0, 30, 13, 121.88, 776165, 513, 0, 0
7951, 6, 463, 464, 4, 0, 19.16%, 0, 30, 13, 114.39, 776747, 513, 0, 0
7956, 6, 419, 464, 4, 0, 19.16%, 0, 30, 13, 123.50, 777376, 513, 0, 0
7961, 6, 429, 464, 3, 0, 19.16%, 0, 30, 13, 128.34, 778030, 513, 0, 0
7966, 6, 419, 464, 3, 0, 19.16%, 0, 30, 13, 129.45, 778683, 513, 0, 0
7971, 6, 400, 464, 3, 0, 19.16%, 0, 30, 13, 127.28, 779337, 513, 0, 0
7976, 6, 368, 464, 3, 0, 19.16%, 0, 30, 13, 127.74, 779971, 513, 0, 0
7982, 6, 436, 464, 3, 0, 19.16%, 0, 30, 13, 133.43, 780682, 513, 0, 0
7987, 6, 419, 464, 2, 0, 19.16%, 0, 30, 13, 129.54, 781301, 513, 0, 0
7992, 6, 426, 464, 2, 0, 19.16%, 0, 30, 13, 130.55, 781975, 513, 0, 0
7997, 6, 153, 464, 2, 0, 19.16%, 0, 30, 13, 131.27, 782646, 513, 0, 0
8002, 6, 30, 464, 2, 0, 19.16%, 0, 30, 13, 129.83, 783317, 513, 0, 0
8007, 6, 158, 464, 2, 0, 19.16%, 0, 30, 13, 118.06, 783912, 513, 0, 0
8012, 6, 420, 464, 2, 0, 19.16%, 0, 30, 13, 115.08, 784491, 513, 0, 0
8017, 6, 422, 464, 2, 0, 19.16%, 0, 30, 13, 130.67, 785189, 513, 0, 0
8023, 6, 400, 464, 2, 0, 19.16%, 0, 30, 13, 122.74, 785841, 513, 0, 0
8028, 6, 463, 464, 2, 0, 19.16%, 0, 30, 13, 122.19, 786467, 513, 0, 0
8033, 6, 201, 464, 2, 0, 19.16%, 0, 30, 13, 122.81, 787105, 513, 0, 0
8038, 6, 426, 464, 2, 0, 19.16%, 0, 30, 13, 131.56, 787791, 513, 0, 0
8043, 6, 400, 464, 2, 0, 19.16%, 0, 30, 13, 131.94, 788455, 513, 0, 0
8048, 6, 420, 464, 2, 0, 19.16%, 0, 30, 13, 128.80, 789083, 513, 0, 0
8053, 6, 197, 464, 2, 0, 19.16%, 0, 30, 13, 132.18, 789739, 513, 0, 0
8058, 6, 402, 464, 2, 0, 19.16%, 0, 30, 13, 121.21, 790342, 513, 0, 0
8063, 6, 368, 464, 2, 0, 19.16%, 0, 30, 13, 132.35, 791024, 513, 0, 0
8068, 6, 419, 464, 2, 0, 19.16%, 0, 30, 13, 121.93, 791653, 513, 0, 0
8073, 6, 343, 464, 2, 0, 19.16%, 0, 30, 13, 141.96, 792394, 513, 0, 0
8079, 6, 296, 464, 2, 0, 19.16%, 0, 30, 13, 149.75, 793185, 513, 0, 0
8084, 6, 400, 464, 2, 0, 19.16%, 0, 30, 13, 145.60, 793930, 513, 0, 0
8089, 6, 429, 464, 2, 0, 19.16%, 0, 30, 13, 134.95, 794603, 513, 0, 0
8094, 6, 237, 464, 2, 0, 19.16%, 0, 30, 13, 144.87, 795352, 513, 0, 0
8099, 6, 440, 464, 2, 0, 19.16%, 0, 30, 13, 134.73, 796039, 513, 0, 0
8104, 6, 93, 464, 2, 0, 19.16%, 0, 30, 13, 146.28, 796808, 513, 0, 0
8110, 6, 360, 464, 2, 0, 19.16%, 0, 30, 13, 145.16, 797558, 513, 0, 0
8115, 6, 441, 464, 2, 0, 19.16%, 0, 30, 13, 128.76, 798194, 513, 0, 0
8120, 6, 420, 464, 2, 0, 19.16%, 0, 30, 13, 142.37, 798924, 513, 0, 0
8125, 6, 368, 464, 2, 0, 19.16%, 0, 30, 13, 149.53, 799697, 513, 0, 0
8130, 6, 360, 464, 2, 0, 19.16%, 0, 30, 13, 141.33, 800416, 513, 0, 0
8135, 6, 200, 464, 2, 0, 19.16%, 0, 30, 13, 142.06, 801152, 513, 0, 0
8140, 6, 47, 464, 2, 0, 19.16%, 0, 30, 13, 145.62, 801903, 513, 0, 0
8145, 6, 180, 464, 2, 0, 19.16%, 0, 30, 13, 150.80, 802665, 513, 0, 0
8150, 6, 420, 464, 2, 0, 19.16%, 0, 30, 13, 126.05, 803309, 513, 0, 0
8156, 6, 402, 464, 2, 0, 19.16%, 0, 30, 13, 125.23, 803981, 513, 0, 0
8161, 7, 2, 464, 2, 0, 19.16%, 0, 30, 13, 144.96, 804739, 513, 0, 0
8166, 7, 422, 464, 2, 0, 19.16%, 0, 30, 13, 148.19, 805488, 513, 0, 0
8171, 7, 360, 464, 2, 0, 19.16%, 0, 30, 13, 149.16, 806250, 513, 0, 0
8176, 7, 419, 464, 2, 0, 19.16%, 0, 30, 13, 139.64, 806976, 513, 0, 0
8181, 7, 158, 464, 2, 0, 19.16%, 0, 30, 13, 142.74, 807701, 513, 0, 0
8186, 7, 163, 464, 2, 0, 19.16%, 0, 30, 13, 137.52, 808411, 513, 0, 0
8191, 7, 47, 464, 2, 0, 19.16%, 0, 30, 13, 137.08, 809133, 513, 0, 0
8197, 7, 419, 464, 2, 0, 19.16%, 0, 30, 13, 121.44, 809777, 513, 0, 0
8202, 7, 422, 464, 2, 0, 19.16%, 0, 30, 13, 124.90, 810432, 513, 0, 0
8207, 7, 419, 464, 2, 0, 19.16%, 0, 30, 13, 133.40, 811114, 513, 0, 0
8212, 7, 397, 464, 2, 0, 19.16%, 0, 30, 13, 131.54, 811798, 513, 0, 0
8217, 7, 422, 464, 2, 0, 19.16%, 0, 30, 13, 129.92, 812460, 513, 0, 0
8223, 7, 441, 464, 2, 0, 19.16%, 0, 30, 13, 139.28, 813189, 513, 0, 0
8228, 7, 367, 464, 2, 0, 19.16%, 0, 30, 13, 120.03, 813786, 513, 0, 0
8233, 7, 402, 464, 2, 0, 19.16%, 0, 30, 13, 119.32, 814389, 513, 0, 0
8238, 7, 367, 464, 2, 0, 19.16%, 0, 30, 13, 123.95, 815053, 513, 0, 0
8243, 7, 343, 464, 2, 0, 19.16%, 0, 30, 13, 135.98, 815774, 513, 0, 0
8248, 7, 402, 464, 2, 0, 19.16%, 0, 30, 13, 123.71, 816399, 513, 0, 0
8253, 7, 3, 464, 2, 0, 19.16%, 0, 30, 13, 139.86, 817111, 513, 0, 0
8259, 7, 422, 465, 3, 0, 19.16%, 0, 30, 13, 130.95, 817772, 513, 0, 0
8264, 7, 105, 465, 3, 0, 19.16%, 0, 30, 13, 133.89, 818446, 513, 0, 0
8269, 7, 361, 465, 3, 0, 19.16%, 0, 30, 13, 145.80, 819202, 513, 0, 0
8274, 7, 107, 465, 3, 0, 19.16%, 0, 30, 13, 145.14, 819948, 513, 0, 0
8279, 7, 464, 465, 3, 0, 19.16%, 0, 30, 13, 147.64, 820678, 513, 0, 0
8284, 7, 464, 465, 3, 0, 19.16%, 0, 30, 13, 142.65, 821408, 513, 0, 0
8289, 7, 367, 465, 2, 0, 19.16%, 0, 30, 13, 148.05, 822193, 513, 0, 0
8294, 7, 337, 465, 2, 0, 19.16%, 0, 30, 13, 139.91, 822843, 513, 0, 0
8300, 7, 402, 465, 2, 0, 19.16%, 0, 30, 13, 128.51, 823524, 513, 0, 0
8305, 7, 343, 465, 2, 0, 19.16%, 0, 30, 13, 141.11, 824247, 513, 0, 0
8310, 7, 255, 465, 2, 0, 19.16%, 0, 30, 13, 142.70, 824988, 513, 0, 0
8315, 7, 420, 465, 2, 0, 19.16%, 0, 30, 13, 143.95, 825742, 513, 0, 0
8320, 7, 237, 465, 2, 0, 19.16%, 0, 30, 13, 134.10, 826425, 513, 0, 0
8325, 7, 296, 465, 2, 0, 19.16%, 0, 30, 13, 133.22, 827126, 513, 0, 0
8331, 7, 281, 465, 2, 0, 19.16%, 0, 30, 13, 145.47, 827880, 513, 0, 0
8336, 7, 163, 465, 2, 0, 19.16%, 0, 30, 13, 140.73, 828620, 513, 0, 0
8341, 7, 411, 465, 2, 0, 19.16%, 0, 30, 13, 128.34, 829298, 513, 0, 0
8346, 7, 402, 465, 2, 0, 19.16%, 0, 30, 13, 85.45, 829758, 513, 0, 0
8351, 7, 97, 465, 2, 0, 19.16%, 0, 30, 13, 119.36, 830394, 513, 0, 0
8356, 7, 220, 465, 2, 0, 19.16%, 0, 30, 13, 144.30, 830936, 513, 0, 0
8362, 7, 392, 465, 2, 0, 19.16%, 0, 30, 13, 134.47, 831631, 513, 0, 0
8367, 7, 402, 465, 2, 0, 19.16%, 0, 30, 13, 139.90, 832376, 513, 0, 0
8372, 7, 404, 465, 2, 0, 19.16%, 0, 30, 13, 118.20, 832948, 513, 0, 0
8377, 7, 337, 465, 2, 0, 19.16%, 0, 30, 13, 130.98, 833607, 513, 0, 0
8382, 7, 420, 465, 2, 0, 19.16%, 0, 30, 13, 144.60, 834355, 513, 0, 0
8387, 7, 422, 465, 2, 0, 19.16%, 0, 30, 13, 143.04, 835096, 513, 0, 0
8392, 7, 163, 465, 2, 0, 19.16%, 0, 30, 13, 22.71, 835679, 513, 0, 0
8397, 7, 97, 465, 2, 0, 19.16%, 0, 30, 13, 136.43, 836394, 513, 0, 0
8402, 7, 368, 465, 2, 0, 19.16%, 0, 30, 13, 139.70, 837083, 513, 0, 0
8408, 7, 429, 465, 2, 0, 19.16%, 0, 30, 13, 132.48, 837753, 513, 0, 0
8413, 7, 367, 465, 2, 0, 19.16%, 0, 30, 13, 130.96, 838423, 513, 0, 0
9362, 7, 367, 465, 2, 0, 19.16%, 0, 30, 13, 0.02, 838445, 513, 0, 0
9368, 7, 46, 465, 2, 0, 19.16%, 0, 30, 13, 151.63, 839231, 513, 0, 0
9373, 7, 400, 465, 2, 0, 19.16%, 0, 30, 13, 130.75, 839853, 513, 0, 0
9378, 7, 337, 465, 2, 0, 19.16%, 0, 30, 13, 140.32, 840564, 513, 0, 0
9383, 7, 422, 465, 2, 0, 19.16%, 0, 30, 13, 142.10, 841306, 513, 0, 0
9388, 7, 392, 465, 2, 0, 19.16%, 0, 30, 13, 147.09, 842074, 513, 0, 0
9393, 7, 14, 465, 2, 0, 19.16%, 0, 30, 13, 142.77, 842776, 513, 0, 0
9398, 7, 72, 465, 2, 0, 19.16%, 0, 30, 13, 147.09, 843539, 513, 0, 0
9404, 7, 441, 465, 2, 0, 19.16%, 0, 30, 13, 142.41, 844267, 513, 0, 0
9409, 7, 384, 465, 2, 0, 19.16%, 0, 30, 13, 123.32, 844882, 513, 0, 0
9414, 7, 36, 465, 2, 0, 19.16%, 0, 30, 13, 138.01, 845577, 513, 0, 0
9419, 7, 420, 465, 2, 0, 19.16%, 0, 30, 13, 144.34, 846332, 513, 0, 0
9424, 7, 422, 465, 2, 0, 19.16%, 0, 30, 13, 146.46, 847094, 513, 0, 0
9429, 7, 382, 465, 2, 0, 19.16%, 0, 30, 13, 135.31, 847784, 513, 0, 0
9434, 7, 402, 465, 2, 0, 19.16%, 0, 30, 13, 134.15, 848495, 513, 0, 0
9439, 7, 429, 465, 2, 0, 19.16%, 0, 30, 13, 136.89, 849212, 513, 0, 0
9445, 7, 402, 465, 2, 0, 19.16%, 0, 30, 13, 125.94, 849867, 513, 0, 0
9450, 7, 194, 465, 2, 0, 19.16%, 0, 30, 13, 143.75, 850615, 513, 0, 0
9455, 7, 46, 465, 2, 0, 19.16%, 0, 30, 13, 149.96, 851405, 513, 0, 0
9460, 7, 200, 465, 2, 0, 19.16%, 0, 30, 13, 149.31, 852163, 513, 0, 0
9465, 7, 367, 465, 2, 0, 19.16%, 0, 30, 13, 147.62, 852906, 513, 0, 0
9470, 7, 383, 465, 2, 0, 19.16%, 0, 30, 13, 128.80, 853553, 513, 0, 0
9475, 7, 200, 465, 2, 0, 19.16%, 0, 30, 13, 147.09, 854324, 513, 0, 0
9480, 7, 463, 465, 2, 0, 19.16%, 0, 30, 13, 131.78, 854996, 513, 0, 0
9486, 7, 422, 466, 3, 0, 19.16%, 0, 30, 13, 122.37, 855536, 513, 0, 0
9491, 7, 430, 466, 3, 0, 19.16%, 0, 30, 13, 140.40, 856283, 513, 0, 0
9496, 7, 420, 466, 3, 0, 19.16%, 0, 30, 13, 131.09, 856932, 513, 0, 0
9501, 7, 238, 466, 3, 0, 19.16%, 0, 30, 13, 145.67, 857699, 513, 0, 0
9506, 7, 149, 466, 3, 0, 19.16%, 0, 30, 13, 152.49, 858496, 513, 0, 0
9511, 7, 420, 466, 3, 0, 19.16%, 0, 30, 13, 132.46, 859163, 513, 0, 0
9516, 7, 422, 466, 3, 0, 19.16%, 0, 30, 13, 147.32, 859920, 513, 0, 0
9522, 7, 2, 466, 3, 0, 19.16%, 0, 30, 13, 144.19, 860640, 513, 0, 0
9527, 7, 158, 466, 3, 0, 19.16%, 0, 30, 13, 132.75, 861272, 513, 0, 0
9532, 7, 167, 466, 3, 0, 19.16%, 0, 30, 13, 129.93, 861916, 513, 0, 0
9537, 7, 429, 466, 2, 0, 19.16%, 0, 30, 13, 143.12, 862684, 513, 0, 0
9542, 7, 199, 466, 1, 0, 19.16%, 0, 30, 13, 146.11, 863364, 513, 0, 0
9547, 7, 418, 466, 1, 0, 19.16%, 0, 30, 13, 131.82, 864052, 513, 0, 0
9552, 7, 239, 466, 1, 0, 19.16%, 0, 30, 13, 138.80, 864779, 513, 0, 0
9557, 7, 400, 466, 1, 0, 19.16%, 0, 30, 13, 120.36, 865362, 513, 0, 0
9562, 7, 402, 466, 1, 0, 19.16%, 0, 30, 13, 124.79, 866002, 513, 0, 0
9568, 7, 422, 466, 1, 0, 19.16%, 0, 30, 13, 143.45, 866756, 513, 0, 0
9573, 7, 14, 466, 1, 0, 19.16%, 0, 30, 13, 139.73, 867468, 513, 0, 0
9578, 7, 422, 466, 1, 0, 19.16%, 0, 30, 13, 142.22, 868213, 513, 0, 0
9583, 7, 305, 466, 1, 0, 19.16%, 0, 30, 13, 145.76, 868976, 513, 0, 0
9588, 7, 400, 466, 1, 0, 19.16%, 0, 30, 13, 141.00, 869726, 513, 0, 0
9593, 7, 47, 466, 1, 0, 19.16%, 0, 30, 13, 134.61, 870388, 513, 0, 0
9599, 7, 422, 466, 1, 0, 19.16%, 0, 30, 13, 144.86, 871159, 513, 0, 0
9604, 7, 188, 466, 1, 0, 19.16%, 0, 30, 13, 152.54, 871953, 513, 0, 0
9609, 7, 411, 466, 1, 0, 19.16%, 0, 30, 13, 132.33, 872615, 513, 0, 0
9614, 7, 418, 466, 1, 0, 19.16%, 0, 30, 13, 140.76, 873334, 513, 0, 0
9619, 7, 384, 466, 1, 0, 19.16%, 0, 30, 13, 140.75, 874082, 513, 0, 0
9624, 8, 402, 466, 1, 0, 19.16%, 0, 30, 13, 126.62, 874728, 513, 0, 0
9629, 8, 384, 466, 1, 0, 19.16%, 0, 30, 13, 134.63, 875452, 513, 0, 0
9635, 8, 266, 466, 1, 0, 19.16%, 0, 30, 13, 141.49, 876177, 513, 0, 0
9640, 8, 402, 466, 1, 0, 19.16%, 0, 30, 13, 132.22, 876879, 513, 0, 0
9645, 8, 285, 466, 1, 0, 19.16%, 0, 30, 13, 136.34, 877579, 513, 0, 0
9650, 8, 420, 466, 1, 0, 19.16%, 0, 30, 13, 138.42, 878295, 513, 0, 0
9655, 8, 402, 466, 1, 0, 19.16%, 0, 30, 13, 133.80, 878990, 513, 0, 0
9660, 8, 392, 466, 1, 0, 19.16%, 0, 30, 13, 140.98, 879734, 513, 0, 0
9666, 8, 422, 466, 1, 0, 19.16%, 0, 30, 13, 143.85, 880482, 513, 0, 0
9671, 8, 384, 466, 1, 0, 19.16%, 0, 30, 13, 135.98, 881206, 513, 0, 0
9676, 8, 285, 466, 1, 0, 19.16%, 0, 30, 13, 140.22, 881915, 513, 0, 0
9681, 8, 27, 466, 1, 0, 19.16%, 0, 30, 13, 146.42, 882665, 513, 0, 0
9686, 8, 420, 466, 1, 0, 19.16%, 0, 30, 13, 146.55, 883431, 513, 0, 0
9692, 8, 188, 466, 1, 0, 19.16%, 0, 30, 13, 147.85, 884191, 513, 0, 0
9697, 8, 50, 466, 1, 0, 19.16%, 0, 30, 13, 145.36, 884926, 513, 0, 0
9702, 8, 465, 466, 1, 0, 19.16%, 0, 30, 13, 139.29, 885630, 513, 0, 0
9707, 8, 47, 466, 1, 0, 19.16%, 0, 30, 13, 139.27, 886349, 513, 0, 0
9712, 8, 67, 466, 1, 0, 19.16%, 0, 30, 13, 143.40, 887089, 513, 0, 0
9717, 8, 368, 466, 1, 0, 19.16%, 0, 30, 13, 138.20, 887756, 513, 0, 0
9722, 8, 149, 466, 1, 0, 19.16%, 0, 30, 13, 139.45, 888455, 513, 0, 0
9728, 8, 158, 466, 1, 0, 19.16%, 0, 30, 13, 136.70, 889161, 513, 0, 0
9733, 8, 273, 466, 1, 0, 19.16%, 0, 30, 13, 148.09, 889943, 513, 0, 0
9738, 8, 400, 466, 1, 0, 19.16%, 0, 30, 13, 141.55, 890694, 513, 0, 0
9743, 8, 285, 466, 1, 0, 19.16%, 0, 30, 13, 135.17, 891366, 513, 0, 0
9748, 8, 400, 466, 1, 0, 19.16%, 0, 30, 13, 146.16, 892135, 513, 0, 0
9753, 8, 80, 466, 1, 0, 19.16%, 0, 30, 13, 139.90, 892826, 513, 0, 0
9758, 8, 429, 466, 1, 0, 19.16%, 0, 30, 13, 142.72, 893572, 513, 0, 0
9764, 8, 419, 466, 1, 0, 19.16%, 0, 30, 13, 145.72, 894327, 513, 0, 0
9769, 8, 153, 466, 1, 0, 19.16%, 0, 30, 13, 140.59, 895040, 513, 0, 0
9774, 8, 196, 466, 1, 0, 19.16%, 0, 30, 13, 143.40, 895759, 513, 0, 0
9779, 8, 80, 466, 1, 0, 19.16%, 0, 30, 13, 147.77, 896538, 513, 0, 0
9784, 8, 402, 466, 1, 0, 19.16%, 0, 30, 13, 139.07, 897266, 513, 0, 0
9789, 8, 197, 466, 1, 0, 19.16%, 0, 30, 13, 142.10, 897979, 513, 0, 0
9795, 8, 199, 466, 1, 0, 19.16%, 0, 30, 13, 149.67, 898759, 513, 0, 0
9800, 8, 419, 466, 1, 0, 19.16%, 0, 30, 13, 143.67, 899484, 513, 0, 0
9805, 8, 411, 466, 1, 0, 19.16%, 0, 30, 13, 135.74, 900202, 513, 0, 0
9810, 8, 463, 466, 1, 0, 19.16%, 0, 30, 13, 145.21, 900943, 513, 0, 0
9815, 8, 392, 466, 1, 0, 19.16%, 0, 30, 13, 145.53, 901686, 513, 0, 0
9820, 8, 216, 466, 1, 0, 19.16%, 0, 30, 13, 141.93, 902399, 513, 0, 0
9825, 8, 367, 466, 1, 0, 19.16%, 0, 30, 13, 126.37, 903067, 513, 0, 0
9831, 8, 337, 466, 1, 0, 19.16%, 0, 30, 13, 130.44, 903712, 513, 0, 0
9836, 8, 400, 466, 1, 0, 19.16%, 0, 30, 13, 139.87, 904473, 513, 0, 0
9841, 8, 266, 466, 1, 0, 19.16%, 0, 30, 13, 142.31, 905188, 513, 0, 0
9846, 8, 14, 466, 1, 0, 19.16%, 0, 30, 13, 133.41, 905890, 513, 0, 0
9851, 8, 40, 466, 1, 0, 19.16%, 0, 30, 13, 144.45, 906654, 513, 0, 0
9856, 8, 420, 466, 1, 0, 19.16%, 0, 30, 13, 145.66, 907421, 513, 0, 0
9862, 8, 107, 466, 1, 0, 19.16%, 0, 30, 13, 146.98, 908197, 513, 0, 0
9867, 8, 422, 466, 1, 0, 19.16%, 0, 30, 13, 148.12, 908965, 513, 0, 0
9872, 8, 392, 466, 1, 0, 19.16%, 0, 30, 13, 143.33, 909705, 513, 0, 0
9877, 8, 420, 466, 1, 0, 19.16%, 0, 30, 13, 148.77, 910486, 513, 0, 0
9882, 8, 26, 466, 1, 0, 19.16%, 0, 30, 13, 147.57, 911253, 513, 0, 0
9888, 8, 149, 466, 1, 0, 19.16%, 0, 30, 13, 149.37, 912037, 513, 0, 0
9893, 8, 90, 466, 1, 0, 19.16%, 0, 30, 13, 143.81, 912750, 513, 0, 0
9898, 8, 402, 466, 1, 0, 19.16%, 0, 30, 13, 141.07, 913496, 513, 0, 0
9903, 8, 45, 466, 1, 0, 19.16%, 0, 30, 13, 148.60, 914238, 513, 0, 0
9908, 8, 419, 466, 1, 0, 19.16%, 0, 30, 13, 145.73, 915000, 513, 0, 0
9913, 8, 269, 466, 1, 0, 19.16%, 0, 30, 13, 134.23, 915711, 513, 0, 0
9918, 8, 80, 466, 1, 0, 19.16%, 0, 30, 13, 151.76, 916507, 513, 0, 0
9923, 8, 343, 466, 1, 0, 19.16%, 0, 30, 13, 155.40, 917295, 513, 0, 0
9929, 8, 93, 466, 1, 0, 19.16%, 0, 30, 13, 148.29, 918069, 513, 0, 0
9934, 8, 419, 466, 1, 0, 19.16%, 0, 30, 13, 138.05, 918741, 513, 0, 0
9939, 8, 195, 466, 1, 0, 19.16%, 0, 30, 13, 136.00, 919431, 513, 0, 0
9944, 8, 420, 466, 1, 0, 19.16%, 0, 30, 13, 146.32, 920204, 513, 0, 0
9949, 8, 29, 466, 1, 0, 19.16%, 0, 30, 13, 145.13, 920917, 513, 0, 0
9954, 8, 392, 466, 1, 0, 19.16%, 0, 30, 13, 150.26, 921698, 513, 0, 0
9959, 8, 237, 466, 1, 0, 19.16%, 0, 30, 13, 150.78, 922454, 513, 0, 0
9964, 8, 368, 466, 1, 0, 19.16%, 0, 30, 13, 142.91, 923152, 513, 0, 0
9969, 8, 271, 466, 1, 0, 19.16%, 0, 30, 13, 145.45, 923897, 513, 0, 0
9974, 8, 402, 466, 1, 0, 19.16%, 0, 30, 13, 136.49, 924611, 513, 0, 0
9979, 8, 202, 466, 1, 0, 19.16%, 0, 30, 13, 152.65, 925422, 513, 0, 0
9985, 8, 188, 467, 1, 0, 19.20%, 0, 30, 13, 153.67, 926214, 514, 0, 0
9990, 8, 393, 467, 1, 0, 19.20%, 0, 30, 13, 155.49, 927004, 514, 0, 0
9995, 8, 216, 467, 1, 0, 19.20%, 0, 30, 13, 141.50, 927680, 514, 0, 0
10000, 8, 402, 468, 2, 0, 19.20%, 0, 30, 13, 138.23, 928376, 514, 0, 0
10005, 8, 420, 469, 3, 0, 19.20%, 0, 30, 13, 146.33, 929131, 514, 0, 0
10010, 8, 468, 469, 3, 1, 19.20%, 0, 30, 13, 142.02, 929865, 514, 0, 0
10015, 8, 468, 469, 3, 1, 19.20%, 0, 30, 13, 136.56, 930565, 514, 0, 0
10020, 8, 114, 469, 2, 0, 19.20%, 0, 30, 13, 139.69, 931258, 514, 0, 0
10025, 8, 98, 469, 2, 0, 19.20%, 0, 30, 13, 145.86, 932011, 514, 0, 0
10031, 8, 467, 469, 2, 0, 19.20%, 0, 30, 13, 66.47, 932260, 514, 0, 0
10036, 8, 467, 469, 2, 0, 19.20%, 0, 30, 13, 52.06, 932501, 514, 0, 0
10041, 8, 467, 469, 2, 0, 19.20%, 0, 30, 13, 50.06, 932756, 514, 0, 0
10046, 8, 467, 469, 2, 0, 19.20%, 0, 30, 13, 48.55, 933006, 514, 0, 0
10051, 8, 467, 469, 2, 0, 19.20%, 0, 30, 13, 48.52, 933256, 514, 0, 0
10056, 8, 467, 472, 5, 0, 19.20%, 0, 30, 14, 50.40, 933580, 514, 0, 0
10061, 8, 467, 472, 5, 0, 19.20%, 0, 30, 14, 50.08, 933838, 514, 0, 0
10066, 8, 467, 473, 6, 0, 19.24%, 0, 30, 14, 49.99, 934089, 515, 0, 0
10072, 8, 467, 473, 6, 0, 19.24%, 0, 30, 14, 50.21, 934350, 515, 0, 0
10077, 8, 467, 473, 6, 0, 19.24%, 0, 30, 14, 49.06, 934593, 515, 0, 0
10082, 8, 467, 473, 6, 0, 19.24%, 0, 30, 14, 48.59, 934843, 515, 0, 0
10087, 8, 467, 473, 6, 0, 19.24%, 0, 30, 14, 49.57, 935093, 515, 0, 0
10092, 8, 467, 473, 6, 0, 19.24%, 0, 30, 14, 49.43, 935343, 515, 0, 0
10097, 8, 467, 473, 6, 0, 19.24%, 0, 30, 14, 48.88, 935589, 515, 0, 0
10102, 8, 467, 473, 6, 0, 19.24%, 0, 30, 14, 50.85, 935854, 515, 0, 0
10107, 8, 472, 473, 5, 1, 19.24%, 0, 30, 14, 66.60, 936208, 515, 0, 0
10112, 8, 472, 473, 5, 1, 19.24%, 0, 30, 14, 70.17, 936562, 515, 0, 0
10117, 8, 472, 473, 5, 1, 19.24%, 0, 30, 14, 70.36, 936915, 515, 0, 0
10122, 8, 472, 473, 5, 1, 19.24%, 0, 30, 14, 71.67, 937312, 515, 0, 0
10127, 8, 468, 473, 4, 0, 19.24%, 0, 30, 14, 122.99, 937980, 515, 0, 0
10132, 8, 468, 473, 4, 0, 19.24%, 0, 30, 14, 136.16, 938696, 515, 0, 0
10137, 8, 468, 473, 4, 0, 19.24%, 0, 30, 14, 145.64, 939456, 515, 0, 0
10143, 8, 83, 473, 4, 0, 19.24%, 0, 30, 14, 145.88, 940208, 515, 0, 0
10148, 8, 243, 473, 4, 0, 19.24%, 0, 30, 14, 153.12, 940992, 515, 0, 0
10153, 8, 317, 473, 4, 0, 19.24%, 0, 30, 14, 154.17, 941799, 515, 0, 0
10158, 8, 158, 473, 4, 0, 19.24%, 0, 30, 14, 148.89, 942556, 515, 0, 0
10163, 8, 3, 473, 4, 0, 19.24%, 0, 30, 14, 151.30, 943343, 515, 0, 0
10168, 8, 412, 473, 4, 0, 19.24%, 0, 30, 14, 142.52, 944080, 515, 0, 0
10173, 8, 185, 473, 4, 0, 19.24%, 0, 30, 14, 139.53, 944785, 515, 0, 0
10178, 8, 472, 473, 4, 0, 19.24%, 0, 30, 14, 87.73, 945167, 515, 0, 0
10184, 8, 472, 474, 5, 0, 19.24%, 0, 30, 15, 74.49, 945538, 515, 0, 0
10189, 8, 472, 474, 5, 0, 19.24%, 0, 30, 15, 71.49, 945909, 515, 0, 0
10194, 8, 472, 474, 5, 0, 19.24%, 0, 30, 15, 71.75, 946280, 515, 0, 0
10199, 8, 472, 474, 5, 0, 19.24%, 0, 30, 15, 70.83, 946643, 515, 0, 0
10204, 8, 472, 474, 5, 0, 19.24%, 0, 30, 15, 71.44, 947013, 515, 0, 0
10209, 8, 296, 474, 5, 0, 19.24%, 0, 30, 15, 114.28, 947572, 515, 0, 0
10215, 8, 36, 474, 5, 0, 19.24%, 0, 30, 15, 136.24, 948312, 515, 0, 0
10220, 8, 206, 474, 5, 0, 19.24%, 0, 30, 15, 150.32, 949128, 515, 0, 0
10225, 8, 473, 474, 5, 0, 19.24%, 0, 30, 15, 97.75, 949588, 515, 0, 0
10230, 8, 473, 474, 5, 0, 19.24%, 0, 30, 15, 77.36, 949963, 515, 0, 0
10235, 8, 473, 474, 5, 0, 19.24%, 0, 30, 15, 72.23, 950319, 515, 0, 0
10240, 8, 473, 474, 5, 0, 19.24%, 0, 30, 15, 73.23, 950745, 515, 0, 0
10246, 8, 473, 474, 5, 0, 19.24%, 0, 30, 15, 72.84, 951121, 515, 0, 0
10251, 8, 473, 474, 5, 0, 19.24%, 0, 30, 15, 73.68, 951501, 515, 0, 0
10256, 8, 473, 474, 5, 0, 19.24%, 0, 30, 15, 72.55, 951876, 515, 0, 0
10261, 8, 409, 474, 4, 0, 19.24%, 0, 30, 15, 122.28, 952533, 515, 0, 0
10266, 8, 473, 474, 4, 0, 19.24%, 0, 30, 15, 90.52, 952987, 515, 0, 0
10271, 8, 473, 475, 5, 0, 19.24%, 0, 30, 16, 77.92, 953371, 515, 0, 0
10276, 8, 473, 476, 6, 0, 19.24%, 0, 30, 16, 75.77, 953749, 515, 0, 0
10281, 8, 473, 476, 6, 0, 19.24%, 0, 30, 16, 73.10, 954125, 515, 0, 0
10287, 8, 473, 476, 6, 0, 19.24%, 0, 30, 16, 72.73, 954500, 515, 0, 0
10292, 8, 473, 476, 6, 0, 19.24%, 0, 30, 16, 73.09, 954874, 515, 0, 0
10297, 8, 473, 476, 6, 0, 19.24%, 0, 30, 16, 71.86, 955244, 515, 0, 0
10302, 8, 473, 476, 6, 0, 19.24%, 0, 30, 16, 72.21, 955621, 515, 0, 0
10307, 8, 473, 476, 6, 0, 19.24%, 0, 30, 16, 73.74, 956000, 515, 0, 0
10312, 8, 473, 476, 6, 0, 19.24%, 0, 30, 16, 73.05, 956381, 515, 0, 0
10318, 8, 473, 476, 6, 0, 19.24%, 0, 30, 16, 71.34, 956750, 515, 0, 0
10323, 8, 473, 476, 6, 0, 19.24%, 0, 30, 16, 74.36, 957133, 515, 0, 0
10328, 8, 473, 476, 6, 0, 19.24%, 0, 30, 16, 72.37, 957503, 515, 0, 0
10333, 8, 429, 476, 5, 0, 19.24%, 0, 30, 16, 127.48, 958184, 515, 0, 0
10338, 8, 159, 476, 5, 0, 19.24%, 0, 30, 16, 148.56, 958980, 515, 0, 0
10343, 8, 474, 477, 6, 0, 19.24%, 0, 30, 17, 144.99, 959734, 515, 0, 0
10348, 8, 474, 477, 6, 0, 19.24%, 0, 30, 17, 142.39, 960472, 515, 0, 0
10354, 8, 474, 477, 6, 0, 19.24%, 0, 30, 17, 144.65, 961220, 515, 0, 0
10359, 8, 474, 477, 6, 0, 19.24%, 0, 30, 17, 142.80, 961922, 515, 0, 0
10364, 8, 420, 477, 5, 0, 19.24%, 0, 30, 17, 145.14, 962664, 515, 0, 0
10369, 9, 98, 477, 5, 0, 19.24%, 0, 30, 17, 156.27, 963476, 515, 0, 0
10374, 9, 263, 477, 5, 0, 19.24%, 0, 30, 17, 122.41, 964055, 515, 0, 0
10379, 9, 156, 477, 5, 0, 19.24%, 0, 30, 17, 133.53, 964741, 515, 0, 0
10384, 9, 337, 477, 5, 0, 19.24%, 0, 30, 17, 142.72, 965491, 515, 0, 0
10389, 9, 168, 477, 5, 0, 19.24%, 0, 30, 17, 140.78, 966219, 515, 0, 0
10394, 9, 475, 478, 6, 0, 19.24%, 0, 30, 17, 148.53, 966994, 515, 0, 0
10400, 9, 475, 478, 6, 0, 19.24%, 0, 30, 17, 145.32, 967752, 515, 0, 0
10405, 9, 475, 478, 6, 0, 19.24%, 0, 30, 17, 141.98, 968484, 515, 0, 0
10410, 9, 422, 478, 4, 0, 19.24%, 0, 30, 17, 146.76, 969246, 515, 0, 0
10415, 9, 392, 478, 4, 0, 19.24%, 0, 30, 17, 148.54, 970025, 515, 0, 0
10420, 9, 393, 478, 4, 0, 19.24%, 0, 30, 17, 137.10, 970706, 515, 0, 0
10425, 9, 400, 478, 4, 0, 19.24%, 0, 30, 17, 139.60, 971411, 515, 0, 0
10430, 9, 422, 478, 4, 0, 19.24%, 0, 30, 17, 146.14, 972155, 515, 0, 0
10436, 9, 67, 478, 4, 0, 19.24%, 0, 30, 17, 157.72, 972971, 515, 0, 0
10441, 9, 429, 478, 4, 0, 19.24%, 0, 30, 17, 150.22, 973721, 515, 0, 0
10446, 9, 420, 478, 4, 0, 19.24%, 0, 30, 17, 150.29, 974498, 515, 0, 0
10451, 9, 392, 478, 4, 0, 19.24%, 0, 30, 17, 142.00, 975209, 515, 0, 0
10456, 9, 377, 478, 4, 0, 19.24%, 0, 30, 17, 137.60, 975936, 515, 0, 0
10461, 9, 471, 478, 4, 0, 19.24%, 0, 30, 17, 99.89, 976453, 515, 0, 0
10466, 9, 471, 478, 4, 0, 19.24%, 0, 30, 17, 59.08, 976706, 515, 0, 0
10472, 9, 471, 478, 4, 0, 19.24%, 0, 30, 17, 50.47, 976954, 515, 0, 0
10477, 9, 471, 478, 4, 0, 19.24%, 0, 30, 17, 49.26, 977208, 515, 0, 0
10482, 9, 471, 478, 4, 0, 19.24%, 0, 30, 17, 48.30, 977458, 515, 0, 0
10488, 9, 471, 478, 4, 0, 19.24%, 0, 30, 17, 50.22, 977802, 515, 0, 0
10493, 9, 191, 478, 3, 0, 19.24%, 0, 30, 17, 80.99, 978173, 515, 0, 0
10498, 9, 239, 478, 3, 0, 19.24%, 0, 30, 17, 135.24, 978920, 515, 0, 0
10503, 9, 337, 478, 3, 0, 19.24%, 0, 30, 17, 140.07, 979655, 515, 0, 0
10508, 9, 367, 478, 3, 0, 19.24%, 0, 30, 17, 132.71, 980320, 515, 0, 0
10513, 9, 170, 478, 3, 0, 19.24%, 0, 30, 17, 145.03, 981046, 515, 0, 0
10518, 9, 418, 478, 3, 0, 19.24%, 0, 30, 17, 140.56, 981770, 515, 0, 0
10524, 9, 374, 478, 3, 0, 19.24%, 0, 30, 17, 128.87, 982414, 515, 0, 0
10529, 9, 477, 478, 3, 0, 19.24%, 0, 30, 17, 146.89, 983165, 515, 0, 0
10534, 9, 477, 478, 3, 0, 19.24%, 0, 30, 17, 157.76, 983992, 515, 0, 0
10539, 9, 216, 478, 3, 0, 19.24%, 0, 30, 17, 157.72, 984784, 515, 0, 0
10544, 9, 346, 478, 3, 0, 19.24%, 0, 30, 17, 147.84, 985515, 515, 0, 0
10549, 9, 402, 478, 3, 0, 19.24%, 0, 30, 17, 138.68, 986248, 515, 0, 0
10554, 9, 360, 478, 3, 0, 19.24%, 0, 30, 17, 146.56, 986988, 515, 0, 0
10559, 9, 343, 478, 3, 0, 19.24%, 0, 30, 17, 145.53, 987736, 515, 0, 0
10565, 9, 320, 478, 3, 0, 19.24%, 0, 30, 17, 151.85, 988538, 515, 0, 0
10570, 9, 412, 478, 3, 0, 19.24%, 0, 30, 17, 145.63, 989276, 515, 0, 0
10575, 9, 47, 478, 3, 0, 19.24%, 0, 30, 17, 147.20, 989994, 515, 0, 0
10580, 9, 311, 478, 3, 0, 19.24%, 0, 30, 17, 150.64, 990780, 515, 0, 0
10585, 9, 407, 478, 3, 0, 19.24%, 0, 30, 17, 135.77, 991482, 515, 0, 0
10590, 9, 402, 478, 3, 0, 19.24%, 0, 30, 17, 143.41, 992236, 515, 0, 0
10595, 9, 98, 478, 3, 0, 19.24%, 0, 30, 17, 146.64, 992974, 515, 0, 0
10601, 9, 430, 478, 3, 0, 19.24%, 0, 30, 17, 146.20, 993751, 515, 0, 0
10606, 9, 46, 478, 3, 0, 19.24%, 0, 30, 17, 133.96, 994451, 515, 0, 0
10611, 9, 46, 478, 3, 0, 19.24%, 0, 30, 17, 153.24, 995267, 515, 0, 0
10616, 9, 420, 478, 3, 0, 19.24%, 0, 30, 17, 150.30, 996048, 515, 0, 0
10621, 9, 168, 478, 3, 0, 19.24%, 0, 30, 17, 151.06, 996817, 515, 0, 0
10626, 9, 182, 478, 3, 0, 19.24%, 0, 30, 17, 152.78, 997595, 515, 0, 0
10631, 9, 1, 478, 3, 0, 19.24%, 0, 30, 17, 156.83, 998400, 515, 0, 0
10636, 9, 422, 478, 3, 0, 19.24%, 0, 30, 17, 146.32, 999128, 515, 0, 0
10641, 9, 420, 478, 3, 0, 19.24%, 0, 30, 17, 150.80, 999907, 515, 0, 0
10647, 9, 402, 478, 3, 0, 19.24%, 0, 30, 17, 147.78, 1000672, 515, 0, 0
10652, 9, 441, 478, 3, 0, 19.24%, 0, 30, 17, 146.21, 1001405, 515, 0, 0
10657, 9, 294, 478, 3, 0, 19.24%, 0, 30, 17, 144.69, 1002110, 515, 0, 0
10662, 9, 384, 478, 3, 0, 19.24%, 0, 30, 17, 144.25, 1002881, 515, 0, 0
10667, 9, 402, 478, 3, 0, 19.24%, 0, 30, 17, 136.40, 1003599, 515, 0, 0
10672, 9, 468, 478, 3, 0, 19.24%, 0, 30, 17, 145.23, 1004349, 515, 0, 0
10678, 9, 238, 478, 3, 0, 19.24%, 0, 30, 17, 151.39, 1005136, 515, 0, 0
10683, 9, 458, 478, 3, 0, 19.24%, 0, 30, 17, 152.36, 1005912, 515, 0, 0
10688, 9, 420, 478, 3, 0, 19.24%, 0, 30, 17, 130.34, 1006576, 515, 0, 0
10693, 9, 368, 478, 3, 0, 19.24%, 0, 30, 17, 147.63, 1007348, 515, 0, 0
10698, 9, 426, 478, 3, 0, 19.24%, 0, 30, 17, 152.21, 1008148, 515, 0, 0
10703, 9, 329, 478, 3, 0, 19.24%, 0, 30, 17, 147.93, 1008883, 515, 0, 0
10708, 9, 402, 478, 3, 0, 19.24%, 0, 30, 17, 137.86, 1009597, 515, 0, 0
10713, 9, 477, 478, 3, 0, 19.24%, 0, 30, 17, 142.89, 1010341, 515, 0, 0
10719, 9, 477, 478, 3, 0, 19.24%, 0, 30, 17, 146.40, 1011093, 515, 0, 0
10724, 9, 45, 478, 3, 0, 19.24%, 0, 30, 17, 136.88, 1011795, 515, 0, 0
10729, 9, 468, 478, 3, 0, 19.24%, 0, 30, 17, 139.37, 1012511, 515, 0, 0
10734, 9, 468, 478, 3, 0, 19.24%, 0, 30, 17, 134.60, 1013197, 515, 0, 0
10739, 9, 468, 478, 3, 0, 19.24%, 0, 30, 17, 136.60, 1013899, 515, 0, 0
11736, 9, 468, 478, 3, 0, 19.24%, 0, 30, 17, 0.00, 1014355, 515, 0, 0
11741, 9, 158, 478, 3, 0, 19.24%, 0, 30, 17, 152.69, 1015137, 515, 0, 0
11746, 9, 402, 478, 3, 0, 19.24%, 0, 30, 17, 129.34, 1015795, 515, 0, 0
11751, 9, 402, 478, 3, 0, 19.24%, 0, 30, 17, 123.60, 1016403, 515, 0, 0
11756, 9, 402, 478, 3, 0, 19.24%, 0, 30, 17, 121.36, 1017035, 515, 0, 0
11761, 9, 402, 478, 3, 0, 19.24%, 0, 30, 17, 119.69, 1017641, 515, 0, 0
11767, 9, 402, 478, 3, 0, 19.24%, 0, 30, 17, 119.67, 1018263, 515, 0, 0
11772, 9, 402, 478, 3, 0, 19.24%, 0, 30, 17, 119.61, 1018865, 515, 0, 0
11777, 9, 402, 478, 3, 0, 19.24%, 0, 30, 17, 120.52, 1019473, 515, 0, 0
11782, 9, 402, 478, 3, 0, 19.24%, 0, 30, 17, 121.45, 1020103, 515, 0, 0
11787, 9, 402, 478, 3, 0, 19.24%, 0, 30, 17, 121.24, 1020729, 515, 0, 0
11792, 9, 402, 478, 3, 0, 19.24%, 0, 30, 17, 116.90, 1021323, 515, 0, 0
11797, 9, 402, 478, 3, 0, 19.24%, 0, 30, 17, 118.27, 1021921, 515, 0, 0
11802, 9, 402, 478, 3, 0, 19.24%, 0, 30, 17, 118.59, 1022521, 515, 0, 0
11807, 9, 402, 478, 3, 0, 19.24%, 0, 30, 17, 118.51, 1023121, 515, 0, 0
11812, 9, 402, 478, 3, 0, 19.24%, 0, 30, 17, 118.82, 1023721, 515, 0, 0
11817, 9, 402, 478, 3, 0, 19.24%, 0, 30, 17, 118.64, 1024321, 515, 0, 0
11822, 9, 402, 478, 3, 0, 19.24%, 0, 30, 17, 118.57, 1024919, 515, 0, 0
11827, 9, 402, 478, 3, 0, 19.24%, 0, 30, 17, 118.30, 1025519, 515, 0, 0
11833, 9, 402, 478, 3, 0, 19.24%, 0, 30, 17, 118.45, 1026119, 515, 0, 0
11838, 9, 402, 478, 3, 0, 19.24%, 0, 30, 17, 117.97, 1026719, 515, 0, 0
11843, 9, 402, 478, 3, 0, 19.24%, 0, 30, 17, 118.22, 1027319, 515, 0, 0
11848, 9, 402, 478, 3, 0, 19.24%, 0, 30, 17, 117.92, 1027919, 515, 0, 0
11853, 9, 402, 478, 3, 0, 19.24%, 0, 30, 17, 117.90, 1028517, 515, 0, 0
11858, 9, 402, 478, 3, 0, 19.24%, 0, 30, 17, 118.15, 1029117, 515, 0, 0
11863, 9, 402, 478, 3, 0, 19.24%, 0, 30, 17, 118.24, 1029717, 515, 0, 0
11868, 9, 402, 478, 3, 0, 19.24%, 0, 30, 17, 117.36, 1030315, 515, 0, 0
11873, 9, 402, 478, 3, 0, 19.24%, 0, 30, 17, 118.28, 1030915, 515, 0, 0
11878, 9, 402, 478, 3, 0, 19.24%, 0, 30, 17, 117.72, 1031515, 515, 0, 0
11883, 9, 402, 478, 3, 0, 19.24%, 0, 30, 17, 117.00, 1032113, 515, 0, 0
11888, 9, 402, 478, 3, 0, 19.24%, 0, 30, 17, 117.63, 1032711, 515, 0, 0
11894, 9, 402, 478, 3, 0, 19.24%, 0, 30, 17, 118.66, 1033311, 515, 0, 0
11899, 9, 402, 478, 3, 0, 19.24%, 0, 30, 17, 118.19, 1033911, 515, 0, 0
11904, 9, 402, 478, 3, 0, 19.24%, 0, 30, 17, 118.69, 1034511, 515, 0, 0
11909, 9, 402, 478, 3, 0, 19.24%, 0, 30, 17, 118.82, 1035111, 515, 0, 0
11914, 9, 402, 478, 3, 0, 19.24%, 0, 30, 17, 118.74, 1035709, 515, 0, 0
11919, 9, 402, 478, 3, 0, 19.24%, 0, 30, 17, 118.63, 1036309, 515, 0, 0
11924, 9, 159, 478, 3, 0, 19.24%, 0, 30, 17, 129.56, 1036965, 515, 0, 0
11929, 9, 158, 478, 3, 0, 19.24%, 0, 30, 17, 151.31, 1037783, 515, 0, 0
11934, 9, 194, 478, 3, 0, 19.24%, 0, 30, 17, 152.77, 1038558, 515, 0, 0
11939, 9, 392, 478, 3, 0, 19.24%, 0, 30, 17, 148.83, 1039310, 515, 0, 0
11944, 9, 392, 478, 3, 0, 19.24%, 0, 30, 17, 141.01, 1040028, 515, 0, 0
11950, 9, 392, 478, 3, 0, 19.24%, 0, 30, 17, 140.38, 1040754, 515, 0, 0
11955, 9, 392, 478, 3, 0, 19.24%, 0, 30, 17, 139.44, 1041468, 515, 0, 0
11960, 9, 392, 478, 3, 0, 19.24%, 0, 30, 17, 139.88, 1042194, 515, 0, 0
11965, 9, 392, 478, 3, 0, 19.24%, 0, 30, 17, 140.65, 1042926, 515, 0, 0
11970, 9, 392, 478, 3, 0, 19.24%, 0, 30, 17, 139.57, 1043650, 515, 0, 0
11975, 9, 392, 478, 3, 0, 19.24%, 0, 30, 17, 141.47, 1044378, 515, 0, 0
11981, 9, 422, 478, 3, 0, 19.24%, 0, 30, 17, 142.87, 1045123, 515, 0, 0
11986, 9, 422, 478, 3, 0, 19.24%, 0, 30, 17, 140.24, 1045843, 515, 0, 0
11991, 9, 422, 478, 3, 0, 19.24%, 0, 30, 17, 140.00, 1046565, 515, 0, 0
11996, 9, 422, 478, 3, 0, 19.24%, 0, 30, 17, 139.90, 1047287, 515, 0, 0
12001, 9, 422, 478, 3, 0, 19.24%, 0, 30, 17, 141.20, 1047993, 515, 0, 0
12006, 9, 422, 478, 3, 0, 19.24%, 0, 30, 17, 140.76, 1048725, 515, 0, 0
12011, 9, 422, 478, 3, 0, 19.24%, 0, 30, 17, 140.24, 1049447, 515, 0, 0
12017, 9, 328, 478, 3, 0, 19.24%, 0, 30, 17, 145.14, 1050196, 515, 0, 0
12022, 9, 426, 478, 3, 0, 19.24%, 0, 30, 17, 143.96, 1050914, 515, 0, 0
12027, 9, 422, 478, 3, 0, 19.24%, 0, 30, 17, 145.19, 1051666, 515, 0, 0
12032, 9, 238, 478, 3, 0, 19.24%, 0, 30, 17, 145.68, 1052426, 515, 0, 0
12037, 9, 477, 478, 3, 0, 19.24%, 0, 30, 17, 154.79, 1053224, 515, 0, 0
12042, 9, 477, 478, 3, 0, 19.24%, 0, 30, 17, 147.69, 1053943, 515, 0, 0
12047, 9, 119, 478, 3, 0, 19.24%, 0, 30, 17, 146.67, 1054669, 515, 0, 0
12052, 9, 367, 478, 3, 0, 19.24%, 0, 30, 17, 133.71, 1055351, 515, 0, 0
12057, 9, 384, 478, 3, 0, 19.24%, 0, 30, 17, 136.76, 1056023, 515, 0, 0
12062, 9, 400, 478, 3, 0, 19.24%, 0, 30, 17, 126.89, 1056674, 515, 0, 0
12068, 9, 400, 478, 3, 0, 19.24%, 0, 30, 17, 132.84, 1057372, 515, 0, 0
12073, 9, 400, 478, 3, 0, 19.24%, 0, 30, 17, 134.35, 1058068, 515, 0, 0
12078, 9, 400, 478, 3, 0, 19.24%, 0, 30, 17, 134.66, 1058762, 515, 0, 0
12083, 9, 400, 478, 3, 0, 19.24%, 0, 30, 17, 135.39, 1059458, 515, 0, 0
12088, 9, 400, 478, 3, 0, 19.24%, 0, 30, 17, 135.48, 1060156, 515, 0, 0
12093, 9, 400, 478, 3, 0, 19.24%, 0, 30, 17, 135.35, 1060854, 515, 0, 0
12099, 9, 400, 478, 3, 0, 19.24%, 0, 30, 17, 134.89, 1061550, 515, 0, 0
12104, 9, 400, 478, 3, 0, 19.24%, 0, 30, 17, 122.51, 1062174, 515, 0, 0
12109, 9, 400, 478, 3, 0, 19.24%, 0, 30, 17, 117.83, 1062774, 515, 0, 0
12114, 9, 400, 478, 3, 0, 19.24%, 0, 30, 17, 117.21, 1063374, 515, 0, 0
12119, 9, 400, 478, 3, 0, 19.24%, 0, 30, 17, 116.97, 1063974, 515, 0, 0
12124, 9, 400, 478, 3, 0, 19.24%, 0, 30, 17, 116.60, 1064572, 515, 0, 0
12129, 9, 400, 478, 3, 0, 19.24%, 0, 30, 17, 116.17, 1065170, 515, 0, 0
12135, 9, 400, 478, 3, 0, 19.24%, 0, 30, 17, 116.57, 1065770, 515, 0, 0
12140, 9, 400, 478, 3, 0, 19.24%, 0, 30, 17, 116.23, 1066368, 515, 0, 0
12145, 9, 400, 478, 3, 0, 19.24%, 0, 30, 17, 116.53, 1066968, 515, 0, 0
12150, 9, 400, 478, 3, 0, 19.24%, 0, 30, 17, 116.49, 1067568, 515, 0, 0
12155, 9, 400, 478, 3, 0, 19.24%, 0, 30, 17, 116.98, 1068166, 515, 0, 0
12160, 9, 400, 478, 3, 0, 19.24%, 0, 30, 17, 116.87, 1068766, 515, 0, 0
12165, 9, 400, 478, 3, 0, 19.24%, 0, 30, 17, 117.32, 1069366, 515, 0, 0
12171, 9, 400, 478, 3, 0, 19.24%, 0, 30, 17, 117.18, 1069966, 515, 0, 0
12176, 9, 400, 478, 3, 0, 19.24%, 0, 30, 17, 116.69, 1070564, 515, 0, 0
12181, 9, 400, 478, 3, 0, 19.24%, 0, 30, 17, 117.18, 1071164, 515, 0, 0
12186, 9, 400, 478, 3, 0, 19.24%, 0, 30, 17, 115.41, 1071758, 515, 0, 0
12191, 9, 400, 478, 3, 0, 19.24%, 0, 30, 17, 116.49, 1072356, 515, 0, 0
12196, 9, 400, 478, 3, 0, 19.24%, 0, 30, 17, 116.84, 1072956, 515, 0, 0
12201, 9, 400, 478, 3, 0, 19.24%, 0, 30, 17, 116.70, 1073554, 515, 0, 0
12206, 9, 400, 478, 3, 0, 19.24%, 0, 30, 17, 116.87, 1074154, 515, 0, 0
12212, 9, 400, 478, 3, 0, 19.24%, 0, 30, 17, 116.57, 1074752, 515, 0, 0
12217, 9, 400, 478, 3, 0, 19.24%, 0, 30, 17, 116.94, 1075352, 515, 0, 0
12222, 9, 400, 478, 3, 0, 19.24%, 0, 30, 17, 117.01, 1075952, 515, 0, 0
12227, 9, 400, 478, 3, 0, 19.24%, 0, 30, 17, 116.39, 1076552, 515, 0, 0
12232, 9, 400, 478, 3, 0, 19.24%, 0, 30, 17, 116.46, 1077152, 515, 0, 0
12237, 9, 337, 478, 3, 0, 19.24%, 0, 30, 17, 135.27, 1077834, 515, 0, 0
12242, 9, 224, 478, 3, 0, 19.24%, 0, 30, 17, 141.72, 1078569, 515, 0, 0
12248, 9, 469, 478, 3, 0, 19.24%, 0, 30, 17, 93.75, 1079075, 515, 0, 0
12253, 9, 469, 478, 3, 0, 19.24%, 0, 30, 17, 57.51, 1079317, 515, 0, 0
12258, 9, 469, 478, 3, 0, 19.24%, 0, 30, 17, 48.68, 1079552, 515, 0, 0
12263, 9, 469, 478, 3, 0, 19.24%, 0, 30, 17, 47.64, 1079796, 515, 0, 0
12268, 9, 469, 478, 3, 0, 19.24%, 0, 30, 17, 47.12, 1080035, 515, 0, 0
12273, 9, 469, 478, 3, 0, 19.24%, 0, 30, 17, 49.27, 1080371, 515, 0, 0
12278, 9, 163, 478, 2, 0, 19.24%, 0, 30, 17, 72.80, 1080699, 515, 0, 0
12283, 9, 384, 478, 2, 0, 19.24%, 0, 30, 17, 121.82, 1081436, 515, 0, 0
12289, 9, 420, 478, 2, 0, 19.24%, 0, 30, 17, 137.49, 1082166, 515, 0, 0
12294, 9, 420, 478, 2, 0, 19.24%, 0, 30, 17, 139.30, 1082886, 515, 0, 0
12299, 9, 420, 478, 2, 0, 19.24%, 0, 30, 17, 139.61, 1083602, 515, 0, 0
12304, 9, 420, 478, 2, 0, 19.24%, 0, 30, 17, 139.78, 1084322, 515, 0, 0
12309, 9, 420, 478, 2, 0, 19.24%, 0, 30, 17, 139.46, 1085044, 515, 0, 0
12314, 9, 420, 478, 2, 0, 19.24%, 0, 30, 17, 139.65, 1085764, 515, 0, 0
12320, 9, 420, 478, 2, 0, 19.24%, 0, 30, 17, 138.95, 1086474, 515, 0, 0
12325, 9, 402, 478, 2, 0, 19.24%, 0, 30, 17, 140.91, 1087204, 515, 0, 0
12330, 9, 337, 478, 2, 0, 19.24%, 0, 30, 17, 133.54, 1087872, 515, 0, 0
12335, 9, 392, 478, 2, 0, 19.24%, 0, 30, 17, 143.72, 1088628, 515, 0, 0
12340, 9, 422, 478, 2, 0, 19.24%, 0, 30, 17, 150.93, 1089419, 515, 0, 0
12345, 9, 477, 478, 2, 0, 19.24%, 0, 30, 17, 155.15, 1090194, 515, 0, 0
12350, 9, 69, 478, 2, 0, 19.24%, 0, 30, 17, 156.91, 1090970, 515, 0, 0
12355, 9, 163, 478, 2, 0, 19.24%, 0, 30, 17, 151.08, 1091730, 515, 0, 0
12360, 9, 422, 478, 2, 0, 19.24%, 0, 30, 17, 146.44, 1092473, 515, 0, 0
12365, 9, 200, 478, 2, 0, 19.24%, 0, 30, 17, 138.92, 1093196, 515, 0, 0
12371, 9, 441, 478, 2, 0, 19.24%, 0, 30, 17, 131.85, 1093922, 515, 0, 0
12376, 9, 429, 478, 2, 0, 19.24%, 0, 30, 17, 139.02, 1094647, 515, 0, 0
12381, 9, 429, 478, 2, 0, 19.24%, 0, 30, 17, 139.84, 1095369, 515, 0, 0
12386, 9, 429, 478, 2, 0, 19.24%, 0, 30, 17, 139.35, 1096089, 515, 0, 0
12391, 9, 429, 478, 2, 0, 19.24%, 0, 30, 17, 139.79, 1096811, 515, 0, 0
12396, 9, 429, 478, 2, 0, 19.24%, 0, 30, 17, 138.93, 1097515, 515, 0, 0
12401, 9, 429, 478, 2, 0, 19.24%, 0, 30, 17, 139.08, 1098223, 515, 0, 0
12407, 9, 429, 478, 2, 0, 19.24%, 0, 30, 17, 138.91, 1098943, 515, 0, 0
12412, 9, 412, 478, 2, 0, 19.24%, 0, 30, 17, 135.72, 1099657, 515, 0, 0
12417, 9, 463, 479, 3, 0, 19.24%, 0, 30, 17, 135.03, 1100359, 515, 0, 0
12422, 9, 429, 479, 2, 0, 19.24%, 0, 30, 17, 137.12, 1100997, 515, 0, 0
12427, 9, 200, 479, 2, 0, 19.24%, 0, 30, 17, 146.91, 1101775, 515, 0, 0
12432, 9, 193, 479, 2, 0, 19.24%, 0, 30, 17, 140.09, 1102466, 515, 0, 0
12438, 9, 411, 479, 2, 0, 19.24%, 0, 30, 17, 142.99, 1103232, 515, 0, 0
12443, 9, 430, 479, 2, 0, 19.24%, 0, 30, 17, 144.12, 1103967, 515, 0, 0
12448, 9, 420, 479, 2, 0, 19.24%, 0, 30, 17, 142.32, 1104703, 515, 0, 0
12453, 9, 29, 479, 2, 0, 19.24%, 0, 30, 17, 136.02, 1105386, 515, 0, 0
12458, 9, 385, 479, 2, 0, 19.24%, 0, 30, 17, 140.30, 1106145, 515, 0, 0
12463, 9, 36, 479, 2, 0, 19.24%, 0, 30, 17, 152.98, 1106939, 515, 0, 0
12469, 10, 343, 479, 2, 0, 19.24%, 0, 30, 17, 158.00, 1107761, 515, 0, 0
12474, 10, 422, 479, 2, 0, 19.24%, 0, 30, 17, 151.51, 1108538, 515, 0, 0
12479, 10, 441, 479, 2, 0, 19.24%, 0, 30, 17, 122.08, 1109161, 515, 0, 0
12484, 10, 27, 479, 2, 0, 19.24%, 0, 30, 17, 137.56, 1109875, 515, 0, 0
12489, 10, 398, 479, 2, 0, 19.24%, 0, 30, 17, 144.35, 1110628, 515, 0, 0
12494, 10, 156, 479, 2, 0, 19.24%, 0, 30, 17, 157.67, 1111450, 515, 0, 0
12499, 10, 420, 479, 2, 0, 19.24%, 0, 30, 17, 149.16, 1112222, 515, 0, 0
12505, 10, 307, 479, 2, 0, 19.24%, 0, 30, 17, 147.71, 1112978, 515, 0, 0
12510, 10, 44, 479, 2, 0, 19.24%, 0, 30, 17, 145.99, 1113702, 515, 0, 0
12515, 10, 239, 479, 2, 0, 19.24%, 0, 30, 17, 141.70, 1114410, 515, 0, 0
12520, 10, 392, 479, 2, 0, 19.24%, 0, 30, 17, 146.05, 1115169, 515, 0, 0
12525, 10, 46, 479, 2, 0, 19.24%, 0, 30, 17, 147.73, 1115934, 515, 0, 0
12530, 10, 82, 479, 2, 0, 19.24%, 0, 30, 17, 124.27, 1116531, 515, 0, 0
12535, 10, 422, 479, 2, 0, 19.24%, 0, 30, 17, 138.52, 1117259, 515, 0, 0
12541, 10, 429, 479, 2, 0, 19.24%, 0, 30, 17, 145.79, 1118041, 515, 0, 0
12546, 10, 95, 479, 2, 0, 19.24%, 0, 30, 17, 148.02, 1118815, 515, 0, 0
12551, 10, 50, 479, 2, 0, 19.24%, 0, 30, 17, 155.02, 1119588, 515, 0, 0
12556, 10, 386, 479, 2, 0, 19.24%, 0, 30, 17, 148.73, 1120332, 515, 0, 0
12561, 10, 429, 479, 2, 0, 19.24%, 0, 30, 17, 150.63, 1121087, 515, 0, 0
12566, 10, 392, 479, 2, 0, 19.24%, 0, 30, 17, 144.62, 1121834, 515, 0, 0
12571, 10, 441, 479, 2, 0, 19.24%, 0, 30, 17, 138.55, 1122554, 515, 0, 0
12577, 10, 479, 480, 3, 1, 19.28%, 0, 30, 17, 133.35, 1123280, 516, 0, 0
12582, 10, 469, 480, 2, 0, 19.28%, 0, 30, 17, 75.40, 1123606, 516, 0, 0
12587, 10, 343, 480, 2, 0, 19.28%, 0, 30, 17, 126.20, 1124314, 516, 0, 0
12592, 10, 478, 480, 2, 0, 19.28%, 0, 30, 17, 110.92, 1124864, 516, 0, 0
12597, 10, 28, 480, 2, 0, 19.28%, 0, 30, 17, 134.48, 1125536, 516, 0, 0
12602, 10, 202, 480, 2, 0, 19.28%, 0, 30, 17, 140.88, 1126264, 516, 0, 0
12607, 10, 14, 480, 2, 0, 19.28%, 0, 30, 17, 144.47, 1127003, 516, 0, 0
12613, 10, 479, 480, 2, 0, 19.28%, 0, 30, 17, 149.54, 1127756, 516, 0, 0
12618, 10, 468, 480, 2, 0, 19.28%, 0, 30, 17, 151.33, 1128547, 516, 0, 0
12623, 10, 69, 480, 2, 0, 19.28%, 0, 30, 17, 149.12, 1129310, 516, 0, 0
12628, 10, 343, 480, 2, 0, 19.28%, 0, 30, 17, 136.65, 1130000, 516, 0, 0
12633, 10, 367, 480, 2, 0, 19.28%, 0, 30, 17, 139.53, 1130725, 516, 0, 0
12638, 10, 420, 480, 2, 0, 19.28%, 0, 30, 17, 145.06, 1131485, 516, 0, 0
12644, 10, 343, 480, 2, 0, 19.28%, 0, 30, 17, 149.91, 1132268, 516, 0, 0
12649, 10, 14, 480, 2, 0, 19.28%, 0, 30, 17, 152.94, 1133046, 516, 0, 0
12654, 10, 378, 480, 2, 0, 19.28%, 0, 30, 17, 143.16, 1133788, 516, 0, 0
12659, 10, 386, 480, 2, 0, 19.28%, 0, 30, 17, 139.36, 1134484, 516, 0, 0
12664, 10, 46, 480, 2, 0, 19.28%, 0, 30, 17, 143.18, 1135222, 516, 0, 0
12669, 10, 417, 480, 2, 0, 19.28%, 0, 30, 17, 148.19, 1136009, 516, 0, 0
12674, 10, 400, 480, 2, 0, 19.28%, 0, 30, 17, 126.83, 1136656, 516, 0, 0
12679, 10, 468, 480, 2, 0, 19.28%, 0, 30, 17, 149.44, 1137434, 516, 0, 0
12685, 10, 388, 480, 2, 0, 19.28%, 0, 30, 17, 146.78, 1138196, 516, 0, 0
12690, 10, 80, 480, 2, 0, 19.28%, 0, 30, 17, 154.19, 1138981, 516, 0, 0
12695, 10, 468, 481, 3, 0, 19.28%, 0, 30, 17, 141.66, 1139652, 516, 0, 0
12700, 10, 480, 481, 3, 1, 19.28%, 0, 30, 17, 141.41, 1140366, 516, 0, 0
12705, 10, 480, 481, 3, 1, 19.28%, 0, 30, 17, 137.12, 1141068, 516, 0, 0
12710, 10, 480, 481, 3, 1, 19.28%, 0, 30, 17, 137.62, 1141776, 516, 0, 0
12715, 10, 343, 481, 2, 0, 19.28%, 0, 30, 17, 147.51, 1142540, 516, 0, 0
12720, 10, 426, 481, 2, 0, 19.28%, 0, 30, 17, 154.08, 1143360, 516, 0, 0
12726, 10, 480, 481, 2, 0, 19.28%, 0, 30, 17, 148.28, 1144125, 516, 0, 0
12731, 10, 28, 481, 2, 0, 19.28%, 0, 30, 17, 145.37, 1144873, 516, 0, 0
12736, 10, 199, 481, 2, 0, 19.28%, 0, 30, 17, 154.37, 1145672, 516, 0, 0
12741, 10, 441, 481, 2, 0, 19.28%, 0, 30, 17, 149.33, 1146449, 516, 0, 0
12746, 10, 343, 481, 2, 0, 19.28%, 0, 30, 17, 146.46, 1147179, 516, 0, 0
12751, 10, 412, 481, 2, 0, 19.28%, 0, 30, 17, 139.80, 1147917, 516, 0, 0
12757, 10, 49, 481, 2, 0, 19.28%, 0, 30, 17, 151.89, 1148698, 516, 0, 0
12762, 10, 343, 481, 2, 0, 19.28%, 0, 30, 17, 151.22, 1149460, 516, 0, 0
12767, 10, 428, 481, 2, 0, 19.28%, 0, 30, 17, 148.98, 1150244, 516, 0, 0
12772, 10, 195, 481, 2, 0, 19.28%, 0, 30, 17, 142.18, 1150942, 516, 0, 0
12777, 10, 169, 481, 2, 0, 19.28%, 0, 30, 17, 145.74, 1151696, 516, 0, 0
12782, 10, 97, 481, 2, 0, 19.28%, 0, 30, 17, 137.39, 1152376, 516, 0, 0
12787, 10, 480, 481, 2, 0, 19.28%, 0, 30, 17, 138.80, 1153100, 516, 0, 0
12793, 10, 480, 481, 2, 0, 19.28%, 0, 30, 17, 140.03, 1153822, 516, 0, 0
12798, 10, 480, 481, 2, 0, 19.28%, 0, 30, 17, 142.36, 1154556, 516, 0, 0
12803, 10, 480, 481, 2, 0, 19.28%, 0, 30, 17, 145.66, 1155308, 516, 0, 0
12808, 10, 441, 481, 2, 0, 19.28%, 0, 30, 17, 146.56, 1156061, 516, 0, 0
12813, 10, 360, 481, 2, 0, 19.28%, 0, 30, 17, 150.01, 1156826, 516, 0, 0
12818, 10, 238, 481, 2, 0, 19.28%, 0, 30, 17, 156.43, 1157646, 516, 0, 0
12823, 10, 480, 481, 2, 0, 19.28%, 0, 30, 17, 150.20, 1158405, 516, 0, 0
12828, 10, 480, 481, 2, 0, 19.28%, 0, 30, 17, 143.12, 1159137, 516, 0, 0
12834, 10, 479, 481, 2, 0, 19.28%, 0, 30, 17, 144.46, 1159901, 516, 0, 0
12839, 10, 90, 481, 2, 0, 19.28%, 0, 30, 17, 152.95, 1160697, 516, 0, 0
12844, 10, 418, 481, 2, 0, 19.28%, 0, 30, 17, 155.15, 1161516, 516, 0, 0
12849, 10, 406, 481, 2, 0, 19.28%, 0, 30, 17, 137.21, 1162210, 516, 0, 0
12854, 10, 69, 481, 2, 0, 19.28%, 0, 30, 17, 136.92, 1162911, 516, 0, 0
12859, 10, 392, 481, 2, 0, 19.28%, 0, 30, 17, 151.01, 1163708, 516, 0, 0
12864, 10, 107, 481, 2, 0, 19.28%, 0, 30, 17, 143.94, 1164399, 516, 0, 0
12870, 10, 80, 481, 2, 0, 19.28%, 0, 30, 17, 150.72, 1165189, 516, 0, 0
12875, 10, 80, 481, 2, 0, 19.28%, 0, 30, 17, 143.00, 1165913, 516, 0, 0
12880, 10, 468, 481, 2, 0, 19.28%, 0, 30, 17, 150.04, 1166703, 516, 0, 0
12885, 10, 479, 481, 2, 0, 19.28%, 0, 30, 17, 142.32, 1167411, 516, 0, 0
12890, 10, 238, 481, 2, 0, 19.28%, 0, 30, 17, 148.74, 1168146, 516, 0, 0
12895, 10, 153, 481, 2, 0, 19.28%, 0, 30, 17, 156.20, 1168935, 516, 0, 0
12900, 10, 72, 481, 2, 0, 19.28%, 0, 30, 17, 147.05, 1169640, 516, 0, 0
12905, 10, 468, 481, 2, 0, 19.28%, 0, 30, 17, 143.87, 1170361, 516, 0, 0
12910, 10, 168, 481, 2, 0, 19.28%, 0, 30, 17, 146.53, 1171123, 516, 0, 0
12915, 10, 400, 481, 2, 0, 19.28%, 0, 30, 17, 97.75, 1171562, 516, 0, 0
12920, 10, 480, 481, 2, 0, 19.28%, 0, 30, 17, 138.41, 1172317, 516, 0, 0
12925, 10, 480, 481, 2, 0, 19.28%, 0, 30, 17, 140.70, 1173025, 516, 0, 0
12931, 10, 3, 481, 2, 0, 19.28%, 0, 30, 17, 150.78, 1173797, 516, 0, 0
12936, 10, 250, 481, 2, 0, 19.28%, 0, 30, 17, 130.52, 1174424, 516, 0, 0
12941, 10, 80, 481, 2, 0, 19.28%, 0, 30, 17, 139.67, 1175149, 516, 0, 0
12946, 10, 463, 481, 2, 0, 19.28%, 0, 30, 17, 136.51, 1175868, 516, 0, 0
12951, 10, 149, 481, 2, 0, 19.28%, 0, 30, 17, 146.55, 1176616, 516, 0, 0
12956, 10, 392, 481, 2, 0, 19.28%, 0, 30, 17, 152.38, 1177418, 516, 0, 0
12961, 10, 429, 481, 2, 0, 19.28%, 0, 30, 17, 137.43, 1178100, 516, 0, 0
12967, 10, 2, 481, 2, 0, 19.28%, 0, 30, 17, 149.07, 1178871, 516, 0, 0
12972, 10, 367, 482, 3, 0, 19.28%, 0, 30, 17, 124.78, 1179496, 516, 0, 0
12977, 10, 481, 482, 3, 0, 19.28%, 0, 30, 17, 134.87, 1180177, 516, 0, 0
12982, 10, 481, 483, 4, 0, 19.28%, 0, 30, 17, 144.67, 1180915, 516, 0, 0
12987, 10, 182, 483, 3, 0, 19.28%, 0, 30, 17, 136.82, 1181615, 516, 0, 0
12992, 10, 115, 483, 3, 0, 19.28%, 0, 30, 17, 147.19, 1182397, 516, 0, 0
12997, 10, 480, 483, 3, 0, 19.28%, 0, 30, 17, 136.82, 1183037, 516, 0, 0
13002, 10, 202, 483, 3, 0, 19.28%, 0, 30, 17, 146.06, 1183774, 516, 0, 0
13007, 10, 482, 484, 4, 0, 19.28%, 0, 30, 17, 152.72, 1184558, 516, 0, 0
13012, 10, 482, 485, 5, 0, 19.28%, 0, 30, 17, 155.25, 1185351, 516, 0, 0
13017, 10, 482, 485, 5, 0, 19.28%, 0, 30, 17, 155.93, 1186143, 516, 0, 0
13022, 10, 482, 486, 6, 0, 19.28%, 0, 30, 17, 154.72, 1186933, 516, 0, 0
13027, 10, 482, 486, 6, 0, 19.28%, 0, 30, 17, 155.56, 1187722, 516, 0, 0
13032, 10, 482, 486, 6, 0, 19.28%, 0, 30, 17, 155.56, 1188511, 516, 0, 0
13038, 10, 482, 486, 6, 0, 19.28%, 0, 30, 17, 154.81, 1189297, 516, 0, 0
13043, 10, 482, 486, 6, 0, 19.28%, 0, 30, 17, 155.81, 1190089, 516, 0, 0
13048, 10, 482, 486, 6, 0, 19.28%, 0, 30, 17, 155.05, 1190878, 516, 0, 0
13053, 10, 482, 486, 6, 0, 19.28%, 0, 30, 17, 154.55, 1191664, 516, 0, 0
13058, 10, 482, 486, 6, 0, 19.28%, 0, 30, 17, 155.40, 1192456, 516, 0, 0
13063, 10, 482, 486, 6, 0, 19.28%, 0, 30, 17, 155.43, 1193245, 516, 0, 0
13068, 10, 479, 486, 5, 0, 19.28%, 0, 30, 17, 152.57, 1194030, 516, 0, 0
13073, 10, 285, 486, 5, 0, 19.28%, 0, 30, 17, 153.01, 1194807, 516, 0, 0
13078, 10, 392, 486, 5, 0, 19.28%, 0, 30, 17, 147.49, 1195543, 516, 0, 0
13083, 10, 115, 486, 5, 0, 19.28%, 0, 30, 17, 150.73, 1196308, 516, 0, 0
13089, 10, 36, 486, 5, 0, 19.28%, 0, 30, 17, 146.79, 1197065, 516, 0, 0
13094, 10, 473, 486, 5, 0, 19.28%, 0, 30, 17, 98.45, 1197554, 516, 0, 0
13099, 11, 422, 486, 5, 0, 19.28%, 0, 30, 17, 144.78, 1198338, 516, 0, 0
13104, 11, 373, 486, 5, 0, 19.28%, 0, 30, 17, 135.79, 1199054, 516, 0, 0
13109, 11, 44, 486, 5, 0, 19.28%, 0, 30, 17, 146.28, 1199782, 516, 0, 0
13114, 11, 67, 487, 5, 0, 19.28%, 0, 30, 17, 147.43, 1200521, 516, 0, 0
13119, 11, 400, 487, 5, 0, 19.28%, 0, 30, 17, 138.64, 1201256, 516, 0, 0
13124, 11, 402, 487, 5, 0, 19.28%, 0, 30, 17, 137.51, 1201952, 516, 0, 0
13129, 11, 321, 487, 5, 0, 19.28%, 0, 30, 17, 141.81, 1202672, 516, 0, 0
13135, 11, 72, 487, 5, 0, 19.28%, 0, 30, 17, 149.91, 1203438, 516, 0, 0
13140, 11, 50, 487, 5, 0, 19.28%, 0, 30, 17, 146.12, 1204190, 516, 0, 0
13145, 11, 238, 487, 5, 0, 19.28%, 0, 30, 17, 150.91, 1204966, 516, 0, 0
13150, 11, 197, 487, 5, 0, 19.28%, 0, 30, 17, 149.77, 1205732, 516, 0, 0
13155, 11, 93, 487, 5, 0, 19.28%, 0, 30, 17, 143.02, 1206461, 516, 0, 0
13161, 11, 156, 487, 5, 0, 19.28%, 0, 30, 17, 155.10, 1207257, 516, 0, 0
13166, 11, 400, 487, 5, 0, 19.28%, 0, 30, 17, 150.93, 1208048, 516, 0, 0
13171, 11, 395, 487, 5, 0, 19.28%, 0, 30, 17, 149.07, 1208794, 516, 0, 0
13176, 11, 479, 487, 5, 0, 19.28%, 0, 30, 17, 140.46, 1209460, 516, 0, 0
13181, 11, 422, 487, 5, 0, 19.28%, 0, 30, 17, 137.93, 1210194, 516, 0, 0
13186, 11, 485, 487, 5, 0, 19.28%, 0, 30, 17, 146.60, 1210962, 516, 0, 0
13192, 11, 485, 487, 5, 0, 19.28%, 0, 30, 17, 155.25, 1211775, 516, 0, 0
13197, 11, 40, 487, 4, 0, 19.28%, 0, 30, 17, 157.46, 1212567, 516, 0, 0
13202, 11, 429, 487, 4, 0, 19.28%, 0, 30, 17, 151.93, 1213352, 516, 0, 0
13207, 11, 478, 487, 4, 0, 19.28%, 0, 30, 17, 137.08, 1214070, 516, 0, 0
13212, 11, 118, 487, 4, 0, 19.28%, 0, 30, 17, 154.72, 1214882, 516, 0, 0
13217, 11, 450, 487, 4, 0, 19.28%, 0, 30, 17, 140.21, 1215572, 516, 0, 0
13222, 11, 337, 487, 4, 0, 19.28%, 0, 30, 17, 150.70, 1216353, 516, 0, 0
13228, 11, 484, 487, 4, 0, 19.28%, 0, 30, 17, 157.28, 1217178, 516, 0, 0
13233, 11, 413, 487, 3, 0, 19.28%, 0, 30, 17, 148.06, 1217926, 516, 0, 0
13238, 11, 422, 487, 3, 0, 19.28%, 0, 30, 17, 147.37, 1218701, 516, 0, 0
13243, 11, 25, 487, 3, 0, 19.28%, 0, 30, 17, 146.83, 1219456, 516, 0, 0
13248, 11, 468, 487, 3, 0, 19.28%, 0, 30, 17, 151.68, 1220249, 516, 0, 0
13253, 11, 468, 487, 3, 0, 19.28%, 0, 30, 17, 138.14, 1220954, 516, 0, 0
13258, 11, 466, 487, 3, 0, 19.28%, 0, 30, 17, 151.44, 1221744, 516, 0, 0
13264, 11, 400, 487, 3, 0, 19.28%, 0, 30, 17, 144.35, 1222511, 516, 0, 0
13269, 11, 480, 487, 3, 0, 19.28%, 0, 30, 17, 143.42, 1223215, 516, 0, 0
13274, 11, 384, 487, 3, 0, 19.28%, 0, 30, 17, 132.38, 1223891, 516, 0, 0
13279, 11, 337, 487, 3, 0, 19.28%, 0, 30, 17, 148.33, 1224653, 516, 0, 0
13284, 11, 25, 487, 3, 0, 19.28%, 0, 30, 17, 152.39, 1225458, 516, 0, 0
13289, 11, 400, 487, 3, 0, 19.28%, 0, 30, 17, 147.91, 1226207, 516, 0, 0
13294, 11, 466, 487, 3, 0, 19.28%, 0, 30, 17, 148.09, 1226945, 516, 0, 0
13299, 11, 72, 487, 3, 0, 19.28%, 0, 30, 17, 150.33, 1227710, 516, 0, 0
13304, 11, 486, 487, 3, 0, 19.28%, 0, 30, 17, 151.04, 1228457, 516, 0, 0
13309, 11, 204, 487, 3, 0, 19.28%, 0, 30, 17, 155.40, 1229271, 516, 0, 0
13315, 11, 429, 487, 3, 0, 19.28%, 0, 30, 17, 130.97, 1229900, 516, 0, 0
13320, 11, 344, 487, 3, 0, 19.28%, 0, 30, 17, 141.84, 1230640, 516, 0, 0
13325, 11, 285, 487, 3, 0, 19.28%, 0, 30, 17, 150.13, 1231363, 516, 0, 0
13330, 11, 483, 487, 3, 0, 19.28%, 0, 30, 17, 156.27, 1232155, 516, 0, 0
13335, 11, 400, 487, 2, 0, 19.28%, 0, 30, 17, 150.16, 1232949, 516, 0, 0
13340, 11, 486, 487, 2, 0, 19.28%, 0, 30, 17, 142.71, 1233666, 516, 0, 0
13345, 11, 410, 487, 2, 0, 19.28%, 0, 30, 17, 152.58, 1234471, 516, 0, 0
13351, 11, 367, 487, 2, 0, 19.28%, 0, 30, 17, 145.36, 1235203, 516, 0, 0
13356, 11, 69, 487, 2, 0, 19.28%, 0, 30, 17, 149.98, 1235985, 516, 0, 0
13361, 11, 486, 487, 2, 0, 19.28%, 0, 30, 17, 155.30, 1236774, 516, 0, 0
13366, 11, 402, 487, 2, 0, 19.28%, 0, 30, 17, 146.08, 1237550, 516, 0, 0
13371, 11, 478, 487, 2, 0, 19.28%, 0, 30, 17, 155.52, 1238350, 516, 0, 0
13376, 11, 486, 487, 2, 0, 19.28%, 0, 30, 17, 143.91, 1239080, 516, 0, 0
13381, 11, 481, 487, 2, 0, 19.28%, 0, 30, 17, 156.06, 1239882, 516, 0, 0
13387, 11, 468, 487, 2, 0, 19.28%, 0, 30, 17, 149.20, 1240655, 516, 0, 0
13392, 11, 404, 487, 2, 0, 19.28%, 0, 30, 17, 129.36, 1241335, 516, 0, 0
13397, 11, 3, 487, 2, 0, 19.28%, 0, 30, 17, 137.01, 1242029, 516, 0, 0
13402, 11, 224, 487, 2, 0, 19.28%, 0, 30, 17, 143.66, 1242783, 516, 0, 0
13407, 11, 429, 487, 2, 0, 19.28%, 0, 30, 17, 145.21, 1243546, 516, 0, 0
13412, 11, 392, 487, 2, 0, 19.28%, 0, 30, 17, 151.20, 1244326, 516, 0, 0
13418, 11, 368, 487, 2, 0, 19.28%, 0, 30, 17, 139.28, 1245031, 516, 0, 0
13423, 11, 191, 487, 2, 0, 19.28%, 0, 30, 17, 150.92, 1245829, 516, 0, 0
13428, 11, 441, 487, 2, 0, 19.28%, 0, 30, 17, 156.33, 1246650, 516, 0, 0
13433, 11, 400, 487, 2, 0, 19.28%, 0, 30, 17, 155.30, 1247413, 516, 0, 0
13438, 11, 239, 487, 2, 0, 19.28%, 0, 30, 17, 153.91, 1248173, 516, 0, 0
13443, 11, 366, 487, 2, 0, 19.28%, 0, 30, 17, 140.44, 1248861, 516, 0, 0
13448, 11, 392, 487, 2, 0, 19.28%, 0, 30, 17, 146.10, 1249607, 516, 0, 0
13453, 11, 422, 487, 2, 0, 19.28%, 0, 30, 17, 152.84, 1250385, 516, 0, 0
13459, 11, 1, 487, 2, 0, 19.28%, 0, 30, 17, 155.20, 1251178, 516, 0, 0
13464, 11, 447, 487, 2, 0, 19.28%, 0, 30, 17, 146.25, 1251911, 516, 0, 0
13469, 11, 158, 487, 2, 0, 19.28%, 0, 30, 17, 144.40, 1252621, 516, 0, 0
13474, 11, 402, 487, 2, 0, 19.28%, 0, 30, 17, 138.60, 1253362, 516, 0, 0
13479, 11, 486, 487, 2, 0, 19.28%, 0, 30, 17, 138.46, 1254086, 516, 0, 0
13484, 11, 158, 487, 2, 0, 19.28%, 0, 30, 17, 146.35, 1254851, 516, 0, 0
13490, 11, 479, 488, 3, 0, 19.28%, 0, 30, 17, 140.31, 1255598, 516, 0, 0
13495, 11, 422, 488, 3, 0, 19.28%, 0, 30, 17, 141.07, 1256262, 516, 0, 0
13500, 11, 479, 488, 3, 0, 19.28%, 0, 30, 17, 135.77, 1256964, 516, 0, 0
13505, 11, 114, 488, 3, 0, 19.28%, 0, 30, 17, 136.61, 1257635, 516, 0, 0
13510, 11, 51, 488, 3, 0, 19.28%, 0, 30, 17, 151.98, 1258424, 516, 0, 0
13515, 11, 392, 488, 3, 0, 19.28%, 0, 30, 17, 150.11, 1259171, 516, 0, 0
13520, 11, 470, 488, 3, 0, 19.28%, 0, 30, 17, 130.00, 1259861, 516, 0, 0
13525, 11, 470, 488, 3, 0, 19.28%, 0, 30, 17, 99.14, 1260324, 516, 0, 0
13530, 11, 470, 488, 3, 0, 19.28%, 0, 30, 17, 90.92, 1260782, 516, 0, 0
13536, 11, 470, 488, 3, 0, 19.28%, 0, 30, 17, 91.63, 1261284, 516, 0, 0
13541, 11, 422, 488, 2, 0, 19.28%, 0, 30, 17, 115.59, 1261852, 516, 0, 0
13546, 11, 331, 488, 2, 0, 19.28%, 0, 30, 17, 143.40, 1262625, 516, 0, 0
13551, 11, 97, 488, 2, 0, 19.28%, 0, 30, 17, 155.56, 1263417, 516, 0, 0
13556, 11, 479, 488, 2, 0, 19.28%, 0, 30, 17, 150.10, 1264164, 516, 0, 0
13561, 11, 409, 488, 2, 0, 19.28%, 0, 30, 17, 138.15, 1264845, 516, 0, 0
13566, 11, 480, 488, 2, 0, 19.28%, 0, 30, 17, 136.31, 1265539, 516, 0, 0
13571, 11, 392, 488, 2, 0, 19.28%, 0, 30, 17, 147.21, 1266310, 516, 0, 0
13576, 11, 300, 488, 2, 0, 19.28%, 0, 30, 17, 148.93, 1267080, 516, 0, 0
13582, 11, 441, 488, 2, 0, 19.28%, 0, 30, 17, 146.59, 1267807, 516, 0, 0
13587, 11, 422, 488, 2, 0, 19.28%, 0, 30, 17, 147.94, 1268558, 516, 0, 0
13592, 11, 400, 488, 2, 0, 19.28%, 0, 30, 17, 136.47, 1269270, 516, 0, 0
13597, 11, 468, 488, 2, 0, 19.28%, 0, 30, 17, 148.23, 1270046, 516, 0, 0
13602, 11, 48, 488, 2, 0, 19.28%, 0, 30, 17, 153.29, 1270828, 516, 0, 0
13607, 11, 50, 488, 2, 0, 19.28%, 0, 30, 17, 155.27, 1271637, 516, 0, 0
13612, 11, 486, 488, 2, 0, 19.28%, 0, 30, 17, 147.88, 1272360, 516, 0, 0
13618, 11, 238, 488, 2, 0, 19.28%, 0, 30, 17, 144.23, 1273077, 516, 0, 0
13623, 11, 468, 488, 2, 0, 19.28%, 0, 30, 17, 145.52, 1273829, 516, 0, 0
13628, 11, 46, 488, 2, 0, 19.28%, 0, 30, 17, 156.87, 1274654, 516, 0, 0
13633, 11, 439, 488, 2, 0, 19.28%, 0, 30, 17, 152.71, 1275411, 516, 0, 0
13638, 12, 325, 488, 2, 0, 19.28%, 0, 30, 17, 155.98, 1276207, 516, 0, 0
13643, 12, 400, 488, 2, 0, 19.28%, 0, 30, 17, 136.75, 1276909, 516, 0, 0
13648, 12, 5, 488, 2, 0, 19.28%, 0, 30, 17, 135.12, 1277621, 516, 0, 0
13653, 12, 474, 488, 2, 0, 19.28%, 0, 30, 17, 145.71, 1278359, 516, 0, 0
13659, 12, 378, 488, 2, 0, 19.28%, 0, 30, 17, 136.64, 1279054, 516, 0, 0
13664, 12, 480, 488, 2, 0, 19.28%, 0, 30, 17, 140.36, 1279778, 516, 0, 0
13669, 12, 188, 488, 2, 0, 19.28%, 0, 30, 17, 143.28, 1280524, 516, 0, 0
13674, 12, 392, 488, 2, 0, 19.28%, 0, 30, 17, 137.74, 1281232, 516, 0, 0
13679, 12, 156, 488, 2, 0, 19.28%, 0, 30, 17, 148.07, 1282006, 516, 0, 0
13684, 12, 77, 488, 2, 0, 19.28%, 0, 30, 17, 152.54, 1282775, 516, 0, 0
13689, 12, 429, 488, 2, 0, 19.28%, 0, 30, 17, 147.65, 1283515, 516, 0, 0
13694, 12, 360, 488, 2, 0, 19.28%, 0, 30, 17, 152.35, 1284288, 516, 0, 0
13699, 12, 47, 488, 2, 0, 19.28%, 0, 30, 17, 139.37, 1284993, 516, 0, 0
13705, 12, 422, 488, 2, 0, 19.28%, 0, 30, 17, 146.57, 1285759, 516, 0, 0
13710, 12, 392, 488, 2, 0, 19.28%, 0, 30, 17, 147.83, 1286501, 516, 0, 0
13715, 12, 392, 488, 2, 0, 19.28%, 0, 30, 17, 150.50, 1287277, 516, 0, 0
13720, 12, 28, 488, 2, 0, 19.28%, 0, 30, 17, 155.23, 1288075, 516, 0, 0
13725, 12, 384, 488, 2, 0, 19.28%, 0, 30, 17, 129.12, 1288722, 516, 0, 0
13730, 12, 360, 488, 2, 0, 19.28%, 0, 30, 17, 129.30, 1289382, 516, 0, 0
13735, 12, 200, 488, 2, 0, 19.28%, 0, 30, 17, 151.47, 1290189, 516, 0, 0
13741, 12, 383, 488, 2, 0, 19.28%, 0, 30, 17, 142.64, 1290937, 516, 0, 0
13746, 12, 392, 488, 2, 0, 19.28%, 0, 30, 17, 142.26, 1291659, 516, 0, 0
13751, 12, 418, 488, 2, 0, 19.28%, 0, 30, 17, 149.59, 1292434, 516, 0, 0
13756, 12, 479, 488, 2, 0, 19.28%, 0, 30, 17, 137.85, 1293142, 516, 0, 0
13761, 12, 487, 488, 2, 0, 19.28%, 0, 30, 17, 131.30, 1293795, 516, 0, 0
13766, 12, 392, 488, 1, 0, 19.28%, 0, 30, 17, 132.37, 1294461, 516, 0, 0
13771, 12, 304, 488, 1, 0, 19.28%, 0, 30, 17, 148.84, 1295240, 516, 0, 0
13776, 12, 337, 488, 1, 0, 19.28%, 0, 30, 17, 155.26, 1296027, 516, 0, 0
13781, 12, 427, 488, 1, 0, 19.28%, 0, 30, 17, 152.41, 1296783, 516, 0, 0
13786, 12, 486, 488, 1, 0, 19.28%, 0, 30, 17, 155.12, 1297600, 516, 0, 0
13791, 12, 439, 488, 1, 0, 19.28%, 0, 30, 17, 152.12, 1298363, 516, 0, 0
13797, 12, 168, 488, 1, 0, 19.28%, 0, 30, 17, 142.73, 1299082, 516, 0, 0
13802, 12, 478, 488, 1, 0, 19.28%, 0, 30, 17, 147.41, 1299825, 516, 0, 0
13807, 12, 69, 488, 1, 0, 19.28%, 0, 30, 17, 148.42, 1300583, 516, 0, 0
13812, 12, 48, 488, 1, 0, 19.28%, 0, 30, 17, 148.44, 1301351, 516, 0, 0
13817, 12, 115, 488, 1, 0, 19.28%, 0, 30, 17, 152.75, 1302134, 516, 0, 0
13822, 12, 392, 488, 1, 0, 19.28%, 0, 30, 17, 147.58, 1302883, 516, 0, 0
13827, 12, 193, 488, 1, 0, 19.28%, 0, 30, 17, 151.49, 1303640, 516, 0, 0
13833, 12, 77, 488, 1, 0, 19.28%, 0, 30, 17, 155.45, 1304451, 516, 0, 0
13838, 12, 188, 488, 1, 0, 19.28%, 0, 30, 17, 154.80, 1305234, 516, 0, 0
13843, 12, 46, 488, 1, 0, 19.28%, 0, 30, 17, 142.76, 1305986, 516, 0, 0
13848, 12, 46, 488, 1, 0, 19.28%, 0, 30, 17, 151.25, 1306784, 516, 0, 0
13853, 12, 260, 488, 1, 0, 19.28%, 0, 30, 17, 153.97, 1307556, 516, 0, 0
13858, 12, 406, 488, 1, 0, 19.28%, 0, 30, 17, 144.33, 1308307, 516, 0, 0
13863, 12, 402, 488, 0, 0, 19.28%, 0, 30, 17, 132.53, 1308974, 516, 0, 0
13868, 12, 160, 488, 0, 0, 19.28%, 0, 30, 17, 148.93, 1309744, 516, 0, 0
13874, 12, 334, 488, 0, 0, 19.28%, 0, 30, 17, 154.87, 1310552, 516, 0, 0
13879, 12, 5, 488, 0, 0, 19.28%, 0, 30, 17, 150.28, 1311291, 516, 0, 0
13884, 12, 349, 488, 0, 0, 19.28%, 0, 30, 17, 150.23, 1312078, 516, 0, 0
13889, 12, 114, 488, 0, 0, 19.28%, 0, 30, 17, 147.78, 1312819, 516, 0, 0
13894, 12, 285, 488, 0, 0, 19.28%, 0, 30, 17, 144.51, 1313521, 516, 0, 0
13899, 12, 468, 488, 0, 0, 19.28%, 0, 30, 17, 142.18, 1314255, 516, 0, 0
13904, 12, 368, 488, 0, 0, 19.28%, 0, 30, 17, 135.43, 1314938, 516, 0, 0
13909, 12, 402, 488, 0, 0, 19.28%, 0, 30, 17, 139.55, 1315682, 516, 0, 0
13914, 12, 486, 488, 0, 0, 19.28%, 0, 30, 17, 140.76, 1316378, 516, 0, 0
13919, 12, 395, 488, 0, 0, 19.28%, 0, 30, 17, 141.56, 1317111, 516, 0, 0
13924, 12, 168, 488, 0, 0, 19.28%, 0, 30, 17, 135.04, 1317753, 516, 0, 0
13930, 12, 486, 488, 0, 0, 19.28%, 0, 30, 17, 138.60, 1318459, 516, 0, 0
13935, 12, 400, 488, 0, 0, 19.28%, 0, 30, 17, 132.80, 1319163, 516, 0, 0
13940, 12, 422, 488, 0, 0, 19.28%, 0, 30, 17, 138.58, 1319857, 516, 0, 0
13945, 12, 368, 488, 0, 0, 19.28%, 0, 30, 17, 149.36, 1320641, 516, 0, 0
13950, 12, 114, 488, 0, 0, 19.28%, 0, 30, 17, 144.43, 1321382, 516, 0, 0
13955, 12, 488, 489, 1, 1, 19.31%, 0, 30, 17, 149.90, 1322155, 517, 0, 0
13960, 12, 402, 489, 0, 0, 19.31%, 0, 30, 17, 139.45, 1322893, 517, 0, 0
13966, 12, 80, 489, 0, 0, 19.31%, 0, 30, 17, 153.82, 1323705, 517, 0, 0
13971, 12, 488, 489, 0, 0, 19.31%, 0, 30, 17, 153.36, 1324491, 517, 0, 0
13976, 12, 477, 489, 0, 0, 19.31%, 0, 30, 17, 145.31, 1325226, 517, 0, 0
13981, 12, 285, 489, 0, 0, 19.31%, 0, 30, 17, 149.06, 1325989, 517, 0, 0
13986, 12, 422, 489, 0, 0, 19.31%, 0, 30, 17, 147.21, 1326761, 517, 0, 0
13991, 12, 78, 489, 0, 0, 19.31%, 0, 30, 17, 154.28, 1327547, 517, 0, 0
13996, 12, 422, 489, 0, 0, 19.31%, 0, 30, 17, 136.44, 1328204, 517, 0, 0
14001, 12, 400, 489, 0, 0, 19.31%, 0, 30, 17, 135.18, 1328893, 517, 0, 0
14006, 12, 69, 489, 0, 0, 19.31%, 0, 30, 17, 145.09, 1329628, 517, 0, 0
14012, 12, 357, 489, 0, 0, 19.31%, 0, 30, 17, 149.52, 1330406, 517, 0, 0
14017, 12, 402, 489, 0, 0, 19.31%, 0, 30, 17, 139.90, 1331129, 517, 0, 0
14022, 12, 487, 489, 0, 0, 19.31%, 0, 30, 17, 141.33, 1331853, 517, 0, 0
14027, 12, 149, 489, 0, 0, 19.31%, 0, 30, 17, 153.41, 1332645, 517, 0, 0
14032, 12, 411, 489, 0, 0, 19.31%, 0, 30, 17, 142.24, 1333409, 517, 0, 0
14037, 12, 238, 489, 0, 0, 19.31%, 0, 30, 17, 150.65, 1334171, 517, 0, 0
14043, 12, 480, 489, 0, 0, 19.31%, 0, 30, 17, 149.97, 1334947, 517, 0, 0
14048, 12, 47, 489, 0, 0, 19.31%, 0, 30, 17, 136.26, 1335665, 517, 0, 0
14053, 12, 468, 489, 0, 0, 19.31%, 0, 30, 17, 142.54, 1336418, 517, 0, 0
14058, 12, 115, 489, 0, 0, 19.31%, 0, 30, 17, 148.03, 1337184, 517, 0, 0
14063, 12, 44, 489, 0, 0, 19.31%, 0, 30, 17, 149.77, 1337966, 517, 0, 0
14068, 12, 250, 489, 0, 0, 19.31%, 0, 30, 17, 147.57, 1338708, 517, 0, 0
14073, 12, 480, 489, 0, 0, 19.31%, 0, 30, 17, 152.55, 1339491, 517, 0, 0
14079, 12, 114, 489, 0, 0, 19.31%, 0, 30, 17, 150.29, 1340252, 517, 0, 0
14084, 12, 422, 489, 0, 0, 19.31%, 0, 30, 17, 147.41, 1341020, 517, 0, 0
14089, 12, 238, 489, 0, 0, 19.31%, 0, 30, 17, 100.25, 1341488, 517, 0, 0
14094, 12, 402, 489, 0, 0, 19.31%, 0, 30, 17, 128.92, 1342219, 517, 0, 0
14099, 12, 400, 489, 0, 0, 19.31%, 0, 30, 17, 128.31, 1342887, 517, 0, 0
14104, 12, 384, 489, 0, 0, 19.31%, 0, 30, 17, 127.00, 1343578, 517, 0, 0
14109, 12, 384, 489, 0, 0, 19.31%, 0, 30, 17, 126.33, 1344212, 517, 0, 0
14115, 12, 384, 489, 0, 0, 19.31%, 0, 30, 17, 124.52, 1344856, 517, 0, 0
14120, 12, 384, 489, 0, 0, 19.31%, 0, 30, 17, 123.41, 1345494, 517, 0, 0
14125, 12, 384, 489, 0, 0, 19.31%, 0, 30, 17, 123.41, 1346134, 517, 0, 0
14130, 12, 384, 489, 0, 0, 19.31%, 0, 30, 17, 123.67, 1346754, 517, 0, 0
14135, 12, 384, 489, 0, 0, 19.31%, 0, 30, 17, 124.81, 1347376, 517, 0, 0
14140, 12, 384, 489, 0, 0, 19.31%, 0, 30, 17, 125.22, 1348024, 517, 0, 0
14145, 12, 384, 489, 0, 0, 19.31%, 0, 30, 17, 124.31, 1348650, 517, 0, 0
14150, 12, 384, 489, 0, 0, 19.31%, 0, 30, 17, 96.48, 1349107, 517, 0, 0
14155, 12, 384, 489, 0, 0, 19.31%, 0, 30, 17, 90.82, 1349557, 517, 0, 0
14160, 12, 384, 489, 0, 0, 19.31%, 0, 30, 17, 89.37, 1350007, 517, 0, 0
14165, 12, 384, 489, 0, 0, 19.31%, 0, 30, 17, 89.01, 1350454, 517, 0, 0
14171, 12, 384, 489, 0, 0, 19.31%, 0, 30, 17, 88.89, 1350903, 517, 0, 0
14176, 12, 384, 489, 0, 0, 19.31%, 0, 30, 17, 89.08, 1351353, 517, 0, 0
14181, 12, 384, 489, 0, 0, 19.31%, 0, 30, 17, 89.05, 1351802, 517, 0, 0
14186, 12, 384, 489, 0, 0, 19.31%, 0, 30, 17, 89.31, 1352252, 517, 0, 0
14191, 12, 384, 489, 0, 0, 19.31%, 0, 30, 17, 88.96, 1352702, 517, 0, 0
14196, 12, 384, 489, 0, 0, 19.31%, 0, 30, 17, 89.01, 1353149, 517, 0, 0
14201, 12, 384, 489, 0, 0, 19.31%, 0, 30, 17, 89.23, 1353599, 517, 0, 0
14206, 12, 384, 489, 0, 0, 19.31%, 0, 30, 17, 89.34, 1354049, 517, 0, 0
14211, 12, 384, 489, 0, 0, 19.31%, 0, 30, 17, 88.95, 1354497, 517, 0, 0
14216, 12, 384, 489, 0, 0, 19.31%, 0, 30, 17, 103.39, 1355004, 517, 0, 0
14221, 12, 67, 489, 0, 0, 19.31%, 0, 30, 17, 134.66, 1355710, 517, 0, 0
14226, 12, 429, 489, 0, 0, 19.31%, 0, 30, 17, 140.58, 1356422, 517, 0, 0
14231, 12, 170, 489, 0, 0, 19.31%, 0, 30, 17, 145.42, 1357180, 517, 0, 0
14237, 12, 168, 489, 0, 0, 19.31%, 0, 30, 17, 151.35, 1357965, 517, 0, 0
14242, 12, 483, 489, 0, 0, 19.31%, 0, 30, 17, 150.24, 1358721, 517, 0, 0
14247, 12, 102, 489, 0, 0, 19.31%, 0, 30, 17, 152.90, 1359499, 517, 0, 0
14252, 12, 239, 489, 0, 0, 19.31%, 0, 30, 17, 150.53, 1360270, 517, 0, 0
14257, 12, 441, 489, 0, 0, 19.31%, 0, 30, 17, 135.37, 1360985, 517, 0, 0
14262, 12, 472, 489, 0, 0, 19.31%, 0, 30, 17, 93.58, 1361452, 517, 0, 0
14267, 12, 476, 489, 0, 0, 19.31%, 0, 30, 17, 113.08, 1362108, 517, 0, 0
14272, 12, 402, 489, 0, 0, 19.31%, 0, 30, 17, 135.16, 1362865, 517, 0, 0
14278, 12, 486, 489, 0, 0, 19.31%, 0, 30, 17, 139.00, 1363564, 517, 0, 0
14283, 13, 429, 489, 0, 0, 19.31%, 0, 30, 17, 151.17, 1364357, 517, 0, 0
14288, 13, 238, 489, 0, 0, 19.31%, 0, 30, 17, 154.42, 1365144, 517, 0, 0
14293, 13, 46, 489, 0, 0, 19.31%, 0, 30, 17, 155.31, 1365942, 517, 0, 0
14298, 13, 478, 489, 0, 0, 19.31%, 0, 30, 17, 150.01, 1366698, 517, 0, 0
14303, 13, 114, 489, 0, 0, 19.31%, 0, 30, 17, 144.82, 1367415, 517, 0, 0
14308, 13, 466, 489, 0, 0, 19.31%, 0, 30, 17, 147.87, 1368195, 517, 0, 0
14313, 13, 45, 489, 0, 0, 19.31%, 0, 30, 17, 145.95, 1368935, 517, 0, 0
14319, 13, 28, 489, 0, 0, 19.31%, 0, 30, 17, 154.54, 1369728, 517, 0, 0
14324, 13, 182, 489, 0, 0, 19.31%, 0, 30, 17, 152.94, 1370503, 517, 0, 0
14329, 13, 468, 489, 0, 0, 19.31%, 0, 30, 17, 141.02, 1371171, 517, 0, 0
14334, 13, 343, 489, 0, 0, 19.31%, 0, 30, 17, 147.57, 1371925, 517, 0, 0
14339, 13, 214, 489, 0, 0, 19.31%, 0, 30, 17, 147.43, 1372703, 517, 0, 0
14344, 13, 67, 489, 0, 0, 19.31%, 0, 30, 17, 147.13, 1373463, 517, 0, 0
14349, 13, 238, 489, 0, 0, 19.31%, 0, 30, 17, 154.04, 1374243, 517, 0, 0
14354, 13, 170, 489, 0, 0, 19.31%, 0, 30, 17, 155.10, 1375057, 517, 0, 0
14359, 13, 447, 489, 0, 0, 19.31%, 0, 30, 17, 139.34, 1375754, 517, 0, 0
14364, 13, 400, 489, 0, 0, 19.31%, 0, 30, 17, 146.46, 1376529, 517, 0, 0
14370, 13, 1, 489, 0, 0, 19.31%, 0, 30, 17, 135.65, 1377168, 517, 0, 0
14375, 13, 27, 489, 0, 0, 19.31%, 0, 30, 17, 148.09, 1377925, 517, 0, 0
14380, 13, 40, 489, 0, 0, 19.31%, 0, 30, 17, 156.82, 1378744, 517, 0, 0
14385, 13, 479, 489, 0, 0, 19.31%, 0, 30, 17, 147.04, 1379493, 517, 0, 0
14390, 13, 429, 489, 0, 0, 19.31%, 0, 30, 17, 144.79, 1380190, 517, 0, 0
14395, 13, 171, 489, 0, 0, 19.31%, 0, 30, 17, 142.00, 1380929, 517, 0, 0
14400, 13, 285, 489, 0, 0, 19.31%, 0, 30, 17, 144.46, 1381674, 517, 0, 0
14405, 13, 199, 489, 0, 0, 19.31%, 0, 30, 17, 156.47, 1382491, 517, 0, 0
14410, 13, 2, 489, 0, 0, 19.31%, 0, 30, 17, 157.41, 1383288, 517, 0, 0
14416, 13, 107, 489, 0, 0, 19.31%, 0, 30, 17, 145.65, 1384023, 517, 0, 0
14421, 13, 95, 489, 0, 0, 19.31%, 0, 30, 17, 149.55, 1384802, 517, 0, 0
14426, 13, 402, 489, 0, 0, 19.31%, 0, 30, 17, 147.46, 1385554, 517, 0, 0
14431, 13, 196, 489, 0, 0, 19.31%, 0, 30, 17, 142.91, 1386280, 517, 0, 0
14436, 13, 488, 489, 0, 0, 19.31%, 0, 30, 17, 153.71, 1387095, 517, 0, 0
14441, 13, 69, 489, 0, 0, 19.31%, 0, 30, 17, 153.93, 1387886, 517, 0, 0
14446, 13, 429, 489, 0, 0, 19.31%, 0, 30, 17, 151.54, 1388656, 517, 0, 0
14452, 13, 46, 489, 0, 0, 19.31%, 0, 30, 17, 149.58, 1389424, 517, 0, 0
14457, 13, 199, 489, 0, 0, 19.31%, 0, 30, 17, 81.54, 1389777, 517, 0, 0
14462, 13, 392, 489, 0, 0, 19.31%, 0, 30, 17, 126.97, 1390482, 517, 0, 0
14467, 13, 384, 489, 0, 0, 19.31%, 0, 30, 17, 130.66, 1391199, 517, 0, 0
14472, 13, 480, 489, 0, 0, 19.31%, 0, 30, 17, 140.54, 1391898, 517, 0, 0
14477, 13, 400, 489, 0, 0, 19.31%, 0, 30, 17, 141.75, 1392667, 517, 0, 0
14482, 13, 44, 489, 0, 0, 19.31%, 0, 30, 17, 143.03, 1393385, 517, 0, 0
14488, 13, 285, 489, 0, 0, 19.31%, 0, 30, 17, 141.46, 1394107, 517, 0, 0
14493, 13, 468, 489, 0, 0, 19.31%, 0, 30, 17, 140.91, 1394823, 517, 0, 0
14498, 13, 480, 489, 0, 0, 19.31%, 0, 30, 17, 148.97, 1395604, 517, 0, 0
14503, 13, 480, 489, 0, 0, 19.31%, 0, 30, 17, 144.24, 1396342, 517, 0, 0
14508, 13, 400, 489, 0, 0, 19.31%, 0, 30, 17, 145.26, 1397093, 517, 0, 0
14513, 13, 46, 489, 0, 0, 19.31%, 0, 30, 17, 149.74, 1397853, 517, 0, 0
14518, 13, 134, 489, 0, 0, 19.31%, 0, 30, 17, 152.62, 1398623, 517, 0, 0
14523, 13, 488, 489, 0, 0, 19.31%, 0, 30, 17, 152.05, 1399396, 517, 0, 0
14529, 13, 488, 489, 0, 0, 19.31%, 0, 30, 17, 130.65, 1400009, 517, 0, 0
14534, 13, 237, 489, 0, 0, 19.31%, 0, 30, 17, 148.20, 1400781, 517, 0, 0
14539, 13, 411, 489, 0, 0, 19.31%, 0, 30, 17, 146.34, 1401531, 517, 0, 0
14544, 13, 392, 489, 0, 0, 19.31%, 0, 30, 17, 138.66, 1402211, 517, 0, 0
14549, 13, 188, 489, 0, 0, 19.31%, 0, 30, 17, 151.99, 1402995, 517, 0, 0
14554, 13, 422, 489, 0, 0, 19.31%, 0, 30, 17, 129.08, 1403617, 517, 0, 0
14559, 13, 480, 489, 0, 0, 19.31%, 0, 30, 17, 144.08, 1404381, 517, 0, 0
14565, 13, 441, 489, 0, 0, 19.31%, 0, 30, 17, 139.69, 1405108, 517, 0, 0
14570, 13, 149, 489, 0, 0, 19.31%, 0, 30, 17, 150.55, 1405892, 517, 0, 0
14575, 13, 161, 489, 0, 0, 19.31%, 0, 30, 17, 144.11, 1406601, 517, 0, 0
14580, 13, 468, 489, 0, 0, 19.31%, 0, 30, 17, 146.30, 1407376, 517, 0, 0
14585, 13, 238, 489, 0, 0, 19.31%, 0, 30, 17, 154.58, 1408173, 517, 0, 0
14590, 13, 470, 489, 0, 0, 19.31%, 0, 30, 17, 115.73, 1408761, 517, 0, 0
14595, 13, 14, 489, 0, 0, 19.31%, 0, 30, 17, 139.38, 1409480, 517, 0, 0
14600, 13, 406, 489, 0, 0, 19.31%, 0, 30, 17, 147.08, 1410240, 517, 0, 0
14606, 13, 449, 489, 0, 0, 19.31%, 0, 30, 17, 147.16, 1410987, 517, 0, 0
14611, 13, 469, 489, 0, 0, 19.31%, 0, 30, 17, 107.58, 1411573, 517, 0, 0
14616, 13, 446, 489, 0, 0, 19.31%, 0, 30, 17, 112.41, 1412065, 517, 0, 0
14621, 13, 360, 489, 0, 0, 19.31%, 0, 30, 17, 145.31, 1412850, 517, 0, 0
14626, 13, 488, 489, 0, 0, 19.31%, 0, 30, 17, 153.18, 1413660, 517, 0, 0
14631, 13, 271, 489, 0, 0, 19.31%, 0, 30, 17, 155.49, 1414449, 517, 0, 0
14637, 13, 153, 489, 0, 0, 19.31%, 0, 30, 17, 150.49, 1415214, 517, 0, 0
14642, 13, 441, 489, 0, 0, 19.31%, 0, 30, 17, 151.70, 1415993, 517, 0, 0
14647, 13, 367, 489, 0, 0, 19.31%, 0, 30, 17, 138.76, 1416645, 517, 0, 0
14652, 13, 480, 489, 0, 0, 19.31%, 0, 30, 17, 143.41, 1417409, 517, 0, 0
14657, 13, 400, 489, 0, 0, 19.31%, 0, 30, 17, 142.13, 1418176, 517, 0, 0
14662, 13, 417, 489, 0, 0, 19.31%, 0, 30, 17, 141.29, 1418906, 517, 0, 0
14667, 13, 392, 489, 0, 0, 19.31%, 0, 30, 17, 141.81, 1419617, 517, 0, 0
14672, 13, 163, 489, 0, 0, 19.31%, 0, 30, 17, 141.38, 1420351, 517, 0, 0
14677, 13, 370, 489, 0, 0, 19.31%, 0, 30, 17, 156.21, 1421176, 517, 0, 0
14682, 13, 285, 489, 0, 0, 19.31%, 0, 30, 17, 148.28, 1421885, 517, 0, 0
14688, 13, 124, 489, 0, 0, 19.31%, 0, 30, 17, 143.58, 1422609, 517, 0, 0
14693, 13, 402, 489, 0, 0, 19.31%, 0, 30, 17, 147.25, 1423372, 517, 0, 0
14698, 13, 159, 489, 0, 0, 19.31%, 0, 30, 17, 132.34, 1424045, 517, 0, 0
14703, 13, 182, 489, 0, 0, 19.31%, 0, 30, 17, 145.72, 1424818, 517, 0, 0
14708, 13, 488, 489, 0, 0, 19.31%, 0, 30, 17, 154.64, 1425630, 517, 0, 0
14713, 13, 441, 489, 0, 0, 19.31%, 0, 30, 17, 140.03, 1426336, 517, 0, 0
14718, 13, 480, 489, 0, 0, 19.31%, 0, 30, 17, 137.63, 1427051, 517, 0, 0
14724, 13, 478, 489, 0, 0, 19.31%, 0, 30, 17, 96.18, 1427508, 517, 0, 0
14729, 13, 153, 489, 0, 0, 19.31%, 0, 30, 17, 128.53, 1428211, 517, 0, 0
14734, 13, 98, 490, 1, 0, 19.31%, 0, 30, 17, 135.80, 1428904, 517, 0, 0
14739, 13, 36, 490, 1, 0, 19.31%, 0, 30, 17, 149.35, 1429700, 517, 0, 0
14744, 13, 193, 490, 1, 0, 19.31%, 0, 30, 17, 153.10, 1430462, 517, 0, 0
14749, 13, 392, 490, 1, 0, 19.31%, 0, 30, 17, 145.88, 1431186, 517, 0, 0
14754, 13, 429, 490, 1, 0, 19.31%, 0, 30, 17, 144.63, 1431912, 517, 0, 0
14759, 13, 98, 490, 1, 0, 19.31%, 0, 30, 17, 94.53, 1432345, 517, 0, 0
14764, 13, 285, 490, 1, 0, 19.31%, 0, 30, 17, 141.93, 1433131, 517, 0, 0
14770, 13, 480, 490, 1, 0, 19.31%, 0, 30, 17, 143.56, 1433892, 517, 0, 0
14775, 13, 99, 490, 1, 0, 19.31%, 0, 30, 17, 149.94, 1434658, 517, 0, 0
14780, 14, 26, 490, 1, 0, 19.31%, 0, 30, 17, 156.57, 1435473, 517, 0, 0
14785, 14, 400, 490, 1, 0, 19.31%, 0, 30, 17, 149.06, 1436257, 517, 0, 0
14790, 14, 165, 490, 1, 0, 19.31%, 0, 30, 17, 145.98, 1437004, 517, 0, 0
14796, 14, 239, 490, 1, 0, 19.31%, 0, 30, 17, 155.40, 1437815, 517, 0, 0
14801, 14, 479, 490, 1, 0, 19.31%, 0, 30, 17, 133.64, 1438500, 517, 0, 0
14806, 14, 159, 490, 1, 0, 19.31%, 0, 30, 17, 147.53, 1439242, 517, 0, 0
14811, 14, 479, 490, 1, 0, 19.31%, 0, 30, 17, 132.55, 1439869, 517, 0, 0
14816, 14, 239, 490, 1, 0, 19.31%, 0, 30, 17, 155.92, 1440693, 517, 0, 0
14821, 14, 180, 490, 1, 0, 19.31%, 0, 30, 17, 154.01, 1441458, 517, 0, 0
14826, 14, 468, 490, 1, 0, 19.31%, 0, 30, 17, 143.02, 1442171, 517, 0, 0
14831, 14, 429, 490, 1, 0, 19.31%, 0, 30, 17, 151.26, 1442953, 517, 0, 0
14836, 14, 194, 490, 1, 0, 19.31%, 0, 30, 17, 148.86, 1443706, 517, 0, 0
14842, 14, 422, 490, 1, 0, 19.31%, 0, 30, 17, 154.12, 1444521, 517, 0, 0
14847, 14, 402, 490, 1, 0, 19.31%, 0, 30, 17, 137.03, 1445233, 517, 0, 0
14852, 14, 285, 490, 1, 0, 19.31%, 0, 30, 17, 147.52, 1446005, 517, 0, 0
14857, 14, 422, 490, 1, 0, 19.31%, 0, 30, 17, 147.42, 1446770, 517, 0, 0
14862, 14, 149, 490, 1, 0, 19.31%, 0, 30, 17, 154.90, 1447560, 517, 0, 0
14867, 14, 402, 490, 1, 0, 19.31%, 0, 30, 17, 135.25, 1448238, 517, 0, 0
14873, 14, 80, 490, 1, 0, 19.31%, 0, 30, 17, 150.79, 1449030, 517, 0, 0
14878, 14, 392, 490, 1, 0, 19.31%, 0, 30, 17, 142.19, 1449736, 517, 0, 0
14883, 14, 422, 490, 1, 0, 19.31%, 0, 30, 17, 147.13, 1450502, 517, 0, 0
14888, 14, 468, 490, 1, 0, 19.31%, 0, 30, 17, 149.68, 1451284, 517, 0, 0
14893, 14, 480, 490, 1, 0, 19.31%, 0, 30, 17, 149.20, 1452042, 517, 0, 0
14898, 14, 413, 490, 1, 0, 19.31%, 0, 30, 17, 140.56, 1452762, 517, 0, 0
14903, 14, 489, 491, 2, 0, 19.31%, 0, 30, 17, 108.91, 1453247, 517, 0, 0
14908, 14, 489, 491, 2, 0, 19.31%, 0, 30, 17, 98.04, 1453732, 517, 0, 0
14914, 14, 25, 491, 1, 0, 19.31%, 0, 30, 17, 124.33, 1454355, 517, 0, 0
14919, 14, 401, 491, 1, 0, 19.31%, 0, 30, 17, 130.99, 1455071, 517, 0, 0
14924, 14, 392, 491, 1, 0, 19.31%, 0, 30, 17, 144.40, 1455811, 517, 0, 0
14929, 14, 360, 491, 1, 0, 19.31%, 0, 30, 17, 153.49, 1456608, 517, 0, 0
14934, 14, 138, 491, 1, 0, 19.31%, 0, 30, 17, 155.72, 1457395, 517, 0, 0
14939, 14, 200, 491, 1, 0, 19.31%, 0, 30, 17, 153.18, 1458187, 517, 0, 0
14945, 14, 158, 491, 1, 0, 19.31%, 0, 30, 17, 153.12, 1458982, 517, 0, 0
14950, 14, 402, 491, 1, 0, 19.31%, 0, 30, 17, 143.91, 1459694, 517, 0, 0
14955, 14, 447, 491, 1, 0, 19.31%, 0, 30, 17, 132.34, 1460334, 517, 0, 0
14960, 14, 94, 491, 1, 0, 19.31%, 0, 30, 17, 143.49, 1461055, 517, 0, 0
14965, 14, 486, 491, 1, 0, 19.31%, 0, 30, 17, 152.03, 1461857, 517, 0, 0
14970, 14, 422, 491, 1, 0, 19.31%, 0, 30, 17, 152.33, 1462657, 517, 0, 0
14975, 14, 47, 491, 1, 0, 19.31%, 0, 30, 17, 151.34, 1463421, 517, 0, 0
14980, 14, 49, 491, 1, 0, 19.31%, 0, 30, 17, 150.07, 1464181, 517, 0, 0
14985, 14, 159, 491, 1, 0, 19.31%, 0, 30, 17, 154.47, 1464967, 517, 0, 0
14990, 14, 486, 491, 1, 0, 19.31%, 0, 30, 17, 156.22, 1465750, 517, 0, 0
14996, 14, 441, 491, 1, 0, 19.31%, 0, 30, 17, 156.74, 1466537, 517, 0, 0
15001, 14, 5, 491, 1, 0, 19.31%, 0, 30, 17, 151.38, 1467275, 517, 0, 0
15006, 14, 422, 491, 1, 0, 19.31%, 0, 30, 17, 148.74, 1468044, 517, 0, 0
15011, 14, 367, 491, 1, 0, 19.31%, 0, 30, 17, 143.46, 1468790, 517, 0, 0
15016, 14, 237, 491, 1, 0, 19.31%, 0, 30, 17, 152.00, 1469546, 517, 0, 0
15021, 14, 193, 491, 1, 0, 19.31%, 0, 30, 17, 155.85, 1470336, 517, 0, 0
15026, 14, 486, 491, 1, 0, 19.31%, 0, 30, 17, 153.76, 1471142, 517, 0, 0
15031, 14, 376, 491, 1, 0, 19.31%, 0, 30, 17, 140.96, 1471870, 517, 0, 0
15037, 14, 422, 491, 1, 0, 19.31%, 0, 30, 17, 147.31, 1472633, 517, 0, 0
15042, 14, 185, 491, 1, 0, 19.31%, 0, 30, 17, 133.77, 1473319, 517, 0, 0
15047, 14, 392, 491, 1, 0, 19.31%, 0, 30, 17, 151.67, 1474118, 517, 0, 0
15052, 14, 200, 491, 1, 0, 19.31%, 0, 30, 17, 147.28, 1474858, 517, 0, 0
15057, 14, 402, 491, 1, 0, 19.31%, 0, 30, 17, 133.32, 1475534, 517, 0, 0
15062, 14, 441, 491, 1, 0, 19.31%, 0, 30, 17, 144.52, 1476291, 517, 0, 0
15067, 14, 376, 491, 1, 0, 19.31%, 0, 30, 17, 145.23, 1477040, 517, 0, 0
15072, 14, 478, 491, 1, 0, 19.31%, 0, 30, 17, 132.99, 1477712, 517, 0, 0
15077, 14, 398, 491, 1, 0, 19.31%, 0, 30, 17, 140.51, 1478452, 517, 0, 0
15083, 14, 47, 491, 1, 0, 19.31%, 0, 30, 17, 146.22, 1479207, 517, 0, 0
15088, 14, 480, 491, 1, 0, 19.31%, 0, 30, 17, 147.27, 1479982, 517, 0, 0
15093, 14, 93, 491, 1, 0, 19.31%, 0, 30, 17, 136.99, 1480667, 517, 0, 0
15098, 14, 422, 491, 1, 0, 19.31%, 0, 30, 17, 147.25, 1481439, 517, 0, 0
15103, 14, 429, 491, 1, 0, 19.31%, 0, 30, 17, 148.48, 1482209, 517, 0, 0
15108, 14, 343, 491, 1, 0, 19.31%, 0, 30, 17, 151.73, 1482979, 517, 0, 0
15113, 14, 468, 491, 1, 0, 19.31%, 0, 30, 17, 138.88, 1483673, 517, 0, 0
15119, 14, 197, 491, 1, 0, 19.31%, 0, 30, 17, 154.75, 1484480, 517, 0, 0
15124, 14, 422, 491, 1, 0, 19.31%, 0, 30, 17, 148.60, 1485252, 517, 0, 0
15129, 14, 386, 491, 1, 0, 19.31%, 0, 30, 17, 145.48, 1486013, 517, 0, 0
15134, 14, 400, 491, 1, 0, 19.31%, 0, 30, 17, 145.93, 1486783, 517, 0, 0
15139, 14, 411, 491, 1, 0, 19.31%, 0, 30, 17, 132.91, 1487457, 517, 0, 0
15145, 14, 400, 491, 1, 0, 19.31%, 0, 30, 17, 138.50, 1488209, 517, 0, 0
15150, 14, 444, 491, 1, 0, 19.31%, 0, 30, 17, 139.78, 1488952, 517, 0, 0
15155, 14, 441, 491, 1, 0, 19.31%, 0, 30, 17, 141.77, 1489639, 517, 0, 0
15160, 14, 199, 491, 1, 0, 19.31%, 0, 30, 17, 149.30, 1490403, 517, 0, 0
15165, 14, 402, 491, 1, 0, 19.31%, 0, 30, 17, 135.33, 1491126, 517, 0, 0
15170, 14, 402, 491, 1, 0, 19.31%, 0, 30, 17, 132.03, 1491828, 517, 0, 0
15176, 14, 321, 491, 1, 0, 19.31%, 0, 30, 17, 141.35, 1492560, 517, 0, 0
15181, 14, 392, 491, 1, 0, 19.31%, 0, 30, 17, 148.55, 1493336, 517, 0, 0
15186, 14, 216, 491, 1, 0, 19.31%, 0, 30, 17, 137.89, 1494035, 517, 0, 0
15191, 14, 49, 491, 1, 0, 19.31%, 0, 30, 17, 151.50, 1494814, 517, 0, 0
15196, 14, 192, 491, 1, 0, 19.31%, 0, 30, 17, 156.42, 1495601, 517, 0, 0
15201, 14, 402, 491, 1, 0, 19.31%, 0, 30, 17, 144.59, 1496317, 517, 0, 0
15206, 14, 480, 491, 1, 0, 19.31%, 0, 30, 17, 150.68, 1497048, 517, 0, 0
15211, 14, 392, 491, 1, 0, 19.31%, 0, 30, 17, 146.64, 1497804, 517, 0, 0
15217, 14, 429, 491, 1, 0, 19.31%, 0, 30, 17, 147.03, 1498575, 517, 0, 0
15222, 14, 85, 491, 1, 0, 19.31%, 0, 30, 17, 156.23, 1499370, 517, 0, 0
15227, 14, 96, 491, 1, 0, 19.31%, 0, 30, 17, 154.21, 1500151, 517, 0, 0
15232, 14, 237, 491, 1, 0, 19.31%, 0, 30, 17, 143.77, 1500890, 517, 0, 0
15237, 14, 474, 491, 1, 0, 19.31%, 0, 30, 17, 145.69, 1501633, 517, 0, 0
15242, 14, 422, 491, 1, 0, 19.31%, 0, 30, 17, 148.00, 1502376, 517, 0, 0
15247, 14, 191, 491, 1, 0, 19.31%, 0, 30, 17, 154.25, 1503169, 517, 0, 0
15252, 14, 480, 491, 1, 0, 19.31%, 0, 30, 17, 147.02, 1503867, 517, 0, 0
15257, 14, 480, 491, 1, 0, 19.31%, 0, 30, 17, 144.91, 1504612, 517, 0, 0
15263, 14, 486, 491, 1, 0, 19.31%, 0, 30, 17, 150.01, 1505376, 517, 0, 0
15268, 14, 429, 491, 1, 0, 19.31%, 0, 30, 17, 148.36, 1506144, 517, 0, 0
15273, 14, 180, 491, 1, 0, 19.31%, 0, 30, 17, 144.60, 1506869, 517, 0, 0
15278, 15, 239, 491, 1, 0, 19.31%, 0, 30, 17, 144.56, 1507596, 517, 0, 0
15283, 15, 466, 491, 1, 0, 19.31%, 0, 30, 17, 152.95, 1508388, 517, 0, 0
15288, 15, 384, 491, 1, 0, 19.31%, 0, 30, 17, 133.25, 1509061, 517, 0, 0
15293, 15, 388, 491, 1, 0, 19.31%, 0, 30, 17, 142.94, 1509804, 517, 0, 0
15298, 15, 191, 491, 1, 0, 19.31%, 0, 30, 17, 134.86, 1510477, 517, 0, 0
15303, 15, 392, 491, 1, 0, 19.31%, 0, 30, 17, 146.64, 1511258, 517, 0, 0
15308, 15, 29, 491, 1, 0, 19.31%, 0, 30, 17, 149.40, 1512027, 517, 0, 0
15313, 15, 48, 491, 1, 0, 19.31%, 0, 30, 17, 135.94, 1512710, 517, 0, 0
15319, 15, 490, 491, 1, 0, 19.31%, 0, 30, 17, 139.96, 1513396, 517, 0, 0
15324, 15, 27, 491, 0, 0, 19.31%, 0, 30, 17, 142.53, 1514135, 517, 0, 0
15329, 15, 196, 491, 0, 0, 19.31%, 0, 30, 17, 153.57, 1514953, 517, 0, 0
15334, 15, 441, 491, 0, 0, 19.31%, 0, 30, 17, 137.37, 1515627, 517, 0, 0
15339, 15, 402, 491, 0, 0, 19.31%, 0, 30, 17, 148.90, 1516391, 517, 0, 0
15344, 15, 243, 491, 0, 0, 19.31%, 0, 30, 17, 128.07, 1517017, 517, 0, 0
15349, 15, 386, 491, 0, 0, 19.31%, 0, 30, 17, 136.54, 1517747, 517, 0, 0
15354, 15, 468, 491, 0, 0, 19.31%, 0, 30, 17, 146.05, 1518521, 517, 0, 0
15360, 15, 402, 491, 0, 0, 19.31%, 0, 30, 17, 136.67, 1519235, 517, 0, 0
15365, 15, 400, 491, 0, 0, 19.31%, 0, 30, 17, 137.91, 1519953, 517, 0, 0
15370, 15, 479, 491, 0, 0, 19.31%, 0, 30, 17, 134.96, 1520663, 517, 0, 0
15375, 15, 411, 491, 0, 0, 19.31%, 0, 30, 17, 128.90, 1521340, 517, 0, 0
15380, 15, 21, 491, 0, 0, 19.31%, 0, 30, 17, 140.64, 1522060, 517, 0, 0
15385, 15, 158, 491, 0, 0, 19.31%, 0, 30, 17, 147.35, 1522834, 517, 0, 0
15391, 15, 45, 491, 0, 0, 19.31%, 0, 30, 17, 130.11, 1523473, 517, 0, 0
15396, 15, 67, 491, 0, 0, 19.31%, 0, 30, 17, 140.42, 1524202, 517, 0, 0
15401, 15, 392, 491, 0, 0, 19.31%, 0, 30, 17, 144.37, 1524948, 517, 0, 0
15406, 15, 2, 491, 0, 0, 19.31%, 0, 30, 17, 152.75, 1525713, 517, 0, 0
15411, 15, 383, 491, 0, 0, 19.31%, 0, 30, 17, 143.55, 1526444, 517, 0, 0
15416, 15, 486, 491, 0, 0, 19.31%, 0, 30, 17, 150.54, 1527212, 517, 0, 0
15421, 15, 285, 491, 0, 0, 19.31%, 0, 30, 17, 153.67, 1527993, 517, 0, 0
15426, 15, 40, 491, 0, 0, 19.31%, 0, 30, 17, 153.93, 1528767, 517, 0, 0
15431, 15, 480, 491, 0, 0, 19.31%, 0, 30, 17, 144.71, 1529489, 517, 0, 0
15436, 15, 457, 491, 0, 0, 19.31%, 0, 30, 17, 131.20, 1530141, 517, 0, 0
15441, 15, 429, 491, 0, 0, 19.31%, 0, 30, 17, 137.19, 1530801, 517, 0, 0
15447, 15, 46, 491, 0, 0, 19.31%, 0, 30, 17, 145.92, 1531561, 517, 0, 0
15452, 15, 422, 491, 0, 0, 19.31%, 0, 30, 17, 129.16, 1532258, 517, 0, 0
15457, 15, 430, 491, 0, 0, 19.31%, 0, 30, 17, 134.61, 1532974, 517, 0, 0
15462, 15, 468, 491, 0, 0, 19.31%, 0, 30, 17, 149.38, 1533745, 517, 0, 0
15467, 15, 466, 491, 0, 0, 19.31%, 0, 30, 17, 150.65, 1534522, 517, 0, 0
15472, 15, 45, 491, 0, 0, 19.31%, 0, 30, 17, 152.67, 1535287, 517, 0, 0
15477, 15, 400, 491, 0, 0, 19.31%, 0, 30, 17, 143.82, 1536018, 517, 0, 0
15483, 15, 422, 491, 0, 0, 19.31%, 0, 30, 17, 147.34, 1536782, 517, 0, 0
15488, 15, 185, 491, 0, 0, 19.31%, 0, 30, 17, 148.17, 1537538, 517, 0, 0
15493, 15, 402, 491, 0, 0, 19.31%, 0, 30, 17, 149.00, 1538310, 517, 0, 0
15498, 15, 468, 491, 0, 0, 19.31%, 0, 30, 17, 139.00, 1539006, 517, 0, 0
15503, 15, 468, 491, 0, 0, 19.31%, 0, 30, 17, 145.81, 1539773, 517, 0, 0
15508, 15, 168, 491, 0, 0, 19.31%, 0, 30, 17, 144.21, 1540520, 517, 0, 0
15513, 15, 430, 491, 0, 0, 19.31%, 0, 30, 17, 146.73, 1541295, 517, 0, 0
15519, 15, 94, 491, 0, 0, 19.31%, 0, 30, 17, 153.66, 1542088, 517, 0, 0
15524, 15, 402, 491, 0, 0, 19.31%, 0, 30, 17, 149.81, 1542839, 517, 0, 0
15529, 15, 392, 491, 0, 0, 19.31%, 0, 30, 17, 145.32, 1543559, 517, 0, 0
15534, 15, 489, 491, 0, 0, 19.31%, 0, 30, 17, 140.45, 1544271, 517, 0, 0
15539, 15, 390, 491, 0, 0, 19.31%, 0, 30, 17, 133.47, 1544917, 517, 0, 0
15544, 15, 384, 491, 0, 0, 19.31%, 0, 30, 17, 135.09, 1545631, 517, 0, 0
15549, 15, 48, 491, 0, 0, 19.31%, 0, 30, 17, 132.13, 1546294, 517, 0, 0
15554, 15, 285, 491, 0, 0, 19.31%, 0, 30, 17, 146.44, 1547071, 517, 0, 0
15559, 15, 80, 491, 0, 0, 19.31%, 0, 30, 17, 144.99, 1547770, 517, 0, 0
15564, 15, 67, 491, 0, 0, 19.31%, 0, 30, 17, 134.59, 1548485, 517, 0, 0
15570, 15, 468, 491, 0, 0, 19.31%, 0, 30, 17, 138.88, 1549220, 517, 0, 0
15575, 15, 402, 491, 0, 0, 19.31%, 0, 30, 17, 148.72, 1550008, 517, 0, 0
15580, 15, 243, 491, 0, 0, 19.31%, 0, 30, 17, 143.90, 1550727, 517, 0, 0
15585, 15, 367, 491, 0, 0, 19.31%, 0, 30, 17, 149.76, 1551485, 517, 0, 0
15590, 15, 478, 491, 0, 0, 19.31%, 0, 30, 17, 136.71, 1552195, 517, 0, 0
15595, 15, 411, 491, 0, 0, 19.31%, 0, 30, 17, 138.99, 1552941, 517, 0, 0
15601, 15, 400, 491, 0, 0, 19.31%, 0, 30, 17, 134.49, 1553640, 517, 0, 0
15606, 15, 224, 491, 0, 0, 19.31%, 0, 30, 17, 142.23, 1554356, 517, 0, 0
15611, 15, 337, 491, 0, 0, 19.31%, 0, 30, 17, 152.17, 1555131, 517, 0, 0
15616, 15, 46, 491, 0, 0, 19.31%, 0, 30, 17, 150.22, 1555892, 517, 0, 0
15621, 15, 224, 491, 0, 0, 19.31%, 0, 30, 17, 142.06, 1556610, 517, 0, 0
15626, 15, 25, 491, 0, 0, 19.31%, 0, 30, 17, 147.10, 1557374, 517, 0, 0
15631, 15, 447, 491, 0, 0, 19.31%, 0, 30, 17, 148.68, 1558136, 517, 0, 0
15636, 15, 488, 491, 0, 0, 19.31%, 0, 30, 17, 148.21, 1558883, 517, 0, 0
15641, 15, 108, 491, 0, 0, 19.31%, 0, 30, 17, 144.51, 1559614, 517, 0, 0
15647, 15, 406, 491, 0, 0, 19.31%, 0, 30, 17, 135.09, 1560335, 517, 0, 0
15652, 15, 402, 491, 0, 0, 19.31%, 0, 30, 17, 137.77, 1561010, 517, 0, 0
15657, 15, 418, 491, 0, 0, 19.31%, 0, 30, 17, 137.53, 1561704, 517, 0, 0
15662, 15, 402, 491, 0, 0, 19.31%, 0, 30, 17, 138.67, 1562457, 517, 0, 0
15667, 15, 402, 491, 0, 0, 19.31%, 0, 30, 17, 146.51, 1563226, 517, 0, 0
15672, 15, 481, 491, 0, 0, 19.31%, 0, 30, 17, 143.88, 1563949, 517, 0, 0
15678, 15, 402, 491, 0, 0, 19.31%, 0, 30, 17, 140.90, 1564694, 517, 0, 0
15683, 15, 343, 491, 0, 0, 19.31%, 0, 30, 17, 146.23, 1565442, 517, 0, 0
15688, 15, 462, 491, 0, 0, 19.31%, 0, 30, 17, 142.49, 1566171, 517, 0, 0
15693, 15, 418, 491, 0, 0, 19.31%, 0, 30, 17, 149.82, 1566954, 517, 0, 0
15698, 15, 134, 491, 0, 0, 19.31%, 0, 30, 17, 154.90, 1567770, 517, 0, 0
15703, 15, 402, 491, 0, 0, 19.31%, 0, 30, 17, 148.53, 1568516, 517, 0, 0
15708, 15, 480, 491, 0, 0, 19.31%, 0, 30, 17, 141.42, 1569228, 517, 0, 0
15713, 15, 441, 491, 0, 0, 19.31%, 0, 30, 17, 151.54, 1570020, 517, 0, 0
15719, 15, 480, 491, 0, 0, 19.31%, 0, 30, 17, 150.35, 1570789, 517, 0, 0
15724, 15, 441, 491, 0, 0, 19.31%, 0, 30, 17, 149.52, 1571565, 517, 0, 0
15729, 15, 422, 491, 0, 0, 19.31%, 0, 30, 17, 147.35, 1572302, 517, 0, 0
15734, 15, 422, 491, 0, 0, 19.31%, 0, 30, 17, 137.12, 1572995, 517, 0, 0
15739, 15, 5, 491, 0, 0, 19.31%, 0, 30, 17, 146.86, 1573771, 517, 0, 0
15744, 15, 392, 491, 0, 0, 19.31%, 0, 30, 17, 149.40, 1574551, 517, 0, 0
15749, 15, 480, 491, 0, 0, 19.31%, 0, 30, 17, 148.68, 1575318, 517, 0, 0
15754, 15, 384, 491, 0, 0, 19.31%, 0, 30, 17, 130.31, 1575986, 517, 0, 0
15760, 15, 170, 491, 0, 0, 19.31%, 0, 30, 17, 141.34, 1576718, 517, 0, 0
15765, 15, 479, 491, 0, 0, 19.31%, 0, 30, 17, 138.74, 1577430, 517, 0, 0
15770, 15, 153, 491, 0, 0, 19.31%, 0, 30, 17, 136.35, 1578103, 517, 0, 0
15775, 15, 418, 491, 0, 0, 19.31%, 0, 30, 17, 144.26, 1578869, 517, 0, 0
15780, 15, 479, 491, 0, 0, 19.31%, 0, 30, 17, 142.06, 1579623, 517, 0, 0
15785, 15, 80, 491, 0, 0, 19.31%, 0, 30, 17, 144.91, 1580355, 517, 0, 0
15790, 15, 368, 491, 0, 0, 19.31%, 0, 30, 17, 152.68, 1581134, 517, 0, 0
15795, 16, 44, 491, 0, 0, 19.31%, 0, 30, 17, 154.33, 1581914, 517, 0, 0
15800, 16, 107, 491, 0, 0, 19.31%, 0, 30, 17, 152.55, 1582690, 517, 0, 0
15805, 16, 486, 491, 0, 0, 19.31%, 0, 30, 17, 149.22, 1583463, 517, 0, 0
15811, 16, 337, 491, 0, 0, 19.31%, 0, 30, 17, 150.64, 1584227, 517, 0, 0
15816, 16, 400, 491, 0, 0, 19.31%, 0, 30, 17, 141.50, 1584990, 517, 0, 0
15821, 16, 479, 491, 0, 0, 19.31%, 0, 30, 17, 140.37, 1585711, 517, 0, 0
15826, 16, 80, 491, 0, 0, 19.31%, 0, 30, 17, 144.83, 1586474, 517, 0, 0
15831, 16, 388, 491, 0, 0, 19.31%, 0, 30, 17, 143.61, 1587209, 517, 0, 0
15837, 16, 280, 491, 0, 0, 19.31%, 0, 30, 17, 152.65, 1587999, 517, 0, 0
15842, 16, 69, 491, 0, 0, 19.31%, 0, 30, 17, 144.30, 1588722, 517, 0, 0
15847, 16, 400, 491, 0, 0, 19.31%, 0, 30, 17, 139.64, 1589472, 517, 0, 0
15852, 16, 488, 491, 0, 0, 19.31%, 0, 30, 17, 155.33, 1590285, 517, 0, 0
15857, 16, 429, 491, 0, 0, 19.31%, 0, 30, 17, 146.24, 1591045, 517, 0, 0
15862, 16, 278, 491, 0, 0, 19.31%, 0, 30, 17, 134.36, 1591747, 517, 0, 0
15867, 16, 196, 491, 0, 0, 19.31%, 0, 30, 17, 136.32, 1592457, 517, 0, 0
15873, 16, 93, 491, 0, 0, 19.31%, 0, 30, 17, 144.48, 1593216, 517, 0, 0
15878, 16, 363, 491, 0, 0, 19.31%, 0, 30, 17, 146.69, 1593948, 517, 0, 0
15883, 16, 44, 491, 0, 0, 19.31%, 0, 30, 17, 145.29, 1594705, 517, 0, 0
15888, 16, 384, 491, 0, 0, 19.31%, 0, 30, 17, 148.69, 1595486, 517, 0, 0
15893, 16, 199, 491, 0, 0, 19.31%, 0, 30, 17, 138.80, 1596180, 517, 0, 0
15898, 16, 468, 491, 0, 0, 19.31%, 0, 30, 17, 139.26, 1596886, 517, 0, 0
15903, 16, 466, 491, 0, 0, 19.31%, 0, 30, 17, 150.98, 1597671, 517, 0, 0
15908, 16, 392, 491, 0, 0, 19.31%, 0, 30, 17, 149.58, 1598430, 517, 0, 0
15913, 16, 30, 491, 0, 0, 19.31%, 0, 30, 17, 151.62, 1599184, 517, 0, 0
15918, 16, 199, 491, 0, 0, 19.31%, 0, 30, 17, 150.09, 1599947, 517, 0, 0
15924, 16, 468, 491, 0, 0, 19.31%, 0, 30, 17, 153.74, 1600744, 517, 0, 0
15929, 16, 429, 491, 0, 0, 19.31%, 0, 30, 17, 147.20, 1601505, 517, 0, 0
15934, 16, 468, 491, 0, 0, 19.31%, 0, 30, 17, 149.59, 1602282, 517, 0, 0
15939, 16, 237, 491, 0, 0, 19.31%, 0, 30, 17, 151.07, 1603028, 517, 0, 0
15944, 16, 264, 491, 0, 0, 19.31%, 0, 30, 17, 148.02, 1603770, 517, 0, 0
15949, 16, 385, 491, 0, 0, 19.31%, 0, 30, 17, 127.90, 1604420, 517, 0, 0
15954, 16, 205, 491, 0, 0, 19.31%, 0, 30, 17, 139.19, 1605140, 517, 0, 0
15960, 16, 54, 491, 0, 0, 19.31%, 0, 30, 17, 154.76, 1605956, 517, 0, 0
15965, 16, 204, 491, 0, 0, 19.31%, 0, 30, 17, 155.42, 1606768, 517, 0, 0
15970, 16, 422, 491, 0, 0, 19.31%, 0, 30, 17, 151.69, 1607565, 517, 0, 0
15975, 16, 338, 491, 0, 0, 19.31%, 0, 30, 17, 150.63, 1608347, 517, 0, 0
15980, 16, 392, 491, 0, 0, 19.31%, 0, 30, 17, 142.04, 1609039, 517, 0, 0
15985, 16, 422, 491, 0, 0, 19.31%, 0, 30, 17, 134.63, 1609716, 517, 0, 0
15991, 16, 380, 491, 0, 0, 19.31%, 0, 30, 17, 135.30, 1610413, 517, 0, 0
15996, 16, 422, 491, 0, 0, 19.31%, 0, 30, 17, 141.04, 1611139, 517, 0, 0
16001, 16, 479, 491, 0, 0, 19.31%, 0, 30, 17, 130.69, 1611848, 517, 0, 0
16006, 16, 389, 491, 0, 0, 19.31%, 0, 30, 17, 147.19, 1612592, 517, 0, 0
16011, 16, 400, 491, 0, 0, 19.31%, 0, 30, 17, 144.91, 1613338, 517, 0, 0
16016, 16, 360, 491, 0, 0, 19.31%, 0, 30, 17, 149.51, 1614100, 517, 0, 0
16021, 16, 400, 491, 0, 0, 19.31%, 0, 30, 17, 140.81, 1614846, 517, 0, 0
16026, 16, 49, 491, 0, 0, 19.31%, 0, 30, 17, 149.01, 1615628, 517, 0, 0
16031, 16, 468, 491, 0, 0, 19.31%, 0, 30, 17, 149.41, 1616392, 517, 0, 0
16037, 16, 26, 491, 0, 0, 19.31%, 0, 30, 17, 134.28, 1617091, 517, 0, 0
16042, 16, 115, 491, 0, 0, 19.31%, 0, 30, 17, 153.25, 1617901, 517, 0, 0
16047, 16, 480, 491, 0, 0, 19.31%, 0, 30, 17, 148.72, 1618663, 517, 0, 0
16052, 16, 50, 491, 0, 0, 19.31%, 0, 30, 17, 153.28, 1619462, 517, 0, 0
16057, 16, 202, 491, 0, 0, 19.31%, 0, 30, 17, 137.80, 1620157, 517, 0, 0
16062, 16, 14, 491, 0, 0, 19.31%, 0, 30, 17, 138.36, 1620830, 517, 0, 0
16067, 16, 367, 491, 0, 0, 19.31%, 0, 30, 17, 140.40, 1621567, 517, 0, 0
16072, 16, 468, 491, 0, 0, 19.31%, 0, 30, 17, 148.86, 1622353, 517, 0, 0
16077, 16, 441, 491, 0, 0, 19.31%, 0, 30, 17, 150.82, 1623133, 517, 0, 0
16083, 16, 479, 491, 0, 0, 19.31%, 0, 30, 17, 147.19, 1623882, 517, 0, 0
16088, 16, 480, 491, 0, 0, 19.31%, 0, 30, 17, 140.73, 1624591, 517, 0, 0
16093, 16, 429, 491, 0, 0, 19.31%, 0, 30, 17, 147.15, 1625360, 517, 0, 0
16098, 16, 337, 491, 0, 0, 19.31%, 0, 30, 17, 144.85, 1626103, 517, 0, 0
16103, 16, 168, 491, 0, 0, 19.31%, 0, 30, 17, 141.28, 1626844, 517, 0, 0
16108, 16, 337, 491, 0, 0, 19.31%, 0, 30, 17, 151.58, 1627638, 517, 0, 0
16113, 16, 50, 491, 0, 0, 19.31%, 0, 30, 17, 145.44, 1628341, 517, 0, 0
16118, 16, 480, 491, 0, 0, 19.31%, 0, 30, 17, 146.19, 1629109, 517, 0, 0
16123, 16, 67, 491, 0, 0, 19.31%, 0, 30, 17, 155.91, 1629892, 517, 0, 0
16128, 16, 422, 491, 0, 0, 19.31%, 0, 30, 17, 156.01, 1630686, 517, 0, 0
16133, 16, 384, 491, 0, 0, 19.31%, 0, 30, 17, 156.77, 1631460, 517, 0, 0
16139, 16, 360, 491, 0, 0, 19.31%, 0, 30, 17, 143.19, 1632138, 517, 0, 0
16144, 16, 422, 491, 0, 0, 19.31%, 0, 30, 17, 145.07, 1632868, 517, 0, 0
16149, 16, 418, 491, 0, 0, 19.31%, 0, 30, 17, 136.71, 1633564, 517, 0, 0
16154, 16, 392, 491, 0, 0, 19.31%, 0, 30, 17, 143.35, 1634294, 517, 0, 0
16159, 16, 422, 491, 0, 0, 19.31%, 0, 30, 17, 147.29, 1635056, 517, 0, 0
16164, 16, 480, 491, 0, 0, 19.31%, 0, 30, 17, 147.72, 1635824, 517, 0, 0
16170, 16, 50, 491, 0, 0, 19.31%, 0, 30, 17, 155.83, 1636626, 517, 0, 0
16175, 16, 392, 491, 0, 0, 19.31%, 0, 30, 17, 149.38, 1637393, 517, 0, 0
16180, 16, 479, 491, 0, 0, 19.31%, 0, 30, 17, 146.58, 1638137, 517, 0, 0
16185, 16, 47, 491, 0, 0, 19.31%, 0, 30, 17, 133.35, 1638769, 517, 0, 0
16190, 16, 393, 491, 0, 0, 19.31%, 0, 30, 17, 140.83, 1639525, 517, 0, 0
16195, 16, 480, 491, 0, 0, 19.31%, 0, 30, 17, 146.08, 1640282, 517, 0, 0
16200, 16, 378, 491, 0, 0, 19.31%, 0, 30, 17, 138.56, 1641012, 517, 0, 0
16205, 16, 400, 491, 0, 0, 19.31%, 0, 30, 17, 140.45, 1641703, 517, 0, 0
16210, 16, 392, 491, 0, 0, 19.31%, 0, 30, 17, 147.63, 1642457, 517, 0, 0
16216, 16, 204, 491, 0, 0, 19.31%, 0, 30, 17, 145.90, 1643190, 517, 0, 0
16221, 16, 113, 491, 0, 0, 19.31%, 0, 30, 17, 151.45, 1643976, 517, 0, 0
16226, 16, 402, 491, 0, 0, 19.31%, 0, 30, 17, 139.92, 1644690, 517, 0, 0
16231, 16, 468, 491, 0, 0, 19.31%, 0, 30, 17, 150.14, 1645470, 517, 0, 0
16236, 16, 367, 491, 0, 0, 19.31%, 0, 30, 17, 126.14, 1646105, 517, 0, 0
16241, 16, 367, 491, 0, 0, 19.31%, 0, 30, 17, 127.48, 1646758, 517, 0, 0
16246, 16, 97, 491, 0, 0, 19.31%, 0, 30, 17, 138.87, 1647460, 517, 0, 0
16251, 16, 69, 491, 0, 0, 19.31%, 0, 30, 17, 148.03, 1648222, 517, 0, 0
16256, 16, 333, 491, 0, 0, 19.31%, 0, 30, 17, 154.06, 1649006, 517, 0, 0
16261, 16, 3, 491, 0, 0, 19.31%, 0, 30, 17, 159.42, 1649812, 517, 0, 0
16266, 16, 422, 491, 0, 0, 19.31%, 0, 30, 17, 149.64, 1650560, 517, 0, 0
16271, 16, 245, 491, 0, 0, 19.31%, 0, 30, 17, 147.01, 1651315, 517, 0, 0
16277, 16, 479, 491, 0, 0, 19.31%, 0, 30, 17, 136.41, 1652033, 517, 0, 0
16282, 17, 67, 491, 0, 0, 19.31%, 0, 30, 17, 144.58, 1652762, 517, 0, 0
16287, 17, 419, 491, 0, 0, 19.31%, 0, 30, 17, 145.96, 1653527, 517, 0, 0
16292, 17, 441, 491, 0, 0, 19.31%, 0, 30, 17, 132.67, 1654198, 517, 0, 0
16297, 17, 392, 491, 0, 0, 19.31%, 0, 30, 17, 142.18, 1654933, 517, 0, 0
16302, 17, 360, 491, 0, 0, 19.31%, 0, 30, 17, 140.81, 1655635, 517, 0, 0
16307, 17, 400, 491, 0, 0, 19.31%, 0, 30, 17, 144.93, 1656398, 517, 0, 0
16313, 17, 371, 491, 0, 0, 19.31%, 0, 30, 17, 142.71, 1657118, 517, 0, 0
16318, 17, 372, 491, 0, 0, 19.31%, 0, 30, 17, 129.96, 1657795, 517, 0, 0
16323, 17, 80, 491, 0, 0, 19.31%, 0, 30, 17, 145.92, 1658547, 517, 0, 0
16328, 17, 473, 491, 0, 0, 19.31%, 0, 30, 17, 107.87, 1659121, 517, 0, 0
16333, 17, 98, 491, 0, 0, 19.31%, 0, 30, 17, 125.48, 1659732, 517, 0, 0
16338, 17, 200, 491, 0, 0, 19.31%, 0, 30, 17, 146.56, 1660526, 517, 0, 0
16343, 17, 368, 491, 0, 0, 19.31%, 0, 30, 17, 157.57, 1661353, 517, 0, 0
16348, 17, 380, 491, 0, 0, 19.31%, 0, 30, 17, 132.86, 1662015, 517, 0, 0
16353, 17, 285, 491, 0, 0, 19.31%, 0, 30, 17, 150.01, 1662816, 517, 0, 0
16358, 17, 273, 491, 0, 0, 19.31%, 0, 30, 17, 146.37, 1663549, 517, 0, 0
16364, 17, 422, 491, 0, 0, 19.31%, 0, 30, 17, 141.55, 1664287, 517, 0, 0
16369, 17, 479, 491, 0, 0, 19.31%, 0, 30, 17, 145.74, 1665048, 517, 0, 0
16374, 17, 467, 491, 0, 0, 19.31%, 0, 30, 17, 119.07, 1665677, 517, 0, 0
16379, 17, 441, 491, 0, 0, 19.31%, 0, 30, 17, 119.92, 1666241, 517, 0, 0
16384, 17, 202, 491, 0, 0, 19.31%, 0, 30, 17, 146.86, 1667026, 517, 0, 0
16389, 17, 14, 491, 0, 0, 19.31%, 0, 30, 17, 155.49, 1667837, 517, 0, 0
16394, 17, 419, 491, 0, 0, 19.31%, 0, 30, 17, 150.89, 1668581, 517, 0, 0
16399, 17, 447, 491, 0, 0, 19.31%, 0, 30, 17, 154.10, 1669348, 517, 0, 0
16404, 17, 402, 491, 0, 0, 19.31%, 0, 30, 17, 142.00, 1670075, 517, 0, 0
16410, 17, 422, 491, 0, 0, 19.31%, 0, 30, 17, 147.91, 1670833, 517, 0, 0
16415, 17, 369, 491, 0, 0, 19.31%, 0, 30, 17, 147.37, 1671572, 517, 0, 0
16420, 17, 486, 491, 0, 0, 19.31%, 0, 30, 17, 145.30, 1672312, 517, 0, 0
16425, 17, 49, 491, 0, 0, 19.31%, 0, 30, 17, 147.27, 1673065, 517, 0, 0
16430, 17, 422, 491, 0, 0, 19.31%, 0, 30, 17, 150.47, 1673828, 517, 0, 0
16435, 17, 402, 491, 0, 0, 19.31%, 0, 30, 17, 145.76, 1674564, 517, 0, 0
16440, 17, 170, 491, 0, 0, 19.31%, 0, 30, 17, 151.02, 1675333, 517, 0, 0
16445, 17, 367, 491, 0, 0, 19.31%, 0, 30, 17, 154.00, 1676116, 517, 0, 0
16450, 17, 153, 491, 0, 0, 19.31%, 0, 30, 17, 149.73, 1676846, 517, 0, 0
16456, 17, 486, 491, 0, 0, 19.31%, 0, 30, 17, 140.36, 1677557, 517, 0, 0
16461, 17, 480, 491, 0, 0, 19.31%, 0, 30, 17, 152.13, 1678354, 517, 0, 0
16466, 17, 429, 491, 0, 0, 19.31%, 0, 30, 17, 152.16, 1679140, 517, 0, 0
16471, 17, 400, 491, 0, 0, 19.31%, 0, 30, 17, 138.86, 1679863, 517, 0, 0
16476, 17, 479, 491, 0, 0, 19.31%, 0, 30, 17, 141.42, 1680581, 517, 0, 0
16481, 17, 402, 491, 0, 0, 19.31%, 0, 30, 17, 138.81, 1681307, 517, 0, 0
16487, 17, 99, 491, 0, 0, 19.31%, 0, 30, 17, 137.75, 1681997, 517, 0, 0
16492, 17, 402, 491, 0, 0, 19.31%, 0, 30, 17, 146.21, 1682760, 517, 0, 0
16497, 17, 479, 491, 0, 0, 19.31%, 0, 30, 17, 137.46, 1683442, 517, 0, 0
16502, 17, 356, 491, 0, 0, 19.31%, 0, 30, 17, 148.54, 1684209, 517, 0, 0
16507, 17, 486, 491, 0, 0, 19.31%, 0, 30, 17, 143.93, 1684914, 517, 0, 0
16512, 17, 193, 491, 0, 0, 19.31%, 0, 30, 17, 151.80, 1685679, 517, 0, 0
16517, 17, 400, 491, 0, 0, 19.31%, 0, 30, 17, 148.87, 1686474, 517, 0, 0
16522, 17, 352, 491, 0, 0, 19.31%, 0, 30, 17, 152.53, 1687236, 517, 0, 0
16528, 17, 156, 491, 0, 0, 19.31%, 0, 30, 17, 146.24, 1687978, 517, 0, 0
16533, 17, 185, 491, 0, 0, 19.31%, 0, 30, 17, 155.19, 1688771, 517, 0, 0
16538, 17, 149, 491, 0, 0, 19.31%, 0, 30, 17, 144.35, 1689523, 517, 0, 0
16543, 17, 49, 491, 0, 0, 19.31%, 0, 30, 17, 147.77, 1690298, 517, 0, 0
16548, 17, 142, 491, 0, 0, 19.31%, 0, 30, 17, 149.12, 1691093, 517, 0, 0
16553, 17, 367, 491, 0, 0, 19.31%, 0, 30, 17, 149.64, 1691877, 517, 0, 0
16558, 17, 482, 491, 0, 0, 19.31%, 0, 30, 17, 154.80, 1692658, 517, 0, 0
16563, 17, 400, 491, 0, 0, 19.31%, 0, 30, 17, 139.27, 1693377, 517, 0, 0
16568, 17, 285, 491, 0, 0, 19.31%, 0, 30, 17, 152.51, 1694179, 517, 0, 0
16574, 17, 402, 491, 0, 0, 19.31%, 0, 30, 17, 153.70, 1694970, 517, 0, 0
16579, 17, 402, 491, 0, 0, 19.31%, 0, 30, 17, 131.39, 1695608, 517, 0, 0
16584, 17, 392, 491, 0, 0, 19.31%, 0, 30, 17, 141.38, 1696340, 517, 0, 0
16589, 17, 128, 491, 0, 0, 19.31%, 0, 30, 17, 151.75, 1697124, 517, 0, 0
16594, 17, 422, 491, 0, 0, 19.31%, 0, 30, 17, 146.92, 1697859, 517, 0, 0
16599, 17, 468, 491, 0, 0, 19.31%, 0, 30, 17, 147.13, 1698632, 517, 0, 0
16604, 17, 478, 491, 0, 0, 19.31%, 0, 30, 17, 148.82, 1699398, 517, 0, 0
16609, 17, 69, 491, 0, 0, 19.31%, 0, 30, 17, 149.62, 1700164, 517, 0, 0
16614, 17, 400, 491, 0, 0, 19.31%, 0, 30, 17, 147.67, 1700925, 517, 0, 0
16620, 17, 107, 491, 0, 0, 19.31%, 0, 30, 17, 150.52, 1701680, 517, 0, 0
16625, 17, 468, 491, 0, 0, 19.31%, 0, 30, 17, 140.37, 1702406, 517, 0, 0
16630, 17, 114, 491, 0, 0, 19.31%, 0, 30, 17, 152.90, 1703206, 517, 0, 0
16635, 17, 447, 491, 0, 0, 19.31%, 0, 30, 17, 150.96, 1703950, 517, 0, 0
16640, 17, 380, 491, 0, 0, 19.31%, 0, 30, 17, 145.10, 1704684, 517, 0, 0
16645, 17, 486, 491, 0, 0, 19.31%, 0, 30, 17, 148.41, 1705406, 517, 0, 0
16650, 17, 224, 491, 0, 0, 19.31%, 0, 30, 17, 156.14, 1706216, 517, 0, 0
16655, 17, 114, 491, 0, 0, 19.31%, 0, 30, 17, 149.25, 1706921, 517, 0, 0
16660, 17, 193, 491, 0, 0, 19.31%, 0, 30, 17, 154.87, 1707693, 517, 0, 0
16665, 17, 400, 491, 0, 0, 19.31%, 0, 30, 17, 136.97, 1708359, 517, 0, 0
16670, 17, 392, 491, 0, 0, 19.31%, 0, 30, 17, 145.03, 1709121, 517, 0, 0
16675, 17, 418, 491, 0, 0, 19.31%, 0, 30, 17, 150.33, 1709898, 517, 0, 0
16681, 17, 80, 491, 0, 0, 19.31%, 0, 30, 17, 155.14, 1710695, 517, 0, 0
16686, 17, 479, 491, 0, 0, 19.31%, 0, 30, 17, 132.48, 1711367, 517, 0, 0
16691, 17, 392, 491, 0, 0, 19.31%, 0, 30, 17, 147.10, 1712145, 517, 0, 0
16696, 17, 479, 491, 0, 0, 19.31%, 0, 30, 17, 155.65, 1712932, 517, 0, 0
16701, 17, 26, 491, 0, 0, 19.31%, 0, 30, 17, 154.66, 1713701, 517, 0, 0
16706, 17, 422, 491, 0, 0, 19.31%, 0, 30, 17, 147.45, 1714436, 517, 0, 0
16711, 17, 383, 491, 0, 0, 19.31%, 0, 30, 17, 144.08, 1715188, 517, 0, 0
16716, 17, 1, 491, 0, 0, 19.31%, 0, 30, 17, 144.10, 1715912, 517, 0, 0
16721, 17, 468, 491, 0, 0, 19.31%, 0, 30, 17, 138.76, 1716631, 517, 0, 0
16726, 17, 429, 491, 0, 0, 19.31%, 0, 30, 17, 141.52, 1717356, 517, 0, 0
16731, 17, 159, 491, 0, 0, 19.31%, 0, 30, 17, 145.96, 1718107, 517, 0, 0
16737, 17, 97, 491, 0, 0, 19.31%, 0, 30, 17, 153.10, 1718900, 517, 0, 0
16742, 17, 110, 491, 0, 0, 19.31%, 0, 30, 17, 148.90, 1719685, 517, 0, 0
16747, 17, 204, 491, 0, 0, 19.31%, 0, 30, 17, 153.57, 1720462, 517, 0, 0
16752, 17, 480, 491, 0, 0, 19.31%, 0, 30, 17, 141.90, 1721174, 517, 0, 0
16757, 17, 183, 491, 0, 0, 19.31%, 0, 30, 17, 147.51, 1721943, 517, 0, 0
16762, 17, 480, 491, 0, 0, 19.31%, 0, 30, 17, 146.09, 1722679, 517, 0, 0
16768, 17, 30, 491, 0, 0, 19.31%, 0, 30, 17, 153.94, 1723462, 517, 0, 0
16773, 18, 400, 491, 0, 0, 19.31%, 0, 30, 17, 149.71, 1724243, 517, 0, 0
16778, 18, 400, 491, 0, 0, 19.31%, 0, 30, 17, 136.72, 1724922, 517, 0, 0
16783, 18, 44, 491, 0, 0, 19.31%, 0, 30, 17, 148.95, 1725679, 517, 0, 0
16788, 18, 149, 491, 0, 0, 19.31%, 0, 30, 17, 155.38, 1726455, 517, 0, 0
16793, 18, 487, 491, 0, 0, 19.31%, 0, 30, 17, 158.65, 1727250, 517, 0, 0
16798, 18, 343, 491, 0, 0, 19.31%, 0, 30, 17, 157.78, 1728042, 517, 0, 0
16803, 18, 422, 491, 0, 0, 19.31%, 0, 30, 17, 156.07, 1728848, 517, 0, 0
16808, 18, 468, 491, 0, 0, 19.31%, 0, 30, 17, 152.24, 1729597, 517, 0, 0
16813, 18, 486, 491, 0, 0, 19.31%, 0, 30, 17, 152.43, 1730368, 517, 0, 0
16818, 18, 147, 491, 0, 0, 19.31%, 0, 30, 17, 151.57, 1731124, 517, 0, 0
16824, 18, 480, 491, 0, 0, 19.31%, 0, 30, 17, 147.07, 1731885, 517, 0, 0
16829, 18, 188, 491, 0, 0, 19.31%, 0, 30, 17, 152.66, 1732656, 517, 0, 0
16834, 18, 285, 491, 0, 0, 19.31%, 0, 30, 17, 157.63, 1733454, 517, 0, 0
16839, 18, 238, 491, 0, 0, 19.31%, 0, 30, 17, 154.61, 1734251, 517, 0, 0
16844, 18, 454, 491, 0, 0, 19.31%, 0, 30, 17, 146.05, 1735019, 517, 0, 0
16849, 18, 479, 491, 0, 0, 19.31%, 0, 30, 17, 152.93, 1735834, 517, 0, 0
16854, 18, 472, 491, 0, 0, 19.31%, 0, 30, 17, 118.17, 1736462, 517, 0, 0
16859, 18, 441, 491, 0, 0, 19.31%, 0, 30, 17, 117.36, 1736995, 517, 0, 0
16865, 18, 479, 491, 0, 0, 19.31%, 0, 30, 17, 140.72, 1737752, 517, 0, 0
16870, 18, 479, 491, 0, 0, 19.31%, 0, 30, 17, 134.15, 1738476, 517, 0, 0
16875, 18, 429, 491, 0, 0, 19.31%, 0, 30, 17, 147.63, 1739249, 517, 0, 0
16880, 18, 417, 491, 0, 0, 19.31%, 0, 30, 17, 137.57, 1739953, 517, 0, 0
16885, 18, 239, 491, 0, 0, 19.31%, 0, 30, 17, 150.83, 1740745, 517, 0, 0
16890, 18, 429, 491, 0, 0, 19.31%, 0, 30, 17, 150.06, 1741501, 517, 0, 0
16896, 18, 422, 491, 0, 0, 19.31%, 0, 30, 17, 155.53, 1742296, 517, 0, 0
16901, 18, 31, 491, 0, 0, 19.31%, 0, 30, 17, 149.34, 1743051, 517, 0, 0
16906, 18, 458, 491, 0, 0, 19.31%, 0, 30, 17, 150.82, 1743815, 517, 0, 0
16911, 18, 115, 491, 0, 0, 19.31%, 0, 30, 17, 146.63, 1744526, 517, 0, 0
16916, 18, 429, 491, 0, 0, 19.31%, 0, 30, 17, 142.41, 1745219, 517, 0, 0
16921, 18, 159, 491, 0, 0, 19.31%, 0, 30, 17, 154.28, 1746024, 517, 0, 0
16926, 18, 400, 491, 0, 0, 19.31%, 0, 30, 17, 119.15, 1746599, 517, 0, 0
16931, 18, 466, 491, 0, 0, 19.31%, 0, 30, 17, 140.83, 1747346, 517, 0, 0
16936, 18, 285, 491, 0, 0, 19.31%, 0, 30, 17, 157.20, 1748162, 517, 0, 0
16941, 18, 486, 491, 0, 0, 19.31%, 0, 30, 17, 155.00, 1748916, 517, 0, 0
16946, 18, 250, 491, 0, 0, 19.31%, 0, 30, 17, 149.87, 1749654, 517, 0, 0
16951, 18, 200, 491, 0, 0, 19.31%, 0, 30, 17, 155.48, 1750436, 517, 0, 0
16956, 18, 44, 491, 0, 0, 19.31%, 0, 30, 17, 148.96, 1751165, 517, 0, 0
16962, 18, 134, 491, 0, 0, 19.31%, 0, 30, 17, 148.17, 1751917, 517, 0, 0
16967, 18, 480, 491, 0, 0, 19.31%, 0, 30, 17, 149.60, 1752675, 517, 0, 0
16972, 18, 93, 491, 0, 0, 19.31%, 0, 30, 17, 156.04, 1753487, 517, 0, 0
16977, 18, 359, 491, 0, 0, 19.31%, 0, 30, 17, 153.96, 1754249, 517, 0, 0
16982, 18, 422, 491, 0, 0, 19.31%, 0, 30, 17, 128.30, 1754912, 517, 0, 0
16987, 18, 72, 491, 0, 0, 19.31%, 0, 30, 17, 143.12, 1755670, 517, 0, 0
16992, 18, 478, 491, 0, 0, 19.31%, 0, 30, 17, 152.36, 1756462, 517, 0, 0
16997, 18, 457, 491, 0, 0, 19.31%, 0, 30, 17, 151.35, 1757241, 517, 0, 0
17003, 18, 80, 491, 0, 0, 19.31%, 0, 30, 17, 139.42, 1757883, 517, 0, 0
17008, 18, 454, 491, 0, 0, 19.31%, 0, 30, 17, 140.24, 1758651, 517, 0, 0
17013, 18, 107, 491, 0, 0, 19.31%, 0, 30, 17, 152.75, 1759416, 517, 0, 0
17018, 18, 181, 491, 0, 0, 19.31%, 0, 30, 17, 149.24, 1760180, 517, 0, 0
17023, 18, 402, 491, 0, 0, 19.31%, 0, 30, 17, 138.72, 1760903, 517, 0, 0
17028, 18, 466, 491, 0, 0, 19.31%, 0, 30, 17, 139.96, 1761637, 517, 0, 0
17034, 18, 422, 491, 0, 0, 19.31%, 0, 30, 17, 151.45, 1762441, 517, 0, 0
17039, 18, 478, 491, 0, 0, 19.31%, 0, 30, 17, 153.72, 1763204, 517, 0, 0
17044, 18, 153, 491, 0, 0, 19.31%, 0, 30, 17, 142.18, 1763927, 517, 0, 0
17049, 18, 400, 491, 0, 0, 19.31%, 0, 30, 17, 138.75, 1764659, 517, 0, 0
17054, 18, 237, 491, 0, 0, 19.31%, 0, 30, 17, 148.24, 1765427, 517, 0, 0
17059, 18, 418, 491, 0, 0, 19.31%, 0, 30, 17, 149.75, 1766194, 517, 0, 0
17064, 18, 480, 491, 0, 0, 19.31%, 0, 30, 17, 143.17, 1766927, 517, 0, 0
17070, 18, 278, 491, 0, 0, 19.31%, 0, 30, 17, 148.05, 1767683, 517, 0, 0
17075, 18, 343, 491, 0, 0, 19.31%, 0, 30, 17, 152.88, 1768482, 517, 0, 0
17080, 18, 402, 491, 0, 0, 19.31%, 0, 30, 17, 140.41, 1769198, 517, 0, 0
17085, 18, 429, 491, 0, 0, 19.31%, 0, 30, 17, 143.34, 1769923, 517, 0, 0
17090, 18, 486, 491, 0, 0, 19.31%, 0, 30, 17, 139.62, 1770632, 517, 0, 0
17095, 18, 367, 491, 0, 0, 19.31%, 0, 30, 17, 145.05, 1771390, 517, 0, 0
17100, 18, 402, 491, 0, 0, 19.31%, 0, 30, 17, 148.83, 1772164, 517, 0, 0
17106, 18, 422, 491, 0, 0, 19.31%, 0, 30, 17, 143.90, 1772887, 517, 0, 0
17111, 18, 241, 491, 0, 0, 19.31%, 0, 30, 17, 146.99, 1773646, 517, 0, 0
17116, 18, 422, 491, 0, 0, 19.31%, 0, 30, 17, 136.57, 1774348, 517, 0, 0
17121, 18, 158, 491, 0, 0, 19.31%, 0, 30, 17, 146.84, 1775108, 517, 0, 0
17126, 18, 420, 491, 0, 0, 19.31%, 0, 30, 17, 155.82, 1775914, 517, 0, 0
17131, 18, 203, 491, 0, 0, 19.31%, 0, 30, 17, 151.77, 1776654, 517, 0, 0
17136, 18, 170, 491, 0, 0, 19.31%, 0, 30, 17, 156.82, 1777470, 517, 0, 0
17141, 18, 50, 491, 0, 0, 19.31%, 0, 30, 17, 155.46, 1778255, 517, 0, 0
17146, 18, 400, 491, 0, 0, 19.31%, 0, 30, 17, 148.31, 1779023, 517, 0, 0
17151, 18, 402, 491, 0, 0, 19.31%, 0, 30, 17, 134.09, 1779671, 517, 0, 0
17157, 18, 402, 491, 0, 0, 19.31%, 0, 30, 17, 145.33, 1780428, 517, 0, 0
17162, 18, 400, 491, 0, 0, 19.31%, 0, 30, 17, 146.25, 1781187, 517, 0, 0
17167, 18, 422, 491, 0, 0, 19.31%, 0, 30, 17, 148.67, 1781963, 517, 0, 0
17172, 18, 69, 491, 0, 0, 19.31%, 0, 30, 17, 156.76, 1782768, 517, 0, 0
17177, 18, 378, 491, 0, 0, 19.31%, 0, 30, 17, 141.55, 1783493, 517, 0, 0
17182, 18, 224, 491, 0, 0, 19.31%, 0, 30, 17, 143.20, 1784221, 517, 0, 0
17188, 18, 466, 491, 0, 0, 19.31%, 0, 30, 17, 149.75, 1785008, 517, 0, 0
17193, 18, 400, 491, 0, 0, 19.31%, 0, 30, 17, 138.10, 1785734, 517, 0, 0
17198, 18, 80, 491, 0, 0, 19.31%, 0, 30, 17, 151.69, 1786521, 517, 0, 0
17203, 18, 82, 491, 0, 0, 19.31%, 0, 30, 17, 144.96, 1787247, 517, 0, 0
17208, 18, 388, 491, 0, 0, 19.31%, 0, 30, 17, 134.24, 1787906, 517, 0, 0
17213, 18, 398, 491, 0, 0, 19.31%, 0, 30, 17, 148.04, 1788692, 517, 0, 0
17219, 18, 194, 491, 0, 0, 19.31%, 0, 30, 17, 146.48, 1789451, 517, 0, 0
17224, 18, 418, 491, 0, 0, 19.31%, 0, 30, 17, 149.27, 1790223, 517, 0, 0
17229, 18, 411, 491, 0, 0, 19.31%, 0, 30, 17, 144.11, 1790974, 517, 0, 0
17234, 18, 406, 491, 0, 0, 19.31%, 0, 30, 17, 135.83, 1791668, 517, 0, 0
17239, 18, 468, 491, 0, 0, 19.31%, 0, 30, 17, 150.37, 1792454, 517, 0, 0
17244, 18, 480, 491, 0, 0, 19.31%, 0, 30, 17, 145.76, 1793202, 517, 0, 0
17250, 18, 168, 491, 0, 0, 19.31%, 0, 30, 17, 157.79, 1794029, 517, 0, 0
17255, 18, 429, 491, 0, 0, 19.31%, 0, 30, 17, 151.25, 1794794, 517, 0, 0
17260, 18, 218, 491, 0, 0, 19.31%, 0, 30, 17, 139.79, 1795483, 517, 0, 0
17265, 18, 480, 491, 0, 0, 19.31%, 0, 30, 17, 154.81, 1796303, 517, 0, 0
17270, 18, 147, 491, 0, 0, 19.31%, 0, 30, 17, 157.65, 1797102, 517, 0, 0
17275, 19, 402, 491, 0, 0, 19.31%, 0, 30, 17, 151.99, 1797881, 517, 0, 0
17280, 19, 47, 491, 0, 0, 19.31%, 0, 30, 17, 152.58, 1798648, 517, 0, 0
17285, 19, 52, 491, 0, 0, 19.31%, 0, 30, 17, 149.74, 1799413, 517, 0, 0
17290, 19, 388, 491, 0, 0, 19.31%, 0, 30, 17, 147.02, 1800161, 517, 0, 0
17295, 19, 239, 491, 0, 0, 19.31%, 0, 30, 17, 153.10, 1800951, 517, 0, 0
17300, 19, 419, 491, 0, 0, 19.31%, 0, 30, 17, 148.21, 1801710, 517, 0, 0
17306, 19, 200, 491, 0, 0, 19.31%, 0, 30, 17, 149.12, 1802448, 517, 0, 0
17311, 19, 5, 491, 0, 0, 19.31%, 0, 30, 17, 154.02, 1803250, 517, 0, 0
17316, 19, 180, 491, 0, 0, 19.31%, 0, 30, 17, 155.85, 1804065, 517, 0, 0
17321, 19, 134, 491, 0, 0, 19.31%, 0, 30, 17, 157.41, 1804883, 517, 0, 0
17326, 19, 185, 491, 0, 0, 19.31%, 0, 30, 17, 151.38, 1805635, 517, 0, 0
17332, 19, 285, 491, 0, 0, 19.31%, 0, 30, 17, 157.44, 1806462, 517, 0, 0
17337, 19, 478, 491, 0, 0, 19.31%, 0, 30, 17, 156.55, 1807245, 517, 0, 0
17342, 19, 405, 491, 0, 0, 19.31%, 0, 30, 17, 153.77, 1808021, 517, 0, 0
17347, 19, 480, 491, 0, 0, 19.31%, 0, 30, 17, 141.57, 1808726, 517, 0, 0
17352, 19, 468, 491, 0, 0, 19.31%, 0, 30, 17, 146.48, 1809495, 517, 0, 0
17357, 19, 145, 491, 0, 0, 19.31%, 0, 30, 17, 155.12, 1810301, 517, 0, 0
17362, 19, 486, 491, 0, 0, 19.31%, 0, 30, 17, 158.93, 1811131, 517, 0, 0
17367, 19, 452, 491, 0, 0, 19.31%, 0, 30, 17, 134.65, 1811810, 517, 0, 0
17372, 19, 159, 491, 0, 0, 19.31%, 0, 30, 17, 144.63, 1812538, 517, 0, 0
17377, 19, 204, 491, 0, 0, 19.31%, 0, 30, 17, 158.21, 1813345, 517, 0, 0
17383, 19, 392, 491, 0, 0, 19.31%, 0, 30, 17, 145.45, 1814064, 517, 0, 0
17388, 19, 468, 491, 0, 0, 19.31%, 0, 30, 17, 148.38, 1814832, 517, 0, 0
17393, 19, 441, 491, 0, 0, 19.31%, 0, 30, 17, 154.01, 1815635, 517, 0, 0
17398, 19, 72, 491, 0, 0, 19.31%, 0, 30, 17, 152.62, 1816404, 517, 0, 0
17403, 19, 343, 491, 0, 0, 19.31%, 0, 30, 17, 156.07, 1817198, 517, 0, 0
17408, 19, 93, 491, 0, 0, 19.31%, 0, 30, 17, 147.55, 1817936, 517, 0, 0
17413, 19, 402, 491, 0, 0, 19.31%, 0, 30, 17, 138.20, 1818657, 517, 0, 0
17418, 19, 480, 492, 1, 0, 19.31%, 0, 30, 17, 136.50, 1819326, 517, 0, 0
17424, 19, 491, 492, 1, 1, 19.31%, 0, 30, 17, 114.37, 1819906, 517, 0, 0
17429, 19, 491, 492, 1, 1, 19.31%, 0, 30, 17, 104.29, 1820426, 517, 0, 0
17435, 19, 491, 492, 1, 1, 19.31%, 0, 30, 17, 96.55, 1821090, 517, 0, 0
17440, 19, 480, 492, 0, 0, 19.31%, 0, 30, 17, 133.28, 1821832, 517, 0, 0
17445, 19, 238, 492, 0, 0, 19.31%, 0, 30, 17, 151.30, 1822639, 517, 0, 0
17451, 19, 163, 492, 0, 0, 19.31%, 0, 30, 17, 155.42, 1823449, 517, 0, 0
17456, 19, 47, 492, 0, 0, 19.31%, 0, 30, 17, 153.27, 1824209, 517, 0, 0
17461, 19, 83, 492, 0, 0, 19.31%, 0, 30, 17, 149.05, 1824962, 517, 0, 0
17466, 19, 488, 492, 0, 0, 19.31%, 0, 30, 17, 159.81, 1825802, 517, 0, 0
17471, 19, 480, 492, 0, 0, 19.31%, 0, 30, 17, 158.03, 1826611, 517, 0, 0
17476, 19, 491, 492, 0, 0, 19.31%, 0, 30, 17, 150.96, 1827370, 517, 0, 0
17481, 19, 491, 492, 0, 0, 19.31%, 0, 30, 17, 138.56, 1828074, 517, 0, 0
17487, 19, 491, 492, 0, 0, 19.31%, 0, 30, 17, 136.00, 1828776, 517, 0, 0
17492, 19, 368, 492, 0, 0, 19.31%, 0, 30, 17, 155.02, 1829596, 517, 0, 0
17497, 19, 134, 492, 0, 0, 19.31%, 0, 30, 17, 152.66, 1830344, 517, 0, 0
17502, 19, 97, 492, 0, 0, 19.31%, 0, 30, 17, 142.89, 1831070, 517, 0, 0
17507, 19, 47, 492, 0, 0, 19.31%, 0, 30, 17, 146.59, 1831848, 517, 0, 0
17512, 19, 392, 492, 0, 0, 19.31%, 0, 30, 17, 148.61, 1832625, 517, 0, 0
17517, 19, 376, 492, 0, 0, 19.31%, 0, 30, 17, 136.76, 1833352, 517, 0, 0
17523, 19, 468, 492, 0, 0, 19.31%, 0, 30, 17, 147.84, 1834125, 517, 0, 0
17528, 19, 422, 492, 0, 0, 19.31%, 0, 30, 17, 156.43, 1834937, 517, 0, 0
17533, 19, 468, 492, 0, 0, 19.31%, 0, 30, 17, 148.51, 1835688, 517, 0, 0
17538, 19, 68, 492, 0, 0, 19.31%, 0, 30, 17, 145.04, 1836449, 517, 0, 0
17543, 19, 392, 492, 0, 0, 19.31%, 0, 30, 17, 144.50, 1837199, 517, 0, 0
17548, 19, 466, 492, 0, 0, 19.31%, 0, 30, 17, 157.96, 1838018, 517, 0, 0
17553, 19, 343, 492, 0, 0, 19.31%, 0, 30, 17, 163.17, 1838839, 517, 0, 0
17559, 19, 36, 492, 0, 0, 19.31%, 0, 30, 17, 151.98, 1839608, 517, 0, 0
17564, 19, 368, 492, 0, 0, 19.31%, 0, 30, 17, 150.00, 1840385, 517, 0, 0
17569, 19, 422, 492, 0, 0, 19.31%, 0, 30, 17, 148.21, 1841147, 517, 0, 0
17574, 19, 478, 492, 0, 0, 19.31%, 0, 30, 17, 146.59, 1841915, 517, 0, 0
17579, 19, 479, 492, 0, 0, 19.31%, 0, 30, 17, 152.66, 1842723, 517, 0, 0
17584, 19, 191, 492, 0, 0, 19.31%, 0, 30, 17, 148.85, 1843427, 517, 0, 0
17589, 19, 400, 492, 0, 0, 19.31%, 0, 30, 17, 147.39, 1844208, 517, 0, 0
17595, 19, 390, 492, 0, 0, 19.31%, 0, 30, 17, 152.67, 1844998, 517, 0, 0
17600, 19, 428, 492, 0, 0, 19.31%, 0, 30, 17, 151.60, 1845766, 517, 0, 0
17605, 19, 134, 492, 0, 0, 19.31%, 0, 30, 17, 143.10, 1846466, 517, 0, 0
17610, 19, 422, 492, 0, 0, 19.31%, 0, 30, 17, 147.70, 1847249, 517, 0, 0
17615, 19, 441, 492, 0, 0, 19.31%, 0, 30, 17, 154.70, 1848036, 517, 0, 0
17620, 19, 400, 492, 0, 0, 19.31%, 0, 30, 17, 145.51, 1848787, 517, 0, 0
17625, 19, 429, 492, 0, 0, 19.31%, 0, 30, 17, 144.00, 1849518, 517, 0, 0
17631, 19, 414, 492, 0, 0, 19.31%, 0, 30, 17, 138.34, 1850239, 517, 0, 0
17636, 19, 114, 492, 0, 0, 19.31%, 0, 30, 17, 125.78, 1850831, 517, 0, 0
17641, 19, 340, 492, 0, 0, 19.31%, 0, 30, 17, 140.46, 1851562, 517, 0, 0
17646, 19, 449, 492, 0, 0, 19.31%, 0, 30, 17, 143.23, 1852312, 517, 0, 0
17651, 19, 351, 492, 0, 0, 19.31%, 0, 30, 17, 150.57, 1853083, 517, 0, 0
17656, 19, 107, 492, 0, 0, 19.31%, 0, 30, 17, 144.07, 1853839, 517, 0, 0
17661, 19, 153, 492, 0, 0, 19.31%, 0, 30, 17, 159.07, 1854682, 517, 0, 0
17666, 19, 429, 492, 0, 0, 19.31%, 0, 30, 17, 157.10, 1855481, 517, 0, 0
17671, 19, 479, 492, 0, 0, 19.31%, 0, 30, 17, 152.24, 1856254, 517, 0, 0
17676, 19, 429, 492, 0, 0, 19.31%, 0, 30, 17, 151.76, 1857028, 517, 0, 0
17682, 19, 98, 492, 0, 0, 19.31%, 0, 30, 17, 156.58, 1857830, 517, 0, 0
17687, 19, 468, 492, 0, 0, 19.31%, 0, 30, 17, 158.43, 1858632, 517, 0, 0
17692, 19, 199, 492, 0, 0, 19.31%, 0, 30, 17, 152.38, 1859396, 517, 0, 0
17697, 19, 199, 492, 0, 0, 19.31%, 0, 30, 17, 154.31, 1860180, 517, 0, 0
17702, 19, 193, 492, 0, 0, 19.31%, 0, 30, 17, 152.62, 1860939, 517, 0, 0
17707, 19, 31, 492, 0, 0, 19.31%, 0, 30, 17, 147.18, 1861712, 517, 0, 0
17712, 19, 202, 492, 0, 0, 19.31%, 0, 30, 17, 147.72, 1862468, 517, 0, 0
17717, 19, 422, 492, 0, 0, 19.31%, 0, 30, 17, 153.84, 1863266, 517, 0, 0
17722, 19, 200, 492, 0, 0, 19.31%, 0, 30, 17, 157.05, 1864057, 517, 0, 0
17727, 19, 360, 492, 0, 0, 19.31%, 0, 30, 17, 161.28, 1864892, 517, 0, 0
17732, 19, 491, 492, 0, 0, 19.31%, 0, 30, 17, 140.04, 1865579, 517, 0, 0
17738, 19, 491, 492, 0, 0, 19.31%, 0, 30, 17, 131.83, 1866249, 517, 0, 0
17743, 19, 355, 492, 0, 0, 19.31%, 0, 30, 17, 136.42, 1866953, 517, 0, 0
17748, 19, 47, 492, 0, 0, 19.31%, 0, 30, 17, 158.20, 1867793, 517, 0, 0
17753, 19, 114, 492, 0, 0, 19.31%, 0, 30, 17, 154.06, 1868571, 517, 0, 0
17758, 19, 385, 492, 0, 0, 19.31%, 0, 30, 17, 153.93, 1869357, 517, 0, 0
17763, 19, 202, 492, 0, 0, 19.31%, 0, 30, 17, 155.72, 1870143, 517, 0, 0
17768, 19, 156, 492, 0, 0, 19.31%, 0, 30, 17, 148.03, 1870862, 517, 0, 0
17773, 19, 480, 492, 0, 0, 19.31%, 0, 30, 17, 147.93, 1871612, 517, 0, 0
17778, 19, 115, 492, 0, 0, 19.31%, 0, 30, 17, 151.81, 1872377, 517, 0, 0
17784, 19, 343, 492, 0, 0, 19.31%, 0, 30, 17, 152.45, 1873148, 517, 0, 0
17789, 20, 444, 492, 0, 0, 19.31%, 0, 30, 17, 150.00, 1873900, 517, 0, 0
17794, 20, 224, 492, 0, 0, 19.31%, 0, 30, 17, 149.81, 1874671, 517, 0, 0
17799, 20, 201, 492, 0, 0, 19.31%, 0, 30, 17, 149.70, 1875418, 517, 0, 0
17804, 20, 480, 492, 0, 0, 19.31%, 0, 30, 17, 139.81, 1876069, 517, 0, 0
17809, 20, 99, 492, 0, 0, 19.31%, 0, 30, 17, 155.47, 1876880, 517, 0, 0
17814, 20, 97, 492, 0, 0, 19.31%, 0, 30, 17, 152.99, 1877639, 517, 0, 0
17819, 20, 429, 492, 0, 0, 19.31%, 0, 30, 17, 146.51, 1878381, 517, 0, 0
17824, 20, 491, 492, 0, 0, 19.31%, 0, 30, 17, 126.61, 1879047, 517, 0, 0
17829, 20, 491, 492, 0, 0, 19.31%, 0, 30, 17, 117.46, 1879627, 517, 0, 0
17834, 20, 491, 492, 0, 0, 19.31%, 0, 30, 17, 117.08, 1880213, 517, 0, 0
17840, 20, 200, 492, 0, 0, 19.31%, 0, 30, 17, 130.91, 1880871, 517, 0, 0
17845, 20, 266, 492, 0, 0, 19.31%, 0, 30, 17, 156.86, 1881719, 517, 0, 0
17850, 20, 480, 492, 0, 0, 19.31%, 0, 30, 17, 134.00, 1882372, 517, 0, 0
17855, 20, 392, 492, 0, 0, 19.31%, 0, 30, 17, 148.82, 1883158, 517, 0, 0
17860, 20, 300, 492, 0, 0, 19.31%, 0, 30, 17, 148.26, 1883910, 517, 0, 0
17865, 20, 69, 492, 0, 0, 19.31%, 0, 30, 17, 138.23, 1884614, 517, 0, 0
17870, 20, 79, 492, 0, 0, 19.31%, 0, 30, 17, 153.12, 1885414, 517, 0, 0
17876, 20, 367, 492, 0, 0, 19.31%, 0, 30, 17, 150.29, 1886193, 517, 0, 0
17881, 20, 491, 492, 0, 0, 19.31%, 0, 30, 17, 155.03, 1887006, 517, 0, 0
17886, 20, 491, 492, 0, 0, 19.31%, 0, 30, 17, 146.56, 1887755, 517, 0, 0
17891, 20, 197, 492, 0, 0, 19.31%, 0, 30, 17, 148.54, 1888513, 517, 0, 0
17896, 20, 486, 492, 0, 0, 19.31%, 0, 30, 17, 150.79, 1889292, 517, 0, 0
17901, 20, 468, 492, 0, 0, 19.31%, 0, 30, 17, 146.71, 1890005, 517, 0, 0
17906, 20, 422, 492, 0, 0, 19.31%, 0, 30, 17, 148.84, 1890782, 517, 0, 0
17912, 20, 1, 492, 0, 0, 19.31%, 0, 30, 17, 154.47, 1891577, 517, 0, 0
17917, 20, 285, 492, 0, 0, 19.31%, 0, 30, 17, 150.25, 1892336, 517, 0, 0
17922, 20, 392, 492, 0, 0, 19.31%, 0, 30, 17, 151.08, 1893120, 517, 0, 0
17927, 20, 367, 492, 0, 0, 19.31%, 0, 30, 17, 156.56, 1893926, 517, 0, 0
17932, 20, 443, 492, 0, 0, 19.31%, 0, 30, 17, 150.83, 1894697, 517, 0, 0
17937, 20, 47, 492, 0, 0, 19.31%, 0, 30, 17, 143.77, 1895412, 517, 0, 0
17942, 20, 298, 492, 0, 0, 19.31%, 0, 30, 17, 149.59, 1896206, 517, 0, 0
17947, 20, 110, 492, 0, 0, 19.31%, 0, 30, 17, 156.79, 1897028, 517, 0, 0
17952, 20, 479, 492, 0, 0, 19.31%, 0, 30, 17, 150.92, 1897788, 517, 0, 0
17957, 20, 417, 492, 0, 0, 19.31%, 0, 30, 17, 145.20, 1898521, 517, 0, 0
17962, 20, 368, 492, 0, 0, 19.31%, 0, 30, 17, 156.69, 1899319, 517, 0, 0
17967, 20, 367, 492, 0, 0, 19.31%, 0, 30, 17, 156.54, 1900110, 517, 0, 0
17972, 20, 480, 492, 0, 0, 19.31%, 0, 30, 17, 155.91, 1900898, 517, 0, 0
17977, 20, 429, 492, 0, 0, 19.31%, 0, 30, 17, 153.43, 1901661, 517, 0, 0
17982, 20, 40, 492, 0, 0, 19.31%, 0, 30, 17, 147.83, 1902387, 517, 0, 0
17988, 20, 468, 492, 0, 0, 19.31%, 0, 30, 17, 146.03, 1903153, 517, 0, 0
17993, 20, 466, 492, 0, 0, 19.31%, 0, 30, 17, 150.76, 1903930, 517, 0, 0
17998, 20, 72, 492, 0, 0, 19.31%, 0, 30, 17, 139.61, 1904634, 517, 0, 0
18003, 20, 30, 492, 0, 0, 19.31%, 0, 30, 17, 150.49, 1905413, 517, 0, 0
18008, 20, 441, 492, 0, 0, 19.31%, 0, 30, 17, 156.31, 1906230, 517, 0, 0
18013, 20, 114, 492, 0, 0, 19.31%, 0, 30, 17, 152.37, 1906994, 517, 0, 0
18019, 20, 343, 492, 0, 0, 19.31%, 0, 30, 17, 157.32, 1907819, 517, 0, 0
18024, 20, 392, 492, 0, 0, 19.31%, 0, 30, 17, 155.17, 1908613, 517, 0, 0
18029, 20, 468, 492, 0, 0, 19.31%, 0, 30, 17, 148.13, 1909383, 517, 0, 0
18034, 20, 473, 492, 0, 0, 19.31%, 0, 30, 17, 104.96, 1909931, 517, 0, 0
18039, 20, 285, 492, 0, 0, 19.31%, 0, 30, 17, 127.10, 1910572, 517, 0, 0
18044, 20, 403, 492, 0, 0, 19.31%, 0, 30, 17, 138.91, 1911304, 517, 0, 0
18050, 20, 429, 492, 0, 0, 19.31%, 0, 30, 17, 153.25, 1912106, 517, 0, 0
18055, 20, 296, 492, 0, 0, 19.31%, 0, 30, 17, 149.83, 1912862, 517, 0, 0
18060, 20, 429, 492, 0, 0, 19.31%, 0, 30, 17, 136.46, 1913561, 517, 0, 0
18065, 20, 49, 492, 0, 0, 19.31%, 0, 30, 17, 146.49, 1914327, 517, 0, 0
18070, 20, 491, 492, 0, 0, 19.31%, 0, 30, 17, 138.99, 1915039, 517, 0, 0
18075, 20, 491, 492, 0, 0, 19.31%, 0, 30, 17, 137.50, 1915747, 517, 0, 0
18081, 20, 337, 492, 0, 0, 19.31%, 0, 30, 17, 147.22, 1916503, 517, 0, 0
18086, 20, 422, 492, 0, 0, 19.31%, 0, 30, 17, 149.08, 1917277, 517, 0, 0
18091, 20, 173, 492, 0, 0, 19.31%, 0, 30, 17, 155.86, 1918082, 517, 0, 0
18096, 20, 429, 492, 0, 0, 19.31%, 0, 30, 17, 157.10, 1918869, 517, 0, 0
18101, 20, 488, 492, 0, 0, 19.31%, 0, 30, 17, 153.12, 1919628, 517, 0, 0
18106, 20, 159, 492, 0, 0, 19.31%, 0, 30, 17, 144.74, 1920366, 517, 0, 0
18111, 20, 441, 492, 0, 0, 19.31%, 0, 30, 17, 144.44, 1921134, 517, 0, 0
18116, 20, 343, 492, 0, 0, 19.31%, 0, 30, 17, 156.83, 1921936, 517, 0, 0
18121, 20, 346, 492, 0, 0, 19.31%, 0, 30, 17, 155.29, 1922713, 517, 0, 0
18126, 20, 202, 492, 0, 0, 19.31%, 0, 30, 17, 154.08, 1923475, 517, 0, 0
18131, 20, 480, 492, 0, 0, 19.31%, 0, 30, 17, 153.45, 1924270, 517, 0, 0
18136, 20, 411, 492, 0, 0, 19.31%, 0, 30, 17, 157.52, 1925065, 517, 0, 0
18142, 20, 156, 492, 0, 0, 19.31%, 0, 30, 17, 152.29, 1925834, 517, 0, 0
18147, 20, 223, 492, 0, 0, 19.31%, 0, 30, 17, 153.98, 1926622, 517, 0, 0
18152, 20, 441, 492, 0, 0, 19.31%, 0, 30, 17, 148.53, 1927372, 517, 0, 0
18157, 20, 51, 492, 0, 0, 19.31%, 0, 30, 17, 156.85, 1928170, 517, 0, 0
18162, 20, 480, 492, 0, 0, 19.31%, 0, 30, 17, 150.27, 1928937, 517, 0, 0
18167, 20, 397, 492, 0, 0, 19.31%, 0, 30, 17, 147.13, 1929668, 517, 0, 0
18172, 20, 491, 492, 0, 0, 19.31%, 0, 30, 17, 150.01, 1930458, 517, 0, 0
18177, 20, 491, 492, 0, 0, 19.31%, 0, 30, 17, 134.50, 1931131, 517, 0, 0
18183, 20, 491, 492, 0, 0, 19.31%, 0, 30, 17, 129.89, 1931799, 517, 0, 0
18188, 20, 468, 492, 0, 0, 19.31%, 0, 30, 17, 141.11, 1932546, 517, 0, 0
18193, 20, 159, 492, 0, 0, 19.31%, 0, 30, 17, 152.86, 1933349, 517, 0, 0
18198, 20, 47, 492, 0, 0, 19.31%, 0, 30, 17, 153.54, 1934122, 517, 0, 0
18203, 20, 48, 492, 0, 0, 19.31%, 0, 30, 17, 149.02, 1934865, 517, 0, 0
18208, 20, 230, 492, 0, 0, 19.31%, 0, 30, 17, 150.12, 1935647, 517, 0, 0
18214, 20, 169, 492, 0, 0, 19.31%, 0, 30, 17, 156.95, 1936466, 517, 0, 0
18219, 20, 31, 492, 0, 0, 19.31%, 0, 30, 17, 140.58, 1937143, 517, 0, 0
18224, 20, 468, 492, 0, 0, 19.31%, 0, 30, 17, 144.83, 1937928, 517, 0, 0
18229, 20, 400, 492, 0, 0, 19.31%, 0, 30, 17, 153.33, 1938733, 517, 0, 0
18234, 20, 384, 492, 0, 0, 19.31%, 0, 30, 17, 151.00, 1939457, 517, 0, 0
18239, 20, 43, 492, 0, 0, 19.31%, 0, 30, 17, 152.29, 1940245, 517, 0, 0
18245, 20, 14, 492, 0, 0, 19.31%, 0, 30, 17, 152.18, 1941050, 517, 0, 0
18250, 20, 384, 492, 0, 0, 19.31%, 0, 30, 17, 147.28, 1941807, 517, 0, 0
18255, 20, 47, 492, 0, 0, 19.31%, 0, 30, 17, 152.32, 1942598, 517, 0, 0
18260, 20, 466, 492, 0, 0, 19.31%, 0, 30, 17, 149.70, 1943370, 517, 0, 0
18265, 20, 441, 492, 0, 0, 19.31%, 0, 30, 17, 154.09, 1944153, 517, 0, 0
18270, 20, 488, 492, 0, 0, 19.31%, 0, 30, 17, 147.10, 1944890, 517, 0, 0
18275, 20, 14, 492, 0, 0, 19.31%, 0, 30, 17, 146.15, 1945661, 517, 0, 0
18281, 20, 422, 492, 0, 0, 19.31%, 0, 30, 17, 150.48, 1946455, 517, 0, 0
18286, 20, 365, 492, 0, 0, 19.31%, 0, 30, 17, 154.85, 1947238, 517, 0, 0
18291, 20, 488, 492, 0, 0, 19.31%, 0, 30, 17, 150.99, 1948032, 517, 0, 0
18296, 20, 168, 492, 0, 0, 19.31%, 0, 30, 17, 153.26, 1948802, 517, 0, 0
18301, 20, 461, 492, 0, 0, 19.31%, 0, 30, 17, 153.69, 1949611, 517, 0, 0
18306, 21, 480, 492, 0, 0, 19.31%, 0, 30, 17, 153.42, 1950401, 517, 0, 0
18311, 21, 275, 492, 0, 0, 19.31%, 0, 30, 17, 156.99, 1951172, 517, 0, 0
18316, 21, 429, 492, 0, 0, 19.31%, 0, 30, 17, 153.42, 1951964, 517, 0, 0
18321, 21, 30, 492, 0, 0, 19.31%, 0, 30, 17, 158.25, 1952779, 517, 0, 0
18326, 21, 411, 492, 0, 0, 19.31%, 0, 30, 17, 151.53, 1953551, 517, 0, 0
18332, 21, 360, 492, 0, 0, 19.31%, 0, 30, 17, 151.08, 1954304, 517, 0, 0
18337, 21, 238, 492, 0, 0, 19.31%, 0, 30, 17, 145.37, 1955036, 517, 0, 0
18342, 21, 421, 492, 0, 0, 19.31%, 0, 30, 17, 152.79, 1955821, 517, 0, 0
18347, 21, 40, 492, 0, 0, 19.31%, 0, 30, 17, 148.30, 1956560, 517, 0, 0
18352, 21, 422, 492, 0, 0, 19.31%, 0, 30, 17, 155.44, 1957359, 517, 0, 0
18357, 21, 441, 492, 0, 0, 19.31%, 0, 30, 17, 150.21, 1958133, 517, 0, 0
18363, 21, 418, 492, 0, 0, 19.31%, 0, 30, 17, 153.35, 1958941, 517, 0, 0
18368, 21, 400, 492, 0, 0, 19.31%, 0, 30, 17, 153.53, 1959759, 517, 0, 0
18373, 21, 196, 492, 0, 0, 19.31%, 0, 30, 17, 158.14, 1960560, 517, 0, 0
18378, 21, 479, 492, 0, 0, 19.31%, 0, 30, 17, 138.12, 1961203, 517, 0, 0
18383, 21, 491, 492, 0, 0, 19.31%, 0, 30, 17, 143.78, 1961944, 517, 0, 0
18388, 21, 491, 492, 0, 0, 19.31%, 0, 30, 17, 145.75, 1962698, 517, 0, 0
18393, 21, 158, 492, 0, 0, 19.31%, 0, 30, 17, 149.01, 1963460, 517, 0, 0
18399, 21, 392, 492, 0, 0, 19.31%, 0, 30, 17, 149.93, 1964240, 517, 0, 0
18404, 21, 429, 492, 0, 0, 19.31%, 0, 30, 17, 145.96, 1964998, 517, 0, 0
18409, 21, 429, 492, 0, 0, 19.31%, 0, 30, 17, 149.52, 1965789, 517, 0, 0
18414, 21, 400, 492, 0, 0, 19.31%, 0, 30, 17, 144.50, 1966540, 517, 0, 0
18419, 21, 276, 492, 0, 0, 19.31%, 0, 30, 17, 142.61, 1967299, 517, 0, 0
18424, 21, 429, 492, 0, 0, 19.31%, 0, 30, 17, 128.71, 1967945, 517, 0, 0
18430, 21, 25, 492, 0, 0, 19.31%, 0, 30, 17, 143.52, 1968693, 517, 0, 0
18435, 21, 238, 492, 0, 0, 19.31%, 0, 30, 17, 153.89, 1969498, 517, 0, 0
18440, 21, 447, 492, 0, 0, 19.31%, 0, 30, 17, 155.07, 1970302, 517, 0, 0
18445, 21, 380, 492, 0, 0, 19.31%, 0, 30, 17, 147.82, 1971049, 517, 0, 0
18450, 21, 316, 492, 0, 0, 19.31%, 0, 30, 17, 131.84, 1971710, 517, 0, 0
18455, 21, 394, 492, 0, 0, 19.31%, 0, 30, 17, 145.48, 1972467, 517, 0, 0
18460, 21, 441, 492, 0, 0, 19.31%, 0, 30, 17, 159.43, 1973307, 517, 0, 0
18466, 21, 153, 492, 0, 0, 19.31%, 0, 30, 17, 160.24, 1974129, 517, 0, 0
18471, 21, 79, 492, 0, 0, 19.31%, 0, 30, 17, 153.88, 1974903, 517, 0, 0
18476, 21, 36, 492, 0, 0, 19.31%, 0, 30, 17, 155.63, 1975705, 517, 0, 0
18481, 21, 343, 492, 0, 0, 19.31%, 0, 30, 17, 152.89, 1976458, 517, 0, 0
18486, 21, 392, 492, 0, 0, 19.31%, 0, 30, 17, 150.59, 1977211, 517, 0, 0
18491, 21, 472, 492, 0, 0, 19.31%, 0, 30, 17, 96.84, 1977680, 517, 0, 0
18496, 21, 380, 492, 0, 0, 19.31%, 0, 30, 17, 139.57, 1978442, 517, 0, 0
18501, 21, 422, 492, 0, 0, 19.31%, 0, 30, 17, 141.88, 1979172, 517, 0, 0
18506, 21, 149, 492, 0, 0, 19.31%, 0, 30, 17, 158.37, 1979994, 517, 0, 0
18512, 21, 168, 492, 0, 0, 19.31%, 0, 30, 17, 153.69, 1980783, 517, 0, 0
18517, 21, 488, 492, 0, 0, 19.31%, 0, 30, 17, 160.41, 1981597, 517, 0, 0
18522, 21, 367, 492, 0, 0, 19.31%, 0, 30, 17, 145.98, 1982339, 517, 0, 0
18527, 21, 400, 492, 0, 0, 19.31%, 0, 30, 17, 152.84, 1983138, 517, 0, 0
18532, 21, 480, 492, 0, 0, 19.31%, 0, 30, 17, 151.82, 1983921, 517, 0, 0
18537, 21, 400, 492, 0, 0, 19.31%, 0, 30, 17, 158.21, 1984743, 517, 0, 0
18542, 21, 429, 492, 0, 0, 19.31%, 0, 30, 17, 151.27, 1985494, 517, 0, 0
18547, 21, 392, 492, 0, 0, 19.31%, 0, 30, 17, 151.76, 1986263, 517, 0, 0
18553, 21, 459, 492, 0, 0, 19.31%, 0, 30, 17, 150.63, 1987039, 517, 0, 0
18558, 21, 466, 492, 0, 0, 19.31%, 0, 30, 17, 153.24, 1987803, 517, 0, 0
18563, 21, 480, 492, 0, 0, 19.31%, 0, 30, 17, 155.56, 1988591, 517, 0, 0
18568, 21, 5, 492, 0, 0, 19.31%, 0, 30, 17, 152.04, 1989373, 517, 0, 0
18573, 21, 429, 492, 0, 0, 19.31%, 0, 30, 17, 149.62, 1990127, 517, 0, 0
18578, 21, 392, 492, 0, 0, 19.31%, 0, 30, 17, 143.54, 1990823, 517, 0, 0
18583, 21, 479, 492, 0, 0, 19.31%, 0, 30, 17, 149.67, 1991560, 517, 0, 0
18588, 21, 486, 492, 0, 0, 19.31%, 0, 30, 17, 160.22, 1992403, 517, 0, 0
18593, 21, 238, 492, 0, 0, 19.31%, 0, 30, 17, 159.45, 1993201, 517, 0, 0
18598, 21, 382, 492, 0, 0, 19.31%, 0, 30, 17, 155.91, 1993985, 517, 0, 0
18603, 21, 418, 492, 0, 0, 19.31%, 0, 30, 17, 157.20, 1994793, 517, 0, 0
18608, 21, 368, 492, 0, 0, 19.31%, 0, 30, 17, 149.79, 1995511, 517, 0, 0
18613, 21, 459, 492, 0, 0, 19.31%, 0, 30, 17, 147.92, 1996269, 517, 0, 0
18618, 21, 384, 492, 0, 0, 19.31%, 0, 30, 17, 143.22, 1996983, 517, 0, 0
18623, 21, 46, 492, 0, 0, 19.31%, 0, 30, 17, 148.50, 1997720, 517, 0, 0
18629, 21, 80, 492, 0, 0, 19.31%, 0, 30, 17, 155.78, 1998526, 517, 0, 0
18634, 21, 489, 492, 0, 0, 19.31%, 0, 30, 17, 157.08, 1999299, 517, 0, 0
18639, 21, 392, 492, 0, 0, 19.31%, 0, 30, 17, 150.55, 2000025, 517, 0, 0
18644, 21, 420, 492, 0, 0, 19.31%, 0, 30, 17, 148.39, 2000785, 517, 0, 0
18649, 21, 5, 492, 0, 0, 19.31%, 0, 30, 17, 155.13, 2001579, 517, 0, 0
18654, 21, 201, 492, 0, 0, 19.31%, 0, 30, 17, 159.20, 2002389, 517, 0, 0
18659, 21, 392, 492, 0, 0, 19.31%, 0, 30, 17, 155.65, 2003185, 517, 0, 0
18664, 21, 478, 492, 0, 0, 19.31%, 0, 30, 17, 145.54, 2003904, 517, 0, 0
18669, 21, 69, 492, 0, 0, 19.31%, 0, 30, 17, 148.33, 2004671, 517, 0, 0
18674, 21, 191, 492, 0, 0, 19.31%, 0, 30, 17, 151.54, 2005439, 517, 0, 0
18679, 21, 204, 492, 0, 0, 19.31%, 0, 30, 17, 150.21, 2006199, 517, 0, 0
18685, 21, 25, 492, 0, 0, 19.31%, 0, 30, 17, 154.88, 2006993, 517, 0, 0
18690, 21, 478, 492, 0, 0, 19.31%, 0, 30, 17, 147.46, 2007764, 517, 0, 0
18695, 21, 486, 492, 0, 0, 19.31%, 0, 30, 17, 155.80, 2008562, 517, 0, 0
18700, 21, 486, 492, 0, 0, 19.31%, 0, 30, 17, 151.20, 2009313, 517, 0, 0
18705, 21, 115, 492, 0, 0, 19.31%, 0, 30, 17, 162.26, 2010140, 517, 0, 0
18710, 21, 479, 492, 0, 0, 19.31%, 0, 30, 17, 150.95, 2010889, 517, 0, 0
18715, 21, 468, 492, 0, 0, 19.31%, 0, 30, 17, 153.24, 2011689, 517, 0, 0
18720, 21, 119, 492, 0, 0, 19.31%, 0, 30, 17, 151.25, 2012458, 517, 0, 0
18725, 21, 305, 492, 0, 0, 19.31%, 0, 30, 17, 151.88, 2013219, 517, 0, 0
18730, 21, 468, 492, 0, 0, 19.31%, 0, 30, 17, 155.98, 2014035, 517, 0, 0
18735, 21, 367, 492, 0, 0, 19.31%, 0, 30, 17, 148.69, 2014793, 517, 0, 0
18741, 21, 40, 492, 0, 0, 19.31%, 0, 30, 17, 156.17, 2015608, 517, 0, 0
18746, 21, 400, 492, 0, 0, 19.31%, 0, 30, 17, 150.88, 2016408, 517, 0, 0
18751, 21, 392, 492, 0, 0, 19.31%, 0, 30, 17, 148.80, 2017159, 517, 0, 0
18756, 21, 186, 492, 0, 0, 19.31%, 0, 30, 17, 151.33, 2017934, 517, 0, 0
18761, 21, 422, 492, 0, 0, 19.31%, 0, 30, 17, 146.43, 2018672, 517, 0, 0
18766, 21, 49, 492, 0, 0, 19.31%, 0, 30, 17, 157.24, 2019494, 517, 0, 0
18772, 21, 257, 492, 0, 0, 19.31%, 0, 30, 17, 141.69, 2020195, 517, 0, 0
18777, 21, 462, 492, 0, 0, 19.31%, 0, 30, 17, 154.82, 2021011, 517, 0, 0
18782, 22, 441, 492, 0, 0, 19.31%, 0, 30, 17, 141.26, 2021759, 517, 0, 0
18787, 22, 480, 492, 0, 0, 19.31%, 0, 30, 17, 140.68, 2022482, 517, 0, 0
18792, 22, 44, 492, 0, 0, 19.31%, 0, 30, 17, 154.75, 2023308, 517, 0, 0
18797, 22, 45, 492, 0, 0, 19.31%, 0, 30, 17, 153.03, 2024108, 517, 0, 0
18802, 22, 343, 492, 0, 0, 19.31%, 0, 30, 17, 152.87, 2024870, 517, 0, 0
18808, 22, 46, 493, 1, 0, 19.31%, 0, 30, 17, 149.14, 2025629, 517, 0, 0
18813, 22, 429, 493, 1, 0, 19.31%, 0, 30, 17, 143.18, 2026361, 517, 0, 0
18818, 22, 492, 493, 1, 0, 19.31%, 0, 30, 17, 137.50, 2027056, 517, 0, 0
18823, 22, 492, 493, 1, 0, 19.31%, 0, 30, 17, 133.76, 2027728, 517, 0, 0
18828, 22, 492, 493, 1, 0, 19.31%, 0, 30, 17, 138.55, 2028458, 517, 0, 0
18833, 22, 429, 493, 0, 0, 19.31%, 0, 30, 17, 146.23, 2029194, 517, 0, 0
18838, 22, 97, 493, 0, 0, 19.31%, 0, 30, 17, 149.21, 2029966, 517, 0, 0
18843, 22, 478, 493, 0, 0, 19.31%, 0, 30, 17, 146.07, 2030738, 517, 0, 0
18848, 22, 429, 493, 0, 0, 19.31%, 0, 30, 17, 146.49, 2031483, 517, 0, 0
18854, 22, 134, 493, 0, 0, 19.31%, 0, 30, 17, 149.32, 2032251, 517, 0, 0
18859, 22, 368, 493, 0, 0, 19.31%, 0, 30, 17, 146.66, 2033015, 517, 0, 0
18864, 22, 216, 493, 0, 0, 19.31%, 0, 30, 17, 149.22, 2033795, 517, 0, 0
18869, 22, 380, 493, 0, 0, 19.31%, 0, 30, 17, 146.34, 2034549, 517, 0, 0
18874, 22, 410, 493, 0, 0, 19.31%, 0, 30, 17, 136.40, 2035257, 517, 0, 0
18880, 22, 429, 493, 0, 0, 19.31%, 0, 30, 17, 147.54, 2036039, 517, 0, 0
18885, 22, 180, 493, 0, 0, 19.31%, 0, 30, 17, 149.33, 2036806, 517, 0, 0
18890, 22, 491, 493, 0, 0, 19.31%, 0, 30, 17, 156.51, 2037608, 517, 0, 0
18895, 22, 491, 493, 0, 0, 19.31%, 0, 30, 17, 134.77, 2038277, 517, 0, 0
18900, 22, 491, 493, 0, 0, 19.31%, 0, 30, 17, 130.72, 2038949, 517, 0, 0
18905, 22, 382, 493, 0, 0, 19.31%, 0, 30, 17, 142.86, 2039685, 517, 0, 0
18910, 22, 67, 493, 0, 0, 19.31%, 0, 30, 17, 155.14, 2040477, 517, 0, 0
18915, 22, 434, 493, 0, 0, 19.31%, 0, 30, 17, 125.26, 2041115, 517, 0, 0
18921, 22, 69, 493, 0, 0, 19.31%, 0, 30, 17, 143.21, 2041850, 517, 0, 0
18926, 22, 435, 493, 0, 0, 19.31%, 0, 30, 17, 125.53, 2042508, 517, 0, 0
18931, 22, 350, 493, 0, 0, 19.31%, 0, 30, 17, 153.94, 2043335, 517, 0, 0
18936, 22, 302, 493, 0, 0, 19.31%, 0, 30, 17, 153.14, 2044106, 517, 0, 0
18941, 22, 153, 493, 0, 0, 19.31%, 0, 30, 17, 159.39, 2044922, 517, 0, 0
18946, 22, 107, 493, 0, 0, 19.31%, 0, 30, 17, 159.08, 2045738, 517, 0, 0
18951, 22, 194, 493, 0, 0, 19.31%, 0, 30, 17, 155.57, 2046514, 517, 0, 0
18956, 22, 48, 493, 0, 0, 19.31%, 0, 30, 17, 151.04, 2047285, 517, 0, 0
18961, 22, 385, 493, 0, 0, 19.31%, 0, 30, 17, 144.79, 2048021, 517, 0, 0
18966, 22, 163, 493, 0, 0, 19.31%, 0, 30, 17, 144.71, 2048769, 517, 0, 0
18972, 22, 202, 493, 0, 0, 19.31%, 0, 30, 17, 152.94, 2049559, 517, 0, 0
18977, 22, 360, 493, 0, 0, 19.31%, 0, 30, 17, 154.19, 2050365, 517, 0, 0
18982, 22, 491, 493, 0, 0, 19.31%, 0, 30, 17, 140.64, 2051071, 517, 0, 0
18987, 22, 491, 493, 0, 0, 19.31%, 0, 30, 17, 130.39, 2051735, 517, 0, 0
18992, 22, 491, 493, 0, 0, 19.31%, 0, 30, 17, 128.71, 2052403, 517, 0, 0
18997, 22, 441, 493, 0, 0, 19.31%, 0, 30, 17, 148.27, 2053223, 517, 0, 0
19003, 22, 480, 493, 0, 0, 19.31%, 0, 30, 17, 144.68, 2053965, 517, 0, 0
19008, 22, 429, 493, 0, 0, 19.31%, 0, 30, 17, 147.39, 2054708, 517, 0, 0
19013, 22, 429, 493, 0, 0, 19.31%, 0, 30, 17, 147.08, 2055478, 517, 0, 0
19018, 22, 375, 493, 0, 0, 19.31%, 0, 30, 17, 149.78, 2056288, 517, 0, 0
19023, 22, 46, 493, 0, 0, 19.31%, 0, 30, 17, 153.67, 2057069, 517, 0, 0
19028, 22, 343, 493, 0, 0, 19.31%, 0, 30, 17, 153.80, 2057854, 517, 0, 0
19033, 22, 3, 493, 0, 0, 19.31%, 0, 30, 17, 102.71, 2058322, 517, 0, 0
19039, 22, 479, 493, 0, 0, 19.31%, 0, 30, 17, 135.96, 2059104, 517, 0, 0
19044, 22, 196, 493, 0, 0, 19.31%, 0, 30, 17, 148.07, 2059882, 517, 0, 0
19049, 22, 97, 493, 0, 0, 19.31%, 0, 30, 17, 148.34, 2060657, 517, 0, 0
19054, 22, 382, 493, 0, 0, 19.31%, 0, 30, 17, 144.35, 2061395, 517, 0, 0
19059, 22, 468, 493, 0, 0, 19.31%, 0, 30, 17, 150.63, 2062173, 517, 0, 0
19064, 22, 238, 493, 0, 0, 19.31%, 0, 30, 17, 158.90, 2063004, 517, 0, 0
19069, 22, 47, 493, 0, 0, 19.31%, 0, 30, 17, 149.93, 2063732, 517, 0, 0
19075, 22, 492, 493, 0, 0, 19.31%, 0, 30, 17, 143.14, 2064484, 517, 0, 0
19080, 22, 480, 493, 0, 0, 19.31%, 0, 30, 17, 145.73, 2065234, 517, 0, 0
19085, 22, 392, 493, 0, 0, 19.31%, 0, 30, 17, 146.75, 2065995, 517, 0, 0
19090, 22, 216, 493, 0, 0, 19.31%, 0, 30, 17, 150.88, 2066778, 517, 0, 0
19095, 22, 468, 493, 0, 0, 19.31%, 0, 30, 17, 152.32, 2067568, 517, 0, 0
19100, 22, 93, 493, 0, 0, 19.31%, 0, 30, 17, 159.99, 2068394, 517, 0, 0
19105, 22, 429, 493, 0, 0, 19.31%, 0, 30, 17, 154.49, 2069151, 517, 0, 0
19111, 22, 400, 493, 0, 0, 19.31%, 0, 30, 17, 151.18, 2069932, 517, 0, 0
19116, 22, 468, 493, 0, 0, 19.31%, 0, 30, 17, 149.00, 2070673, 517, 0, 0
19121, 22, 400, 493, 0, 0, 19.31%, 0, 30, 17, 132.96, 2071355, 517, 0, 0
19126, 22, 447, 493, 0, 0, 19.31%, 0, 30, 17, 142.49, 2072099, 517, 0, 0
19131, 22, 40, 493, 0, 0, 19.31%, 0, 30, 17, 157.04, 2072927, 517, 0, 0
19137, 22, 199, 493, 0, 0, 19.31%, 0, 30, 17, 153.52, 2073700, 517, 0, 0
19142, 22, 360, 493, 0, 0, 19.31%, 0, 30, 17, 147.19, 2074402, 517, 0, 0
19147, 22, 337, 493, 0, 0, 19.31%, 0, 30, 17, 159.72, 2075243, 517, 0, 0
19152, 22, 153, 493, 0, 0, 19.31%, 0, 30, 17, 146.04, 2075985, 517, 0, 0
19157, 22, 422, 493, 0, 0, 19.31%, 0, 30, 17, 154.00, 2076777, 517, 0, 0
19162, 22, 374, 493, 0, 0, 19.31%, 0, 30, 17, 144.93, 2077552, 517, 0, 0
19167, 22, 285, 493, 0, 0, 19.31%, 0, 30, 17, 146.97, 2078296, 517, 0, 0
19172, 22, 429, 493, 0, 0, 19.31%, 0, 30, 17, 152.55, 2079095, 517, 0, 0
19177, 22, 480, 493, 0, 0, 19.31%, 0, 30, 17, 153.06, 2079888, 517, 0, 0
19183, 22, 36, 493, 0, 0, 19.31%, 0, 30, 17, 152.83, 2080656, 517, 0, 0
19188, 22, 468, 493, 0, 0, 19.31%, 0, 30, 17, 151.23, 2081453, 517, 0, 0
19193, 22, 466, 493, 0, 0, 19.31%, 0, 30, 17, 157.48, 2082258, 517, 0, 0
19198, 22, 114, 493, 0, 0, 19.31%, 0, 30, 17, 157.18, 2083057, 517, 0, 0
19203, 22, 484, 493, 0, 0, 19.31%, 0, 30, 17, 100.32, 2083533, 517, 0, 0
19208, 22, 45, 493, 0, 0, 19.31%, 0, 30, 17, 141.81, 2084328, 517, 0, 0
19213, 22, 400, 493, 0, 0, 19.31%, 0, 30, 17, 147.65, 2085095, 517, 0, 0
19218, 22, 86, 493, 0, 0, 19.31%, 0, 30, 17, 153.60, 2085857, 517, 0, 0
19224, 22, 468, 493, 0, 0, 19.31%, 0, 30, 17, 158.63, 2086685, 517, 0, 0
19229, 22, 400, 493, 0, 0, 19.31%, 0, 30, 17, 156.06, 2087487, 517, 0, 0
19234, 22, 193, 493, 0, 0, 19.31%, 0, 30, 17, 151.07, 2088223, 517, 0, 0
19239, 22, 429, 493, 0, 0, 19.31%, 0, 30, 17, 152.27, 2089003, 517, 0, 0
19244, 22, 182, 493, 0, 0, 19.31%, 0, 30, 17, 151.73, 2089793, 517, 0, 0
19249, 22, 479, 493, 0, 0, 19.31%, 0, 30, 17, 146.89, 2090555, 517, 0, 0
19254, 22, 337, 493, 0, 0, 19.31%, 0, 30, 17, 147.75, 2091250, 517, 0, 0
19259, 22, 97, 493, 0, 0, 19.31%, 0, 30, 17, 149.40, 2092022, 517, 0, 0
19265, 22, 486, 493, 0, 0, 19.31%, 0, 30, 17, 155.30, 2092820, 517, 0, 0
19270, 22, 285, 493, 0, 0, 19.31%, 0, 30, 17, 150.77, 2093574, 517, 0, 0
19275, 22, 429, 493, 0, 0, 19.31%, 0, 30, 17, 150.63, 2094351, 517, 0, 0
19280, 22, 400, 493, 0, 0, 19.31%, 0, 30, 17, 139.33, 2095024, 517, 0, 0
19285, 22, 468, 493, 0, 0, 19.31%, 0, 30, 17, 147.93, 2095809, 517, 0, 0
19290, 22, 400, 493, 0, 0, 19.31%, 0, 30, 17, 153.06, 2096587, 517, 0, 0
19295, 22, 200, 493, 0, 0, 19.31%, 0, 30, 17, 156.55, 2097383, 517, 0, 0
19300, 22, 491, 493, 0, 0, 19.31%, 0, 30, 17, 149.46, 2098157, 517, 0, 0
19305, 22, 491, 493, 0, 0, 19.31%, 0, 30, 17, 147.47, 2098905, 517, 0, 0
19311, 23, 390, 493, 0, 0, 19.31%, 0, 30, 17, 148.78, 2099663, 517, 0, 0
19316, 23, 429, 493, 0, 0, 19.31%, 0, 30, 17, 154.64, 2100480, 517, 0, 0
19321, 23, 374, 493, 0, 0, 19.31%, 0, 30, 17, 145.00, 2101226, 517, 0, 0
19326, 23, 429, 493, 0, 0, 19.31%, 0, 30, 17, 152.19, 2102020, 517, 0, 0
19331, 23, 168, 493, 0, 0, 19.31%, 0, 30, 17, 157.15, 2102833, 517, 0, 0
19336, 23, 478, 493, 0, 0, 19.31%, 0, 30, 17, 142.41, 2103572, 517, 0, 0
19341, 23, 422, 493, 0, 0, 19.31%, 0, 30, 17, 153.17, 2104352, 517, 0, 0
19346, 23, 468, 493, 0, 0, 19.31%, 0, 30, 17, 146.37, 2105087, 517, 0, 0
19351, 23, 346, 493, 0, 0, 19.31%, 0, 30, 17, 153.50, 2105891, 517, 0, 0
19356, 23, 185, 493, 0, 0, 19.31%, 0, 30, 17, 142.52, 2106620, 517, 0, 0
19362, 23, 367, 493, 0, 0, 19.31%, 0, 30, 17, 156.58, 2107450, 517, 0, 0
19367, 23, 468, 493, 0, 0, 19.31%, 0, 30, 17, 155.30, 2108262, 517, 0, 0
19372, 23, 376, 493, 0, 0, 19.31%, 0, 30, 17, 137.57, 2108980, 517, 0, 0
19377, 23, 486, 493, 0, 0, 19.31%, 0, 30, 17, 143.74, 2109680, 517, 0, 0
19382, 23, 486, 493, 0, 0, 19.31%, 0, 30, 17, 147.36, 2110454, 517, 0, 0
19387, 23, 30, 493, 0, 0, 19.31%, 0, 30, 17, 150.21, 2111215, 517, 0, 0
19393, 23, 398, 493, 0, 0, 19.31%, 0, 30, 17, 156.82, 2112027, 517, 0, 0
19398, 23, 224, 493, 0, 0, 19.31%, 0, 30, 17, 151.81, 2112783, 517, 0, 0
19403, 23, 90, 493, 0, 0, 19.31%, 0, 30, 17, 154.90, 2113596, 517, 0, 0
19408, 23, 486, 493, 0, 0, 19.31%, 0, 30, 17, 154.07, 2114421, 517, 0, 0
19413, 23, 114, 493, 0, 0, 19.31%, 0, 30, 17, 153.13, 2115181, 517, 0, 0
19418, 23, 36, 493, 0, 0, 19.31%, 0, 30, 17, 152.16, 2115956, 517, 0, 0
19423, 23, 199, 493, 0, 0, 19.31%, 0, 30, 17, 139.66, 2116677, 517, 0, 0
19428, 23, 480, 493, 0, 0, 19.31%, 0, 30, 17, 139.34, 2117371, 517, 0, 0
19433, 23, 49, 493, 0, 0, 19.31%, 0, 30, 17, 153.93, 2118177, 517, 0, 0
19439, 23, 384, 493, 0, 0, 19.31%, 0, 30, 17, 142.78, 2118873, 517, 0, 0
19444, 23, 199, 493, 0, 0, 19.31%, 0, 30, 17, 154.69, 2119670, 517, 0, 0
19449, 23, 153, 493, 0, 0, 19.31%, 0, 30, 17, 155.42, 2120456, 517, 0, 0
19454, 23, 93, 493, 0, 0, 19.31%, 0, 30, 17, 159.56, 2121262, 517, 0, 0
19459, 23, 411, 493, 0, 0, 19.31%, 0, 30, 17, 147.62, 2122043, 517, 0, 0
19464, 23, 72, 493, 0, 0, 19.31%, 0, 30, 17, 146.22, 2122787, 517, 0, 0
19469, 23, 237, 493, 0, 0, 19.31%, 0, 30, 17, 159.98, 2123607, 517, 0, 0
19474, 23, 392, 493, 0, 0, 19.31%, 0, 30, 17, 155.50, 2124422, 517, 0, 0
19479, 23, 400, 493, 0, 0, 19.31%, 0, 30, 17, 154.28, 2125192, 517, 0, 0
19485, 23, 168, 493, 0, 0, 19.31%, 0, 30, 17, 136.44, 2125877, 517, 0, 0
19490, 23, 480, 493, 0, 0, 19.31%, 0, 30, 17, 142.94, 2126633, 517, 0, 0
19495, 23, 12, 493, 0, 0, 19.31%, 0, 30, 17, 150.74, 2127412, 517, 0, 0
19500, 23, 418, 493, 0, 0, 19.31%, 0, 30, 17, 159.97, 2128250, 517, 0, 0
19505, 23, 419, 493, 0, 0, 19.31%, 0, 30, 17, 156.18, 2129074, 517, 0, 0
19510, 23, 441, 493, 0, 0, 19.31%, 0, 30, 17, 144.97, 2129775, 517, 0, 0
19515, 23, 468, 493, 0, 0, 19.31%, 0, 30, 17, 139.85, 2130454, 517, 0, 0
19520, 23, 441, 493, 0, 0, 19.31%, 0, 30, 17, 153.59, 2131260, 517, 0, 0
19525, 23, 480, 493, 0, 0, 19.31%, 0, 30, 17, 151.70, 2132020, 517, 0, 0
19530, 23, 486, 493, 0, 0, 19.31%, 0, 30, 17, 144.89, 2132727, 517, 0, 0
19536, 23, 107, 493, 0, 0, 19.31%, 0, 30, 17, 160.50, 2133574, 517, 0, 0
19541, 23, 454, 493, 0, 0, 19.31%, 0, 30, 17, 150.55, 2134329, 517, 0, 0
19546, 23, 168, 493, 0, 0, 19.31%, 0, 30, 17, 155.85, 2135115, 517, 0, 0
19551, 23, 40, 493, 0, 0, 19.31%, 0, 30, 17, 153.26, 2135912, 517, 0, 0
19556, 23, 466, 493, 0, 0, 19.31%, 0, 30, 17, 142.44, 2136627, 517, 0, 0
19561, 23, 93, 493, 0, 0, 19.31%, 0, 30, 17, 152.53, 2137405, 517, 0, 0
19566, 23, 119, 493, 0, 0, 19.31%, 0, 30, 17, 150.35, 2138156, 517, 0, 0
19571, 23, 204, 493, 0, 0, 19.31%, 0, 30, 17, 159.04, 2138997, 517, 0, 0
19576, 23, 479, 493, 0, 0, 19.31%, 0, 30, 17, 143.37, 2139737, 517, 0, 0
19582, 23, 422, 493, 0, 0, 19.31%, 0, 30, 17, 139.12, 2140436, 517, 0, 0
19587, 23, 224, 493, 0, 0, 19.31%, 0, 30, 17, 153.22, 2141234, 517, 0, 0
19592, 23, 392, 493, 0, 0, 19.31%, 0, 30, 17, 153.26, 2142010, 517, 0, 0
19597, 23, 367, 493, 0, 0, 19.31%, 0, 30, 17, 148.58, 2142752, 517, 0, 0
19602, 23, 195, 493, 0, 0, 19.31%, 0, 30, 17, 144.76, 2143471, 517, 0, 0
19607, 23, 362, 493, 0, 0, 19.31%, 0, 30, 17, 150.22, 2144253, 517, 0, 0
19612, 23, 389, 493, 0, 0, 19.31%, 0, 30, 17, 151.59, 2145022, 517, 0, 0
19617, 23, 201, 493, 0, 0, 19.31%, 0, 30, 17, 145.90, 2145761, 517, 0, 0
19623, 23, 36, 493, 0, 0, 19.31%, 0, 30, 17, 155.79, 2146567, 517, 0, 0
19628, 23, 392, 493, 0, 0, 19.31%, 0, 30, 17, 150.11, 2147345, 517, 0, 0
19633, 23, 435, 493, 0, 0, 19.31%, 0, 30, 17, 131.29, 2148028, 517, 0, 0
19638, 23, 400, 493, 0, 0, 19.31%, 0, 30, 17, 144.58, 2148802, 517, 0, 0
19643, 23, 392, 493, 0, 0, 19.31%, 0, 30, 17, 148.20, 2149571, 517, 0, 0
19648, 23, 422, 493, 0, 0, 19.31%, 0, 30, 17, 150.08, 2150351, 517, 0, 0
19653, 23, 400, 493, 0, 0, 19.31%, 0, 30, 17, 145.91, 2151083, 517, 0, 0
19659, 23, 418, 493, 0, 0, 19.31%, 0, 30, 17, 148.67, 2151832, 517, 0, 0
19664, 23, 158, 493, 0, 0, 19.31%, 0, 30, 17, 157.49, 2152662, 517, 0, 0
19669, 23, 28, 493, 0, 0, 19.31%, 0, 30, 17, 158.85, 2153449, 517, 0, 0
19674, 23, 27, 493, 0, 0, 19.31%, 0, 30, 17, 152.51, 2154220, 517, 0, 0
19679, 23, 197, 493, 0, 0, 19.31%, 0, 30, 17, 153.71, 2155033, 517, 0, 0
19684, 23, 28, 493, 0, 0, 19.31%, 0, 30, 17, 152.77, 2155803, 517, 0, 0
19689, 23, 237, 493, 0, 0, 19.31%, 0, 30, 17, 153.32, 2156570, 517, 0, 0
19694, 23, 429, 493, 0, 0, 19.31%, 0, 30, 17, 153.39, 2157377, 517, 0, 0
19699, 23, 156, 493, 0, 0, 19.31%, 0, 30, 17, 160.91, 2158208, 517, 0, 0
19704, 23, 40, 493, 0, 0, 19.31%, 0, 30, 17, 155.97, 2158974, 517, 0, 0
19709, 23, 429, 493, 0, 0, 19.31%, 0, 30, 17, 155.51, 2159763, 517, 0, 0
19715, 23, 440, 493, 0, 0, 19.31%, 0, 30, 17, 142.64, 2160458, 517, 0, 0
19720, 23, 429, 493, 0, 0, 19.31%, 0, 30, 17, 140.69, 2161153, 517, 0, 0
19725, 23, 491, 493, 0, 0, 19.31%, 0, 30, 17, 132.02, 2161839, 517, 0, 0
19730, 23, 491, 493, 0, 0, 19.31%, 0, 30, 17, 126.44, 2162465, 517, 0, 0
19735, 23, 491, 493, 0, 0, 19.31%, 0, 30, 17, 123.98, 2163103, 517, 0, 0
19740, 23, 429, 493, 0, 0, 19.31%, 0, 30, 17, 146.95, 2163899, 517, 0, 0
19745, 23, 5, 493, 0, 0, 19.31%, 0, 30, 17, 154.45, 2164711, 517, 0, 0
19751, 23, 480, 493, 0, 0, 19.31%, 0, 30, 17, 152.31, 2165514, 517, 0, 0
19756, 23, 360, 493, 0, 0, 19.31%, 0, 30, 17, 133.75, 2166168, 517, 0, 0
19761, 23, 400, 493, 0, 0, 19.31%, 0, 30, 17, 145.32, 2166948, 517, 0, 0
19766, 23, 153, 493, 0, 0, 19.31%, 0, 30, 17, 147.29, 2167690, 517, 0, 0
19771, 23, 473, 493, 0, 0, 19.31%, 0, 30, 17, 135.59, 2168417, 517, 0, 0
19776, 23, 468, 493, 0, 0, 19.31%, 0, 30, 17, 119.84, 2168929, 517, 0, 0
19781, 23, 42, 493, 0, 0, 19.31%, 0, 30, 17, 145.13, 2169733, 517, 0, 0
19787, 23, 392, 493, 0, 0, 19.31%, 0, 30, 17, 140.91, 2170465, 517, 0, 0
19792, 24, 359, 493, 0, 0, 19.31%, 0, 30, 17, 146.60, 2171227, 517, 0, 0
19797, 24, 422, 493, 0, 0, 19.31%, 0, 30, 17, 138.66, 2171943, 517, 0, 0
19802, 24, 480, 493, 0, 0, 19.31%, 0, 30, 17, 149.11, 2172734, 517, 0, 0
19807, 24, 25, 493, 0, 0, 19.31%, 0, 30, 17, 150.63, 2173506, 517, 0, 0
19812, 24, 466, 493, 0, 0, 19.31%, 0, 30, 17, 154.73, 2174306, 517, 0, 0
19818, 24, 486, 493, 0, 0, 19.31%, 0, 30, 17, 144.34, 2175063, 517, 0, 0
19823, 24, 152, 493, 0, 0, 19.31%, 0, 30, 17, 137.71, 2175785, 517, 0, 0
19828, 24, 49, 493, 0, 0, 19.31%, 0, 30, 17, 155.42, 2176604, 517, 0, 0
19833, 24, 491, 493, 0, 0, 19.31%, 0, 30, 17, 136.29, 2177272, 517, 0, 0
19838, 24, 491, 493, 0, 0, 19.31%, 0, 30, 17, 130.26, 2177936, 517, 0, 0
19843, 24, 30, 493, 0, 0, 19.31%, 0, 30, 17, 147.74, 2178691, 517, 0, 0
19848, 24, 158, 493, 0, 0, 19.31%, 0, 30, 17, 155.92, 2179501, 517, 0, 0
19853, 24, 441, 493, 0, 0, 19.31%, 0, 30, 17, 159.40, 2180333, 517, 0, 0
19859, 24, 25, 493, 0, 0, 19.31%, 0, 30, 17, 162.27, 2181184, 517, 0, 0
19864, 24, 202, 493, 0, 0, 19.31%, 0, 30, 17, 157.08, 2181970, 517, 0, 0
19869, 24, 473, 493, 0, 0, 19.31%, 0, 30, 17, 103.45, 2182488, 517, 0, 0
19874, 24, 359, 493, 0, 0, 19.31%, 0, 30, 17, 143.08, 2183258, 517, 0, 0
19879, 24, 239, 493, 0, 0, 19.31%, 0, 30, 17, 140.96, 2184010, 517, 0, 0
19884, 24, 224, 493, 0, 0, 19.31%, 0, 30, 17, 148.79, 2184795, 517, 0, 0
19890, 24, 479, 493, 0, 0, 19.31%, 0, 30, 17, 158.75, 2185634, 517, 0, 0
19895, 24, 450, 493, 0, 0, 19.31%, 0, 30, 17, 148.18, 2186341, 517, 0, 0
19900, 24, 479, 493, 0, 0, 19.31%, 0, 30, 17, 153.79, 2187159, 517, 0, 0
19905, 24, 40, 493, 0, 0, 19.31%, 0, 30, 17, 157.69, 2187957, 517, 0, 0
19910, 24, 27, 493, 0, 0, 19.31%, 0, 30, 17, 162.11, 2188772, 517, 0, 0
19915, 24, 237, 493, 0, 0, 19.31%, 0, 30, 17, 146.90, 2189496, 517, 0, 0
19920, 24, 441, 493, 0, 0, 19.31%, 0, 30, 17, 133.72, 2190229, 517, 0, 0
19925, 24, 422, 493, 0, 0, 19.31%, 0, 30, 17, 144.37, 2190978, 517, 0, 0
19930, 24, 50, 493, 0, 0, 19.31%, 0, 30, 17, 156.99, 2191808, 517, 0, 0
19936, 24, 486, 493, 0, 0, 19.31%, 0, 30, 17, 160.07, 2192645, 517, 0, 0
19941, 24, 367, 493, 0, 0, 19.31%, 0, 30, 17, 146.71, 2193377, 517, 0, 0
19946, 24, 153, 493, 0, 0, 19.31%, 0, 30, 17, 137.58, 2194054, 517, 0, 0
19951, 24, 429, 493, 0, 0, 19.31%, 0, 30, 17, 135.89, 2194745, 517, 0, 0
19956, 24, 153, 493, 0, 0, 19.31%, 0, 30, 17, 132.50, 2195406, 517, 0, 0
19961, 24, 468, 493, 0, 0, 19.31%, 0, 30, 17, 146.10, 2196169, 517, 0, 0
19966, 24, 412, 493, 0, 0, 19.31%, 0, 30, 17, 141.78, 2196922, 517, 0, 0
19971, 24, 492, 493, 0, 0, 19.31%, 0, 30, 17, 141.35, 2197676, 517, 0, 0
19976, 24, 279, 493, 0, 0, 19.31%, 0, 30, 17, 138.89, 2198358, 517, 0, 0
19981, 24, 478, 493, 0, 0, 19.31%, 0, 30, 17, 154.39, 2199155, 517, 0, 0
19986, 24, 193, 493, 0, 0, 19.31%, 0, 30, 17, 153.85, 2199930, 517, 0, 0
19992, 24, 468, 493, 0, 0, 19.31%, 0, 30, 17, 152.39, 2200710, 517, 0, 0
19997, 24, 392, 493, 0, 0, 19.31%, 0, 30, 17, 150.64, 2201488, 517, 0, 0
20002, 24, 414, 493, 0, 0, 19.31%, 0, 30, 17, 150.67, 2202282, 517, 0, 0
20007, 24, 479, 493, 0, 0, 19.31%, 0, 30, 17, 152.70, 2203046, 517, 0, 0
20012, 24, 488, 493, 0, 0, 19.31%, 0, 30, 17, 150.67, 2203811, 517, 0, 0
20017, 24, 418, 493, 0, 0, 19.31%, 0, 30, 17, 159.29, 2204628, 517, 0, 0
20022, 24, 29, 493, 0, 0, 19.31%, 0, 30, 17, 160.70, 2205454, 517, 0, 0
20028, 24, 468, 493, 0, 0, 19.31%, 0, 30, 17, 149.13, 2206201, 517, 0, 0
20033, 24, 384, 493, 0, 0, 19.31%, 0, 30, 17, 146.91, 2206949, 517, 0, 0
20038, 24, 400, 493, 0, 0, 19.31%, 0, 30, 17, 141.98, 2207685, 517, 0, 0
20043, 24, 385, 493, 0, 0, 19.31%, 0, 30, 17, 144.28, 2208443, 517, 0, 0
20048, 24, 159, 493, 0, 0, 19.31%, 0, 30, 17, 140.65, 2209159, 517, 0, 0
20053, 24, 400, 493, 0, 0, 19.31%, 0, 30, 17, 143.64, 2209922, 517, 0, 0
20059, 24, 194, 493, 0, 0, 19.31%, 0, 30, 17, 151.57, 2210704, 517, 0, 0
20064, 24, 97, 493, 0, 0, 19.31%, 0, 30, 17, 153.81, 2211480, 517, 0, 0
20069, 24, 400, 493, 0, 0, 19.31%, 0, 30, 17, 131.89, 2212124, 517, 0, 0
20074, 24, 343, 493, 0, 0, 19.31%, 0, 30, 17, 145.25, 2212884, 517, 0, 0
20079, 24, 400, 493, 0, 0, 19.31%, 0, 30, 17, 147.18, 2213652, 517, 0, 0
20084, 24, 400, 493, 0, 0, 19.31%, 0, 30, 17, 141.75, 2214372, 517, 0, 0
20089, 24, 366, 493, 0, 0, 19.31%, 0, 30, 17, 151.71, 2215137, 517, 0, 0
20094, 24, 365, 493, 0, 0, 19.31%, 0, 30, 17, 152.62, 2215928, 517, 0, 0
20099, 24, 29, 493, 0, 0, 19.31%, 0, 30, 17, 140.10, 2216577, 517, 0, 0
20105, 24, 72, 493, 0, 0, 19.31%, 0, 30, 17, 148.92, 2217367, 517, 0, 0
20110, 24, 130, 493, 0, 0, 19.31%, 0, 30, 17, 85.13, 2217738, 517, 0, 0
20115, 24, 392, 493, 0, 0, 19.31%, 0, 30, 17, 136.25, 2218514, 517, 0, 0
20120, 24, 480, 493, 0, 0, 19.31%, 0, 30, 17, 152.33, 2219308, 517, 0, 0
20125, 24, 447, 493, 0, 0, 19.31%, 0, 30, 17, 155.34, 2220110, 517, 0, 0
20130, 24, 380, 493, 0, 0, 19.31%, 0, 30, 17, 137.85, 2220810, 517, 0, 0
20135, 24, 480, 493, 0, 0, 19.31%, 0, 30, 17, 144.62, 2221548, 517, 0, 0
20140, 24, 422, 493, 0, 0, 19.31%, 0, 30, 17, 139.90, 2222272, 517, 0, 0
20146, 24, 447, 493, 0, 0, 19.31%, 0, 30, 17, 152.23, 2223062, 517, 0, 0
20151, 24, 47, 493, 0, 0, 19.31%, 0, 30, 17, 150.80, 2223838, 517, 0, 0
20156, 24, 153, 493, 0, 0, 19.31%, 0, 30, 17, 154.72, 2224634, 517, 0, 0
20161, 24, 29, 493, 0, 0, 19.31%, 0, 30, 17, 159.88, 2225465, 517, 0, 0
20166, 24, 347, 493, 0, 0, 19.31%, 0, 30, 17, 142.55, 2226184, 517, 0, 0
20171, 24, 107, 493, 0, 0, 19.31%, 0, 30, 17, 152.17, 2226954, 517, 0, 0
20176, 24, 98, 493, 0, 0, 19.31%, 0, 30, 17, 152.34, 2227711, 517, 0, 0
20182, 24, 480, 493, 0, 0, 19.31%, 0, 30, 17, 152.44, 2228512, 517, 0, 0
20187, 24, 429, 493, 0, 0, 19.31%, 0, 30, 17, 150.28, 2229283, 517, 0, 0
20192, 24, 46, 493, 0, 0, 19.31%, 0, 30, 17, 146.66, 2230031, 517, 0, 0
20197, 24, 115, 493, 0, 0, 19.31%, 0, 30, 17, 151.05, 2230805, 517, 0, 0
20202, 24, 285, 493, 0, 0, 19.31%, 0, 30, 17, 157.90, 2231619, 517, 0, 0
20207, 24, 400, 493, 0, 0, 19.31%, 0, 30, 17, 149.79, 2232376, 517, 0, 0
20212, 24, 422, 493, 0, 0, 19.31%, 0, 30, 17, 146.29, 2233112, 517, 0, 0
20217, 24, 119, 493, 0, 0, 19.31%, 0, 30, 17, 153.25, 2233898, 517, 0, 0
20223, 24, 398, 493, 0, 0, 19.31%, 0, 30, 17, 150.47, 2234668, 517, 0, 0
20228, 24, 392, 493, 0, 0, 19.31%, 0, 30, 17, 150.25, 2235441, 517, 0, 0
20233, 24, 392, 493, 0, 0, 19.31%, 0, 30, 17, 149.17, 2236223, 517, 0, 0
20238, 24, 480, 493, 0, 0, 19.31%, 0, 30, 17, 151.35, 2237007, 517, 0, 0
20243, 24, 367, 493, 0, 0, 19.31%, 0, 30, 17, 141.10, 2237709, 517, 0, 0
20248, 24, 168, 493, 0, 0, 19.31%, 0, 30, 17, 151.22, 2238498, 517, 0, 0
20253, 24, 239, 493, 0, 0, 19.31%, 0, 30, 17, 150.27, 2239254, 517, 0, 0
20258, 24, 72, 493, 0, 0, 19.31%, 0, 30, 17, 142.10, 2239942, 517, 0, 0
20263, 24, 175, 493, 0, 0, 19.31%, 0, 30, 17, 150.35, 2240723, 517, 0, 0
20269, 24, 188, 493, 0, 0, 19.31%, 0, 30, 17, 157.33, 2241525, 517, 0, 0
20274, 24, 317, 493, 0, 0, 19.31%, 0, 30, 17, 152.76, 2242280, 517, 0, 0
20279, 24, 337, 493, 0, 0, 19.31%, 0, 30, 17, 153.18, 2243059, 517, 0, 0
20284, 25, 392, 493, 0, 0, 19.31%, 0, 30, 17, 155.26, 2243855, 517, 0, 0
20289, 25, 367, 493, 0, 0, 19.31%, 0, 30, 17, 135.23, 2244543, 517, 0, 0
20294, 25, 429, 493, 0, 0, 19.31%, 0, 30, 17, 135.42, 2245242, 517, 0, 0
20299, 25, 400, 493, 0, 0, 19.31%, 0, 30, 17, 139.69, 2245987, 517, 0, 0
20304, 25, 67, 493, 0, 0, 19.31%, 0, 30, 17, 155.56, 2246804, 517, 0, 0
20309, 25, 282, 493, 0, 0, 19.31%, 0, 30, 17, 157.79, 2247609, 517, 0, 0
20314, 25, 188, 493, 0, 0, 19.31%, 0, 30, 17, 156.28, 2248372, 517, 0, 0
20320, 25, 320, 493, 0, 0, 19.31%, 0, 30, 17, 160.32, 2249206, 517, 0, 0
20325, 25, 45, 493, 0, 0, 19.31%, 0, 30, 17, 137.52, 2249878, 517, 0, 0
20330, 25, 392, 493, 0, 0, 19.31%, 0, 30, 17, 144.54, 2250639, 517, 0, 0
20335, 25, 115, 493, 0, 0, 19.31%, 0, 30, 17, 155.68, 2251443, 517, 0, 0
20340, 25, 163, 493, 0, 0, 19.31%, 0, 30, 17, 158.33, 2252268, 517, 0, 0
20345, 25, 478, 493, 0, 0, 19.31%, 0, 30, 17, 153.86, 2253042, 517, 0, 0
20350, 25, 163, 493, 0, 0, 19.31%, 0, 30, 17, 154.70, 2253831, 517, 0, 0
20355, 25, 429, 493, 0, 0, 19.31%, 0, 30, 17, 153.18, 2254607, 517, 0, 0
20360, 25, 377, 493, 0, 0, 19.31%, 0, 30, 17, 147.31, 2255348, 517, 0, 0
20366, 25, 36, 493, 0, 0, 19.31%, 0, 30, 17, 145.05, 2256092, 517, 0, 0
20371, 25, 408, 493, 0, 0, 19.31%, 0, 30, 17, 138.19, 2256836, 517, 0, 0
20376, 25, 49, 493, 0, 0, 19.31%, 0, 30, 17, 143.21, 2257576, 517, 0, 0
20381, 25, 471, 493, 0, 0, 19.31%, 0, 30, 17, 93.85, 2258074, 517, 0, 0
20386, 25, 158, 493, 0, 0, 19.31%, 0, 30, 17, 139.18, 2258786, 517, 0, 0
20391, 25, 447, 493, 0, 0, 19.31%, 0, 30, 17, 151.01, 2259575, 517, 0, 0
20396, 25, 50, 493, 0, 0, 19.31%, 0, 30, 17, 161.20, 2260390, 517, 0, 0
20401, 25, 3, 493, 0, 0, 19.31%, 0, 30, 17, 155.04, 2261197, 517, 0, 0
20407, 25, 374, 493, 0, 0, 19.31%, 0, 30, 17, 144.11, 2261967, 517, 0, 0
20412, 25, 22, 493, 0, 0, 19.31%, 0, 30, 17, 143.87, 2262700, 517, 0, 0
20417, 25, 343, 493, 0, 0, 19.31%, 0, 30, 17, 146.96, 2263457, 517, 0, 0
20422, 25, 422, 493, 0, 0, 19.31%, 0, 30, 17, 148.91, 2264223, 517, 0, 0
20427, 25, 417, 493, 0, 0, 19.31%, 0, 30, 17, 148.33, 2264981, 517, 0, 0
20432, 25, 107, 493, 0, 0, 19.31%, 0, 30, 17, 154.96, 2265798, 517, 0, 0
20437, 25, 11, 493, 0, 0, 19.31%, 0, 30, 17, 159.13, 2266603, 517, 0, 0
20442, 25, 45, 493, 0, 0, 19.31%, 0, 30, 17, 153.42, 2267376, 517, 0, 0
20447, 25, 422, 493, 0, 0, 19.31%, 0, 30, 17, 153.51, 2268157, 517, 0, 0
20453, 25, 360, 493, 0, 0, 19.31%, 0, 30, 17, 155.03, 2268935, 517, 0, 0
20458, 25, 392, 493, 0, 0, 19.31%, 0, 30, 17, 150.47, 2269690, 517, 0, 0
20463, 25, 446, 493, 0, 0, 19.31%, 0, 30, 17, 156.52, 2270495, 517, 0, 0
20468, 25, 249, 493, 0, 0, 19.31%, 0, 30, 17, 161.53, 2271313, 517, 0, 0
20473, 25, 168, 493, 0, 0, 19.31%, 0, 30, 17, 152.21, 2272076, 517, 0, 0
20478, 25, 30, 493, 0, 0, 19.31%, 0, 30, 17, 158.50, 2272905, 517, 0, 0
20483, 25, 480, 493, 0, 0, 19.31%, 0, 30, 17, 150.66, 2273692, 517, 0, 0
20489, 25, 49, 493, 0, 0, 19.31%, 0, 30, 17, 144.56, 2274436, 517, 0, 0
20494, 25, 187, 493, 0, 0, 19.31%, 0, 30, 17, 154.21, 2275234, 517, 0, 0
20499, 25, 343, 493, 0, 0, 19.31%, 0, 30, 17, 147.14, 2275953, 517, 0, 0
20504, 25, 297, 493, 0, 0, 19.31%, 0, 30, 17, 153.36, 2276741, 517, 0, 0
20509, 25, 422, 493, 0, 0, 19.31%, 0, 30, 17, 153.97, 2277530, 517, 0, 0
20514, 25, 368, 493, 0, 0, 19.31%, 0, 30, 17, 160.43, 2278364, 517, 0, 0
20519, 25, 468, 493, 0, 0, 19.31%, 0, 30, 17, 155.30, 2279151, 517, 0, 0
20524, 25, 80, 493, 0, 0, 19.31%, 0, 30, 17, 156.03, 2279924, 517, 0, 0
20529, 25, 30, 493, 0, 0, 19.31%, 0, 30, 17, 154.01, 2280717, 517, 0, 0
20534, 25, 239, 493, 0, 0, 19.31%, 0, 30, 17, 155.87, 2281507, 517, 0, 0
20539, 25, 411, 493, 0, 0, 19.31%, 0, 30, 17, 147.49, 2282277, 517, 0, 0
20545, 25, 285, 493, 0, 0, 19.31%, 0, 30, 17, 146.64, 2283013, 517, 0, 0
20550, 25, 383, 493, 0, 0, 19.31%, 0, 30, 17, 145.84, 2283773, 517, 0, 0
20555, 25, 429, 493, 0, 0, 19.31%, 0, 30, 17, 149.75, 2284553, 517, 0, 0
20560, 25, 69, 493, 0, 0, 19.31%, 0, 30, 17, 152.38, 2285321, 517, 0, 0
20565, 25, 134, 493, 0, 0, 19.31%, 0, 30, 17, 149.76, 2286060, 517, 0, 0
20570, 25, 367, 493, 0, 0, 19.31%, 0, 30, 17, 155.52, 2286860, 517, 0, 0
20575, 25, 400, 493, 0, 0, 19.31%, 0, 30, 17, 139.91, 2287585, 517, 0, 0
20580, 25, 447, 493, 0, 0, 19.31%, 0, 30, 17, 155.09, 2288390, 517, 0, 0
20585, 25, 14, 493, 0, 0, 19.31%, 0, 30, 17, 150.52, 2289130, 517, 0, 0
20590, 25, 441, 493, 0, 0, 19.31%, 0, 30, 17, 151.71, 2289922, 517, 0, 0
20596, 25, 410, 493, 0, 0, 19.31%, 0, 30, 17, 137.50, 2290659, 517, 0, 0
20601, 25, 195, 493, 0, 0, 19.31%, 0, 30, 17, 149.65, 2291442, 517, 0, 0
20606, 25, 492, 493, 0, 0, 19.31%, 0, 30, 17, 155.77, 2292260, 517, 0, 0
20611, 25, 492, 493, 0, 0, 19.31%, 0, 31, 17, 139.37, 2292827, 517, 0, 0
20616, 25, 429, 493, 0, 0, 19.31%, 0, 31, 17, 145.12, 2293579, 517, 0, 0
20621, 25, 285, 493, 0, 0, 19.31%, 0, 31, 17, 145.76, 2294325, 517, 0, 0
20627, 25, 367, 493, 0, 0, 19.31%, 0, 31, 17, 152.64, 2295120, 517, 0, 0
20632, 25, 216, 493, 0, 0, 19.31%, 0, 31, 17, 150.96, 2295860, 517, 0, 0
20637, 25, 384, 493, 0, 0, 19.31%, 0, 31, 17, 135.85, 2296573, 517, 0, 0
20642, 25, 200, 493, 0, 0, 19.31%, 0, 31, 17, 154.62, 2297374, 517, 0, 0
20647, 25, 97, 493, 0, 0, 19.31%, 0, 31, 17, 155.19, 2298170, 517, 0, 0
20652, 25, 269, 493, 0, 0, 19.31%, 0, 31, 17, 158.04, 2298966, 517, 0, 0
20657, 25, 429, 493, 0, 0, 19.31%, 0, 31, 17, 153.38, 2299747, 517, 0, 0
20662, 25, 360, 493, 0, 0, 19.31%, 0, 31, 17, 144.32, 2300452, 517, 0, 0
20667, 25, 149, 493, 0, 0, 19.31%, 0, 31, 17, 153.78, 2301240, 517, 0, 0
20672, 25, 17, 493, 0, 0, 19.31%, 0, 31, 17, 159.18, 2302074, 517, 0, 0
20677, 25, 337, 493, 0, 0, 19.31%, 0, 31, 17, 158.31, 2302860, 517, 0, 0
20683, 25, 269, 493, 0, 0, 19.31%, 0, 31, 17, 159.59, 2303683, 517, 0, 0
20688, 25, 367, 493, 0, 0, 19.31%, 0, 31, 17, 148.29, 2304431, 517, 0, 0
20693, 25, 326, 493, 0, 0, 19.31%, 0, 31, 17, 150.51, 2305200, 517, 0, 0
20698, 25, 395, 493, 0, 0, 19.31%, 0, 31, 17, 137.61, 2305914, 517, 0, 0
20703, 25, 115, 493, 0, 0, 19.31%, 0, 31, 17, 131.30, 2306561, 517, 0, 0
20708, 25, 30, 493, 0, 0, 19.31%, 0, 31, 17, 131.95, 2307233, 517, 0, 0
20713, 25, 468, 493, 0, 0, 19.31%, 0, 31, 17, 146.77, 2307995, 517, 0, 0
20719, 25, 421, 493, 0, 0, 19.31%, 0, 31, 17, 153.64, 2308792, 517, 0, 0
20724, 25, 285, 493, 0, 0, 19.31%, 0, 31, 17, 153.31, 2309568, 517, 0, 0
20729, 25, 107, 493, 0, 0, 19.31%, 0, 31, 17, 141.33, 2310236, 517, 0, 0
20734, 25, 122, 493, 0, 0, 19.31%, 0, 31, 17, 154.29, 2311059, 517, 0, 0
20739, 25, 224, 493, 0, 0, 19.31%, 0, 31, 17, 154.11, 2311828, 517, 0, 0
20744, 26, 134, 493, 0, 0, 19.31%, 0, 31, 17, 152.70, 2312589, 517, 0, 0
20749, 26, 49, 493, 0, 0, 19.31%, 0, 31, 17, 158.47, 2313410, 517, 0, 0
20754, 26, 480, 493, 0, 0, 19.31%, 0, 31, 17, 151.23, 2314192, 517, 0, 0
20760, 26, 229, 493, 0, 0, 19.31%, 0, 31, 17, 154.16, 2314984, 517, 0, 0
20765, 26, 159, 493, 0, 0, 19.31%, 0, 31, 17, 151.44, 2315747, 517, 0, 0
20770, 26, 392, 493, 0, 0, 19.31%, 0, 31, 17, 152.62, 2316551, 517, 0, 0
20775, 26, 478, 493, 0, 0, 19.31%, 0, 31, 17, 153.68, 2317340, 517, 0, 0
20780, 26, 486, 493, 0, 0, 19.31%, 0, 31, 17, 160.23, 2318150, 517, 0, 0
20785, 26, 490, 493, 0, 0, 19.31%, 0, 31, 17, 155.74, 2318921, 517, 0, 0
20790, 26, 443, 493, 0, 0, 19.31%, 0, 31, 17, 157.06, 2319749, 517, 0, 0
20795, 26, 168, 493, 0, 0, 19.31%, 0, 31, 17, 155.22, 2320533, 517, 0, 0
20800, 26, 441, 493, 0, 0, 19.31%, 0, 31, 17, 150.17, 2321305, 517, 0, 0
20806, 26, 422, 493, 0, 0, 19.31%, 0, 31, 17, 142.67, 2322036, 517, 0, 0
20811, 26, 400, 493, 0, 0, 19.31%, 0, 31, 17, 138.43, 2322742, 517, 0, 0
20816, 26, 478, 493, 0, 0, 19.31%, 0, 31, 17, 141.50, 2323432, 517, 0, 0
20821, 26, 187, 493, 0, 0, 19.31%, 0, 31, 17, 144.95, 2324209, 517, 0, 0
20826, 26, 25, 493, 0, 0, 19.31%, 0, 31, 17, 156.18, 2325034, 517, 0, 0
20831, 26, 468, 493, 0, 0, 19.31%, 0, 31, 17, 156.33, 2325852, 517, 0, 0
20836, 26, 284, 493, 0, 0, 19.31%, 0, 31, 17, 150.36, 2326599, 517, 0, 0
20842, 26, 360, 493, 0, 0, 19.31%, 0, 31, 17, 151.25, 2327364, 517, 0, 0
20847, 26, 392, 493, 0, 0, 19.31%, 0, 31, 17, 154.86, 2328179, 517, 0, 0
20852, 26, 343, 493, 0, 0, 19.31%, 0, 31, 17, 139.29, 2328878, 517, 0, 0
20857, 26, 412, 493, 0, 0, 19.31%, 0, 31, 17, 138.55, 2329607, 517, 0, 0
20862, 26, 360, 493, 0, 0, 19.31%, 0, 31, 17, 141.33, 2330325, 517, 0, 0
20867, 26, 400, 493, 0, 0, 19.31%, 0, 31, 17, 146.44, 2331096, 517, 0, 0
20873, 26, 486, 493, 0, 0, 19.31%, 0, 31, 17, 150.51, 2331870, 517, 0, 0
20878, 26, 400, 493, 0, 0, 19.31%, 0, 31, 17, 134.98, 2332558, 517, 0, 0
20883, 26, 237, 493, 0, 0, 19.31%, 0, 31, 17, 141.66, 2333296, 517, 0, 0
20888, 26, 466, 493, 0, 0, 19.31%, 0, 31, 17, 152.67, 2334098, 517, 0, 0
20893, 26, 360, 493, 0, 0, 19.31%, 0, 31, 17, 154.97, 2334904, 517, 0, 0
20898, 26, 491, 493, 0, 0, 19.31%, 0, 31, 17, 153.32, 2335683, 517, 0, 0
20903, 26, 491, 493, 0, 0, 19.31%, 0, 31, 17, 142.38, 2336406, 517, 0, 0
20909, 26, 491, 493, 0, 0, 19.31%, 0, 31, 17, 141.11, 2337136, 517, 0, 0
20914, 26, 224, 493, 0, 0, 19.31%, 0, 31, 17, 151.63, 2337935, 517, 0, 0
20919, 26, 400, 493, 0, 0, 19.31%, 0, 31, 17, 123.02, 2338548, 517, 0, 0
20924, 26, 124, 493, 0, 0, 19.31%, 0, 31, 17, 140.08, 2339279, 517, 0, 0
20929, 26, 492, 493, 0, 0, 19.31%, 0, 31, 17, 152.40, 2340088, 517, 0, 0
20934, 26, 492, 493, 0, 0, 19.31%, 0, 31, 17, 132.22, 2340739, 517, 0, 0
20940, 26, 196, 493, 0, 0, 19.31%, 0, 31, 17, 143.94, 2341466, 517, 0, 0
20945, 26, 322, 493, 0, 0, 19.31%, 0, 31, 17, 155.17, 2342281, 517, 0, 0
20950, 26, 285, 493, 0, 0, 19.31%, 0, 31, 17, 149.88, 2343033, 517, 0, 0
20955, 26, 429, 493, 0, 0, 19.31%, 0, 31, 17, 152.36, 2343823, 517, 0, 0
20960, 26, 429, 493, 0, 0, 19.31%, 0, 31, 17, 154.11, 2344614, 517, 0, 0
20965, 26, 422, 493, 0, 0, 19.31%, 0, 31, 17, 141.10, 2345350, 517, 0, 0
20971, 26, 156, 493, 0, 0, 19.31%, 0, 31, 17, 153.39, 2346155, 517, 0, 0
20976, 26, 422, 493, 0, 0, 19.31%, 0, 31, 17, 155.49, 2346966, 517, 0, 0
20981, 26, 468, 493, 0, 0, 19.31%, 0, 31, 17, 148.85, 2347704, 517, 0, 0
20986, 26, 343, 493, 0, 0, 19.31%, 0, 31, 17, 150.87, 2348482, 517, 0, 0
20991, 26, 367, 493, 0, 0, 19.31%, 0, 31, 17, 142.85, 2349188, 517, 0, 0
20996, 26, 429, 493, 0, 0, 19.31%, 0, 31, 17, 143.30, 2349911, 517, 0, 0
21001, 26, 193, 493, 0, 0, 19.31%, 0, 31, 17, 152.54, 2350705, 517, 0, 0
21006, 26, 1, 493, 0, 0, 19.31%, 0, 31, 17, 140.86, 2351419, 517, 0, 0
21011, 26, 132, 493, 0, 0, 19.31%, 0, 31, 17, 152.67, 2352216, 517, 0, 0
21016, 26, 26, 493, 0, 0, 19.31%, 0, 31, 17, 159.88, 2353026, 517, 0, 0
21022, 26, 422, 493, 0, 0, 19.31%, 0, 31, 17, 158.35, 2353832, 517, 0, 0
21027, 26, 471, 493, 0, 0, 19.31%, 0, 31, 17, 129.48, 2354498, 517, 0, 0
21032, 26, 412, 493, 0, 0, 19.31%, 0, 31, 17, 98.86, 2354895, 517, 0, 0
21037, 26, 466, 493, 0, 0, 19.31%, 0, 31, 17, 145.63, 2355700, 517, 0, 0
21042, 26, 480, 493, 0, 0, 19.31%, 0, 31, 17, 146.90, 2356458, 517, 0, 0
21047, 26, 422, 493, 0, 0, 19.31%, 0, 31, 17, 152.14, 2357257, 517, 0, 0
21052, 26, 343, 493, 0, 0, 19.31%, 0, 31, 17, 156.99, 2358035, 517, 0, 0
21057, 26, 278, 493, 0, 0, 19.31%, 0, 31, 17, 155.04, 2358818, 517, 0, 0
21062, 26, 468, 493, 0, 0, 19.31%, 0, 31, 17, 151.18, 2359572, 517, 0, 0
21067, 26, 474, 493, 0, 0, 19.31%, 0, 31, 17, 152.60, 2360327, 517, 0, 0
21072, 26, 72, 493, 0, 0, 19.31%, 0, 31, 17, 152.23, 2361096, 517, 0, 0
21077, 26, 45, 493, 0, 0, 19.31%, 0, 31, 17, 156.80, 2361882, 517, 0, 0
21082, 26, 428, 493, 0, 0, 19.31%, 0, 31, 17, 134.68, 2362580, 517, 0, 0
21088, 26, 14, 493, 0, 0, 19.31%, 0, 31, 17, 151.27, 2363377, 517, 0, 0
21093, 26, 399, 493, 0, 0, 19.31%, 0, 31, 17, 151.20, 2364154, 517, 0, 0
21098, 26, 432, 493, 0, 0, 19.31%, 0, 31, 17, 150.40, 2364927, 517, 0, 0
21103, 26, 422, 493, 0, 0, 19.31%, 0, 31, 17, 152.90, 2365707, 517, 0, 0
21108, 26, 156, 493, 0, 0, 19.31%, 0, 31, 17, 148.93, 2366471, 517, 0, 0
21113, 26, 392, 493, 0, 0, 19.31%, 0, 31, 17, 151.87, 2367264, 517, 0, 0
21118, 26, 491, 493, 0, 0, 19.31%, 0, 31, 17, 138.96, 2367974, 517, 0, 0
21124, 26, 491, 493, 0, 0, 19.31%, 0, 31, 17, 134.18, 2368668, 517, 0, 0
21129, 26, 47, 493, 0, 0, 19.31%, 0, 31, 17, 146.16, 2369418, 517, 0, 0
21134, 26, 467, 493, 0, 0, 19.31%, 0, 31, 17, 153.22, 2370209, 517, 0, 0
21139, 26, 216, 493, 0, 0, 19.31%, 0, 31, 17, 117.23, 2370658, 517, 0, 0
21144, 26, 218, 493, 0, 0, 19.31%, 0, 31, 17, 152.02, 2371487, 517, 0, 0
21149, 26, 429, 493, 0, 0, 19.31%, 0, 31, 17, 152.78, 2372288, 517, 0, 0
21154, 26, 419, 493, 0, 0, 19.31%, 0, 31, 17, 153.94, 2373068, 517, 0, 0
21159, 26, 50, 493, 0, 0, 19.31%, 0, 31, 17, 154.06, 2373850, 517, 0, 0
21165, 26, 14, 493, 0, 0, 19.31%, 0, 31, 17, 155.31, 2374650, 517, 0, 0
21170, 26, 429, 493, 0, 0, 19.31%, 0, 31, 17, 152.99, 2375443, 517, 0, 0
21175, 26, 485, 493, 0, 0, 19.31%, 0, 31, 17, 158.56, 2376259, 517, 0, 0
21180, 26, 25, 493, 0, 0, 19.31%, 0, 31, 17, 156.97, 2377049, 517, 0, 0
21185, 26, 486, 493, 0, 0, 19.31%, 0, 31, 17, 153.65, 2377810, 517, 0, 0
21190, 26, 378, 493, 0, 0, 19.31%, 0, 31, 17, 146.23, 2378558, 517, 0, 0
21195, 26, 47, 493, 0, 0, 19.31%, 0, 31, 17, 136.42, 2379182, 517, 0, 0
21200, 26, 115, 493, 0, 0, 19.31%, 0, 31, 17, 148.15, 2379949, 517, 0, 0
21205, 26, 196, 493, 0, 0, 19.31%, 0, 31, 17, 138.14, 2380610, 517, 0, 0
21210, 26, 98, 493, 0, 0, 19.31%, 0, 31, 17, 139.38, 2381340, 517, 0, 0
21216, 26, 429, 493, 0, 0, 19.31%, 0, 31, 17, 140.11, 2382082, 517, 0, 0
21221, 26, 237, 493, 0, 0, 19.31%, 0, 31, 17, 152.28, 2382864, 517, 0, 0
21226, 26, 480, 493, 0, 0, 19.31%, 0, 31, 17, 143.26, 2383613, 517, 0, 0
21231, 26, 14, 493, 0, 0, 19.31%, 0, 31, 17, 152.21, 2384390, 517, 0, 0
21236, 26, 153, 493, 0, 0, 19.31%, 0, 31, 17, 157.66, 2385202, 517, 0, 0
21241, 27, 199, 493, 0, 0, 19.31%, 0, 31, 17, 154.19, 2385994, 517, 0, 0
21247, 27, 400, 493, 0, 0, 19.31%, 0, 31, 17, 148.93, 2386767, 517, 0, 0
21252, 27, 411, 493, 0, 0, 19.31%, 0, 31, 17, 141.55, 2387500, 517, 0, 0
21257, 27, 80, 493, 0, 0, 19.31%, 0, 31, 17, 150.53, 2388291, 517, 0, 0
21262, 27, 392, 493, 0, 0, 19.31%, 0, 31, 17, 151.73, 2389089, 517, 0, 0
21267, 27, 199, 493, 0, 0, 19.31%, 0, 31, 17, 143.77, 2389807, 517, 0, 0
21272, 27, 491, 493, 0, 0, 19.31%, 0, 31, 17, 146.66, 2390587, 517, 0, 0
21278, 27, 491, 493, 0, 0, 19.31%, 0, 31, 17, 139.82, 2391307, 517, 0, 0
21283, 27, 216, 493, 0, 0, 19.31%, 0, 31, 17, 146.12, 2392053, 517, 0, 0
21288, 27, 177, 493, 0, 0, 19.31%, 0, 31, 17, 141.88, 2392789, 517, 0, 0
21293, 27, 491, 493, 0, 0, 19.31%, 0, 31, 17, 149.85, 2393586, 517, 0, 0
21298, 27, 491, 493, 0, 0, 19.31%, 0, 31, 17, 145.32, 2394334, 517, 0, 0
21304, 27, 163, 493, 0, 0, 19.31%, 0, 31, 17, 141.68, 2395062, 517, 0, 0
21309, 27, 180, 493, 0, 0, 19.31%, 0, 31, 17, 157.54, 2395895, 517, 0, 0
21314, 27, 422, 493, 0, 0, 19.31%, 0, 31, 17, 150.64, 2396656, 517, 0, 0
21319, 27, 163, 493, 0, 0, 19.31%, 0, 31, 17, 152.35, 2397427, 517, 0, 0
21324, 27, 182, 493, 0, 0, 19.31%, 0, 31, 17, 147.18, 2398171, 517, 0, 0
21329, 27, 50, 493, 0, 0, 19.31%, 0, 31, 17, 152.16, 2398970, 517, 0, 0
21334, 27, 392, 493, 0, 0, 19.31%, 0, 31, 17, 146.47, 2399699, 517, 0, 0
21340, 27, 480, 493, 0, 0, 19.31%, 0, 31, 17, 146.53, 2400454, 517, 0, 0
21345, 27, 429, 493, 0, 0, 19.31%, 0, 31, 17, 143.36, 2401181, 517, 0, 0
21350, 27, 441, 493, 0, 0, 19.31%, 0, 31, 17, 155.34, 2401971, 517, 0, 0
21355, 27, 422, 493, 0, 0, 19.31%, 0, 31, 17, 147.19, 2402696, 517, 0, 0
21360, 27, 224, 493, 0, 0, 19.31%, 0, 31, 17, 152.78, 2403505, 517, 0, 0
21365, 27, 36, 493, 0, 0, 19.31%, 0, 31, 17, 149.65, 2404272, 517, 0, 0
21370, 27, 422, 493, 0, 0, 19.31%, 0, 31, 17, 152.93, 2405056, 517, 0, 0
21375, 27, 67, 493, 0, 0, 19.31%, 0, 31, 17, 149.41, 2405783, 517, 0, 0
21381, 27, 339, 493, 0, 0, 19.31%, 0, 31, 17, 147.90, 2406557, 517, 0, 0
21386, 27, 422, 493, 0, 0, 19.31%, 0, 31, 17, 151.47, 2407349, 517, 0, 0
21391, 27, 399, 493, 0, 0, 19.31%, 0, 31, 17, 144.54, 2408075, 517, 0, 0
21396, 27, 468, 493, 0, 0, 19.31%, 0, 31, 17, 135.12, 2408734, 517, 0, 0
21401, 27, 478, 493, 0, 0, 19.31%, 0, 31, 17, 125.76, 2409424, 517, 0, 0
21406, 27, 339, 493, 0, 0, 19.31%, 0, 31, 17, 146.77, 2410191, 517, 0, 0
21411, 27, 418, 493, 0, 0, 19.31%, 0, 31, 17, 155.05, 2410993, 517, 0, 0
21416, 27, 168, 493, 0, 0, 19.31%, 0, 31, 17, 153.40, 2411756, 517, 0, 0
21421, 27, 50, 493, 0, 0, 19.31%, 0, 31, 17, 148.99, 2412507, 517, 0, 0
21426, 27, 371, 493, 0, 0, 19.31%, 0, 31, 17, 147.35, 2413256, 517, 0, 0
21432, 27, 478, 493, 0, 0, 19.31%, 0, 31, 17, 152.98, 2414041, 517, 0, 0
21437, 27, 478, 493, 0, 0, 19.31%, 0, 31, 17, 142.95, 2414768, 517, 0, 0
21442, 27, 47, 493, 0, 0, 19.31%, 0, 31, 17, 147.29, 2415531, 517, 0, 0
21447, 27, 492, 493, 0, 0, 19.31%, 0, 31, 17, 136.97, 2416256, 517, 0, 0
21452, 27, 400, 493, 0, 0, 19.31%, 0, 31, 17, 126.65, 2416898, 517, 0, 0
21458, 27, 486, 493, 0, 0, 19.31%, 0, 31, 17, 143.21, 2417645, 517, 0, 0
21463, 27, 475, 493, 0, 0, 19.31%, 0, 31, 17, 139.60, 2418351, 517, 0, 0
21468, 27, 468, 493, 0, 0, 19.31%, 0, 31, 17, 148.30, 2419142, 517, 0, 0
21473, 27, 400, 493, 0, 0, 19.31%, 0, 31, 17, 127.55, 2419796, 517, 0, 0
21478, 27, 392, 493, 0, 0, 19.31%, 0, 31, 17, 141.67, 2420547, 517, 0, 0
21483, 27, 240, 493, 0, 0, 19.31%, 0, 31, 17, 144.74, 2421304, 517, 0, 0
21489, 27, 185, 493, 0, 0, 19.31%, 0, 31, 17, 152.97, 2422085, 517, 0, 0
21494, 27, 441, 493, 0, 0, 19.31%, 0, 31, 17, 137.90, 2422791, 517, 0, 0
21499, 27, 239, 493, 0, 0, 19.31%, 0, 31, 17, 144.16, 2423543, 517, 0, 0
21504, 27, 468, 493, 0, 0, 19.31%, 0, 31, 17, 147.64, 2424305, 517, 0, 0
21509, 27, 429, 493, 0, 0, 19.31%, 0, 31, 17, 139.18, 2425020, 517, 0, 0
21514, 27, 392, 493, 0, 0, 19.31%, 0, 31, 17, 138.84, 2425722, 517, 0, 0
21519, 27, 182, 493, 0, 0, 19.31%, 0, 32, 17, 148.18, 2426267, 517, 0, 0
21525, 27, 441, 493, 0, 0, 19.31%, 0, 32, 17, 148.58, 2427022, 517, 0, 0
21530, 27, 261, 493, 0, 0, 19.31%, 0, 32, 17, 150.37, 2427799, 517, 0, 0
21535, 27, 2, 493, 0, 0, 19.31%, 0, 32, 17, 154.99, 2428606, 517, 0, 0
21540, 27, 479, 493, 0, 0, 19.31%, 0, 32, 17, 154.60, 2429384, 517, 0, 0
21545, 27, 75, 493, 0, 0, 19.31%, 0, 32, 17, 151.23, 2430139, 517, 0, 0
22554, 27, 285, 493, 0, 0, 19.31%, 0, 32, 17, 0.02, 2430426, 517, 0, 0
22560, 27, 238, 493, 0, 0, 19.31%, 0, 32, 17, 151.01, 2431192, 517, 0, 0
22565, 27, 422, 493, 0, 0, 19.31%, 0, 32, 17, 147.10, 2431956, 517, 0, 0
22570, 27, 239, 493, 0, 0, 19.31%, 0, 32, 17, 147.78, 2432703, 517, 0, 0
22575, 27, 49, 493, 0, 0, 19.31%, 0, 32, 17, 155.16, 2433499, 517, 0, 0
22580, 27, 367, 493, 0, 0, 19.31%, 0, 32, 17, 152.96, 2434292, 517, 0, 0
22585, 27, 480, 493, 0, 0, 19.31%, 0, 32, 17, 137.03, 2434966, 517, 0, 0
22590, 27, 22, 493, 0, 0, 19.31%, 0, 32, 17, 147.62, 2435728, 517, 0, 0
22596, 27, 196, 493, 0, 0, 19.31%, 0, 32, 17, 133.00, 2436394, 517, 0, 0
22601, 27, 429, 493, 0, 0, 19.31%, 0, 32, 17, 142.14, 2437137, 517, 0, 0
22606, 27, 422, 493, 0, 0, 19.31%, 0, 32, 17, 141.84, 2437866, 517, 0, 0
22611, 27, 447, 493, 0, 0, 19.31%, 0, 32, 17, 147.64, 2438620, 517, 0, 0
22616, 27, 180, 493, 0, 0, 19.31%, 0, 32, 17, 156.36, 2439414, 517, 0, 0
22621, 27, 48, 493, 0, 0, 19.31%, 0, 32, 17, 154.69, 2440214, 517, 0, 0
22626, 27, 404, 493, 0, 0, 19.31%, 0, 32, 17, 131.94, 2440890, 517, 0, 0
22631, 27, 46, 493, 0, 0, 19.31%, 0, 32, 17, 146.52, 2441642, 517, 0, 0
22636, 27, 422, 493, 0, 0, 19.31%, 0, 32, 17, 149.56, 2442411, 517, 0, 0
22642, 27, 422, 493, 0, 0, 19.31%, 0, 32, 17, 150.69, 2443184, 517, 0, 0
22647, 27, 46, 493, 0, 0, 19.31%, 0, 32, 17, 155.22, 2443973, 517, 0, 0
22652, 27, 5, 493, 0, 0, 19.31%, 0, 32, 17, 159.75, 2444792, 517, 0, 0
22657, 27, 400, 493, 0, 0, 19.31%, 0, 32, 17, 149.42, 2445534, 517, 0, 0
22662, 27, 398, 493, 0, 0, 19.31%, 0, 32, 17, 152.11, 2446310, 517, 0, 0
22667, 27, 491, 493, 0, 0, 19.31%, 0, 32, 17, 135.99, 2447000, 517, 0, 0
22672, 27, 491, 493, 0, 0, 19.31%, 0, 32, 17, 129.26, 2447660, 517, 0, 0
22677, 27, 491, 493, 0, 0, 19.31%, 0, 32, 17, 128.25, 2448324, 517, 0, 0
22683, 27, 356, 493, 0, 0, 19.31%, 0, 32, 17, 145.03, 2449078, 517, 0, 0
22688, 27, 380, 493, 0, 0, 19.31%, 0, 32, 17, 149.60, 2449857, 517, 0, 0
22693, 27, 1, 493, 0, 0, 19.31%, 0, 32, 17, 146.79, 2450567, 517, 0, 0
22698, 27, 486, 493, 0, 0, 19.31%, 0, 32, 17, 158.11, 2451401, 517, 0, 0
22703, 27, 392, 493, 0, 0, 19.31%, 0, 32, 17, 155.77, 2452204, 517, 0, 0
22708, 27, 216, 493, 0, 0, 19.31%, 0, 32, 17, 150.29, 2452949, 517, 0, 0
22713, 27, 479, 493, 0, 0, 19.31%, 0, 32, 17, 142.61, 2453677, 517, 0, 0
22718, 27, 422, 493, 0, 0, 19.31%, 0, 32, 17, 138.99, 2454348, 517, 0, 0
22723, 27, 393, 493, 0, 0, 19.31%, 0, 32, 17, 152.21, 2455144, 517, 0, 0
22729, 27, 422, 493, 0, 0, 19.31%, 0, 32, 17, 149.19, 2455877, 517, 0, 0
22734, 27, 475, 493, 0, 0, 19.31%, 0, 32, 17, 155.09, 2456647, 517, 0, 0
22739, 27, 478, 493, 0, 0, 19.31%, 0, 32, 17, 157.23, 2457479, 517, 0, 0
22744, 27, 480, 493, 0, 0, 19.31%, 0, 32, 17, 145.40, 2458216, 517, 0, 0
22749, 27, 396, 493, 0, 0, 19.31%, 0, 32, 17, 143.05, 2458967, 517, 0, 0
22754, 27, 384, 493, 0, 0, 19.31%, 0, 32, 17, 135.77, 2459679, 517, 0, 0
22759, 27, 429, 493, 0, 0, 19.31%, 0, 32, 17, 143.73, 2460414, 517, 0, 0
22765, 27, 252, 493, 0, 0, 19.31%, 0, 32, 17, 154.09, 2461212, 517, 0, 0
22770, 27, 67, 493, 0, 0, 19.31%, 0, 32, 17, 155.83, 2462021, 517, 0, 0
22775, 27, 478, 493, 0, 0, 19.31%, 0, 32, 17, 154.63, 2462820, 517, 0, 0
22780, 27, 25, 493, 0, 0, 19.31%, 0, 32, 17, 159.13, 2463650, 517, 0, 0
22785, 28, 480, 493, 0, 0, 19.31%, 0, 32, 17, 159.16, 2464476, 517, 0, 0
22790, 28, 195, 493, 0, 0, 19.31%, 0, 32, 17, 142.69, 2465191, 517, 0, 0
22795, 28, 488, 493, 0, 0, 19.31%, 0, 32, 17, 142.93, 2465868, 517, 0, 0
22801, 28, 486, 493, 0, 0, 19.31%, 0, 32, 17, 155.53, 2466682, 517, 0, 0
22806, 28, 477, 493, 0, 0, 19.31%, 0, 32, 17, 148.91, 2467460, 517, 0, 0
22811, 28, 47, 493, 0, 0, 19.31%, 0, 32, 17, 149.83, 2468179, 517, 0, 0
22816, 28, 419, 493, 0, 0, 19.31%, 0, 32, 17, 155.05, 2468991, 517, 0, 0
22821, 28, 429, 493, 0, 0, 19.31%, 0, 32, 17, 154.23, 2469762, 517, 0, 0
22826, 28, 486, 493, 0, 0, 19.31%, 0, 32, 17, 161.49, 2470577, 517, 0, 0
22831, 28, 400, 493, 0, 0, 19.31%, 0, 32, 17, 155.39, 2471391, 517, 0, 0
22836, 28, 40, 493, 0, 0, 19.31%, 0, 32, 17, 156.94, 2472179, 517, 0, 0
22841, 28, 486, 493, 0, 0, 19.31%, 0, 32, 17, 147.46, 2472941, 517, 0, 0
22846, 28, 429, 493, 0, 0, 19.31%, 0, 32, 17, 152.19, 2473728, 517, 0, 0
22851, 28, 153, 493, 0, 0, 19.31%, 0, 32, 17, 139.63, 2474416, 517, 0, 0
22857, 28, 247, 493, 0, 0, 19.31%, 0, 32, 17, 150.41, 2475196, 517, 0, 0
22862, 28, 491, 493, 0, 0, 19.31%, 0, 32, 17, 143.85, 2475915, 517, 0, 0
22867, 28, 491, 493, 0, 0, 19.31%, 0, 32, 17, 140.72, 2476615, 517, 0, 0
22872, 28, 480, 493, 0, 0, 19.31%, 0, 32, 17, 142.12, 2477349, 517, 0, 0
22877, 28, 422, 493, 0, 0, 19.31%, 0, 32, 17, 145.77, 2478101, 517, 0, 0
22882, 28, 487, 493, 0, 0, 19.31%, 0, 32, 17, 144.31, 2478856, 517, 0, 0
22887, 28, 367, 493, 0, 0, 19.31%, 0, 32, 17, 136.15, 2479563, 517, 0, 0
22892, 28, 368, 493, 0, 0, 19.31%, 0, 32, 17, 98.16, 2479954, 517, 0, 0
22898, 28, 324, 493, 0, 0, 19.31%, 0, 32, 17, 139.04, 2480689, 517, 0, 0
22903, 28, 14, 493, 0, 0, 19.31%, 0, 32, 17, 154.28, 2481497, 517, 0, 0
22908, 28, 441, 493, 0, 0, 19.31%, 0, 32, 17, 151.67, 2482247, 517, 0, 0
22913, 28, 158, 493, 0, 0, 19.31%, 0, 32, 17, 157.09, 2483058, 517, 0, 0
22918, 28, 466, 493, 0, 0, 19.31%, 0, 32, 17, 159.14, 2483888, 517, 0, 0
22923, 28, 202, 493, 0, 0, 19.31%, 0, 32, 17, 160.25, 2484713, 517, 0, 0
22928, 28, 466, 493, 0, 0, 19.31%, 0, 32, 17, 156.10, 2485477, 517, 0, 0
22933, 28, 316, 493, 0, 0, 19.31%, 0, 32, 17, 150.24, 2486223, 517, 0, 0
22938, 28, 61, 493, 0, 0, 19.31%, 0, 32, 17, 159.75, 2487036, 517, 0, 0
22944, 28, 479, 493, 0, 0, 19.31%, 0, 32, 17, 158.70, 2487854, 517, 0, 0
22949, 28, 373, 493, 0, 0, 19.31%, 0, 32, 17, 139.07, 2488548, 517, 0, 0
22954, 28, 343, 493, 0, 0, 19.31%, 0, 32, 17, 155.18, 2489356, 517, 0, 0
22959, 28, 286, 493, 0, 0, 19.31%, 0, 32, 17, 155.20, 2490154, 517, 0, 0
22964, 28, 479, 493, 0, 0, 19.31%, 0, 32, 17, 144.14, 2490894, 517, 0, 0
22969, 28, 468, 493, 0, 0, 19.31%, 0, 32, 17, 145.31, 2491618, 517, 0, 0
22974, 28, 360, 493, 0, 0, 19.31%, 0, 32, 17, 149.51, 2492385, 517, 0, 0
22979, 28, 107, 493, 0, 0, 19.31%, 0, 32, 17, 144.69, 2493121, 517, 0, 0
22985, 28, 450, 493, 0, 0, 19.31%, 0, 32, 17, 157.60, 2493958, 517, 0, 0
22990, 28, 36, 493, 0, 0, 19.31%, 0, 32, 17, 155.31, 2494755, 517, 0, 0
22995, 28, 400, 493, 0, 0, 19.31%, 0, 32, 17, 141.21, 2495491, 517, 0, 0
23000, 28, 400, 493, 0, 0, 19.31%, 0, 32, 17, 137.46, 2496201, 517, 0, 0
23005, 28, 360, 493, 0, 0, 19.31%, 0, 32, 17, 149.60, 2496955, 517, 0, 0
23010, 28, 390, 493, 0, 0, 19.31%, 0, 32, 17, 152.83, 2497764, 517, 0, 0
23015, 28, 216, 493, 0, 0, 19.31%, 0, 32, 17, 155.75, 2498527, 517, 0, 0
23021, 28, 392, 493, 0, 0, 19.31%, 0, 32, 17, 154.91, 2499334, 517, 0, 0
23026, 28, 239, 493, 0, 0, 19.31%, 0, 32, 17, 153.57, 2500114, 517, 0, 0
23031, 28, 392, 493, 0, 0, 19.31%, 0, 32, 17, 153.64, 2500927, 517, 0, 0
23036, 28, 239, 493, 0, 0, 19.31%, 0, 32, 17, 155.62, 2501705, 517, 0, 0
23041, 28, 400, 493, 0, 0, 19.31%, 0, 32, 17, 156.87, 2502514, 517, 0, 0
23046, 28, 429, 493, 0, 0, 19.31%, 0, 32, 17, 149.77, 2503224, 517, 0, 0
23051, 28, 468, 493, 0, 0, 19.31%, 0, 32, 17, 148.55, 2503988, 517, 0, 0
23057, 28, 368, 493, 0, 0, 19.31%, 0, 32, 17, 150.41, 2504752, 517, 0, 0
23062, 28, 479, 493, 0, 0, 19.31%, 0, 32, 17, 140.66, 2505478, 517, 0, 0
23067, 28, 400, 493, 0, 0, 19.31%, 0, 32, 17, 143.12, 2506151, 517, 0, 0
23072, 28, 14, 493, 0, 0, 19.31%, 0, 32, 17, 153.05, 2506925, 517, 0, 0
23077, 28, 26, 493, 0, 0, 19.31%, 0, 32, 17, 156.34, 2507707, 517, 0, 0
23082, 28, 266, 493, 0, 0, 19.31%, 0, 32, 17, 141.17, 2508416, 517, 0, 0
23087, 28, 441, 493, 0, 0, 19.31%, 0, 32, 17, 128.76, 2509101, 517, 0, 0
23092, 28, 422, 493, 0, 0, 19.31%, 0, 32, 17, 141.88, 2509865, 517, 0, 0
23097, 28, 170, 493, 0, 0, 19.31%, 0, 32, 17, 142.39, 2510565, 517, 0, 0
23102, 28, 486, 493, 0, 0, 19.31%, 0, 32, 17, 147.24, 2511338, 517, 0, 0
23107, 28, 45, 493, 0, 0, 19.31%, 0, 32, 17, 141.46, 2512049, 517, 0, 0
23113, 28, 368, 493, 0, 0, 19.31%, 0, 32, 17, 152.50, 2512854, 517, 0, 0
23118, 28, 468, 493, 0, 0, 19.31%, 0, 32, 17, 153.42, 2513659, 517, 0, 0
23123, 28, 367, 493, 0, 0, 19.31%, 0, 32, 17, 154.77, 2514457, 517, 0, 0
23128, 28, 115, 493, 0, 0, 19.31%, 0, 32, 17, 148.77, 2515181, 517, 0, 0
23133, 28, 480, 493, 0, 0, 19.31%, 0, 32, 17, 150.23, 2515962, 517, 0, 0
23138, 28, 367, 493, 0, 0, 19.31%, 0, 32, 17, 144.17, 2516717, 517, 0, 0
23144, 28, 422, 493, 0, 0, 19.31%, 0, 32, 17, 144.17, 2517450, 517, 0, 0
23149, 28, 431, 493, 0, 0, 19.31%, 0, 32, 17, 145.70, 2518213, 517, 0, 0
23154, 28, 422, 493, 0, 0, 19.31%, 0, 32, 17, 152.93, 2519018, 517, 0, 0
23159, 28, 45, 493, 0, 0, 19.31%, 0, 32, 17, 154.80, 2519817, 517, 0, 0
23164, 28, 97, 493, 0, 0, 19.31%, 0, 32, 17, 150.04, 2520586, 517, 0, 0
23169, 28, 367, 493, 0, 0, 19.31%, 0, 32, 17, 156.94, 2521395, 517, 0, 0
23174, 28, 400, 493, 0, 0, 19.31%, 0, 32, 17, 140.94, 2522114, 517, 0, 0
23179, 28, 343, 493, 0, 0, 19.31%, 0, 32, 17, 139.03, 2522797, 517, 0, 0
23185, 28, 97, 493, 0, 0, 19.31%, 0, 32, 17, 138.08, 2523543, 517, 0, 0
23190, 28, 153, 493, 0, 0, 19.31%, 0, 32, 17, 153.60, 2524350, 517, 0, 0
23195, 28, 50, 493, 0, 0, 19.31%, 0, 32, 17, 151.38, 2525111, 517, 0, 0
23200, 28, 491, 493, 0, 0, 19.31%, 0, 32, 17, 146.44, 2525872, 517, 0, 0
23205, 28, 491, 493, 0, 0, 19.31%, 0, 32, 17, 144.69, 2526618, 517, 0, 0
23210, 28, 29, 493, 0, 0, 19.31%, 0, 32, 17, 148.49, 2527393, 517, 0, 0
23215, 28, 239, 493, 0, 0, 19.31%, 0, 32, 17, 150.30, 2528164, 517, 0, 0
23220, 28, 118, 493, 0, 0, 19.31%, 0, 32, 17, 151.72, 2528942, 517, 0, 0
23226, 28, 469, 493, 0, 0, 19.31%, 0, 32, 17, 86.96, 2529383, 517, 0, 0
23231, 28, 469, 493, 0, 0, 19.31%, 0, 32, 17, 69.50, 2529781, 517, 0, 0
23236, 28, 98, 493, 0, 0, 19.31%, 0, 32, 17, 138.11, 2530548, 517, 0, 0
23241, 28, 491, 493, 0, 0, 19.31%, 0, 32, 17, 125.13, 2531180, 517, 0, 0
23246, 28, 491, 493, 0, 0, 19.31%, 0, 32, 17, 123.26, 2531796, 517, 0, 0
23251, 28, 28, 493, 0, 0, 19.31%, 0, 32, 17, 135.24, 2532490, 517, 0, 0
23256, 28, 31, 493, 0, 0, 19.31%, 0, 32, 17, 152.03, 2533250, 517, 0, 0
23261, 28, 400, 493, 0, 0, 19.31%, 0, 32, 17, 148.52, 2534010, 517, 0, 0
23266, 28, 224, 493, 0, 0, 19.31%, 0, 32, 17, 155.24, 2534812, 517, 0, 0
23272, 28, 285, 493, 0, 0, 19.31%, 0, 32, 17, 142.01, 2535515, 517, 0, 0
23277, 28, 480, 493, 0, 0, 19.31%, 0, 32, 17, 145.86, 2536273, 517, 0, 0
23282, 28, 182, 493, 0, 0, 19.31%, 0, 32, 17, 149.54, 2537039, 517, 0, 0
23287, 28, 478, 493, 0, 0, 19.31%, 0, 32, 17, 137.52, 2537749, 517, 0, 0
23292, 28, 469, 493, 0, 0, 19.31%, 0, 32, 17, 95.26, 2538240, 517, 0, 0
23297, 28, 387, 493, 0, 0, 19.31%, 0, 32, 17, 114.52, 2538795, 517, 0, 0
23302, 28, 422, 493, 0, 0, 19.31%, 0, 32, 17, 143.86, 2539570, 517, 0, 0
23307, 29, 367, 493, 0, 0, 19.31%, 0, 32, 17, 141.28, 2540298, 517, 0, 0
23313, 29, 468, 493, 0, 0, 19.31%, 0, 32, 17, 147.67, 2541059, 517, 0, 0
23318, 29, 491, 493, 0, 0, 19.31%, 0, 32, 17, 146.05, 2541811, 517, 0, 0
23323, 29, 491, 493, 0, 0, 19.31%, 0, 32, 17, 145.29, 2542559, 517, 0, 0
23328, 29, 69, 493, 0, 0, 19.31%, 0, 32, 17, 147.56, 2543315, 517, 0, 0
23333, 29, 468, 493, 0, 0, 19.31%, 0, 32, 17, 147.42, 2544056, 517, 0, 0
23338, 29, 436, 493, 0, 0, 19.31%, 0, 32, 17, 146.89, 2544819, 517, 0, 0
23343, 29, 488, 493, 0, 0, 19.31%, 0, 32, 17, 140.10, 2545556, 517, 0, 0
23348, 29, 422, 493, 0, 0, 19.31%, 0, 32, 17, 149.00, 2546357, 517, 0, 0
23354, 29, 422, 493, 0, 0, 19.31%, 0, 32, 17, 153.63, 2547164, 517, 0, 0
23359, 29, 97, 493, 0, 0, 19.31%, 0, 32, 17, 156.74, 2547967, 517, 0, 0
23364, 29, 468, 493, 0, 0, 19.31%, 0, 32, 17, 144.04, 2548657, 517, 0, 0
23369, 29, 67, 493, 0, 0, 19.31%, 0, 32, 17, 147.34, 2549432, 517, 0, 0
23374, 29, 468, 493, 0, 0, 19.31%, 0, 32, 17, 150.37, 2550237, 517, 0, 0
23379, 29, 219, 493, 0, 0, 19.31%, 0, 32, 17, 154.82, 2551044, 517, 0, 0
23385, 29, 114, 493, 0, 0, 19.31%, 0, 32, 17, 160.63, 2551893, 517, 0, 0
23390, 29, 196, 493, 0, 0, 19.31%, 0, 32, 17, 154.92, 2552674, 517, 0, 0
23395, 29, 343, 493, 0, 0, 19.31%, 0, 32, 17, 151.83, 2553447, 517, 0, 0
23400, 29, 188, 493, 0, 0, 19.31%, 0, 32, 17, 146.20, 2554211, 517, 0, 0
23405, 29, 29, 493, 0, 0, 19.31%, 0, 32, 17, 156.94, 2555034, 517, 0, 0
23410, 29, 398, 493, 0, 0, 19.31%, 0, 32, 17, 152.38, 2555833, 517, 0, 0
23416, 29, 210, 493, 0, 0, 19.31%, 0, 32, 17, 150.41, 2556610, 517, 0, 0
23421, 29, 367, 493, 0, 0, 19.31%, 0, 32, 17, 153.70, 2557389, 517, 0, 0
23426, 29, 29, 493, 0, 0, 19.31%, 0, 32, 17, 146.10, 2558126, 517, 0, 0
23431, 29, 28, 493, 0, 0, 19.31%, 0, 32, 17, 151.28, 2558905, 517, 0, 0
23436, 29, 392, 493, 0, 0, 19.31%, 0, 32, 17, 150.91, 2559671, 517, 0, 0
23441, 29, 491, 493, 0, 0, 19.31%, 0, 32, 17, 131.20, 2560340, 517, 0, 0
23446, 29, 491, 493, 0, 0, 19.31%, 0, 32, 17, 125.28, 2560982, 517, 0, 0
23451, 29, 224, 493, 0, 0, 19.31%, 0, 32, 17, 127.36, 2561604, 517, 0, 0
23456, 29, 480, 493, 0, 0, 19.31%, 0, 32, 17, 145.49, 2562381, 517, 0, 0
23462, 29, 480, 493, 0, 0, 19.31%, 0, 32, 17, 152.74, 2563179, 517, 0, 0
23467, 29, 56, 493, 0, 0, 19.31%, 0, 32, 17, 156.27, 2563951, 517, 0, 0
23472, 29, 298, 493, 0, 0, 19.31%, 0, 32, 17, 156.48, 2564754, 517, 0, 0
23477, 29, 468, 493, 0, 0, 19.31%, 0, 32, 17, 139.26, 2565465, 517, 0, 0
23482, 29, 468, 493, 0, 0, 19.31%, 0, 32, 17, 148.58, 2566250, 517, 0, 0
23487, 29, 392, 493, 0, 0, 19.31%, 0, 32, 17, 146.09, 2567003, 517, 0, 0
23492, 29, 25, 493, 0, 0, 19.31%, 0, 32, 17, 146.44, 2567776, 517, 0, 0
23498, 29, 486, 493, 0, 0, 19.31%, 0, 32, 17, 157.09, 2568588, 517, 0, 0
23503, 29, 392, 493, 0, 0, 19.31%, 0, 32, 17, 152.10, 2569375, 517, 0, 0
23508, 29, 466, 493, 0, 0, 19.31%, 0, 32, 17, 149.28, 2570134, 517, 0, 0
23513, 29, 58, 493, 0, 0, 19.31%, 0, 32, 17, 155.95, 2570935, 517, 0, 0
23518, 29, 422, 493, 0, 0, 19.31%, 0, 32, 17, 149.80, 2571677, 517, 0, 0
23523, 29, 287, 493, 0, 0, 19.31%, 0, 32, 17, 144.94, 2572390, 517, 0, 0
23528, 29, 384, 493, 0, 0, 19.31%, 0, 32, 17, 142.78, 2573127, 517, 0, 0
23533, 29, 429, 493, 0, 0, 19.31%, 0, 32, 17, 143.33, 2573810, 517, 0, 0
23538, 29, 44, 493, 0, 0, 19.31%, 0, 32, 17, 156.55, 2574641, 517, 0, 0
23543, 29, 429, 493, 0, 0, 19.31%, 0, 32, 17, 142.52, 2575339, 517, 0, 0
23548, 29, 279, 493, 0, 0, 19.31%, 0, 32, 17, 155.75, 2576156, 517, 0, 0
23554, 29, 392, 493, 0, 0, 19.31%, 0, 32, 17, 156.65, 2576958, 517, 0, 0
23559, 29, 468, 493, 0, 0, 19.31%, 0, 32, 17, 158.54, 2577744, 517, 0, 0
23564, 29, 468, 493, 0, 0, 19.31%, 0, 32, 17, 153.46, 2578510, 517, 0, 0
23569, 29, 394, 493, 0, 0, 19.31%, 0, 32, 17, 148.85, 2579268, 517, 0, 0
23574, 29, 98, 493, 0, 0, 19.31%, 0, 32, 17, 151.85, 2580045, 517, 0, 0
23579, 29, 468, 493, 0, 0, 19.31%, 0, 32, 17, 150.65, 2580814, 517, 0, 0
23584, 29, 119, 493, 0, 0, 19.31%, 0, 32, 17, 151.19, 2581578, 517, 0, 0
23589, 29, 400, 493, 0, 0, 19.31%, 0, 32, 17, 149.41, 2582346, 517, 0, 0
23594, 29, 351, 493, 0, 0, 19.31%, 0, 32, 17, 151.63, 2583102, 517, 0, 0
23599, 29, 392, 493, 0, 0, 19.31%, 0, 32, 17, 142.94, 2583821, 517, 0, 0
23604, 29, 337, 493, 0, 0, 19.31%, 0, 32, 17, 147.65, 2584565, 517, 0, 0
23609, 29, 422, 493, 0, 0, 19.31%, 0, 32, 17, 138.44, 2585249, 517, 0, 0
23615, 29, 479, 493, 0, 0, 19.31%, 0, 32, 17, 147.16, 2586015, 517, 0, 0
23620, 29, 392, 493, 0, 0, 19.31%, 0, 32, 17, 151.46, 2586806, 517, 0, 0
23625, 29, 170, 493, 0, 0, 19.31%, 0, 32, 17, 157.10, 2587612, 517, 0, 0
23630, 29, 478, 493, 0, 0, 19.31%, 0, 32, 17, 140.57, 2588350, 517, 0, 0
23635, 29, 400, 493, 0, 0, 19.31%, 0, 32, 17, 144.60, 2589112, 517, 0, 0
23640, 29, 422, 493, 0, 0, 19.31%, 0, 32, 17, 145.98, 2589838, 517, 0, 0
23646, 29, 420, 493, 0, 0, 19.31%, 0, 32, 17, 149.22, 2590619, 517, 0, 0
23651, 29, 237, 493, 0, 0, 19.31%, 0, 32, 17, 157.72, 2591452, 517, 0, 0
23656, 29, 376, 493, 0, 0, 19.31%, 0, 32, 17, 150.46, 2592212, 517, 0, 0
23661, 29, 488, 493, 0, 0, 19.31%, 0, 32, 17, 151.87, 2592994, 517, 0, 0
23666, 29, 45, 493, 0, 0, 19.31%, 0, 32, 17, 154.06, 2593779, 517, 0, 0
23671, 29, 301, 493, 0, 0, 19.31%, 0, 32, 17, 151.47, 2594538, 517, 0, 0
23676, 29, 97, 493, 0, 0, 19.31%, 0, 32, 17, 155.06, 2595298, 517, 0, 0
23681, 29, 158, 493, 0, 0, 19.31%, 0, 32, 17, 151.42, 2596060, 517, 0, 0
23686, 29, 479, 493, 0, 0, 19.31%, 0, 32, 17, 148.54, 2596815, 517, 0, 0
23692, 29, 429, 493, 0, 0, 19.31%, 0, 32, 17, 149.65, 2597596, 517, 0, 0
23697, 29, 480, 493, 0, 0, 19.31%, 0, 32, 17, 144.32, 2598332, 517, 0, 0
23702, 29, 492, 493, 0, 0, 19.31%, 0, 32, 17, 131.88, 2599024, 517, 0, 0
23707, 29, 492, 493, 0, 0, 19.31%, 0, 32, 17, 134.09, 2599722, 517, 0, 0
23712, 29, 447, 493, 0, 0, 19.31%, 0, 32, 17, 146.84, 2600478, 517, 0, 0
23717, 29, 400, 493, 0, 0, 19.31%, 0, 32, 17, 139.24, 2601215, 517, 0, 0
23722, 29, 468, 493, 0, 0, 19.31%, 0, 32, 17, 134.18, 2601916, 517, 0, 0
23728, 29, 383, 493, 0, 0, 19.31%, 0, 32, 17, 137.13, 2602637, 517, 0, 0
23733, 29, 5, 493, 0, 0, 19.31%, 0, 32, 17, 144.22, 2603340, 517, 0, 0
23738, 29, 422, 493, 0, 0, 19.31%, 0, 32, 17, 150.43, 2604133, 517, 0, 0
23743, 29, 112, 493, 0, 0, 19.31%, 0, 32, 17, 158.76, 2604955, 517, 0, 0
23748, 29, 400, 493, 0, 0, 19.31%, 0, 32, 17, 103.48, 2605351, 517, 0, 0
23753, 29, 400, 493, 0, 0, 19.31%, 0, 32, 17, 133.45, 2606070, 517, 0, 0
23758, 29, 168, 493, 0, 0, 19.31%, 0, 32, 17, 151.27, 2606880, 517, 0, 0
23763, 29, 488, 493, 0, 0, 19.31%, 0, 32, 17, 157.79, 2607683, 517, 0, 0
23768, 29, 491, 493, 0, 0, 19.31%, 0, 32, 17, 126.25, 2608292, 517, 0, 0
23774, 29, 491, 493, 0, 0, 19.31%, 0, 32, 17, 116.49, 2608886, 517, 0, 0
23779, 29, 13, 493, 0, 0, 19.31%, 0, 32, 17, 124.34, 2609515, 517, 0, 0
23784, 29, 193, 493, 0, 0, 19.31%, 0, 32, 17, 154.86, 2610355, 517, 0, 0
23789, 29, 349, 493, 0, 0, 19.31%, 0, 32, 17, 155.33, 2611115, 517, 0, 0
23794, 29, 418, 493, 0, 0, 19.31%, 0, 32, 17, 151.88, 2611873, 517, 0, 0
23799, 29, 40, 493, 0, 0, 19.31%, 0, 32, 17, 160.33, 2612711, 517, 0, 0
23804, 29, 418, 493, 0, 0, 19.31%, 0, 32, 17, 151.74, 2613459, 517, 0, 0
23809, 29, 343, 493, 0, 0, 19.31%, 0, 32, 17, 150.26, 2614221, 517, 0, 0
23814, 30, 266, 493, 0, 0, 19.31%, 0, 32, 17, 155.49, 2615019, 517, 0, 0
23820, 30, 139, 493, 0, 0, 19.31%, 0, 32, 17, 161.91, 2615857, 517, 0, 0
23825, 30, 224, 493, 0, 0, 19.31%, 0, 32, 17, 154.18, 2616632, 517, 0, 0
23830, 30, 285, 493, 0, 0, 19.31%, 0, 32, 17, 157.68, 2617431, 517, 0, 0
23835, 30, 376, 493, 0, 0, 19.31%, 0, 32, 17, 137.79, 2618153, 517, 0, 0
23840, 30, 191, 493, 0, 0, 19.31%, 0, 32, 17, 153.65, 2618968, 517, 0, 0
23845, 30, 367, 493, 0, 0, 19.31%, 0, 32, 17, 135.19, 2619685, 517, 0, 0
23850, 30, 377, 493, 0, 0, 19.31%, 0, 32, 17, 128.68, 2620368, 517, 0, 0
23856, 30, 491, 493, 0, 0, 19.31%, 0, 32, 17, 127.90, 2621060, 517, 0, 0
23861, 30, 491, 493, 0, 0, 19.31%, 0, 32, 17, 122.59, 2621684, 517, 0, 0
23866, 30, 149, 493, 0, 0, 19.31%, 0, 32, 17, 124.78, 2622306, 517, 0, 0
23871, 30, 400, 493, 0, 0, 19.31%, 0, 32, 17, 132.65, 2623001, 517, 0, 0
23876, 30, 466, 493, 0, 0, 19.31%, 0, 32, 17, 152.60, 2623803, 517, 0, 0
23881, 30, 158, 493, 0, 0, 19.31%, 0, 32, 17, 159.17, 2624637, 517, 0, 0
23886, 30, 218, 493, 0, 0, 19.31%, 0, 32, 17, 154.32, 2625404, 517, 0, 0
23891, 30, 466, 493, 0, 0, 19.31%, 0, 32, 17, 146.13, 2626153, 517, 0, 0
23897, 30, 237, 493, 0, 0, 19.31%, 0, 32, 17, 146.51, 2626905, 517, 0, 0
23902, 30, 216, 493, 0, 0, 19.31%, 0, 32, 17, 149.63, 2627642, 517, 0, 0
23907, 30, 69, 493, 0, 0, 19.31%, 0, 32, 17, 154.88, 2628445, 517, 0, 0
23912, 30, 491, 493, 0, 0, 19.31%, 0, 32, 17, 125.34, 2629084, 517, 0, 0
23917, 30, 491, 493, 0, 0, 19.31%, 0, 32, 17, 116.78, 2629656, 517, 0, 0
23922, 30, 284, 493, 0, 0, 19.31%, 0, 32, 17, 123.57, 2630286, 517, 0, 0
23927, 30, 36, 493, 0, 0, 19.31%, 0, 32, 17, 134.30, 2631028, 517, 0, 0
23933, 30, 158, 493, 0, 0, 19.31%, 0, 32, 17, 143.99, 2631791, 517, 0, 0
23938, 30, 441, 493, 0, 0, 19.31%, 0, 32, 17, 159.03, 2632634, 517, 0, 0
23943, 30, 480, 493, 0, 0, 19.31%, 0, 32, 17, 155.33, 2633425, 517, 0, 0
23948, 30, 429, 493, 0, 0, 19.31%, 0, 32, 17, 148.39, 2634182, 517, 0, 0
23953, 30, 422, 493, 0, 0, 19.31%, 0, 32, 17, 150.07, 2634972, 517, 0, 0
23958, 30, 367, 493, 0, 0, 19.31%, 0, 32, 17, 150.87, 2635750, 517, 0, 0
23964, 30, 429, 493, 0, 0, 19.31%, 0, 32, 17, 148.79, 2636497, 517, 0, 0
23969, 30, 360, 493, 0, 0, 19.31%, 0, 32, 17, 145.34, 2637247, 517, 0, 0
23974, 30, 368, 493, 0, 0, 19.31%, 0, 32, 17, 156.01, 2638065, 517, 0, 0
23979, 30, 300, 493, 0, 0, 19.31%, 0, 32, 17, 160.51, 2638892, 517, 0, 0
23984, 30, 429, 493, 0, 0, 19.31%, 0, 32, 17, 148.77, 2639651, 517, 0, 0
23989, 30, 474, 493, 0, 0, 19.31%, 0, 32, 17, 153.35, 2640441, 517, 0, 0
23995, 30, 411, 493, 0, 0, 19.31%, 0, 32, 17, 140.50, 2641178, 517, 0, 0
24000, 30, 392, 493, 0, 0, 19.31%, 0, 32, 17, 146.76, 2641926, 517, 0, 0
24005, 30, 378, 493, 0, 0, 19.31%, 0, 32, 17, 146.42, 2642689, 517, 0, 0
24010, 30, 115, 493, 0, 0, 19.31%, 0, 32, 17, 150.62, 2643441, 517, 0, 0
24015, 30, 466, 493, 0, 0, 19.31%, 0, 32, 17, 140.23, 2644145, 517, 0, 0
24020, 30, 392, 493, 0, 0, 19.31%, 0, 32, 17, 142.12, 2644891, 517, 0, 0
24025, 30, 400, 493, 0, 0, 19.31%, 0, 32, 17, 150.67, 2645689, 517, 0, 0
24031, 30, 107, 493, 0, 0, 19.31%, 0, 32, 17, 134.72, 2646361, 517, 0, 0
24036, 30, 191, 493, 0, 0, 19.31%, 0, 32, 17, 151.85, 2647152, 517, 0, 0
24041, 30, 259, 493, 0, 0, 19.31%, 0, 32, 17, 154.29, 2647947, 517, 0, 0
24046, 30, 397, 493, 0, 0, 19.31%, 0, 32, 17, 155.09, 2648764, 517, 0, 0
24051, 30, 392, 493, 0, 0, 19.31%, 0, 32, 17, 158.62, 2649568, 517, 0, 0
24056, 30, 454, 493, 0, 0, 19.31%, 0, 32, 17, 142.72, 2650308, 517, 0, 0
24061, 30, 26, 493, 0, 0, 19.31%, 0, 32, 17, 148.00, 2651046, 517, 0, 0
24066, 30, 413, 493, 0, 0, 19.31%, 0, 32, 17, 150.02, 2651826, 517, 0, 0
24072, 30, 337, 493, 0, 0, 19.31%, 0, 32, 17, 159.53, 2652659, 517, 0, 0
24077, 30, 435, 493, 0, 0, 19.31%, 0, 32, 17, 128.21, 2653320, 517, 0, 0
24082, 30, 45, 493, 0, 0, 19.31%, 0, 32, 17, 125.77, 2653972, 517, 0, 0
24087, 30, 67, 493, 0, 0, 19.31%, 0, 32, 17, 152.94, 2654777, 517, 0, 0
24092, 30, 30, 493, 0, 0, 19.31%, 0, 32, 17, 145.43, 2655517, 517, 0, 0
24097, 30, 480, 493, 0, 0, 19.31%, 0, 32, 17, 143.60, 2656258, 517, 0, 0
24102, 30, 299, 493, 0, 0, 19.31%, 0, 32, 17, 143.94, 2657023, 517, 0, 0
24107, 30, 394, 493, 0, 0, 19.31%, 0, 32, 17, 148.24, 2657778, 517, 0, 0
24113, 30, 25, 493, 0, 0, 19.31%, 0, 32, 17, 154.74, 2658570, 517, 0, 0
24118, 30, 216, 493, 0, 0, 19.31%, 0, 32, 17, 160.34, 2659402, 517, 0, 0
24123, 30, 480, 493, 0, 0, 19.31%, 0, 32, 17, 153.95, 2660201, 517, 0, 0
24128, 30, 432, 493, 0, 0, 19.31%, 0, 32, 17, 154.68, 2660970, 517, 0, 0
24133, 30, 466, 493, 0, 0, 19.31%, 0, 32, 17, 148.35, 2661687, 517, 0, 0
24138, 30, 422, 493, 0, 0, 19.31%, 0, 32, 17, 151.93, 2662474, 517, 0, 0
24143, 30, 332, 493, 0, 0, 19.31%, 0, 32, 17, 153.42, 2663225, 517, 0, 0
24148, 30, 72, 493, 0, 0, 19.31%, 0, 32, 17, 151.21, 2663987, 517, 0, 0
24153, 30, 480, 493, 0, 0, 19.31%, 0, 32, 17, 143.58, 2664709, 517, 0, 0
24158, 30, 40, 493, 0, 0, 19.31%, 0, 32, 17, 153.35, 2665501, 517, 0, 0
24163, 30, 266, 493, 0, 0, 19.31%, 0, 32, 17, 155.55, 2666316, 517, 0, 0
24169, 30, 478, 493, 0, 0, 19.31%, 0, 32, 17, 153.68, 2667071, 517, 0, 0
24174, 30, 114, 493, 0, 0, 19.31%, 0, 32, 17, 150.41, 2667834, 517, 0, 0
24179, 30, 181, 493, 0, 0, 19.31%, 0, 32, 17, 155.41, 2668635, 517, 0, 0
24184, 30, 422, 493, 0, 0, 19.31%, 0, 32, 17, 143.69, 2669377, 517, 0, 0
24189, 30, 367, 493, 0, 0, 19.31%, 0, 32, 17, 153.04, 2670156, 517, 0, 0
24194, 30, 72, 493, 0, 0, 19.31%, 0, 32, 17, 155.25, 2670929, 517, 0, 0
24199, 30, 245, 493, 0, 0, 19.31%, 0, 32, 17, 152.99, 2671687, 517, 0, 0
24204, 30, 359, 493, 0, 0, 19.31%, 0, 32, 17, 159.90, 2672499, 517, 0, 0
24209, 30, 392, 493, 0, 0, 19.31%, 0, 32, 17, 156.10, 2673293, 517, 0, 0
24214, 30, 486, 493, 0, 0, 19.31%, 0, 32, 17, 157.54, 2674116, 517, 0, 0
24219, 30, 175, 493, 0, 0, 19.31%, 0, 32, 17, 155.53, 2674895, 517, 0, 0
24224, 30, 384, 493, 0, 0, 19.31%, 0, 32, 17, 134.55, 2675598, 517, 0, 0
24229, 30, 30, 493, 0, 0, 19.31%, 0, 32, 17, 146.38, 2676362, 517, 0, 0
24235, 30, 418, 493, 0, 0, 19.31%, 0, 32, 17, 151.91, 2677157, 517, 0, 0
24240, 30, 14, 493, 0, 0, 19.31%, 0, 32, 17, 143.66, 2677897, 517, 0, 0
24245, 30, 47, 493, 0, 0, 19.31%, 0, 32, 17, 149.15, 2678683, 517, 0, 0
24250, 30, 26, 493, 0, 0, 19.31%, 0, 32, 17, 158.80, 2679520, 517, 0, 0
24255, 30, 176, 493, 0, 0, 19.31%, 0, 32, 17, 149.40, 2680256, 517, 0, 0
24260, 30, 72, 493, 0, 0, 19.31%, 0, 32, 17, 155.25, 2681053, 517, 0, 0
24265, 30, 44, 493, 0, 0, 19.31%, 0, 32, 17, 158.71, 2681853, 517, 0, 0
24270, 30, 400, 493, 0, 0, 19.31%, 0, 32, 17, 131.84, 2682466, 517, 0, 0
24276, 30, 368, 493, 0, 0, 19.31%, 0, 32, 17, 151.62, 2683251, 517, 0, 0
24281, 30, 29, 493, 0, 0, 19.31%, 0, 32, 17, 156.53, 2684059, 517, 0, 0
24286, 30, 67, 493, 0, 0, 19.31%, 0, 32, 17, 159.04, 2684893, 517, 0, 0
24291, 30, 321, 493, 0, 0, 19.31%, 0, 32, 17, 152.50, 2685653, 517, 0, 0
24296, 30, 479, 493, 0, 0, 19.31%, 0, 32, 17, 136.10, 2686355, 517, 0, 0
24301, 31, 378, 493, 0, 0, 19.31%, 0, 32, 17, 145.26, 2687134, 517, 0, 0
24306, 31, 188, 493, 0, 0, 19.31%, 0, 32, 17, 150.44, 2687876, 517, 0, 0
24312, 31, 327, 493, 0, 0, 19.31%, 0, 32, 17, 153.05, 2688665, 517, 0, 0
24317, 31, 251, 493, 0, 0, 19.31%, 0, 32, 17, 158.21, 2689477, 517, 0, 0
24322, 31, 131, 493, 0, 0, 19.31%, 0, 32, 17, 152.23, 2690254, 517, 0, 0
24327, 31, 468, 493, 0, 0, 19.31%, 0, 32, 17, 156.09, 2691082, 517, 0, 0
24332, 31, 97, 493, 0, 0, 19.31%, 0, 32, 17, 156.24, 2691847, 517, 0, 0
24337, 31, 429, 493, 0, 0, 19.31%, 0, 32, 17, 149.71, 2692597, 517, 0, 0
24342, 31, 158, 493, 0, 0, 19.31%, 0, 32, 17, 157.82, 2693414, 517, 0, 0
24347, 31, 400, 493, 0, 0, 19.31%, 0, 32, 17, 146.36, 2694149, 517, 0, 0
24353, 31, 486, 493, 0, 0, 19.31%, 0, 32, 17, 152.69, 2694927, 517, 0, 0
24358, 31, 149, 493, 0, 0, 19.31%, 0, 32, 17, 151.67, 2695687, 517, 0, 0
24363, 31, 185, 493, 0, 0, 19.31%, 0, 32, 17, 152.84, 2696455, 517, 0, 0
24368, 31, 204, 493, 0, 0, 19.31%, 0, 32, 17, 159.53, 2697257, 517, 0, 0
24373, 31, 433, 493, 0, 0, 19.31%, 0, 32, 17, 147.69, 2698019, 517, 0, 0
24378, 31, 47, 494, 1, 0, 19.31%, 0, 32, 17, 125.51, 2698605, 517, 0, 0
24383, 31, 441, 494, 1, 0, 19.31%, 0, 32, 17, 142.44, 2699336, 517, 0, 0
24388, 31, 392, 494, 1, 0, 19.31%, 0, 32, 17, 149.98, 2700148, 517, 0, 0
24393, 31, 400, 494, 1, 0, 19.31%, 0, 32, 17, 145.81, 2700878, 517, 0, 0
24398, 31, 400, 494, 1, 0, 19.31%, 0, 32, 17, 133.76, 2701550, 517, 0, 0
24403, 31, 360, 494, 1, 0, 19.31%, 0, 32, 17, 149.29, 2702321, 517, 0, 0
24408, 31, 392, 494, 1, 0, 19.31%, 0, 32, 17, 149.32, 2703108, 517, 0, 0
24414, 31, 422, 494, 1, 0, 19.31%, 0, 32, 17, 155.26, 2703916, 517, 0, 0
24419, 31, 480, 494, 1, 0, 19.31%, 0, 32, 17, 151.42, 2704696, 517, 0, 0
24424, 31, 158, 494, 1, 0, 19.31%, 0, 32, 17, 150.72, 2705459, 517, 0, 0
24429, 31, 473, 494, 1, 0, 19.31%, 0, 32, 17, 111.97, 2706044, 517, 0, 0
24434, 31, 411, 494, 1, 0, 19.31%, 0, 32, 17, 117.45, 2706602, 517, 0, 0
24439, 31, 392, 494, 1, 0, 19.31%, 0, 32, 17, 138.84, 2707341, 517, 0, 0
24444, 31, 199, 494, 1, 0, 19.31%, 0, 32, 17, 158.58, 2708175, 517, 0, 0
24449, 31, 25, 494, 1, 0, 19.31%, 0, 32, 17, 156.18, 2708952, 517, 0, 0
24455, 31, 480, 494, 1, 0, 19.31%, 0, 32, 17, 153.38, 2709717, 517, 0, 0
24460, 31, 392, 494, 1, 0, 19.31%, 0, 32, 17, 149.49, 2710479, 517, 0, 0
24465, 31, 199, 494, 1, 0, 19.31%, 0, 32, 17, 158.68, 2711306, 517, 0, 0
24470, 31, 430, 494, 1, 0, 19.31%, 0, 32, 17, 154.39, 2712082, 517, 0, 0
24475, 31, 429, 494, 1, 0, 19.31%, 0, 32, 17, 152.64, 2712852, 517, 0, 0
24480, 31, 454, 494, 1, 0, 19.31%, 0, 32, 17, 148.17, 2713613, 517, 0, 0
24485, 31, 373, 494, 1, 0, 19.31%, 0, 32, 17, 145.00, 2714385, 517, 0, 0
24490, 31, 288, 494, 1, 0, 19.31%, 0, 32, 17, 135.54, 2715069, 517, 0, 0
24495, 31, 250, 494, 1, 0, 19.31%, 0, 32, 17, 148.87, 2715859, 517, 0, 0
24501, 31, 224, 494, 1, 0, 19.31%, 0, 32, 17, 149.76, 2716648, 517, 0, 0
24506, 31, 411, 494, 1, 0, 19.31%, 0, 32, 17, 148.19, 2717397, 517, 0, 0
24511, 31, 216, 494, 1, 0, 19.31%, 0, 32, 17, 144.41, 2718133, 517, 0, 0
24516, 31, 492, 494, 1, 0, 19.31%, 0, 32, 17, 144.00, 2718867, 517, 0, 0
24521, 31, 31, 494, 1, 0, 19.31%, 0, 32, 17, 148.66, 2719633, 517, 0, 0
24526, 31, 411, 494, 1, 0, 19.31%, 0, 32, 17, 154.40, 2720426, 517, 0, 0
24531, 31, 400, 494, 1, 0, 19.31%, 0, 32, 17, 143.96, 2721116, 517, 0, 0
24536, 31, 422, 494, 1, 0, 19.31%, 0, 32, 17, 150.50, 2721905, 517, 0, 0
24541, 31, 343, 494, 1, 0, 19.31%, 0, 32, 17, 152.70, 2722698, 517, 0, 0
24546, 31, 473, 494, 1, 0, 19.31%, 0, 32, 17, 115.66, 2723313, 517, 0, 0
24551, 31, 224, 494, 1, 0, 19.31%, 0, 32, 17, 126.82, 2723886, 517, 0, 0
24557, 31, 197, 494, 1, 0, 19.31%, 0, 32, 17, 134.92, 2724615, 517, 0, 0
24562, 31, 238, 494, 1, 0, 19.31%, 0, 32, 17, 147.79, 2725387, 517, 0, 0
24567, 31, 468, 494, 1, 0, 19.31%, 0, 32, 17, 149.48, 2726161, 517, 0, 0
24572, 31, 478, 494, 1, 0, 19.31%, 0, 32, 17, 145.16, 2726903, 517, 0, 0
24577, 31, 422, 494, 1, 0, 19.31%, 0, 32, 17, 141.45, 2727589, 517, 0, 0
24582, 31, 134, 494, 1, 0, 19.31%, 0, 32, 17, 156.46, 2728404, 517, 0, 0
24587, 31, 492, 494, 1, 0, 19.31%, 0, 32, 17, 161.60, 2729224, 517, 0, 0
24592, 31, 492, 494, 1, 0, 19.31%, 0, 32, 17, 144.94, 2729933, 517, 0, 0
24598, 31, 14, 494, 1, 0, 19.31%, 0, 32, 17, 147.06, 2730705, 517, 0, 0
24603, 31, 422, 494, 1, 0, 19.31%, 0, 32, 17, 154.37, 2731498, 517, 0, 0
24608, 31, 486, 494, 1, 0, 19.31%, 0, 32, 17, 150.13, 2732268, 517, 0, 0
24613, 31, 400, 494, 1, 0, 19.31%, 0, 32, 17, 144.14, 2733010, 517, 0, 0
24618, 31, 246, 494, 1, 0, 19.31%, 0, 32, 17, 148.55, 2733765, 517, 0, 0
24623, 31, 336, 494, 1, 0, 19.31%, 0, 32, 17, 153.16, 2734538, 517, 0, 0
24628, 31, 368, 494, 1, 0, 19.31%, 0, 32, 17, 139.41, 2735237, 517, 0, 0
24633, 31, 97, 494, 1, 0, 19.31%, 0, 32, 17, 147.42, 2736003, 517, 0, 0
24639, 31, 337, 494, 1, 0, 19.31%, 0, 32, 17, 147.47, 2736757, 517, 0, 0
24644, 31, 67, 494, 1, 0, 19.31%, 0, 32, 17, 157.47, 2737577, 517, 0, 0
24649, 31, 28, 494, 1, 0, 19.31%, 0, 32, 17, 158.51, 2738393, 517, 0, 0
24654, 31, 182, 494, 1, 0, 19.31%, 0, 32, 17, 157.27, 2739210, 517, 0, 0
24659, 31, 491, 494, 1, 0, 19.31%, 0, 32, 17, 151.28, 2739974, 517, 0, 0
24664, 31, 491, 494, 1, 0, 19.31%, 0, 32, 17, 146.22, 2740724, 517, 0, 0
24669, 31, 392, 494, 1, 0, 19.31%, 0, 32, 17, 145.87, 2741472, 517, 0, 0
24674, 31, 392, 494, 1, 0, 19.31%, 0, 32, 17, 148.33, 2742239, 517, 0, 0
24680, 31, 93, 494, 1, 0, 19.31%, 0, 32, 17, 151.48, 2743011, 517, 0, 0
24685, 31, 50, 494, 1, 0, 19.31%, 0, 32, 17, 152.31, 2743793, 517, 0, 0
24690, 31, 486, 494, 1, 0, 19.31%, 0, 32, 17, 157.59, 2744607, 517, 0, 0
24695, 31, 480, 494, 1, 0, 19.31%, 0, 32, 17, 147.89, 2745374, 517, 0, 0
24700, 31, 47, 494, 1, 0, 19.31%, 0, 32, 17, 147.90, 2746161, 517, 0, 0
24706, 31, 479, 494, 1, 0, 19.31%, 0, 32, 17, 156.80, 2746961, 517, 0, 0
24711, 31, 314, 494, 1, 0, 19.31%, 0, 32, 17, 155.16, 2747721, 517, 0, 0
24716, 31, 185, 494, 1, 0, 19.31%, 0, 32, 17, 153.92, 2748500, 517, 0, 0
24721, 31, 182, 494, 1, 0, 19.31%, 0, 32, 17, 155.81, 2749299, 517, 0, 0
24726, 31, 46, 494, 1, 0, 19.31%, 0, 32, 17, 157.25, 2750128, 517, 0, 0
24731, 31, 67, 494, 1, 0, 19.31%, 0, 32, 17, 152.70, 2750918, 517, 0, 0
24736, 31, 422, 494, 1, 0, 19.31%, 0, 32, 17, 137.27, 2751604, 517, 0, 0
24741, 31, 46, 494, 1, 0, 19.31%, 0, 32, 17, 135.37, 2752310, 517, 0, 0
24747, 31, 468, 494, 1, 0, 19.31%, 0, 32, 17, 147.58, 2753086, 517, 0, 0
24752, 31, 422, 494, 1, 0, 19.31%, 0, 32, 17, 155.06, 2753869, 517, 0, 0
24757, 31, 328, 494, 1, 0, 19.31%, 0, 32, 17, 151.17, 2754610, 517, 0, 0
24762, 31, 468, 494, 1, 0, 19.31%, 0, 32, 17, 145.73, 2755371, 517, 0, 0
24767, 31, 3, 494, 1, 0, 19.31%, 0, 32, 17, 153.40, 2756153, 517, 0, 0
24772, 31, 67, 494, 1, 0, 19.31%, 0, 32, 17, 161.18, 2756968, 517, 0, 0
24777, 31, 491, 494, 1, 0, 19.31%, 0, 32, 17, 136.93, 2757668, 517, 0, 0
24782, 31, 491, 494, 1, 0, 19.31%, 0, 32, 17, 136.62, 2758372, 517, 0, 0
24788, 31, 491, 494, 1, 0, 19.31%, 0, 32, 17, 135.73, 2759074, 517, 0, 0
24793, 31, 422, 494, 1, 0, 19.31%, 0, 32, 17, 145.33, 2759828, 517, 0, 0
24798, 31, 40, 494, 1, 0, 19.31%, 0, 32, 17, 155.54, 2760636, 517, 0, 0
24803, 31, 422, 494, 1, 0, 19.31%, 0, 32, 17, 149.71, 2761414, 517, 0, 0
24808, 32, 158, 494, 1, 0, 19.31%, 0, 32, 17, 139.45, 2762131, 517, 0, 0
24813, 32, 418, 494, 1, 0, 19.31%, 0, 32, 17, 150.61, 2762909, 517, 0, 0
24819, 32, 159, 494, 1, 0, 19.31%, 0, 32, 17, 155.74, 2763729, 517, 0, 0
24824, 32, 146, 494, 1, 0, 19.31%, 0, 32, 17, 159.85, 2764539, 517, 0, 0
24829, 32, 392, 494, 1, 0, 19.31%, 0, 32, 17, 154.56, 2765346, 517, 0, 0
24834, 32, 422, 494, 1, 0, 19.31%, 0, 32, 17, 151.76, 2766130, 517, 0, 0
24839, 32, 177, 494, 1, 0, 19.31%, 0, 32, 17, 154.35, 2766914, 517, 0, 0
24844, 32, 480, 494, 1, 0, 19.31%, 0, 32, 17, 151.64, 2767708, 517, 0, 0
24850, 32, 400, 494, 1, 0, 19.31%, 0, 32, 17, 138.46, 2768426, 517, 0, 0
24855, 32, 392, 494, 1, 0, 19.31%, 0, 32, 17, 148.10, 2769210, 517, 0, 0
24860, 32, 344, 494, 1, 0, 19.31%, 0, 32, 17, 153.05, 2769999, 517, 0, 0
24865, 32, 158, 494, 1, 0, 19.31%, 0, 32, 17, 154.05, 2770769, 517, 0, 0
24870, 32, 64, 494, 1, 0, 19.31%, 0, 32, 17, 151.12, 2771514, 517, 0, 0
24875, 32, 182, 494, 1, 0, 19.31%, 0, 32, 17, 156.19, 2772307, 517, 0, 0
24880, 32, 114, 494, 1, 0, 19.31%, 0, 32, 17, 158.99, 2773125, 517, 0, 0
24885, 32, 199, 494, 1, 0, 19.31%, 0, 32, 17, 154.03, 2773893, 517, 0, 0
24890, 32, 493, 494, 1, 0, 19.31%, 0, 32, 17, 127.35, 2774542, 517, 0, 0
24895, 32, 493, 494, 1, 0, 19.31%, 0, 32, 17, 100.39, 2775022, 517, 0, 0
24901, 32, 493, 494, 1, 0, 19.31%, 0, 32, 17, 94.34, 2775499, 517, 0, 0
24906, 32, 493, 494, 1, 0, 19.31%, 0, 32, 17, 93.21, 2775973, 517, 0, 0
24911, 32, 493, 494, 1, 0, 19.31%, 0, 32, 17, 95.81, 2776541, 517, 0, 0
24916, 32, 493, 494, 1, 0, 19.31%, 0, 32, 17, 97.18, 2777036, 517, 0, 0
24921, 32, 493, 494, 1, 0, 19.31%, 0, 32, 17, 96.17, 2777525, 517, 0, 0
24926, 32, 493, 494, 0, 0, 19.31%, 0, 32, 17, 123.11, 2778180, 517, 0, 0
24931, 32, 493, 495, 1, 0, 19.31%, 0, 32, 17, 119.86, 2778773, 517, 0, 0
24936, 32, 493, 496, 2, 0, 19.35%, 0, 32, 17, 118.33, 2779368, 518, 0, 0
24941, 32, 493, 497, 3, 0, 19.35%, 0, 32, 17, 120.70, 2779995, 518, 0, 0
24947, 32, 493, 497, 3, 0, 19.35%, 0, 32, 17, 120.53, 2780623, 518, 0, 0
24952, 32, 493, 497, 3, 0, 19.35%, 0, 32, 17, 120.73, 2781227, 518, 0, 0
24957, 32, 493, 498, 4, 0, 19.35%, 0, 32, 17, 117.46, 2781827, 518, 0, 0
24962, 32, 493, 498, 4, 0, 19.35%, 0, 32, 17, 118.22, 2782426, 518, 0, 0
24967, 32, 493, 498, 4, 0, 19.35%, 0, 32, 17, 119.53, 2783046, 518, 0, 0
24972, 32, 493, 498, 4, 0, 19.35%, 0, 32, 17, 120.95, 2783672, 518, 0, 0
24977, 32, 493, 498, 4, 0, 19.35%, 0, 32, 17, 121.24, 2784298, 518, 0, 0
24982, 32, 493, 498, 4, 0, 19.35%, 0, 32, 17, 121.61, 2784928, 518, 0, 0
24988, 32, 493, 498, 4, 0, 19.35%, 0, 32, 17, 121.34, 2785558, 518, 0, 0
24993, 32, 493, 498, 4, 0, 19.35%, 0, 32, 17, 119.45, 2786156, 518, 0, 0
24998, 32, 493, 498, 4, 0, 19.35%, 0, 32, 17, 119.88, 2786782, 518, 0, 0
25003, 32, 493, 498, 4, 0, 19.35%, 0, 32, 17, 118.50, 2787398, 518, 0, 0
25008, 32, 495, 498, 4, 1, 19.35%, 0, 32, 17, 100.83, 2787918, 518, 0, 0
25013, 32, 495, 498, 4, 1, 19.35%, 0, 32, 17, 93.81, 2788383, 518, 0, 0
25018, 32, 495, 498, 4, 1, 19.35%, 0, 32, 17, 87.21, 2788831, 518, 0, 0
25024, 32, 495, 498, 4, 1, 19.35%, 0, 32, 17, 85.67, 2789260, 518, 0, 0
25029, 32, 495, 498, 4, 1, 19.35%, 0, 32, 17, 92.05, 2789800, 518, 0, 0
25034, 32, 495, 498, 4, 1, 19.35%, 0, 32, 17, 83.14, 2790221, 518, 0, 0
25039, 32, 495, 498, 4, 1, 19.35%, 0, 32, 17, 81.53, 2790627, 518, 0, 0
25044, 32, 495, 498, 4, 1, 19.35%, 0, 32, 17, 81.15, 2791050, 518, 0, 0
25049, 32, 495, 498, 4, 1, 19.35%, 0, 32, 17, 100.83, 2791552, 518, 0, 0
25054, 32, 495, 498, 4, 1, 19.35%, 0, 32, 17, 121.32, 2792205, 518, 0, 0
25059, 32, 495, 498, 4, 1, 19.35%, 0, 32, 17, 122.42, 2792839, 518, 0, 0
25064, 32, 495, 498, 4, 1, 19.35%, 0, 32, 17, 122.05, 2793451, 518, 0, 0
25070, 32, 495, 498, 4, 1, 19.35%, 0, 32, 17, 123.32, 2794089, 518, 0, 0
25075, 32, 495, 498, 4, 1, 19.35%, 0, 32, 17, 122.05, 2794719, 518, 0, 0
25080, 32, 495, 498, 4, 1, 19.35%, 0, 32, 17, 121.60, 2795331, 518, 0, 0
25085, 32, 495, 498, 4, 1, 19.35%, 0, 32, 17, 120.94, 2795949, 518, 0, 0
25090, 32, 495, 498, 4, 1, 19.35%, 0, 32, 17, 107.60, 2796529, 518, 0, 0
25095, 32, 495, 498, 4, 1, 19.35%, 0, 32, 17, 87.64, 2796958, 518, 0, 0
25101, 32, 495, 498, 4, 1, 19.35%, 0, 32, 17, 83.46, 2797382, 518, 0, 0
25106, 32, 495, 498, 4, 1, 19.35%, 0, 32, 17, 82.83, 2797807, 518, 0, 0
25111, 32, 495, 498, 4, 1, 19.35%, 0, 32, 17, 82.62, 2798231, 518, 0, 0
25116, 32, 495, 498, 4, 1, 19.35%, 0, 32, 17, 82.38, 2798655, 518, 0, 0
25121, 32, 495, 498, 4, 1, 19.35%, 0, 32, 17, 82.52, 2799079, 518, 0, 0
25126, 32, 495, 498, 4, 1, 19.35%, 0, 32, 17, 82.70, 2799504, 518, 0, 0
25131, 32, 495, 498, 4, 1, 19.35%, 0, 32, 17, 82.43, 2799927, 518, 0, 0
25137, 32, 495, 498, 4, 1, 19.35%, 0, 32, 17, 82.27, 2800351, 518, 0, 0
25142, 32, 495, 498, 4, 1, 19.35%, 0, 32, 17, 80.61, 2800765, 518, 0, 0
25147, 32, 495, 498, 4, 1, 19.35%, 0, 32, 17, 81.06, 2801185, 518, 0, 0
25152, 32, 495, 498, 4, 1, 19.35%, 0, 32, 17, 81.31, 2801609, 518, 0, 0
25157, 32, 495, 498, 4, 1, 19.35%, 0, 32, 17, 81.76, 2802033, 518, 0, 0
25162, 32, 495, 498, 4, 1, 19.35%, 0, 32, 17, 81.89, 2802455, 518, 0, 0
25168, 32, 495, 498, 4, 1, 19.35%, 0, 32, 17, 81.42, 2802876, 518, 0, 0
25173, 32, 495, 498, 4, 1, 19.35%, 0, 32, 17, 80.86, 2803296, 518, 0, 0
25178, 32, 495, 498, 4, 1, 19.35%, 0, 32, 17, 81.20, 2803714, 518, 0, 0
25183, 32, 495, 498, 4, 1, 19.35%, 0, 32, 17, 81.73, 2804137, 518, 0, 0
25188, 32, 495, 498, 4, 1, 19.35%, 0, 32, 17, 82.65, 2804562, 518, 0, 0
25194, 32, 495, 498, 4, 1, 19.35%, 0, 32, 17, 81.68, 2804984, 518, 0, 0
25199, 32, 495, 498, 4, 1, 19.35%, 0, 32, 17, 81.87, 2805408, 518, 0, 0
25204, 32, 495, 498, 4, 1, 19.35%, 0, 32, 17, 81.95, 2805832, 518, 0, 0
25209, 32, 495, 498, 4, 1, 19.35%, 0, 32, 17, 81.92, 2806257, 518, 0, 0
25214, 32, 495, 498, 4, 1, 19.35%, 0, 32, 17, 82.11, 2806682, 518, 0, 0
25219, 32, 495, 498, 4, 1, 19.35%, 0, 32, 17, 81.66, 2807106, 518, 0, 0
25225, 32, 495, 498, 4, 1, 19.35%, 0, 32, 17, 81.95, 2807531, 518, 0, 0
25230, 32, 495, 498, 4, 1, 19.35%, 0, 32, 17, 81.34, 2807951, 518, 0, 0
25235, 32, 495, 498, 4, 1, 19.35%, 0, 32, 17, 80.66, 2808368, 518, 0, 0
25240, 32, 495, 498, 4, 1, 19.35%, 0, 32, 17, 81.06, 2808789, 518, 0, 0
25245, 32, 495, 498, 4, 1, 19.35%, 0, 32, 17, 81.36, 2809210, 518, 0, 0
25250, 32, 495, 498, 4, 1, 19.35%, 0, 32, 17, 80.91, 2809630, 518, 0, 0
25256, 32, 495, 498, 4, 1, 19.35%, 0, 32, 17, 81.72, 2810054, 518, 0, 0
25261, 32, 495, 498, 4, 1, 19.35%, 0, 32, 17, 81.86, 2810477, 518, 0, 0
25266, 32, 495, 498, 4, 1, 19.35%, 0, 32, 17, 81.87, 2810900, 518, 0, 0
25271, 32, 495, 498, 4, 1, 19.35%, 0, 32, 17, 82.03, 2811325, 518, 0, 0
25276, 32, 495, 498, 4, 1, 19.35%, 0, 32, 17, 81.92, 2811749, 518, 0, 0
25282, 32, 495, 498, 4, 1, 19.35%, 0, 32, 17, 81.90, 2812171, 518, 0, 0
25287, 32, 495, 498, 4, 1, 19.35%, 0, 32, 17, 81.58, 2812594, 518, 0, 0
25292, 32, 495, 498, 4, 1, 19.35%, 0, 32, 17, 80.79, 2813012, 518, 0, 0
25297, 32, 495, 498, 4, 1, 19.35%, 0, 32, 17, 81.39, 2813434, 518, 0, 0
25302, 32, 495, 498, 4, 1, 19.35%, 0, 32, 17, 80.81, 2813852, 518, 0, 0
25307, 32, 495, 498, 4, 1, 19.35%, 0, 32, 17, 80.74, 2814272, 518, 0, 0
25313, 32, 495, 498, 4, 1, 19.35%, 0, 32, 17, 80.59, 2814687, 518, 0, 0
25318, 32, 495, 498, 4, 1, 19.35%, 0, 32, 17, 80.99, 2815106, 518, 0, 0
25323, 32, 495, 498, 4, 1, 19.35%, 0, 32, 17, 81.05, 2815524, 518, 0, 0
25328, 32, 495, 498, 4, 1, 19.35%, 0, 32, 17, 81.32, 2815946, 518, 0, 0
25333, 32, 495, 498, 4, 1, 19.35%, 0, 32, 17, 80.34, 2816361, 518, 0, 0
25339, 32, 495, 498, 4, 1, 19.35%, 0, 32, 17, 79.85, 2816775, 518, 0, 0
25344, 32, 495, 498, 4, 1, 19.35%, 0, 32, 17, 81.05, 2817198, 518, 0, 0
25349, 32, 495, 498, 4, 1, 19.35%, 0, 32, 17, 80.80, 2817618, 518, 0, 0
25354, 32, 495, 498, 4, 1, 19.35%, 0, 32, 17, 80.52, 2818036, 518, 0, 0
25359, 32, 495, 498, 4, 1, 19.35%, 0, 32, 17, 81.02, 2818459, 518, 0, 0
25364, 32, 495, 498, 4, 1, 19.35%, 0, 32, 17, 80.52, 2818873, 518, 0, 0
25370, 32, 495, 498, 4, 1, 19.35%, 0, 32, 17, 79.89, 2819284, 518, 0, 0
25375, 32, 495, 498, 4, 1, 19.35%, 0, 32, 17, 80.22, 2819699, 518, 0, 0
25380, 32, 495, 498, 4, 1, 19.35%, 0, 32, 17, 80.18, 2820115, 518, 0, 0
25385, 32, 495, 498, 4, 1, 19.35%, 0, 32, 17, 79.76, 2820527, 518, 0, 0
25390, 32, 495, 498, 4, 1, 19.35%, 0, 32, 17, 79.93, 2820940, 518, 0, 0
25396, 32, 495, 498, 4, 1, 19.35%, 0, 32, 17, 80.21, 2821355, 518, 0, 0
25401, 32, 495, 498, 4, 1, 19.35%, 0, 32, 17, 79.72, 2821764, 518, 0, 0
25406, 32, 495, 498, 4, 1, 19.35%, 0, 32, 17, 80.14, 2822180, 518, 0, 0
25411, 32, 495, 498, 4, 1, 19.35%, 0, 32, 17, 80.39, 2822595, 518, 0, 0
25416, 32, 495, 498, 4, 1, 19.35%, 0, 32, 17, 80.84, 2823014, 518, 0, 0
25421, 32, 495, 498, 4, 1, 19.35%, 0, 32, 17, 80.67, 2823431, 518, 0, 0
25427, 32, 495, 498, 4, 1, 19.35%, 0, 32, 17, 80.63, 2823850, 518, 0, 0
25432, 32, 367, 498, 3, 0, 19.35%, 0, 32, 17, 104.88, 2824357, 518, 0, 0
25437, 32, 114, 498, 3, 0, 19.35%, 0, 32, 17, 147.08, 2825156, 518, 0, 0
25442, 32, 156, 498, 3, 0, 19.35%, 0, 32, 17, 151.00, 2825931, 518, 0, 0
25447, 32, 495, 498, 3, 0, 19.35%, 0, 32, 17, 108.56, 2826440, 518, 0, 0
25452, 32, 495, 498, 3, 0, 19.35%, 0, 32, 17, 93.47, 2826902, 518, 0, 0
25457, 32, 495, 498, 3, 0, 19.35%, 0, 32, 17, 89.64, 2827361, 518, 0, 0
25463, 32, 495, 498, 3, 0, 19.35%, 0, 32, 17, 87.78, 2827806, 518, 0, 0
25468, 32, 343, 498, 3, 0, 19.35%, 0, 32, 17, 140.77, 2828567, 518, 0, 0
25473, 32, 443, 498, 3, 0, 19.35%, 0, 32, 17, 149.55, 2829361, 518, 0, 0
25478, 32, 495, 498, 3, 0, 19.35%, 0, 32, 17, 127.35, 2829994, 518, 0, 0
25483, 32, 495, 498, 3, 0, 19.35%, 0, 32, 17, 107.66, 2830510, 518, 0, 0
25488, 32, 495, 498, 3, 0, 19.35%, 0, 32, 17, 102.68, 2831022, 518, 0, 0
25493, 32, 488, 498, 3, 0, 19.35%, 0, 32, 17, 118.40, 2831612, 518, 0, 0
25498, 32, 495, 498, 3, 0, 19.35%, 0, 32, 17, 133.86, 2832343, 518, 0, 0
25503, 32, 495, 498, 3, 0, 19.35%, 0, 32, 17, 98.61, 2832790, 518, 0, 0
25508, 32, 495, 498, 3, 0, 19.35%, 0, 32, 17, 90.40, 2833245, 518, 0, 0
25513, 32, 495, 498, 3, 0, 19.35%, 0, 32, 17, 88.36, 2833698, 518, 0, 0
25519, 32, 53, 498, 3, 0, 19.35%, 0, 32, 17, 125.06, 2834337, 518, 0, 0
25524, 32, 392, 498, 3, 0, 19.35%, 0, 32, 17, 142.24, 2835083, 518, 0, 0
25529, 32, 285, 498, 3, 0, 19.35%, 0, 32, 17, 148.04, 2835854, 518, 0, 0
25534, 32, 67, 498, 3, 0, 19.35%, 0, 32, 17, 150.36, 2836624, 518, 0, 0
25539, 32, 343, 498, 3, 0, 19.35%, 0, 32, 17, 150.15, 2837408, 518, 0, 0
25544, 32, 159, 498, 3, 0, 19.35%, 0, 32, 17, 139.66, 2838117, 518, 0, 0
25549, 32, 496, 498, 3, 0, 19.35%, 0, 32, 17, 134.87, 2838850, 518, 0, 0
25554, 32, 496, 498, 3, 0, 19.35%, 0, 32, 17, 95.38, 2839277, 518, 0, 0
25559, 32, 496, 498, 3, 0, 19.35%, 0, 32, 17, 86.26, 2839702, 518, 0, 0
25565, 32, 496, 499, 4, 0, 19.35%, 0, 32, 17, 87.51, 2840274, 518, 0, 0
25570, 32, 496, 500, 5, 0, 19.35%, 0, 32, 17, 106.18, 2840851, 518, 0, 0
25575, 32, 496, 500, 5, 0, 19.35%, 0, 32, 17, 108.17, 2841419, 518, 0, 0
25580, 32, 496, 500, 5, 0, 19.35%, 0, 32, 17, 110.77, 2841981, 518, 0, 0
25585, 32, 496, 500, 5, 0, 19.35%, 0, 32, 17, 112.24, 2842543, 518, 0, 0
25590, 32, 496, 500, 5, 0, 19.35%, 0, 32, 17, 110.38, 2843095, 518, 0, 0
25596, 32, 480, 500, 4, 0, 19.35%, 0, 32, 17, 133.63, 2843770, 518, 0, 0
25601, 32, 468, 500, 4, 0, 19.35%, 0, 32, 17, 146.92, 2844541, 518, 0, 0
25606, 32, 494, 500, 4, 0, 19.35%, 0, 32, 17, 137.31, 2845260, 518, 0, 0
25611, 32, 494, 500, 4, 0, 19.35%, 0, 32, 17, 99.28, 2845707, 518, 0, 0
25616, 32, 494, 500, 4, 0, 19.35%, 0, 32, 17, 91.24, 2846164, 518, 0, 0
25621, 32, 494, 500, 4, 0, 19.35%, 0, 32, 17, 90.33, 2846627, 518, 0, 0
25627, 32, 494, 500, 4, 0, 19.35%, 0, 32, 17, 93.41, 2847237, 518, 0, 0
25632, 32, 494, 500, 4, 0, 19.35%, 0, 32, 17, 92.18, 2847706, 518, 0, 0
25637, 32, 494, 500, 4, 0, 19.35%, 0, 32, 17, 92.32, 2848183, 518, 0, 0
25642, 32, 494, 500, 4, 0, 19.35%, 0, 32, 17, 92.45, 2848661, 518, 0, 0
25647, 32, 383, 500, 3, 0, 19.35%, 0, 32, 17, 124.87, 2849306, 518, 0, 0
25652, 32, 498, 500, 3, 0, 19.35%, 0, 32, 17, 139.11, 2850028, 518, 0, 0
25659, 32, 498, 500, 3, 0, 19.35%, 0, 32, 17, 141.23, 2850944, 518, 0, 0
25664, 32, 498, 500, 3, 0, 19.35%, 0, 32, 17, 141.86, 2851662, 518, 0, 0
25669, 32, 495, 500, 2, 0, 19.35%, 0, 32, 17, 126.77, 2852328, 518, 0, 0
25674, 32, 495, 500, 2, 0, 19.35%, 0, 32, 17, 106.77, 2852834, 518, 0, 0
25679, 32, 495, 500, 2, 0, 19.35%, 0, 32, 17, 103.29, 2853352, 518, 0, 0
25684, 32, 486, 500, 2, 0, 19.35%, 0, 32, 17, 123.46, 2853952, 518, 0, 0
25689, 32, 495, 500, 2, 0, 19.35%, 0, 32, 17, 131.98, 2854652, 518, 0, 0
25694, 32, 495, 500, 2, 0, 19.35%, 0, 32, 17, 108.20, 2855164, 518, 0, 0
25699, 32, 495, 500, 2, 0, 19.35%, 0, 32, 17, 104.11, 2855694, 518, 0, 0
25705, 32, 46, 500, 2, 0, 19.35%, 0, 32, 17, 109.39, 2856250, 518, 0, 0
25710, 32, 25, 500, 2, 0, 19.35%, 0, 32, 17, 143.13, 2857036, 518, 0, 0
25715, 32, 338, 501, 3, 0, 19.35%, 0, 32, 17, 141.10, 2857747, 518, 0, 0
25720, 32, 23, 501, 3, 0, 19.35%, 0, 32, 17, 151.50, 2858528, 518, 0, 0
25725, 32, 392, 501, 3, 0, 19.35%, 0, 32, 17, 146.17, 2859271, 518, 0, 0
25730, 32, 163, 501, 3, 0, 19.35%, 0, 32, 17, 152.91, 2860066, 518, 0, 0
25735, 32, 479, 501, 3, 0, 19.35%, 0, 32, 17, 157.91, 2860864, 518, 0, 0
25740, 32, 199, 501, 3, 0, 19.35%, 0, 32, 17, 157.82, 2861674, 518, 0, 0
25745, 32, 479, 501, 3, 0, 19.35%, 0, 32, 17, 155.11, 2862442, 518, 0, 0
25751, 32, 392, 501, 3, 0, 19.35%, 0, 32, 17, 151.32, 2863225, 518, 0, 0
25756, 32, 384, 501, 3, 0, 19.35%, 0, 32, 17, 143.06, 2863976, 518, 0, 0
25761, 32, 400, 501, 3, 0, 19.35%, 0, 32, 17, 136.38, 2864687, 518, 0, 0
25766, 32, 498, 501, 3, 0, 19.35%, 0, 32, 17, 139.72, 2865393, 518, 0, 0
25771, 32, 466, 501, 3, 0, 19.35%, 0, 32, 17, 137.88, 2866075, 518, 0, 0
25776, 32, 474, 501, 3, 0, 19.35%, 0, 32, 17, 150.44, 2866885, 518, 0, 0
25781, 32, 479, 501, 3, 0, 19.35%, 0, 32, 17, 159.05, 2867717, 518, 0, 0
25786, 32, 495, 501, 3, 0, 19.35%, 0, 32, 17, 110.57, 2868266, 518, 0, 0
25791, 32, 495, 501, 3, 0, 19.35%, 0, 32, 17, 88.89, 2868681, 518, 0, 0
25797, 32, 495, 501, 3, 0, 19.35%, 0, 32, 17, 85.17, 2869110, 518, 0, 0
25802, 32, 495, 501, 3, 0, 19.35%, 0, 32, 17, 83.65, 2869540, 518, 0, 0
25807, 32, 384, 501, 3, 0, 19.35%, 0, 32, 17, 117.41, 2870185, 518, 0, 0
25812, 32, 216, 501, 3, 0, 19.35%, 0, 32, 17, 138.33, 2870925, 518, 0, 0
25817, 32, 240, 501, 3, 0, 19.35%, 0, 32, 17, 151.98, 2871722, 518, 0, 0
25822, 32, 441, 501, 3, 0, 19.35%, 0, 32, 17, 147.68, 2872469, 518, 0, 0
25827, 32, 367, 501, 3, 0, 19.35%, 0, 32, 17, 146.10, 2873188, 518, 0, 0
25833, 32, 195, 501, 3, 0, 19.35%, 0, 32, 17, 157.58, 2874017, 518, 0, 0
25838, 32, 422, 501, 3, 0, 19.35%, 0, 32, 17, 151.59, 2874784, 518, 0, 0
25843, 32, 466, 501, 3, 0, 19.35%, 0, 32, 17, 157.07, 2875569, 518, 0, 0
25848, 32, 495, 501, 3, 0, 19.35%, 0, 32, 17, 139.44, 2876300, 518, 0, 0
25853, 32, 495, 501, 3, 0, 19.35%, 0, 32, 17, 117.47, 2876880, 518, 0, 0
25858, 32, 495, 501, 3, 0, 19.35%, 0, 32, 17, 113.82, 2877462, 518, 0, 0
25863, 32, 196, 501, 3, 0, 19.35%, 0, 32, 17, 138.64, 2878186, 518, 0, 0
25869, 32, 500, 501, 3, 0, 19.35%, 0, 32, 17, 141.01, 2878928, 518, 0, 0
25874, 32, 500, 501, 3, 0, 19.35%, 0, 32, 17, 138.44, 2879628, 518, 0, 0
25879, 32, 500, 501, 3, 0, 19.35%, 0, 32, 17, 136.89, 2880341, 518, 0, 0
25884, 32, 500, 502, 4, 0, 19.35%, 0, 32, 17, 139.44, 2881060, 518, 0, 0
25889, 32, 500, 502, 4, 0, 19.35%, 0, 32, 17, 139.40, 2881780, 518, 0, 0
25894, 32, 417, 502, 3, 0, 19.35%, 0, 32, 17, 141.10, 2882516, 518, 0, 0
25899, 32, 153, 502, 3, 0, 19.35%, 0, 32, 17, 150.46, 2883305, 518, 0, 0
25905, 32, 497, 502, 3, 0, 19.35%, 0, 32, 17, 155.86, 2884129, 518, 0, 0
25910, 32, 497, 502, 3, 0, 19.35%, 0, 32, 17, 98.69, 2884560, 518, 0, 0
25915, 32, 497, 502, 3, 0, 19.35%, 0, 32, 17, 86.52, 2884986, 518, 0, 0
25922, 32, 497, 502, 3, 0, 19.35%, 0, 32, 17, 86.47, 2885655, 518, 0, 0
25927, 32, 497, 502, 3, 0, 19.35%, 0, 32, 17, 86.07, 2886096, 518, 0, 0
25932, 32, 497, 502, 3, 0, 19.35%, 0, 32, 17, 85.68, 2886538, 518, 0, 0
25937, 32, 497, 502, 3, 0, 19.35%, 0, 32, 17, 86.16, 2886984, 518, 0, 0
25942, 32, 400, 502, 2, 0, 19.35%, 0, 32, 17, 110.94, 2887529, 518, 0, 0
25948, 32, 486, 502, 2, 0, 19.35%, 0, 32, 17, 151.13, 2888358, 518, 0, 0
25953, 32, 424, 502, 2, 0, 19.35%, 0, 32, 17, 152.81, 2889156, 518, 0, 0
25958, 32, 495, 502, 2, 0, 19.35%, 0, 32, 17, 123.69, 2889773, 518, 0, 0
25963, 32, 495, 502, 2, 0, 19.35%, 0, 32, 17, 107.86, 2890313, 518, 0, 0
25968, 32, 495, 502, 2, 0, 19.35%, 0, 32, 17, 102.84, 2890825, 518, 0, 0
25973, 32, 97, 502, 2, 0, 19.35%, 0, 32, 17, 124.32, 2891440, 518, 0, 0
25978, 32, 466, 502, 2, 0, 19.35%, 0, 32, 17, 151.32, 2892256, 518, 0, 0
25983, 32, 466, 502, 2, 0, 19.35%, 0, 32, 17, 149.03, 2893004, 518, 0, 0
25988, 32, 429, 502, 2, 0, 19.35%, 0, 32, 17, 148.67, 2893781, 518, 0, 0
25994, 32, 495, 502, 2, 0, 19.35%, 0, 32, 17, 110.22, 2894337, 518, 0, 0
25999, 32, 495, 502, 2, 0, 19.35%, 0, 32, 17, 96.52, 2894808, 518, 0, 0
26004, 32, 495, 502, 2, 0, 19.35%, 0, 32, 17, 94.11, 2895289, 518, 0, 0
26009, 32, 501, 502, 2, 0, 19.35%, 0, 32, 17, 111.11, 2895841, 518, 0, 0
26014, 32, 501, 502, 2, 0, 19.35%, 0, 32, 17, 125.97, 2896501, 518, 0, 0
26019, 32, 501, 502, 2, 0, 19.35%, 0, 32, 17, 130.41, 2897227, 518, 0, 0
26024, 32, 501, 502, 2, 0, 19.35%, 0, 32, 17, 138.94, 2897935, 518, 0, 0
26030, 32, 443, 502, 1, 0, 19.35%, 0, 32, 17, 141.07, 2898665, 518, 0, 0
26035, 32, 216, 502, 1, 0, 19.35%, 0, 32, 17, 137.26, 2899363, 518, 0, 0
26040, 32, 422, 502, 1, 0, 19.35%, 0, 32, 17, 143.31, 2900115, 518, 0, 0
26045, 32, 466, 502, 1, 0, 19.35%, 0, 32, 17, 153.22, 2900911, 518, 0, 0
26050, 32, 2, 502, 1, 0, 19.35%, 0, 32, 17, 150.33, 2901672, 518, 0, 0
26055, 32, 80, 502, 1, 0, 19.35%, 0, 32, 17, 156.96, 2902469, 518, 0, 0
26060, 32, 480, 502, 1, 0, 19.35%, 0, 32, 17, 149.35, 2903219, 518, 0, 0
26065, 32, 331, 502, 1, 0, 19.35%, 0, 32, 17, 154.16, 2903997, 518, 0, 0
26070, 32, 237, 502, 1, 0, 19.35%, 0, 32, 17, 156.36, 2904792, 518, 0, 0
26075, 32, 161, 502, 1, 0, 19.35%, 0, 32, 17, 147.07, 2905534, 518, 0, 0
26081, 32, 495, 502, 1, 0, 19.35%, 0, 32, 17, 120.10, 2906155, 518, 0, 0
26086, 32, 495, 502, 1, 0, 19.35%, 0, 32, 17, 96.94, 2906614, 518, 0, 0
26091, 32, 495, 502, 1, 0, 19.35%, 0, 32, 17, 89.89, 2907068, 518, 0, 0
26096, 32, 495, 502, 1, 0, 19.35%, 0, 32, 17, 87.89, 2907516, 518, 0, 0
26101, 32, 48, 502, 1, 0, 19.35%, 0, 32, 17, 138.90, 2908256, 518, 0, 0
26106, 32, 2, 502, 1, 0, 19.35%, 0, 32, 17, 154.88, 2909075, 518, 0, 0
26111, 32, 353, 502, 1, 0, 19.35%, 0, 32, 17, 146.40, 2909795, 518, 0, 0
26116, 32, 468, 502, 1, 0, 19.35%, 0, 32, 17, 149.92, 2910573, 518, 0, 0
26121, 32, 285, 502, 1, 0, 19.35%, 0, 32, 17, 153.37, 2911350, 518, 0, 0
26126, 32, 486, 502, 1, 0, 19.35%, 0, 32, 17, 154.28, 2912115, 518, 0, 0
26132, 32, 393, 502, 1, 0, 19.35%, 0, 32, 17, 138.98, 2912825, 518, 0, 0
26137, 32, 486, 502, 1, 0, 19.35%, 0, 32, 17, 152.17, 2913612, 518, 0, 0
26142, 32, 153, 502, 1, 0, 19.35%, 0, 32, 17, 150.74, 2914381, 518, 0, 0
26147, 32, 429, 502, 1, 0, 19.35%, 0, 32, 17, 147.60, 2915134, 518, 0, 0
26152, 33, 441, 502, 1, 0, 19.35%, 0, 32, 17, 151.62, 2915907, 518, 0, 0
26157, 33, 168, 502, 1, 0, 19.35%, 0, 32, 17, 148.79, 2916660, 518, 0, 0
26162, 33, 394, 502, 1, 0, 19.35%, 0, 32, 17, 153.81, 2917452, 518, 0, 0
26167, 33, 384, 502, 1, 0, 19.35%, 0, 32, 17, 146.98, 2918201, 518, 0, 0
26172, 33, 422, 502, 1, 0, 19.35%, 0, 32, 17, 143.46, 2918925, 518, 0, 0
26177, 33, 499, 502, 1, 0, 19.35%, 0, 32, 17, 102.54, 2919431, 518, 0, 0
26183, 33, 499, 502, 1, 0, 19.35%, 0, 32, 17, 86.56, 2919857, 518, 0, 0
26188, 33, 499, 502, 1, 0, 19.35%, 0, 32, 17, 82.35, 2920280, 518, 0, 0
26193, 33, 499, 503, 2, 0, 19.35%, 0, 32, 17, 84.56, 2920813, 518, 0, 0
26198, 33, 499, 503, 2, 0, 19.35%, 0, 32, 17, 84.31, 2921245, 518, 0, 0
26203, 33, 499, 503, 2, 0, 19.35%, 0, 32, 17, 83.95, 2921672, 518, 0, 0
26208, 33, 499, 503, 2, 0, 19.35%, 0, 32, 17, 84.43, 2922103, 518, 0, 0
26213, 33, 499, 503, 2, 0, 19.35%, 0, 32, 17, 84.08, 2922533, 518, 0, 0
26218, 33, 499, 503, 2, 0, 19.35%, 0, 32, 17, 83.82, 2922962, 518, 0, 0
26224, 33, 499, 503, 2, 0, 19.35%, 0, 32, 17, 83.71, 2923393, 518, 0, 0
26229, 33, 499, 503, 2, 0, 19.35%, 0, 32, 17, 84.28, 2923826, 518, 0, 0
26234, 33, 480, 503, 1, 0, 19.35%, 0, 32, 17, 134.13, 2924570, 518, 0, 0
26239, 33, 422, 503, 1, 0, 19.35%, 0, 32, 17, 147.35, 2925351, 518, 0, 0
26244, 33, 81, 503, 1, 0, 19.35%, 0, 32, 17, 136.59, 2926037, 518, 0, 0
26249, 33, 429, 503, 1, 0, 19.35%, 0, 32, 17, 141.86, 2926761, 518, 0, 0
26255, 33, 479, 503, 1, 0, 19.35%, 0, 32, 17, 149.75, 2927551, 518, 0, 0
26260, 33, 399, 503, 1, 0, 19.35%, 0, 32, 17, 146.31, 2928314, 518, 0, 0
26265, 33, 200, 503, 1, 0, 19.35%, 0, 32, 17, 139.04, 2929018, 518, 0, 0
26270, 33, 495, 503, 1, 0, 19.35%, 0, 32, 17, 126.30, 2929685, 518, 0, 0
26275, 33, 28, 503, 1, 0, 19.35%, 0, 32, 17, 128.93, 2930280, 518, 0, 0
26280, 33, 495, 503, 1, 0, 19.35%, 0, 32, 17, 147.29, 2931079, 518, 0, 0
26285, 33, 80, 503, 1, 0, 19.35%, 0, 32, 17, 114.78, 2931572, 518, 0, 0
26290, 33, 200, 503, 1, 0, 19.35%, 0, 32, 17, 129.69, 2932305, 518, 0, 0
26295, 33, 480, 503, 1, 0, 19.35%, 0, 32, 17, 151.53, 2933133, 518, 0, 0
26301, 33, 495, 503, 1, 0, 19.35%, 0, 32, 17, 116.12, 2933696, 518, 0, 0
26306, 33, 468, 503, 1, 0, 19.35%, 0, 32, 17, 109.21, 2934208, 518, 0, 0
26311, 33, 114, 503, 1, 0, 19.35%, 0, 32, 17, 146.86, 2934996, 518, 0, 0
26316, 33, 49, 503, 1, 0, 19.35%, 0, 32, 17, 153.25, 2935774, 518, 0, 0
26321, 33, 495, 503, 1, 0, 19.35%, 0, 32, 17, 123.80, 2936422, 518, 0, 0
26326, 33, 392, 503, 1, 0, 19.35%, 0, 32, 17, 132.85, 2937059, 518, 0, 0
26331, 33, 432, 503, 1, 0, 19.35%, 0, 32, 17, 140.02, 2937793, 518, 0, 0
26336, 33, 392, 503, 1, 0, 19.35%, 0, 32, 17, 148.15, 2938576, 518, 0, 0
26341, 33, 495, 503, 1, 0, 19.35%, 0, 32, 17, 113.88, 2939162, 518, 0, 0
26346, 33, 36, 503, 1, 0, 19.35%, 0, 32, 17, 134.12, 2939792, 518, 0, 0
26352, 33, 45, 503, 1, 0, 19.35%, 0, 32, 17, 149.00, 2940581, 518, 0, 0
26357, 33, 67, 503, 1, 0, 19.35%, 0, 32, 17, 156.76, 2941401, 518, 0, 0
26362, 33, 400, 503, 1, 0, 19.35%, 0, 32, 17, 135.87, 2942068, 518, 0, 0
26367, 33, 158, 503, 1, 0, 19.35%, 0, 32, 17, 145.27, 2942827, 518, 0, 0
26372, 33, 480, 503, 1, 0, 19.35%, 0, 32, 17, 148.50, 2943606, 518, 0, 0
26377, 33, 502, 503, 1, 0, 19.35%, 0, 32, 17, 153.35, 2944385, 518, 0, 0
26382, 33, 502, 503, 1, 0, 19.35%, 0, 32, 17, 93.75, 2944776, 518, 0, 0
26387, 33, 502, 503, 1, 0, 19.35%, 0, 32, 17, 80.78, 2945176, 518, 0, 0
26393, 33, 502, 503, 1, 0, 19.35%, 0, 32, 17, 77.64, 2945573, 518, 0, 0
26398, 33, 502, 503, 1, 0, 19.35%, 0, 32, 17, 80.27, 2946110, 518, 0, 0
26403, 33, 502, 503, 1, 0, 19.35%, 0, 32, 17, 93.20, 2946604, 518, 0, 0
26408, 33, 502, 503, 1, 0, 19.35%, 0, 32, 17, 95.16, 2947090, 518, 0, 0
26413, 33, 321, 503, 0, 0, 19.35%, 0, 32, 17, 126.40, 2947734, 518, 0, 0
26419, 33, 400, 503, 0, 0, 19.35%, 0, 32, 17, 129.90, 2948426, 518, 0, 0
26424, 33, 26, 503, 0, 0, 19.35%, 0, 32, 17, 106.83, 2948951, 518, 0, 0
26429, 33, 495, 503, 0, 0, 19.35%, 0, 32, 17, 118.48, 2949636, 518, 0, 0
26434, 33, 244, 503, 0, 0, 19.35%, 0, 32, 17, 139.31, 2950346, 518, 0, 0
26439, 33, 495, 503, 0, 0, 19.35%, 0, 32, 17, 125.81, 2951017, 518, 0, 0
26444, 33, 400, 503, 0, 0, 19.35%, 0, 32, 17, 134.33, 2951702, 518, 0, 0
26450, 33, 50, 503, 0, 0, 19.35%, 0, 32, 17, 145.85, 2952465, 518, 0, 0
26455, 33, 422, 503, 0, 0, 19.35%, 0, 32, 17, 134.29, 2953110, 518, 0, 0
26460, 33, 114, 503, 0, 0, 19.35%, 0, 32, 17, 142.54, 2953860, 518, 0, 0
26465, 33, 182, 503, 0, 0, 19.35%, 0, 32, 17, 151.50, 2954659, 518, 0, 0
26470, 33, 368, 503, 0, 0, 19.35%, 0, 32, 17, 158.31, 2955486, 518, 0, 0
26475, 33, 468, 503, 0, 0, 19.35%, 0, 32, 17, 153.14, 2956271, 518, 0, 0
26481, 33, 486, 503, 0, 0, 19.35%, 0, 32, 17, 149.50, 2957051, 518, 0, 0
26486, 33, 499, 503, 0, 0, 19.35%, 0, 32, 17, 106.98, 2957571, 518, 0, 0
26491, 33, 299, 503, 0, 0, 19.35%, 0, 32, 17, 131.47, 2958223, 518, 0, 0
26496, 33, 502, 503, 0, 0, 19.35%, 0, 32, 17, 128.52, 2958943, 518, 0, 0
26501, 33, 502, 503, 0, 0, 19.35%, 0, 32, 17, 95.22, 2959381, 518, 0, 0
26506, 33, 502, 503, 0, 0, 19.35%, 0, 32, 17, 88.48, 2959828, 518, 0, 0
26511, 33, 429, 503, 0, 0, 19.35%, 0, 32, 17, 121.90, 2960437, 518, 0, 0
26516, 33, 468, 503, 0, 0, 19.35%, 0, 32, 17, 150.44, 2961245, 518, 0, 0
26521, 33, 422, 503, 0, 0, 19.35%, 0, 32, 17, 148.87, 2962008, 518, 0, 0
26527, 33, 384, 503, 0, 0, 19.35%, 0, 32, 17, 145.27, 2962747, 518, 0, 0
26532, 33, 2, 503, 0, 0, 19.35%, 0, 32, 17, 147.65, 2963493, 518, 0, 0
26537, 33, 188, 503, 0, 0, 19.35%, 0, 32, 17, 156.12, 2964303, 518, 0, 0
26542, 33, 495, 503, 0, 0, 19.35%, 0, 32, 17, 101.26, 2964759, 518, 0, 0
26547, 33, 495, 503, 0, 0, 19.35%, 0, 32, 17, 135.73, 2965529, 518, 0, 0
26552, 33, 49, 503, 0, 0, 19.35%, 0, 32, 17, 141.34, 2966224, 518, 0, 0
26557, 33, 495, 503, 0, 0, 19.35%, 0, 32, 17, 115.41, 2966835, 518, 0, 0
26563, 33, 422, 503, 0, 0, 19.35%, 0, 32, 17, 140.68, 2967581, 518, 0, 0
26568, 33, 337, 503, 0, 0, 19.35%, 0, 32, 17, 153.62, 2968390, 518, 0, 0
26573, 33, 418, 503, 0, 0, 19.35%, 0, 32, 17, 157.99, 2969181, 518, 0, 0
26578, 33, 107, 503, 0, 0, 19.35%, 0, 32, 17, 159.45, 2970000, 518, 0, 0
26583, 33, 378, 503, 0, 0, 19.35%, 0, 32, 17, 144.31, 2970692, 518, 0, 0
26588, 33, 239, 503, 0, 0, 19.35%, 0, 32, 17, 143.99, 2971405, 518, 0, 0
26593, 33, 216, 503, 0, 0, 19.35%, 0, 32, 17, 157.82, 2972234, 518, 0, 0
26598, 33, 400, 503, 0, 0, 19.35%, 0, 32, 17, 140.53, 2972932, 518, 0, 0
26603, 33, 47, 503, 0, 0, 19.35%, 0, 32, 17, 154.38, 2973708, 518, 0, 0
26608, 33, 422, 503, 0, 0, 19.35%, 0, 32, 17, 150.43, 2974474, 518, 0, 0
26614, 33, 495, 503, 0, 0, 19.35%, 0, 32, 17, 146.73, 2975255, 518, 0, 0
26619, 33, 392, 503, 0, 0, 19.35%, 0, 32, 17, 126.72, 2975836, 518, 0, 0
26624, 33, 14, 503, 0, 0, 19.35%, 0, 32, 17, 118.59, 2976445, 518, 0, 0
26629, 33, 429, 503, 0, 0, 19.35%, 0, 32, 17, 145.46, 2977234, 518, 0, 0
26634, 33, 468, 503, 0, 0, 19.35%, 0, 32, 17, 148.72, 2977983, 518, 0, 0
26639, 33, 411, 503, 0, 0, 19.35%, 0, 32, 17, 143.89, 2978759, 518, 0, 0
26644, 33, 468, 503, 0, 0, 19.35%, 0, 32, 17, 146.72, 2979518, 518, 0, 0
26649, 33, 281, 503, 0, 0, 19.35%, 0, 32, 17, 131.47, 2980177, 518, 0, 0
26655, 33, 202, 503, 0, 0, 19.35%, 0, 32, 17, 151.44, 2980970, 518, 0, 0
26660, 33, 441, 503, 0, 0, 19.35%, 0, 32, 17, 152.81, 2981757, 518, 0, 0
26665, 33, 400, 503, 0, 0, 19.35%, 0, 32, 17, 152.98, 2982569, 518, 0, 0
26670, 33, 495, 503, 0, 0, 19.35%, 0, 32, 17, 134.56, 2983266, 518, 0, 0
26675, 33, 295, 503, 0, 0, 19.35%, 0, 32, 17, 136.89, 2983930, 518, 0, 0
26680, 33, 473, 503, 0, 0, 19.35%, 0, 32, 17, 112.46, 2984553, 518, 0, 0
26685, 33, 478, 503, 0, 0, 19.35%, 0, 32, 17, 135.15, 2985192, 518, 0, 0
26690, 33, 491, 503, 0, 0, 19.35%, 0, 32, 17, 149.08, 2985939, 518, 0, 0
26695, 33, 393, 503, 0, 0, 19.35%, 0, 32, 17, 136.85, 2986615, 518, 0, 0
26700, 33, 495, 503, 0, 0, 19.35%, 0, 32, 17, 111.09, 2987178, 518, 0, 0
26706, 33, 429, 503, 0, 0, 19.35%, 0, 32, 17, 127.20, 2987802, 518, 0, 0
26711, 33, 247, 503, 0, 0, 19.35%, 0, 32, 17, 153.92, 2988622, 518, 0, 0
26716, 33, 474, 503, 0, 0, 19.35%, 0, 32, 17, 160.61, 2989456, 518, 0, 0
26721, 33, 468, 503, 0, 0, 19.35%, 0, 32, 17, 143.22, 2990168, 518, 0, 0
26726, 33, 72, 503, 0, 0, 19.35%, 0, 32, 17, 149.20, 2990952, 518, 0, 0
26731, 33, 422, 503, 0, 0, 19.35%, 0, 32, 17, 142.06, 2991689, 518, 0, 0
26736, 33, 422, 503, 0, 0, 19.35%, 0, 32, 17, 149.44, 2992447, 518, 0, 0
26742, 33, 488, 503, 0, 0, 19.35%, 0, 32, 17, 151.19, 2993215, 518, 0, 0
26747, 33, 237, 503, 0, 0, 19.35%, 0, 32, 17, 152.33, 2993976, 518, 0, 0
26752, 33, 216, 503, 0, 0, 19.35%, 0, 32, 17, 150.90, 2994755, 518, 0, 0
26757, 33, 40, 503, 0, 0, 19.35%, 0, 32, 17, 154.48, 2995566, 518, 0, 0
26762, 33, 424, 503, 0, 0, 19.35%, 0, 32, 17, 150.94, 2996333, 518, 0, 0
26767, 33, 495, 503, 0, 0, 19.35%, 0, 32, 17, 105.10, 2996846, 518, 0, 0
26772, 33, 33, 503, 0, 0, 19.35%, 0, 32, 17, 140.54, 2997583, 518, 0, 0
26778, 33, 502, 503, 0, 0, 19.35%, 0, 32, 17, 90.84, 2997991, 518, 0, 0
26783, 33, 502, 503, 0, 0, 19.35%, 0, 32, 17, 81.25, 2998400, 518, 0, 0
26788, 33, 182, 503, 0, 0, 19.35%, 0, 32, 17, 84.91, 2998820, 518, 0, 0
26793, 33, 49, 503, 0, 0, 19.35%, 0, 32, 17, 131.40, 2999544, 518, 0, 0
26798, 33, 495, 503, 0, 0, 19.35%, 0, 32, 17, 130.48, 3000231, 518, 0, 0
26803, 33, 400, 503, 0, 0, 19.35%, 0, 32, 17, 126.34, 3000834, 518, 0, 0
26808, 33, 50, 503, 0, 0, 19.35%, 0, 32, 17, 139.56, 3001564, 518, 0, 0
26813, 34, 441, 503, 0, 0, 19.35%, 0, 32, 17, 137.46, 3002298, 518, 0, 0
26819, 34, 418, 503, 0, 0, 19.35%, 0, 32, 17, 154.69, 3003118, 518, 0, 0
26824, 34, 431, 503, 0, 0, 19.35%, 0, 32, 17, 137.99, 3003831, 518, 0, 0
26829, 34, 400, 503, 0, 0, 19.35%, 0, 32, 17, 149.91, 3004631, 518, 0, 0
26834, 34, 495, 503, 0, 0, 19.35%, 0, 32, 17, 124.78, 3005290, 518, 0, 0
26839, 34, 80, 503, 0, 0, 19.35%, 0, 32, 17, 126.85, 3005886, 518, 0, 0
26844, 34, 480, 503, 0, 0, 19.35%, 0, 32, 17, 150.76, 3006702, 518, 0, 0
26849, 34, 2, 503, 0, 0, 19.35%, 0, 32, 17, 150.47, 3007454, 518, 0, 0
26855, 34, 114, 503, 0, 0, 19.35%, 0, 32, 17, 152.60, 3008223, 518, 0, 0
26860, 34, 199, 503, 0, 0, 19.35%, 0, 32, 17, 152.46, 3009005, 518, 0, 0
26865, 34, 400, 503, 0, 0, 19.35%, 0, 32, 17, 148.54, 3009785, 518, 0, 0
26870, 34, 400, 503, 0, 0, 19.35%, 0, 32, 17, 148.22, 3010539, 518, 0, 0
26875, 34, 458, 503, 0, 0, 19.35%, 0, 32, 17, 141.43, 3011247, 518, 0, 0
26880, 34, 134, 503, 0, 0, 19.35%, 0, 32, 17, 154.33, 3012048, 518, 0, 0
26885, 34, 468, 503, 0, 0, 19.35%, 0, 32, 17, 153.41, 3012827, 518, 0, 0
26890, 34, 80, 503, 0, 0, 19.35%, 0, 32, 17, 137.81, 3013508, 518, 0, 0
26896, 34, 343, 503, 0, 0, 19.35%, 0, 32, 17, 154.89, 3014337, 518, 0, 0
26901, 34, 461, 503, 0, 0, 19.35%, 0, 32, 17, 149.56, 3015083, 518, 0, 0
26906, 34, 495, 503, 0, 0, 19.35%, 0, 32, 17, 107.51, 3015609, 518, 0, 0
26911, 34, 400, 503, 0, 0, 19.35%, 0, 32, 17, 129.65, 3016294, 518, 0, 0
26916, 34, 134, 503, 0, 0, 19.35%, 0, 32, 17, 138.88, 3016993, 518, 0, 0
26921, 34, 3, 503, 0, 0, 19.35%, 0, 32, 17, 143.13, 3017737, 518, 0, 0
26926, 34, 170, 503, 0, 0, 19.35%, 0, 32, 17, 146.39, 3018470, 518, 0, 0
26931, 34, 501, 503, 0, 0, 19.35%, 0, 32, 17, 142.20, 3019202, 518, 0, 0
26936, 34, 480, 503, 0, 0, 19.35%, 0, 32, 17, 144.47, 3019930, 518, 0, 0
26942, 34, 49, 503, 0, 0, 19.35%, 0, 32, 17, 151.43, 3020706, 518, 0, 0
26947, 34, 495, 503, 0, 0, 19.35%, 0, 32, 17, 149.97, 3021496, 518, 0, 0
26952, 34, 429, 503, 0, 0, 19.35%, 0, 32, 17, 116.12, 3022006, 518, 0, 0
26957, 34, 182, 503, 0, 0, 19.35%, 0, 32, 17, 144.23, 3022760, 518, 0, 0
26962, 34, 197, 503, 0, 0, 19.35%, 0, 32, 17, 147.14, 3023523, 518, 0, 0
26967, 34, 494, 503, 0, 0, 19.35%, 0, 32, 17, 127.16, 3024204, 518, 0, 0
26972, 34, 422, 503, 0, 0, 19.35%, 0, 32, 17, 136.44, 3024855, 518, 0, 0
26978, 34, 422, 503, 0, 0, 19.35%, 0, 32, 17, 152.75, 3025660, 518, 0, 0
26983, 34, 237, 503, 0, 0, 19.35%, 0, 32, 17, 148.27, 3026403, 518, 0, 0
26988, 34, 368, 503, 0, 0, 19.35%, 0, 32, 17, 157.25, 3027238, 518, 0, 0
26993, 34, 466, 503, 0, 0, 19.35%, 0, 32, 17, 143.60, 3027967, 518, 0, 0
26998, 34, 382, 503, 0, 0, 19.35%, 0, 32, 17, 149.35, 3028763, 518, 0, 0
27003, 34, 480, 503, 0, 0, 19.35%, 0, 32, 17, 149.22, 3029516, 518, 0, 0
27008, 34, 368, 503, 0, 0, 19.35%, 0, 32, 17, 153.16, 3030305, 518, 0, 0
27013, 34, 378, 503, 0, 0, 19.35%, 0, 32, 17, 133.97, 3030956, 518, 0, 0
27019, 34, 429, 503, 0, 0, 19.35%, 0, 32, 17, 144.85, 3031692, 518, 0, 0
27024, 34, 50, 503, 0, 0, 19.35%, 0, 32, 17, 152.52, 3032453, 518, 0, 0
27029, 34, 480, 503, 0, 0, 19.35%, 0, 32, 17, 148.55, 3033213, 518, 0, 0
27034, 34, 422, 503, 0, 0, 19.35%, 0, 32, 17, 145.82, 3033957, 518, 0, 0
27039, 34, 443, 503, 0, 0, 19.35%, 0, 32, 17, 139.77, 3034672, 518, 0, 0
27044, 34, 69, 503, 0, 0, 19.35%, 0, 32, 17, 140.29, 3035389, 518, 0, 0
27049, 34, 434, 503, 0, 0, 19.35%, 0, 32, 17, 130.56, 3036101, 518, 0, 0
27054, 34, 394, 503, 0, 0, 19.35%, 0, 32, 17, 129.49, 3036709, 518, 0, 0
27060, 34, 429, 503, 0, 0, 19.35%, 0, 32, 17, 148.58, 3037509, 518, 0, 0
27065, 34, 495, 503, 0, 0, 19.35%, 0, 32, 17, 140.15, 3038253, 518, 0, 0
27070, 34, 392, 503, 0, 0, 19.35%, 0, 32, 17, 124.37, 3038803, 518, 0, 0
27075, 34, 400, 503, 0, 0, 19.35%, 0, 32, 17, 135.33, 3039538, 518, 0, 0
27080, 34, 495, 503, 0, 0, 19.35%, 0, 32, 17, 133.52, 3040266, 518, 0, 0
27085, 34, 47, 503, 0, 0, 19.35%, 0, 32, 17, 117.60, 3040782, 518, 0, 0
27090, 34, 495, 503, 0, 0, 19.35%, 0, 32, 17, 132.74, 3041531, 518, 0, 0
27095, 34, 408, 503, 0, 0, 19.35%, 0, 32, 17, 125.03, 3042106, 518, 0, 0
27101, 34, 239, 503, 0, 0, 19.35%, 0, 32, 17, 144.19, 3042862, 518, 0, 0
27106, 34, 419, 503, 0, 0, 19.35%, 0, 32, 17, 151.85, 3043667, 518, 0, 0
27111, 34, 480, 503, 0, 0, 19.35%, 0, 32, 17, 151.70, 3044471, 518, 0, 0
27116, 34, 500, 503, 0, 0, 19.35%, 0, 32, 17, 143.08, 3045204, 518, 0, 0
27121, 34, 368, 503, 0, 0, 19.35%, 0, 32, 17, 146.14, 3045944, 518, 0, 0
27127, 34, 25, 503, 0, 0, 19.35%, 0, 32, 17, 135.86, 3046609, 518, 0, 0
27132, 34, 29, 503, 0, 0, 19.35%, 0, 32, 17, 153.64, 3047425, 518, 0, 0
27137, 34, 400, 503, 0, 0, 19.35%, 0, 32, 17, 135.29, 3048105, 518, 0, 0
27142, 34, 488, 503, 0, 0, 19.35%, 0, 32, 17, 146.44, 3048865, 518, 0, 0
27147, 34, 429, 503, 0, 0, 19.35%, 0, 32, 17, 149.62, 3049655, 518, 0, 0
27152, 34, 65, 503, 0, 0, 19.35%, 0, 32, 17, 117.74, 3050179, 518, 0, 0
27157, 34, 502, 503, 0, 0, 19.35%, 0, 32, 17, 90.50, 3050597, 518, 0, 0
27162, 34, 502, 503, 0, 0, 19.35%, 0, 32, 17, 83.32, 3051022, 518, 0, 0
27167, 34, 295, 503, 0, 0, 19.35%, 0, 32, 17, 97.59, 3051497, 518, 0, 0
27173, 34, 495, 503, 0, 0, 19.35%, 0, 32, 17, 91.86, 3051985, 518, 0, 0
27178, 34, 67, 503, 0, 0, 19.35%, 0, 32, 17, 137.33, 3052727, 518, 0, 0
27183, 34, 337, 503, 0, 0, 19.35%, 0, 32, 17, 136.07, 3053440, 518, 0, 0
27188, 34, 158, 503, 0, 0, 19.35%, 0, 32, 17, 150.15, 3054229, 518, 0, 0
27193, 34, 480, 503, 0, 0, 19.35%, 0, 32, 17, 154.32, 3055047, 518, 0, 0
27198, 34, 2, 503, 0, 0, 19.35%, 0, 32, 17, 151.07, 3055828, 518, 0, 0
27203, 34, 360, 503, 0, 0, 19.35%, 0, 32, 17, 156.25, 3056606, 518, 0, 0
27209, 34, 488, 503, 0, 0, 19.35%, 0, 32, 17, 145.97, 3057353, 518, 0, 0
27214, 34, 422, 503, 0, 0, 19.35%, 0, 32, 17, 153.71, 3058158, 518, 0, 0
27219, 34, 193, 503, 0, 0, 19.35%, 0, 32, 17, 148.11, 3058902, 518, 0, 0
27224, 34, 392, 503, 0, 0, 19.35%, 0, 32, 17, 152.42, 3059706, 518, 0, 0
27229, 34, 35, 503, 0, 0, 19.35%, 0, 32, 17, 152.38, 3060458, 518, 0, 0
27234, 34, 495, 503, 0, 0, 19.35%, 0, 32, 17, 125.39, 3061092, 518, 0, 0
27239, 34, 191, 503, 0, 0, 19.35%, 0, 32, 17, 145.87, 3061837, 518, 0, 0
27245, 34, 9, 503, 0, 0, 19.35%, 0, 32, 17, 153.64, 3062658, 518, 0, 0
27250, 34, 488, 503, 0, 0, 19.35%, 0, 32, 17, 159.83, 3063468, 518, 0, 0
27255, 34, 392, 503, 0, 0, 19.35%, 0, 32, 17, 150.64, 3064251, 518, 0, 0
27260, 34, 429, 503, 0, 0, 19.35%, 0, 32, 17, 118.77, 3064846, 518, 0, 0
27265, 34, 495, 503, 0, 0, 19.35%, 0, 32, 17, 120.54, 3065505, 518, 0, 0
27270, 34, 252, 503, 0, 0, 19.35%, 0, 32, 17, 149.15, 3066292, 518, 0, 0
27275, 34, 14, 503, 0, 0, 19.35%, 0, 32, 17, 156.04, 3067088, 518, 0, 0
27280, 34, 499, 503, 0, 0, 19.35%, 0, 32, 17, 111.05, 3067631, 518, 0, 0
27285, 34, 495, 503, 0, 0, 19.35%, 0, 32, 17, 109.66, 3068159, 518, 0, 0
27291, 34, 47, 503, 0, 0, 19.35%, 0, 32, 17, 142.92, 3068934, 518, 0, 0
27296, 34, 466, 503, 0, 0, 19.35%, 0, 32, 17, 153.37, 3069734, 518, 0, 0
27301, 34, 216, 503, 0, 0, 19.35%, 0, 32, 17, 158.51, 3070537, 518, 0, 0
27306, 34, 97, 503, 0, 0, 19.35%, 0, 32, 17, 162.33, 3071351, 518, 0, 0
27311, 34, 422, 503, 0, 0, 19.35%, 0, 32, 17, 154.09, 3072151, 518, 0, 0
27316, 34, 144, 503, 0, 0, 19.35%, 0, 32, 17, 154.34, 3072949, 518, 0, 0
27321, 34, 200, 503, 0, 0, 19.35%, 0, 32, 17, 145.57, 3073688, 518, 0, 0
27326, 34, 199, 503, 0, 0, 19.35%, 0, 32, 17, 156.14, 3074507, 518, 0, 0
27332, 34, 400, 503, 0, 0, 19.35%, 0, 32, 17, 141.09, 3075211, 518, 0, 0
27337, 34, 469, 503, 0, 0, 19.35%, 0, 32, 17, 90.88, 3075678, 518, 0, 0
27342, 34, 69, 503, 0, 0, 19.35%, 0, 32, 17, 137.63, 3076387, 518, 0, 0
27347, 34, 115, 503, 0, 0, 19.35%, 0, 32, 17, 146.78, 3077132, 518, 0, 0
27352, 34, 98, 503, 0, 0, 19.35%, 0, 32, 17, 138.34, 3077785, 518, 0, 0
27357, 34, 498, 503, 0, 0, 19.35%, 0, 32, 17, 146.55, 3078564, 518, 0, 0
27362, 35, 385, 503, 0, 0, 19.35%, 0, 32, 17, 150.42, 3079332, 518, 0, 0
27367, 35, 447, 503, 0, 0, 19.35%, 0, 32, 17, 144.29, 3080069, 518, 0, 0
27372, 35, 384, 503, 0, 0, 19.35%, 0, 32, 17, 149.94, 3080838, 518, 0, 0
27378, 35, 384, 503, 0, 0, 19.35%, 0, 32, 17, 141.14, 3081545, 518, 0, 0
27383, 35, 44, 503, 0, 0, 19.35%, 0, 32, 17, 151.57, 3082305, 518, 0, 0
27388, 35, 337, 503, 0, 0, 19.35%, 0, 32, 17, 152.97, 3083078, 518, 0, 0
27393, 35, 392, 503, 0, 0, 19.35%, 0, 32, 17, 154.42, 3083857, 518, 0, 0
27398, 35, 239, 503, 0, 0, 19.35%, 0, 32, 17, 151.99, 3084604, 518, 0, 0
27403, 35, 28, 503, 0, 0, 19.35%, 0, 32, 17, 153.89, 3085420, 518, 0, 0
27408, 35, 495, 503, 0, 0, 19.35%, 0, 32, 17, 126.70, 3086074, 518, 0, 0
27414, 35, 480, 503, 0, 0, 19.35%, 0, 32, 17, 143.85, 3086796, 518, 0, 0
27419, 35, 36, 503, 0, 0, 19.35%, 0, 32, 17, 141.88, 3087512, 518, 0, 0
27424, 35, 443, 503, 0, 0, 19.35%, 0, 32, 17, 131.69, 3088208, 518, 0, 0
27429, 35, 441, 503, 0, 0, 19.35%, 0, 32, 17, 141.76, 3088932, 518, 0, 0
27434, 35, 495, 503, 0, 0, 19.35%, 0, 32, 17, 130.64, 3089602, 518, 0, 0
27439, 35, 194, 503, 0, 0, 19.35%, 0, 32, 17, 142.06, 3090321, 518, 0, 0
27444, 35, 429, 503, 0, 0, 19.35%, 0, 32, 17, 152.78, 3091114, 518, 0, 0
27449, 35, 125, 503, 0, 0, 19.35%, 0, 32, 17, 154.99, 3091882, 518, 0, 0
27455, 35, 392, 503, 0, 0, 19.35%, 0, 32, 17, 147.38, 3092651, 518, 0, 0
27460, 35, 385, 503, 0, 0, 19.35%, 0, 32, 17, 152.16, 3093457, 518, 0, 0
27465, 35, 45, 503, 0, 0, 19.35%, 0, 32, 17, 152.31, 3094210, 518, 0, 0
27470, 35, 44, 503, 0, 0, 19.35%, 0, 32, 17, 140.52, 3094900, 518, 0, 0
27475, 35, 392, 503, 0, 0, 19.35%, 0, 32, 17, 143.48, 3095629, 518, 0, 0
27480, 35, 400, 503, 0, 0, 19.35%, 0, 32, 17, 150.25, 3096419, 518, 0, 0
27485, 35, 468, 503, 0, 0, 19.35%, 0, 32, 17, 152.05, 3097203, 518, 0, 0
27490, 35, 343, 503, 0, 0, 19.35%, 0, 32, 17, 149.06, 3097960, 518, 0, 0
27496, 35, 495, 503, 0, 0, 19.35%, 0, 32, 17, 145.57, 3098702, 518, 0, 0
27501, 35, 492, 503, 0, 0, 19.35%, 0, 32, 17, 135.27, 3099358, 518, 0, 0
27506, 35, 479, 503, 0, 0, 19.35%, 0, 32, 17, 129.03, 3100042, 518, 0, 0
27511, 35, 107, 503, 0, 0, 19.35%, 0, 32, 17, 137.56, 3100746, 518, 0, 0
27516, 35, 418, 503, 0, 0, 19.35%, 0, 32, 17, 153.32, 3101539, 518, 0, 0
27522, 35, 384, 503, 0, 0, 19.35%, 0, 32, 17, 131.12, 3102230, 518, 0, 0
27527, 35, 495, 503, 0, 0, 19.35%, 0, 32, 17, 122.63, 3102901, 518, 0, 0
27532, 35, 480, 503, 0, 0, 19.35%, 0, 32, 17, 136.68, 3103571, 518, 0, 0
27537, 35, 429, 503, 0, 0, 19.35%, 0, 32, 17, 146.00, 3104346, 518, 0, 0
27542, 35, 479, 503, 0, 0, 19.35%, 0, 32, 17, 146.08, 3105082, 518, 0, 0
27547, 35, 392, 503, 0, 0, 19.35%, 0, 32, 17, 150.23, 3105863, 518, 0, 0
27553, 35, 495, 503, 0, 0, 19.35%, 0, 32, 17, 127.99, 3106545, 518, 0, 0
27558, 35, 495, 503, 0, 0, 19.35%, 0, 32, 17, 100.45, 3107005, 518, 0, 0
27563, 35, 429, 503, 0, 0, 19.35%, 0, 32, 17, 118.97, 3107585, 518, 0, 0
27568, 35, 495, 503, 0, 0, 19.35%, 0, 32, 17, 112.39, 3108177, 518, 0, 0
27573, 35, 360, 503, 0, 0, 19.35%, 0, 32, 17, 140.54, 3108888, 518, 0, 0
27578, 35, 256, 503, 0, 0, 19.35%, 0, 32, 17, 150.43, 3109693, 518, 0, 0
27583, 35, 480, 503, 0, 0, 19.35%, 0, 32, 17, 131.13, 3110344, 518, 0, 0
27588, 35, 466, 503, 0, 0, 19.35%, 0, 32, 17, 143.29, 3111088, 518, 0, 0
27593, 35, 343, 503, 0, 0, 19.35%, 0, 32, 17, 149.36, 3111827, 518, 0, 0
27598, 35, 488, 503, 0, 0, 19.35%, 0, 32, 17, 120.45, 3112365, 518, 0, 0
27604, 35, 498, 503, 0, 0, 19.35%, 0, 32, 17, 143.72, 3113139, 518, 0, 0
27609, 35, 480, 503, 0, 0, 19.35%, 0, 32, 17, 145.23, 3113903, 518, 0, 0
27614, 35, 350, 503, 0, 0, 19.35%, 0, 32, 17, 155.55, 3114728, 518, 0, 0
27619, 35, 29, 503, 0, 0, 19.35%, 0, 32, 17, 146.05, 3115455, 518, 0, 0
27624, 35, 406, 503, 0, 0, 19.35%, 0, 32, 17, 149.59, 3116232, 518, 0, 0
27629, 35, 213, 503, 0, 0, 19.35%, 0, 32, 17, 148.84, 3116963, 518, 0, 0
27634, 35, 170, 503, 0, 0, 19.35%, 0, 32, 17, 158.95, 3117774, 518, 0, 0
27639, 35, 49, 503, 0, 0, 19.35%, 0, 32, 17, 108.91, 3118273, 518, 0, 0
27645, 35, 36, 503, 0, 0, 19.35%, 0, 32, 17, 151.19, 3119104, 518, 0, 0
27650, 35, 28, 503, 0, 0, 19.35%, 0, 32, 17, 146.64, 3119829, 518, 0, 0
27655, 35, 480, 503, 0, 0, 19.35%, 0, 32, 17, 150.40, 3120608, 518, 0, 0
27660, 35, 287, 503, 0, 0, 19.35%, 0, 32, 17, 149.08, 3121368, 518, 0, 0
27665, 35, 502, 503, 0, 0, 19.35%, 0, 32, 17, 106.46, 3121891, 518, 0, 0
27670, 35, 502, 503, 0, 0, 19.35%, 0, 32, 17, 87.68, 3122323, 518, 0, 0
27675, 35, 502, 503, 0, 0, 19.35%, 0, 32, 17, 84.42, 3122756, 518, 0, 0
27680, 35, 181, 503, 0, 0, 19.35%, 0, 32, 17, 136.21, 3123502, 518, 0, 0
27685, 35, 327, 503, 0, 0, 19.35%, 0, 32, 17, 148.40, 3124251, 518, 0, 0
27691, 35, 447, 503, 0, 0, 19.35%, 0, 32, 17, 148.60, 3125025, 518, 0, 0
27696, 35, 495, 503, 0, 0, 19.35%, 0, 32, 17, 118.51, 3125632, 518, 0, 0
27701, 35, 400, 503, 0, 0, 19.35%, 0, 32, 17, 118.20, 3126186, 518, 0, 0
27706, 35, 429, 503, 0, 0, 19.35%, 0, 32, 17, 139.63, 3126924, 518, 0, 0
27711, 35, 106, 503, 0, 0, 19.35%, 0, 32, 17, 152.67, 3127712, 518, 0, 0
27716, 35, 168, 503, 0, 0, 19.35%, 0, 32, 17, 150.73, 3128479, 518, 0, 0
27721, 35, 365, 503, 0, 0, 19.35%, 0, 32, 17, 155.25, 3129302, 518, 0, 0
27726, 35, 466, 503, 0, 0, 19.35%, 0, 32, 17, 148.37, 3130044, 518, 0, 0
27732, 35, 395, 503, 0, 0, 19.35%, 0, 32, 17, 141.31, 3130792, 518, 0, 0
27737, 35, 400, 503, 0, 0, 19.35%, 0, 32, 17, 139.90, 3131530, 518, 0, 0
27742, 35, 367, 503, 0, 0, 19.35%, 0, 32, 17, 146.02, 3132302, 518, 0, 0
27747, 35, 48, 503, 0, 0, 19.35%, 0, 32, 17, 151.14, 3133076, 518, 0, 0
27752, 35, 343, 503, 0, 0, 19.35%, 0, 32, 17, 158.70, 3133881, 518, 0, 0
27757, 35, 368, 503, 0, 0, 19.35%, 0, 32, 17, 159.72, 3134676, 518, 0, 0
27762, 35, 337, 503, 0, 0, 19.35%, 0, 32, 17, 156.44, 3135481, 518, 0, 0
27768, 35, 495, 503, 0, 0, 19.35%, 0, 32, 17, 141.71, 3136251, 518, 0, 0
27773, 35, 392, 503, 0, 0, 19.35%, 0, 32, 17, 125.67, 3136819, 518, 0, 0
27778, 35, 495, 503, 0, 0, 19.35%, 0, 32, 17, 141.25, 3137594, 518, 0, 0
27783, 35, 343, 503, 0, 0, 19.35%, 0, 32, 17, 131.98, 3138201, 518, 0, 0
27788, 35, 468, 503, 0, 0, 19.35%, 0, 32, 17, 150.13, 3139014, 518, 0, 0
27793, 35, 429, 503, 0, 0, 19.35%, 0, 32, 17, 148.39, 3139772, 518, 0, 0
27799, 35, 188, 503, 0, 0, 19.35%, 0, 32, 17, 150.63, 3140522, 518, 0, 0
27804, 35, 491, 503, 0, 0, 19.35%, 0, 32, 17, 141.73, 3141213, 518, 0, 0
27809, 35, 429, 503, 0, 0, 19.35%, 0, 32, 17, 143.29, 3141955, 518, 0, 0
27814, 35, 495, 503, 0, 0, 19.35%, 0, 32, 17, 131.11, 3142647, 518, 0, 0
27819, 35, 432, 503, 0, 0, 19.35%, 0, 32, 17, 128.32, 3143286, 518, 0, 0
27824, 35, 107, 503, 0, 0, 19.35%, 0, 32, 17, 147.84, 3144073, 518, 0, 0
27829, 35, 156, 503, 0, 0, 19.35%, 0, 32, 17, 142.38, 3144815, 518, 0, 0
27835, 35, 422, 503, 0, 0, 19.35%, 0, 32, 17, 151.93, 3145626, 518, 0, 0
27840, 35, 422, 503, 0, 0, 19.35%, 0, 32, 17, 152.42, 3146425, 518, 0, 0
27845, 35, 491, 503, 0, 0, 19.35%, 0, 32, 17, 143.06, 3147162, 518, 0, 0
27850, 35, 188, 503, 0, 0, 19.35%, 0, 32, 17, 141.35, 3147879, 518, 0, 0
27855, 35, 397, 503, 0, 0, 19.35%, 0, 32, 17, 152.01, 3148673, 518, 0, 0
27860, 35, 488, 503, 0, 0, 19.35%, 0, 32, 17, 144.14, 3149392, 518, 0, 0
27865, 35, 474, 503, 0, 0, 19.35%, 0, 32, 17, 136.36, 3150083, 518, 0, 0
27870, 35, 194, 503, 0, 0, 19.35%, 0, 32, 17, 151.22, 3150855, 518, 0, 0
27876, 35, 67, 503, 0, 0, 19.35%, 0, 32, 17, 154.25, 3151635, 518, 0, 0
27881, 35, 495, 503, 0, 0, 19.35%, 0, 32, 17, 143.13, 3152370, 518, 0, 0
27886, 35, 115, 503, 0, 0, 19.35%, 0, 32, 17, 122.74, 3152906, 518, 0, 0
27891, 35, 81, 503, 0, 0, 19.35%, 0, 32, 17, 143.00, 3153683, 518, 0, 0
27896, 35, 156, 503, 0, 0, 19.35%, 0, 32, 17, 151.81, 3154480, 518, 0, 0
27901, 36, 78, 503, 0, 0, 19.35%, 0, 32, 17, 154.64, 3155293, 518, 0, 0
27906, 36, 353, 503, 0, 0, 19.35%, 0, 32, 17, 155.29, 3156066, 518, 0, 0
27911, 36, 400, 503, 0, 0, 19.35%, 0, 32, 17, 147.72, 3156848, 518, 0, 0
27917, 36, 486, 503, 0, 0, 19.35%, 0, 32, 17, 156.74, 3157670, 518, 0, 0
27922, 36, 491, 503, 0, 0, 19.35%, 0, 32, 17, 146.43, 3158428, 518, 0, 0
27927, 36, 3, 503, 0, 0, 19.35%, 0, 32, 17, 151.91, 3159206, 518, 0, 0
27932, 36, 367, 503, 0, 0, 19.35%, 0, 32, 17, 154.10, 3160021, 518, 0, 0
27937, 36, 400, 503, 0, 0, 19.35%, 0, 32, 17, 145.69, 3160784, 518, 0, 0
27942, 36, 306, 503, 0, 0, 19.35%, 0, 32, 17, 156.51, 3161595, 518, 0, 0
27948, 36, 107, 503, 0, 0, 19.35%, 0, 32, 17, 148.96, 3162361, 518, 0, 0
27953, 36, 488, 503, 0, 0, 19.35%, 0, 32, 17, 152.26, 3163123, 518, 0, 0
27958, 36, 390, 503, 0, 0, 19.35%, 0, 32, 17, 148.12, 3163882, 518, 0, 0
27963, 36, 392, 503, 0, 0, 19.35%, 0, 32, 17, 150.93, 3164663, 518, 0, 0
27968, 36, 495, 503, 0, 0, 19.35%, 0, 32, 17, 146.60, 3165421, 518, 0, 0
27973, 36, 98, 503, 0, 0, 19.35%, 0, 32, 17, 133.78, 3166071, 518, 0, 0
27978, 36, 495, 503, 0, 0, 19.35%, 0, 32, 17, 111.81, 3166681, 518, 0, 0
27984, 36, 182, 503, 0, 0, 19.35%, 0, 32, 17, 127.23, 3167295, 518, 0, 0
27989, 36, 343, 503, 0, 0, 19.35%, 0, 32, 17, 148.71, 3168095, 518, 0, 0
27994, 36, 72, 503, 0, 0, 19.35%, 0, 32, 17, 151.00, 3168892, 518, 0, 0
27999, 36, 114, 503, 0, 0, 19.35%, 0, 32, 17, 154.23, 3169695, 518, 0, 0
28004, 36, 422, 503, 0, 0, 19.35%, 0, 32, 17, 150.19, 3170460, 518, 0, 0
28009, 36, 418, 503, 0, 0, 19.35%, 0, 32, 17, 144.88, 3171226, 518, 0, 0
28015, 36, 392, 503, 0, 0, 19.35%, 0, 32, 17, 148.21, 3171989, 518, 0, 0
28020, 36, 495, 503, 0, 0, 19.35%, 0, 32, 17, 121.11, 3172615, 518, 0, 0
28025, 36, 413, 503, 0, 0, 19.35%, 0, 32, 17, 137.90, 3173302, 518, 0, 0
28030, 36, 204, 503, 0, 0, 19.35%, 0, 32, 17, 150.71, 3174078, 518, 0, 0
28035, 36, 367, 503, 0, 0, 19.35%, 0, 32, 17, 124.20, 3174703, 518, 0, 0
28040, 36, 343, 503, 0, 0, 19.35%, 0, 32, 17, 147.92, 3175496, 518, 0, 0
28045, 36, 429, 503, 0, 0, 19.35%, 0, 32, 17, 148.12, 3176268, 518, 0, 0
28051, 36, 412, 503, 0, 0, 19.35%, 0, 32, 17, 143.55, 3177025, 518, 0, 0
28056, 36, 400, 503, 0, 0, 19.35%, 0, 32, 17, 131.61, 3177670, 518, 0, 0
28061, 36, 29, 503, 0, 0, 19.35%, 0, 32, 17, 108.33, 3178156, 518, 0, 0
28066, 36, 469, 503, 0, 0, 19.35%, 0, 32, 17, 90.19, 3178694, 518, 0, 0
28071, 36, 128, 503, 0, 0, 19.35%, 0, 32, 17, 107.26, 3179213, 518, 0, 0
28076, 36, 495, 503, 0, 0, 19.35%, 0, 32, 17, 124.10, 3179914, 518, 0, 0
28081, 36, 486, 503, 0, 0, 19.35%, 0, 32, 17, 144.92, 3180658, 518, 0, 0
28086, 36, 480, 503, 0, 0, 19.35%, 0, 32, 17, 153.14, 3181444, 518, 0, 0
28091, 36, 495, 503, 0, 0, 19.35%, 0, 32, 17, 108.76, 3181983, 518, 0, 0
28097, 36, 398, 503, 0, 0, 19.35%, 0, 32, 17, 138.56, 3182693, 518, 0, 0
28102, 36, 360, 503, 0, 0, 19.35%, 0, 32, 17, 150.21, 3183476, 518, 0, 0
28107, 36, 468, 503, 0, 0, 19.35%, 0, 32, 17, 145.07, 3184191, 518, 0, 0
28112, 36, 495, 503, 0, 0, 19.35%, 0, 32, 17, 126.09, 3184845, 518, 0, 0
28117, 36, 237, 503, 0, 0, 19.35%, 0, 32, 17, 129.72, 3185426, 518, 0, 0
28122, 36, 190, 503, 0, 0, 19.35%, 0, 32, 17, 155.90, 3186261, 518, 0, 0
28127, 36, 488, 503, 0, 0, 19.35%, 0, 32, 17, 158.23, 3187057, 518, 0, 0
28132, 36, 495, 503, 0, 0, 19.35%, 0, 32, 17, 135.35, 3187754, 518, 0, 0
28137, 36, 45, 503, 0, 0, 19.35%, 0, 32, 17, 133.26, 3188354, 518, 0, 0
28142, 36, 495, 503, 0, 0, 19.35%, 0, 32, 17, 137.52, 3189094, 518, 0, 0
28147, 36, 216, 503, 0, 0, 19.35%, 0, 32, 17, 137.23, 3189778, 518, 0, 0
28152, 36, 202, 503, 0, 0, 19.35%, 0, 32, 17, 132.86, 3190478, 518, 0, 0
28157, 36, 237, 503, 0, 0, 19.35%, 0, 32, 17, 151.35, 3191277, 518, 0, 0
28162, 36, 400, 503, 0, 0, 19.35%, 0, 32, 17, 158.40, 3192092, 518, 0, 0
28167, 36, 204, 503, 0, 0, 19.35%, 0, 32, 17, 154.21, 3192842, 518, 0, 0
28173, 36, 386, 503, 0, 0, 19.35%, 0, 32, 17, 146.45, 3193593, 518, 0, 0
28178, 36, 400, 503, 0, 0, 19.35%, 0, 32, 17, 145.61, 3194358, 518, 0, 0
28183, 36, 495, 503, 0, 0, 19.35%, 0, 32, 17, 144.32, 3195100, 518, 0, 0
28188, 36, 343, 503, 0, 0, 19.35%, 0, 32, 17, 123.44, 3195644, 518, 0, 0
28193, 36, 204, 503, 0, 0, 19.35%, 0, 32, 17, 152.54, 3196454, 518, 0, 0
28198, 36, 409, 503, 0, 0, 19.35%, 0, 32, 17, 146.07, 3197209, 518, 0, 0
28203, 36, 478, 503, 0, 0, 19.35%, 0, 32, 17, 147.79, 3197983, 518, 0, 0
28208, 36, 486, 503, 0, 0, 19.35%, 0, 32, 17, 152.62, 3198773, 518, 0, 0
28214, 36, 382, 503, 0, 0, 19.35%, 0, 32, 17, 144.48, 3199512, 518, 0, 0
28219, 36, 107, 503, 0, 0, 19.35%, 0, 32, 17, 147.79, 3200279, 518, 0, 0
28224, 36, 441, 503, 0, 0, 19.35%, 0, 32, 17, 157.41, 3201094, 518, 0, 0
28229, 36, 495, 503, 0, 0, 19.35%, 0, 32, 17, 148.66, 3201848, 518, 0, 0
28234, 36, 44, 503, 0, 0, 19.35%, 0, 32, 17, 109.43, 3202318, 518, 0, 0
28239, 36, 285, 503, 0, 0, 19.35%, 0, 32, 17, 143.64, 3203098, 518, 0, 0
28244, 36, 495, 503, 0, 0, 19.35%, 0, 32, 17, 108.01, 3203630, 518, 0, 0
28249, 36, 468, 503, 0, 0, 19.35%, 0, 32, 17, 142.79, 3204402, 518, 0, 0
28254, 36, 48, 503, 0, 0, 19.35%, 0, 32, 17, 148.18, 3205156, 518, 0, 0
28259, 36, 67, 503, 0, 0, 19.35%, 0, 32, 17, 155.74, 3205942, 518, 0, 0
28264, 36, 392, 503, 0, 0, 19.35%, 0, 32, 17, 151.84, 3206716, 518, 0, 0
28270, 36, 216, 503, 0, 0, 19.35%, 0, 32, 17, 151.73, 3207484, 518, 0, 0
28275, 36, 50, 503, 0, 0, 19.35%, 0, 32, 17, 109.63, 3207974, 518, 0, 0
28280, 36, 427, 503, 0, 0, 19.35%, 0, 32, 17, 145.69, 3208772, 518, 0, 0
28285, 36, 337, 503, 0, 0, 19.35%, 0, 32, 17, 144.58, 3209510, 518, 0, 0
28290, 36, 392, 503, 0, 0, 19.35%, 0, 32, 17, 138.74, 3210239, 518, 0, 0
28295, 36, 80, 503, 0, 0, 19.35%, 0, 32, 17, 147.80, 3211009, 518, 0, 0
28301, 36, 468, 503, 0, 0, 19.35%, 0, 32, 17, 150.72, 3211803, 518, 0, 0
28306, 36, 479, 503, 0, 0, 19.35%, 0, 32, 17, 153.34, 3212587, 518, 0, 0
28311, 36, 40, 503, 0, 0, 19.35%, 0, 32, 17, 152.75, 3213355, 518, 0, 0
28316, 36, 478, 503, 0, 0, 19.35%, 0, 32, 17, 148.40, 3214143, 518, 0, 0
28321, 36, 400, 503, 0, 0, 19.35%, 0, 32, 17, 149.53, 3214903, 518, 0, 0
28326, 36, 50, 503, 0, 0, 19.35%, 0, 32, 17, 149.95, 3215669, 518, 0, 0
28331, 36, 264, 503, 0, 0, 19.35%, 0, 32, 17, 148.94, 3216452, 518, 0, 0
28336, 36, 495, 503, 0, 0, 19.35%, 0, 32, 17, 128.60, 3217111, 518, 0, 0
28341, 36, 429, 503, 0, 0, 19.35%, 0, 32, 17, 117.24, 3217637, 518, 0, 0
28347, 36, 80, 503, 0, 0, 19.35%, 0, 32, 17, 147.62, 3218435, 518, 0, 0
28352, 36, 49, 503, 0, 0, 19.35%, 0, 32, 17, 152.54, 3219226, 518, 0, 0
28357, 36, 191, 503, 0, 0, 19.35%, 0, 32, 17, 157.00, 3220030, 518, 0, 0
28362, 36, 199, 503, 0, 0, 19.35%, 0, 32, 17, 156.13, 3220826, 518, 0, 0
28367, 36, 216, 503, 0, 0, 19.35%, 0, 32, 17, 152.37, 3221581, 518, 0, 0
28372, 36, 500, 503, 0, 0, 19.35%, 0, 32, 17, 143.32, 3222326, 518, 0, 0
28377, 36, 197, 503, 0, 0, 19.35%, 0, 32, 17, 152.90, 3223105, 518, 0, 0
28383, 36, 410, 503, 0, 0, 19.35%, 0, 32, 17, 136.97, 3223785, 518, 0, 0
28388, 36, 183, 503, 0, 0, 19.35%, 0, 32, 17, 152.57, 3224571, 518, 0, 0
28393, 36, 466, 503, 0, 0, 19.35%, 0, 32, 17, 151.92, 3225339, 518, 0, 0
28398, 36, 494, 503, 0, 0, 19.35%, 0, 32, 17, 151.02, 3226147, 518, 0, 0
28403, 36, 480, 503, 0, 0, 19.35%, 0, 32, 17, 125.08, 3226695, 518, 0, 0
28408, 36, 392, 503, 0, 0, 19.35%, 0, 32, 17, 146.11, 3227485, 518, 0, 0
28413, 36, 97, 503, 0, 0, 19.35%, 0, 32, 17, 114.17, 3228011, 518, 0, 0
28418, 36, 188, 503, 0, 0, 19.35%, 0, 32, 17, 143.61, 3228794, 518, 0, 0
28423, 36, 343, 503, 0, 0, 19.35%, 0, 32, 17, 158.87, 3229631, 518, 0, 0
28429, 37, 466, 503, 0, 0, 19.35%, 0, 32, 17, 159.14, 3230458, 518, 0, 0
28434, 37, 367, 503, 0, 0, 19.35%, 0, 32, 17, 153.04, 3231213, 518, 0, 0
28439, 37, 285, 503, 0, 0, 19.35%, 0, 32, 17, 151.92, 3231992, 518, 0, 0
28444, 37, 422, 503, 0, 0, 19.35%, 0, 32, 17, 151.68, 3232779, 518, 0, 0
28449, 37, 495, 503, 0, 0, 19.35%, 0, 32, 17, 126.16, 3233440, 518, 0, 0
28454, 37, 373, 503, 0, 0, 19.35%, 0, 32, 17, 122.84, 3234034, 518, 0, 0
28459, 37, 44, 503, 0, 0, 19.35%, 0, 32, 17, 149.87, 3234824, 518, 0, 0
28464, 37, 429, 503, 0, 0, 19.35%, 0, 32, 17, 145.64, 3235557, 518, 0, 0
28470, 37, 444, 503, 0, 0, 19.35%, 0, 32, 17, 138.46, 3236282, 518, 0, 0
28475, 37, 499, 503, 0, 0, 19.35%, 0, 32, 17, 134.14, 3236934, 518, 0, 0
28480, 37, 343, 503, 0, 0, 19.35%, 0, 32, 17, 118.97, 3237472, 518, 0, 0
28485, 37, 360, 503, 0, 0, 19.35%, 0, 32, 17, 148.43, 3238266, 518, 0, 0
28490, 37, 491, 503, 0, 0, 19.35%, 0, 32, 17, 141.95, 3239032, 518, 0, 0
28495, 37, 429, 503, 0, 0, 19.35%, 0, 32, 17, 147.21, 3239777, 518, 0, 0
28501, 37, 468, 503, 0, 0, 19.35%, 0, 32, 17, 146.76, 3240545, 518, 0, 0
28506, 37, 134, 503, 0, 0, 19.35%, 0, 32, 17, 149.37, 3241305, 518, 0, 0
28511, 37, 367, 503, 0, 0, 19.35%, 0, 32, 17, 132.04, 3241939, 518, 0, 0
28516, 37, 495, 503, 0, 0, 19.35%, 0, 32, 17, 117.09, 3242522, 518, 0, 0
28521, 37, 400, 503, 0, 0, 19.35%, 0, 32, 17, 124.18, 3243119, 518, 0, 0
28526, 37, 468, 503, 0, 0, 19.35%, 0, 32, 17, 77.13, 3243478, 518, 0, 0
28531, 37, 468, 503, 0, 0, 19.35%, 0, 32, 17, 141.01, 3244270, 518, 0, 0
28536, 37, 367, 503, 0, 0, 19.35%, 0, 32, 17, 148.14, 3245032, 518, 0, 0
28541, 37, 501, 503, 0, 0, 19.35%, 0, 32, 17, 144.71, 3245765, 518, 0, 0
28546, 37, 479, 503, 0, 0, 19.35%, 0, 32, 17, 136.54, 3246439, 518, 0, 0
28551, 37, 216, 503, 0, 0, 19.35%, 0, 32, 17, 150.76, 3247237, 518, 0, 0
28557, 37, 224, 503, 0, 0, 19.35%, 0, 32, 17, 153.38, 3248029, 518, 0, 0
28562, 37, 29, 503, 0, 0, 19.35%, 0, 32, 17, 149.28, 3248806, 518, 0, 0
28567, 37, 360, 503, 0, 0, 19.35%, 0, 32, 17, 154.91, 3249603, 518, 0, 0
28572, 37, 195, 503, 0, 0, 19.35%, 0, 32, 17, 110.75, 3250077, 518, 0, 0
28577, 37, 499, 503, 0, 0, 19.35%, 0, 32, 17, 140.04, 3250873, 518, 0, 0
28582, 37, 246, 503, 0, 0, 19.35%, 0, 32, 17, 125.81, 3251433, 518, 0, 0
28587, 37, 285, 503, 0, 0, 19.35%, 0, 32, 17, 155.24, 3252271, 518, 0, 0
28592, 37, 200, 503, 0, 0, 19.35%, 0, 32, 17, 151.69, 3253040, 518, 0, 0
28598, 37, 72, 503, 0, 0, 19.35%, 0, 32, 17, 157.96, 3253851, 518, 0, 0
28603, 37, 392, 503, 0, 0, 19.35%, 0, 32, 17, 154.12, 3254651, 518, 0, 0
28608, 37, 495, 503, 0, 0, 19.35%, 0, 32, 17, 154.07, 3255429, 518, 0, 0
28613, 37, 185, 503, 0, 0, 19.35%, 0, 32, 17, 142.25, 3256083, 518, 0, 0
28618, 37, 134, 503, 0, 0, 19.35%, 0, 32, 17, 150.34, 3256875, 518, 0, 0
28623, 37, 400, 503, 0, 0, 19.35%, 0, 32, 17, 151.04, 3257659, 518, 0, 0
28628, 37, 431, 503, 0, 0, 19.35%, 0, 32, 17, 144.91, 3258369, 518, 0, 0
28633, 37, 343, 503, 0, 0, 19.35%, 0, 32, 17, 150.42, 3259123, 518, 0, 0
28638, 37, 48, 503, 0, 0, 19.35%, 0, 32, 17, 152.79, 3259903, 518, 0, 0
28643, 37, 129, 503, 0, 0, 19.35%, 0, 32, 17, 156.82, 3260690, 518, 0, 0
28649, 37, 483, 503, 0, 0, 19.35%, 0, 32, 17, 159.09, 3261514, 518, 0, 0
28654, 37, 500, 503, 0, 0, 19.35%, 0, 32, 17, 147.53, 3262259, 518, 0, 0
28659, 37, 159, 503, 0, 0, 19.35%, 0, 32, 17, 152.32, 3263037, 518, 0, 0
28664, 37, 180, 503, 0, 0, 19.35%, 0, 32, 17, 110.48, 3263530, 518, 0, 0
28669, 37, 194, 503, 0, 0, 19.35%, 0, 32, 17, 140.59, 3264267, 518, 0, 0
28674, 37, 478, 503, 0, 0, 19.35%, 0, 32, 17, 153.56, 3265073, 518, 0, 0
28679, 37, 67, 503, 0, 0, 19.35%, 0, 32, 17, 151.27, 3265839, 518, 0, 0
28684, 37, 487, 503, 0, 0, 19.35%, 0, 32, 17, 147.37, 3266626, 518, 0, 0
28689, 37, 196, 503, 0, 0, 19.35%, 0, 32, 17, 150.72, 3267335, 518, 0, 0
28695, 37, 495, 503, 0, 0, 19.35%, 0, 32, 17, 102.34, 3267814, 518, 0, 0
28700, 37, 501, 503, 0, 0, 19.35%, 0, 32, 17, 133.88, 3268535, 518, 0, 0
28705, 37, 418, 503, 0, 0, 19.35%, 0, 32, 17, 143.63, 3269275, 518, 0, 0
28710, 37, 285, 503, 0, 0, 19.35%, 0, 32, 17, 148.05, 3270037, 518, 0, 0
28715, 37, 454, 503, 0, 0, 19.35%, 0, 32, 17, 126.57, 3270709, 518, 0, 0
28720, 37, 491, 503, 0, 0, 19.35%, 0, 32, 17, 147.89, 3271480, 518, 0, 0
28725, 37, 163, 503, 0, 0, 19.35%, 0, 32, 17, 144.69, 3272216, 518, 0, 0
28730, 37, 307, 503, 0, 0, 19.35%, 0, 32, 17, 145.37, 3272937, 518, 0, 0
28735, 37, 50, 503, 0, 0, 19.35%, 0, 32, 17, 159.07, 3273747, 518, 0, 0
28741, 37, 458, 503, 0, 0, 19.35%, 0, 32, 17, 151.11, 3274498, 518, 0, 0
28746, 37, 80, 503, 0, 0, 19.35%, 0, 32, 17, 141.03, 3275216, 518, 0, 0
28751, 37, 172, 503, 0, 0, 19.35%, 0, 32, 17, 148.06, 3275993, 518, 0, 0
28756, 37, 202, 503, 0, 0, 19.35%, 0, 32, 17, 145.66, 3276733, 518, 0, 0
28761, 37, 36, 503, 0, 0, 19.35%, 0, 32, 17, 144.73, 3277472, 518, 0, 0
28766, 37, 411, 503, 0, 0, 19.35%, 0, 32, 17, 149.63, 3278249, 518, 0, 0
28771, 37, 153, 503, 0, 0, 19.35%, 0, 32, 17, 153.56, 3279007, 518, 0, 0
28776, 37, 404, 503, 0, 0, 19.35%, 0, 32, 17, 141.92, 3279740, 518, 0, 0
28781, 37, 367, 503, 0, 0, 19.35%, 0, 32, 17, 132.83, 3280397, 518, 0, 0
28786, 37, 384, 503, 0, 0, 19.35%, 0, 32, 17, 132.75, 3281088, 518, 0, 0
28792, 37, 374, 503, 0, 0, 19.35%, 0, 32, 17, 148.46, 3281869, 518, 0, 0
28797, 37, 489, 503, 0, 0, 19.35%, 0, 32, 17, 151.65, 3282616, 518, 0, 0
28802, 37, 400, 503, 0, 0, 19.35%, 0, 32, 17, 146.01, 3283383, 518, 0, 0
28807, 37, 390, 503, 0, 0, 19.35%, 0, 32, 17, 147.98, 3284148, 518, 0, 0
28812, 37, 411, 503, 0, 0, 19.35%, 0, 32, 17, 132.19, 3284794, 518, 0, 0
28817, 37, 114, 503, 0, 0, 19.35%, 0, 32, 17, 151.06, 3285581, 518, 0, 0
28823, 37, 200, 503, 0, 0, 19.35%, 0, 32, 17, 154.12, 3286369, 518, 0, 0
28828, 37, 367, 503, 0, 0, 19.35%, 0, 32, 17, 153.42, 3287173, 518, 0, 0
28833, 37, 468, 503, 0, 0, 19.35%, 0, 32, 17, 153.47, 3287974, 518, 0, 0
28838, 37, 193, 503, 0, 0, 19.35%, 0, 32, 17, 159.82, 3288772, 518, 0, 0
28843, 37, 468, 503, 0, 0, 19.35%, 0, 32, 17, 149.56, 3289497, 518, 0, 0
28848, 37, 480, 503, 0, 0, 19.35%, 0, 32, 17, 148.08, 3290255, 518, 0, 0
28853, 37, 44, 503, 0, 0, 19.35%, 0, 32, 17, 150.51, 3291017, 518, 0, 0
28858, 37, 422, 503, 0, 0, 19.35%, 0, 32, 17, 154.47, 3291811, 518, 0, 0
28863, 37, 115, 503, 0, 0, 19.35%, 0, 32, 17, 148.17, 3292560, 518, 0, 0
28869, 37, 392, 503, 0, 0, 19.35%, 0, 32, 17, 153.58, 3293377, 518, 0, 0
28874, 37, 491, 503, 0, 0, 19.35%, 0, 32, 17, 144.61, 3294127, 518, 0, 0
28879, 37, 368, 503, 0, 0, 19.35%, 0, 32, 17, 141.02, 3294843, 518, 0, 0
28884, 37, 468, 503, 0, 0, 19.35%, 0, 32, 17, 149.57, 3295622, 518, 0, 0
28889, 37, 376, 503, 0, 0, 19.35%, 0, 32, 17, 157.11, 3296438, 518, 0, 0
28894, 37, 463, 503, 0, 0, 19.35%, 0, 32, 17, 148.03, 3297189, 518, 0, 0
28899, 37, 3, 503, 0, 0, 19.35%, 0, 32, 17, 148.04, 3297910, 518, 0, 0
28905, 37, 480, 503, 0, 0, 19.35%, 0, 32, 17, 151.75, 3298709, 518, 0, 0
28910, 37, 495, 503, 0, 0, 19.35%, 0, 32, 17, 140.80, 3299442, 518, 0, 0
28915, 37, 467, 503, 0, 0, 19.35%, 0, 32, 17, 118.99, 3299967, 518, 0, 0
28920, 37, 480, 503, 0, 0, 19.35%, 0, 32, 17, 123.02, 3300501, 518, 0, 0
28925, 37, 495, 503, 0, 0, 19.35%, 0, 32, 17, 135.38, 3301255, 518, 0, 0
28930, 37, 196, 503, 0, 0, 19.35%, 0, 32, 17, 141.06, 3301947, 518, 0, 0
28935, 37, 48, 503, 0, 0, 19.35%, 0, 32, 17, 153.91, 3302760, 518, 0, 0
28940, 37, 446, 503, 0, 0, 19.35%, 0, 32, 17, 149.60, 3303510, 518, 0, 0
28946, 37, 488, 503, 0, 0, 19.35%, 0, 32, 17, 132.55, 3304182, 518, 0, 0
28951, 37, 153, 503, 0, 0, 19.35%, 0, 32, 17, 148.42, 3304968, 518, 0, 0
28956, 37, 186, 503, 0, 0, 19.35%, 0, 32, 17, 154.18, 3305754, 518, 0, 0
28961, 37, 400, 503, 0, 0, 19.35%, 0, 32, 17, 141.26, 3306458, 518, 0, 0
28966, 37, 368, 503, 0, 0, 19.35%, 0, 32, 17, 146.76, 3307222, 518, 0, 0
28971, 38, 491, 503, 0, 0, 19.35%, 0, 32, 17, 146.08, 3307991, 518, 0, 0
28976, 38, 217, 503, 0, 0, 19.35%, 0, 32, 17, 149.47, 3308749, 518, 0, 0
28981, 38, 422, 503, 0, 0, 19.35%, 0, 32, 17, 149.11, 3309494, 518, 0, 0
28986, 38, 182, 503, 0, 0, 19.35%, 0, 32, 17, 153.38, 3310271, 518, 0, 0
28991, 38, 170, 503, 0, 0, 19.35%, 0, 32, 17, 151.70, 3311015, 518, 0, 0
28997, 38, 392, 503, 0, 0, 19.35%, 0, 32, 17, 151.40, 3311803, 518, 0, 0
29002, 38, 429, 503, 0, 0, 19.35%, 0, 32, 17, 145.01, 3312560, 518, 0, 0
29007, 38, 384, 503, 0, 0, 19.35%, 0, 32, 17, 150.75, 3313345, 518, 0, 0
29012, 38, 480, 503, 0, 0, 19.35%, 0, 32, 17, 145.42, 3314070, 518, 0, 0
29017, 38, 392, 503, 0, 0, 19.35%, 0, 32, 17, 153.74, 3314866, 518, 0, 0
29022, 38, 490, 503, 0, 0, 19.35%, 0, 32, 17, 139.07, 3315582, 518, 0, 0
29027, 38, 392, 503, 0, 0, 19.35%, 0, 32, 17, 151.08, 3316360, 518, 0, 0
29033, 38, 28, 503, 0, 0, 19.35%, 0, 32, 17, 145.13, 3317092, 518, 0, 0
29038, 38, 468, 503, 0, 0, 19.35%, 0, 32, 17, 150.06, 3317883, 518, 0, 0
29043, 38, 80, 503, 0, 0, 19.35%, 0, 32, 17, 155.41, 3318686, 518, 0, 0
29048, 38, 418, 503, 0, 0, 19.35%, 0, 32, 17, 154.85, 3319473, 518, 0, 0
29053, 38, 450, 503, 0, 0, 19.35%, 0, 32, 17, 146.36, 3320200, 518, 0, 0
29058, 38, 46, 503, 0, 0, 19.35%, 0, 32, 17, 152.77, 3320994, 518, 0, 0
29063, 38, 30, 504, 1, 0, 19.35%, 0, 32, 17, 147.96, 3321718, 518, 0, 0
29068, 38, 48, 504, 1, 0, 19.35%, 0, 32, 17, 156.87, 3322537, 518, 0, 0
29073, 38, 422, 504, 1, 0, 19.35%, 0, 32, 17, 148.21, 3323273, 518, 0, 0
29079, 38, 392, 504, 1, 0, 19.35%, 0, 32, 17, 147.01, 3324026, 518, 0, 0
29084, 38, 80, 504, 1, 0, 19.35%, 0, 32, 17, 158.95, 3324862, 518, 0, 0
29089, 38, 468, 504, 1, 0, 19.35%, 0, 32, 17, 149.18, 3325639, 518, 0, 0
29094, 38, 31, 504, 1, 0, 19.35%, 0, 32, 17, 152.98, 3326413, 518, 0, 0
29099, 38, 246, 504, 1, 0, 19.35%, 0, 32, 17, 151.42, 3327165, 518, 0, 0
29104, 38, 469, 504, 1, 0, 19.35%, 0, 32, 17, 105.96, 3327745, 518, 0, 0
29109, 38, 468, 504, 1, 0, 19.35%, 0, 32, 17, 128.22, 3328370, 518, 0, 0
29114, 38, 422, 504, 1, 0, 19.35%, 0, 32, 17, 132.60, 3329059, 518, 0, 0
29119, 38, 239, 504, 1, 0, 19.35%, 0, 32, 17, 133.70, 3329760, 518, 0, 0
29124, 38, 14, 504, 1, 0, 19.35%, 0, 32, 17, 149.71, 3330533, 518, 0, 0
29130, 38, 480, 504, 1, 0, 19.35%, 0, 32, 17, 150.36, 3331318, 518, 0, 0
29135, 38, 503, 504, 1, 0, 19.35%, 0, 32, 17, 148.99, 3332098, 518, 0, 0
29140, 38, 503, 505, 2, 0, 19.35%, 0, 32, 17, 148.92, 3332851, 518, 0, 0
29145, 38, 196, 505, 1, 0, 19.35%, 0, 32, 17, 157.05, 3333655, 518, 0, 0
29150, 38, 411, 505, 1, 0, 19.35%, 0, 32, 17, 139.25, 3334393, 518, 0, 0
29155, 38, 495, 505, 1, 0, 19.35%, 0, 32, 17, 118.03, 3335033, 518, 0, 0
29161, 38, 28, 505, 1, 0, 19.35%, 0, 32, 17, 138.40, 3335712, 518, 0, 0
29166, 38, 107, 505, 1, 0, 19.35%, 0, 32, 17, 145.47, 3336469, 518, 0, 0
29171, 38, 36, 505, 1, 0, 19.35%, 0, 32, 17, 150.20, 3337249, 518, 0, 0
29176, 38, 400, 505, 1, 0, 19.35%, 0, 32, 17, 143.60, 3338022, 518, 0, 0
29181, 38, 400, 506, 2, 0, 19.35%, 0, 32, 17, 142.12, 3338748, 518, 0, 0
29186, 38, 196, 506, 2, 0, 19.35%, 0, 32, 17, 128.46, 3339366, 518, 0, 0
29191, 38, 298, 506, 2, 0, 19.35%, 0, 32, 17, 151.56, 3340178, 518, 0, 0
29197, 38, 495, 506, 2, 0, 19.35%, 0, 32, 17, 130.29, 3340863, 518, 0, 0
29202, 38, 180, 506, 2, 0, 19.35%, 0, 32, 17, 127.12, 3341442, 518, 0, 0
29207, 38, 370, 506, 2, 0, 19.35%, 0, 32, 17, 150.31, 3342245, 518, 0, 0
29212, 38, 480, 506, 2, 0, 19.35%, 0, 32, 17, 142.29, 3342947, 518, 0, 0
29217, 38, 69, 506, 2, 0, 19.35%, 0, 32, 17, 148.44, 3343715, 518, 0, 0
29222, 38, 27, 506, 2, 0, 19.35%, 0, 32, 17, 154.95, 3344521, 518, 0, 0
29227, 38, 417, 506, 2, 0, 19.35%, 0, 32, 17, 153.86, 3345315, 518, 0, 0
29232, 38, 343, 506, 2, 0, 19.35%, 0, 32, 17, 161.07, 3346126, 518, 0, 0
29238, 38, 98, 506, 2, 0, 19.35%, 0, 32, 17, 158.47, 3346930, 518, 0, 0
29243, 38, 495, 506, 2, 0, 19.35%, 0, 32, 17, 116.30, 3347519, 518, 0, 0
29248, 38, 429, 506, 2, 0, 19.35%, 0, 32, 17, 130.96, 3348174, 518, 0, 0
29253, 38, 392, 506, 2, 0, 19.35%, 0, 32, 17, 136.72, 3348850, 518, 0, 0
29258, 38, 468, 506, 2, 0, 19.35%, 0, 32, 17, 150.30, 3349632, 518, 0, 0
29263, 38, 216, 506, 2, 0, 19.35%, 0, 32, 17, 152.33, 3350402, 518, 0, 0
29268, 38, 168, 506, 2, 0, 19.35%, 0, 32, 17, 153.11, 3351184, 518, 0, 0
29273, 38, 191, 506, 2, 0, 19.35%, 0, 32, 17, 154.19, 3351954, 518, 0, 0
29278, 38, 343, 506, 2, 0, 19.35%, 0, 32, 17, 150.63, 3352705, 518, 0, 0
29283, 38, 424, 506, 2, 0, 19.35%, 0, 32, 17, 149.29, 3353456, 518, 0, 0
29288, 38, 367, 506, 2, 0, 19.35%, 0, 32, 17, 153.01, 3354220, 518, 0, 0
29293, 38, 495, 506, 2, 0, 19.35%, 0, 32, 17, 119.80, 3354824, 518, 0, 0
29299, 38, 429, 506, 2, 0, 19.35%, 0, 32, 17, 132.70, 3355463, 518, 0, 0
29304, 38, 466, 506, 2, 0, 19.35%, 0, 32, 17, 147.94, 3356230, 518, 0, 0
29309, 38, 400, 506, 2, 0, 19.35%, 0, 32, 17, 146.71, 3356980, 518, 0, 0
29314, 38, 224, 506, 2, 0, 19.35%, 0, 32, 17, 150.18, 3357766, 518, 0, 0
29319, 38, 480, 506, 2, 0, 19.35%, 0, 32, 17, 151.40, 3358547, 518, 0, 0
29324, 38, 468, 506, 2, 0, 19.35%, 0, 32, 17, 145.57, 3359270, 518, 0, 0
29329, 38, 107, 506, 2, 0, 19.35%, 0, 32, 17, 154.09, 3360071, 518, 0, 0
29334, 38, 468, 506, 2, 0, 19.35%, 0, 32, 17, 149.24, 3360848, 518, 0, 0
29340, 38, 429, 506, 2, 0, 19.35%, 0, 32, 17, 146.41, 3361582, 518, 0, 0
29345, 38, 504, 506, 2, 0, 19.35%, 0, 32, 17, 152.27, 3362354, 518, 0, 0
29350, 38, 504, 506, 2, 0, 19.35%, 0, 32, 17, 147.80, 3363096, 518, 0, 0
29355, 38, 491, 506, 1, 0, 19.35%, 0, 32, 17, 144.41, 3363860, 518, 0, 0
29360, 38, 400, 506, 1, 0, 19.35%, 0, 32, 17, 140.70, 3364567, 518, 0, 0
29365, 38, 495, 506, 1, 0, 19.35%, 0, 32, 17, 116.37, 3365180, 518, 0, 0
29370, 38, 499, 506, 1, 0, 19.35%, 0, 32, 17, 99.98, 3365664, 518, 0, 0
29375, 38, 392, 506, 1, 0, 19.35%, 0, 32, 17, 131.88, 3366318, 518, 0, 0
29380, 38, 410, 506, 1, 0, 19.35%, 0, 32, 17, 145.58, 3367090, 518, 0, 0
29386, 38, 466, 506, 1, 0, 19.35%, 0, 32, 17, 146.05, 3367847, 518, 0, 0
29391, 38, 72, 506, 1, 0, 19.35%, 0, 32, 17, 148.71, 3368607, 518, 0, 0
29396, 38, 14, 506, 1, 0, 19.35%, 0, 32, 17, 156.21, 3369423, 518, 0, 0
29401, 38, 478, 506, 1, 0, 19.35%, 0, 32, 17, 156.16, 3370241, 518, 0, 0
29406, 38, 479, 506, 1, 0, 19.35%, 0, 32, 17, 152.81, 3371029, 518, 0, 0
29411, 38, 422, 506, 1, 0, 19.35%, 0, 32, 17, 156.11, 3371811, 518, 0, 0
29416, 38, 495, 506, 1, 0, 19.35%, 0, 32, 17, 122.31, 3372431, 518, 0, 0
29421, 38, 355, 506, 1, 0, 19.35%, 0, 32, 17, 131.61, 3373045, 518, 0, 0
29427, 38, 501, 506, 1, 0, 19.35%, 0, 32, 17, 148.67, 3373863, 518, 0, 0
29432, 38, 479, 506, 1, 0, 19.35%, 0, 32, 17, 144.53, 3374591, 518, 0, 0
29437, 38, 74, 506, 1, 0, 19.35%, 0, 32, 17, 138.04, 3375244, 518, 0, 0
29442, 38, 392, 506, 1, 0, 19.35%, 0, 32, 17, 145.97, 3376019, 518, 0, 0
29447, 38, 429, 506, 1, 0, 19.35%, 0, 32, 17, 155.45, 3376825, 518, 0, 0
29452, 38, 360, 506, 1, 0, 19.35%, 0, 32, 17, 145.99, 3377542, 518, 0, 0
29457, 38, 400, 506, 1, 0, 19.35%, 0, 32, 17, 154.31, 3378360, 518, 0, 0
29462, 38, 343, 506, 1, 0, 19.35%, 0, 32, 17, 148.75, 3379104, 518, 0, 0
29468, 38, 36, 506, 1, 0, 19.35%, 0, 32, 17, 156.53, 3379919, 518, 0, 0
29473, 38, 28, 506, 1, 0, 19.35%, 0, 32, 17, 159.55, 3380747, 518, 0, 0
29478, 38, 394, 506, 1, 0, 19.35%, 0, 32, 17, 158.45, 3381550, 518, 0, 0
29483, 38, 337, 506, 1, 0, 19.35%, 0, 32, 17, 154.88, 3382311, 518, 0, 0
29488, 38, 371, 506, 1, 0, 19.35%, 0, 32, 17, 153.33, 3383089, 518, 0, 0
29493, 38, 400, 506, 1, 0, 19.35%, 0, 32, 17, 140.20, 3383807, 518, 0, 0
29498, 38, 211, 506, 1, 0, 19.35%, 0, 32, 17, 150.47, 3384588, 518, 0, 0
29503, 39, 428, 506, 1, 0, 19.35%, 0, 32, 17, 124.45, 3385174, 518, 0, 0
29508, 39, 392, 506, 1, 0, 19.35%, 0, 32, 17, 131.13, 3385835, 518, 0, 0
29513, 39, 495, 506, 1, 0, 19.35%, 0, 32, 17, 102.41, 3386347, 518, 0, 0
29519, 39, 495, 506, 1, 0, 19.35%, 0, 32, 17, 138.69, 3387084, 518, 0, 0
29524, 39, 285, 506, 1, 0, 19.35%, 0, 32, 17, 118.53, 3387618, 518, 0, 0
29529, 39, 495, 506, 1, 0, 19.35%, 0, 32, 17, 107.95, 3388198, 518, 0, 0
29534, 39, 495, 506, 1, 0, 19.35%, 0, 32, 17, 102.16, 3388708, 518, 0, 0
29539, 39, 486, 506, 1, 0, 19.35%, 0, 32, 17, 137.48, 3389415, 518, 0, 0
29544, 39, 480, 506, 1, 0, 19.35%, 0, 32, 17, 151.53, 3390203, 518, 0, 0
29549, 39, 31, 506, 1, 0, 19.35%, 0, 32, 17, 151.67, 3390968, 518, 0, 0
29554, 39, 14, 506, 1, 0, 19.35%, 0, 32, 17, 160.37, 3391780, 518, 0, 0
29559, 39, 368, 506, 1, 0, 19.35%, 0, 32, 17, 160.74, 3392615, 518, 0, 0
29564, 39, 471, 506, 1, 0, 19.35%, 0, 32, 17, 108.51, 3393182, 518, 0, 0
29570, 39, 479, 506, 1, 0, 19.35%, 0, 32, 17, 129.27, 3393792, 518, 0, 0
29575, 39, 474, 506, 1, 0, 19.35%, 0, 32, 17, 152.62, 3394613, 518, 0, 0
29580, 39, 495, 506, 1, 0, 19.35%, 0, 32, 17, 117.88, 3395201, 518, 0, 0
29585, 39, 447, 506, 1, 0, 19.35%, 0, 32, 17, 140.25, 3395911, 518, 0, 0
29590, 39, 486, 506, 1, 0, 19.35%, 0, 32, 17, 148.62, 3396707, 518, 0, 0
29595, 39, 156, 506, 1, 0, 19.35%, 0, 32, 17, 151.96, 3397485, 518, 0, 0
29601, 39, 392, 506, 1, 0, 19.35%, 0, 32, 17, 151.52, 3398288, 518, 0, 0
29606, 39, 200, 506, 1, 0, 19.35%, 0, 32, 17, 157.85, 3399111, 518, 0, 0
29611, 39, 181, 506, 1, 0, 19.35%, 0, 32, 17, 149.16, 3399823, 518, 0, 0
29616, 39, 480, 506, 1, 0, 19.35%, 0, 32, 17, 146.62, 3400592, 518, 0, 0
29621, 39, 256, 506, 1, 0, 19.35%, 0, 32, 17, 148.28, 3401357, 518, 0, 0
29626, 39, 202, 506, 1, 0, 19.35%, 0, 32, 17, 153.18, 3402118, 518, 0, 0
29631, 39, 346, 506, 1, 0, 19.35%, 0, 32, 17, 148.07, 3402872, 518, 0, 0
29636, 39, 499, 506, 1, 0, 19.35%, 0, 32, 17, 128.84, 3403540, 518, 0, 0
29641, 39, 441, 506, 1, 0, 19.35%, 0, 32, 17, 138.20, 3404196, 518, 0, 0
29646, 39, 93, 506, 1, 0, 19.35%, 0, 32, 17, 150.61, 3404984, 518, 0, 0
29651, 39, 499, 506, 1, 0, 19.35%, 0, 32, 17, 117.64, 3405591, 518, 0, 0
29656, 39, 67, 506, 1, 0, 19.35%, 0, 32, 17, 138.11, 3406283, 518, 0, 0
29662, 39, 278, 506, 1, 0, 19.35%, 0, 32, 17, 152.80, 3407073, 518, 0, 0
29667, 39, 406, 506, 1, 0, 19.35%, 0, 32, 17, 152.58, 3407848, 518, 0, 0
29672, 39, 194, 506, 1, 0, 19.35%, 0, 32, 17, 152.45, 3408601, 518, 0, 0
29677, 39, 395, 506, 1, 0, 19.35%, 0, 32, 17, 138.21, 3409288, 518, 0, 0
29682, 39, 371, 506, 1, 0, 19.35%, 0, 32, 17, 146.43, 3410057, 518, 0, 0
29687, 39, 237, 506, 1, 0, 19.35%, 0, 32, 17, 154.49, 3410867, 518, 0, 0
29692, 39, 392, 506, 1, 0, 19.35%, 0, 32, 17, 151.35, 3411650, 518, 0, 0
29697, 39, 468, 506, 1, 0, 19.35%, 0, 32, 17, 136.06, 3412337, 518, 0, 0
29703, 39, 199, 506, 1, 0, 19.35%, 0, 32, 17, 153.97, 3413138, 518, 0, 0
29708, 39, 279, 506, 1, 0, 19.35%, 0, 32, 17, 156.07, 3413946, 518, 0, 0
29713, 39, 80, 506, 1, 0, 19.35%, 0, 32, 17, 153.02, 3414716, 518, 0, 0
29718, 39, 45, 506, 1, 0, 19.35%, 0, 32, 17, 113.56, 3415217, 518, 0, 0
29723, 39, 169, 506, 1, 0, 19.35%, 0, 32, 17, 147.22, 3416017, 518, 0, 0
29728, 39, 400, 506, 1, 0, 19.35%, 0, 32, 17, 145.63, 3416787, 518, 0, 0
29733, 39, 486, 506, 1, 0, 19.35%, 0, 32, 17, 139.78, 3417491, 518, 0, 0
29739, 39, 468, 506, 1, 0, 19.35%, 0, 32, 17, 147.14, 3418264, 518, 0, 0
29744, 39, 418, 506, 1, 0, 19.35%, 0, 32, 17, 152.15, 3419047, 518, 0, 0
29749, 39, 479, 506, 1, 0, 19.35%, 0, 32, 17, 158.11, 3419860, 518, 0, 0
29754, 39, 400, 506, 1, 0, 19.35%, 0, 32, 17, 145.07, 3420619, 518, 0, 0
29759, 39, 349, 506, 1, 0, 19.35%, 0, 32, 17, 154.74, 3421420, 518, 0, 0
29764, 39, 202, 506, 1, 0, 19.35%, 0, 32, 17, 154.59, 3422198, 518, 0, 0
29769, 39, 470, 506, 1, 0, 19.35%, 0, 32, 17, 112.00, 3422762, 518, 0, 0
29775, 39, 188, 506, 1, 0, 19.35%, 0, 32, 17, 141.83, 3423518, 518, 0, 0
29780, 39, 73, 506, 1, 0, 19.35%, 0, 32, 17, 148.62, 3424261, 518, 0, 0
29785, 39, 2, 506, 1, 0, 19.35%, 0, 32, 17, 122.10, 3424859, 518, 0, 0
29790, 39, 429, 506, 1, 0, 19.35%, 0, 32, 17, 147.58, 3425635, 518, 0, 0
29795, 39, 25, 506, 1, 0, 19.35%, 0, 32, 17, 155.18, 3426441, 518, 0, 0
29800, 39, 193, 506, 1, 0, 19.35%, 0, 32, 17, 131.05, 3427032, 518, 0, 0
29805, 39, 30, 506, 1, 0, 19.35%, 0, 32, 17, 150.39, 3427827, 518, 0, 0
29810, 39, 72, 506, 1, 0, 19.35%, 0, 32, 17, 149.07, 3428603, 518, 0, 0
29815, 39, 400, 506, 1, 0, 19.35%, 0, 32, 17, 142.02, 3429308, 518, 0, 0
29821, 39, 429, 506, 1, 0, 19.35%, 0, 32, 17, 149.62, 3430100, 518, 0, 0
29826, 39, 447, 506, 1, 0, 19.35%, 0, 32, 17, 154.32, 3430894, 518, 0, 0
29831, 39, 156, 506, 1, 0, 19.35%, 0, 32, 17, 156.04, 3431706, 518, 0, 0
29836, 39, 374, 506, 1, 0, 19.35%, 0, 32, 17, 135.41, 3432414, 518, 0, 0
29841, 39, 441, 506, 1, 0, 19.35%, 0, 32, 17, 150.70, 3433204, 518, 0, 0
29846, 39, 495, 506, 1, 0, 19.35%, 0, 32, 17, 119.87, 3433833, 518, 0, 0
29851, 39, 423, 506, 1, 0, 19.35%, 0, 32, 17, 130.85, 3434437, 518, 0, 0
29856, 39, 338, 506, 1, 0, 19.35%, 0, 32, 17, 152.95, 3435239, 518, 0, 0
29862, 39, 468, 506, 1, 0, 19.35%, 0, 32, 17, 153.54, 3436053, 518, 0, 0
29867, 39, 480, 506, 1, 0, 19.35%, 0, 32, 17, 141.44, 3436764, 518, 0, 0
29872, 39, 49, 506, 1, 0, 19.35%, 0, 32, 17, 145.85, 3437533, 518, 0, 0
29877, 39, 360, 506, 1, 0, 19.35%, 0, 32, 17, 149.06, 3438312, 518, 0, 0
29882, 39, 486, 506, 1, 0, 19.35%, 0, 32, 17, 143.38, 3439052, 518, 0, 0
29887, 39, 383, 506, 1, 0, 19.35%, 0, 32, 17, 136.49, 3439758, 518, 0, 0
29892, 39, 480, 506, 1, 0, 19.35%, 0, 32, 17, 148.07, 3440534, 518, 0, 0
29897, 39, 321, 506, 1, 0, 19.35%, 0, 32, 17, 140.62, 3441216, 518, 0, 0
29902, 39, 392, 506, 1, 0, 19.35%, 0, 32, 17, 150.05, 3441998, 518, 0, 0
29908, 39, 479, 506, 1, 0, 19.35%, 0, 32, 17, 156.13, 3442785, 518, 0, 0
29913, 39, 447, 506, 1, 0, 19.35%, 0, 32, 17, 156.02, 3443586, 518, 0, 0
29918, 39, 93, 506, 1, 0, 19.35%, 0, 32, 17, 154.38, 3444345, 518, 0, 0
29923, 39, 495, 506, 1, 0, 19.35%, 0, 32, 17, 111.41, 3444881, 518, 0, 0
29928, 39, 156, 506, 1, 0, 19.35%, 0, 32, 17, 145.85, 3445684, 518, 0, 0
29933, 39, 80, 506, 1, 0, 19.35%, 0, 32, 17, 144.56, 3446428, 518, 0, 0
29938, 39, 486, 506, 1, 0, 19.35%, 0, 32, 17, 155.40, 3447237, 518, 0, 0
29943, 39, 486, 506, 1, 0, 19.35%, 0, 32, 17, 152.30, 3448000, 518, 0, 0
29948, 39, 468, 506, 1, 0, 19.35%, 0, 32, 17, 150.38, 3448768, 518, 0, 0
29953, 39, 495, 506, 1, 0, 19.35%, 0, 32, 17, 127.87, 3449430, 518, 0, 0
29959, 39, 469, 506, 1, 0, 19.35%, 0, 32, 17, 9.06, 3449797, 518, 0, 0
29964, 39, 194, 506, 1, 0, 19.35%, 0, 32, 17, 157.96, 3450419, 518, 0, 0
29969, 39, 468, 506, 1, 0, 19.35%, 0, 32, 17, 152.61, 3451192, 518, 0, 0
29974, 39, 504, 506, 1, 0, 19.35%, 0, 32, 17, 147.27, 3451935, 518, 0, 0
29979, 39, 1, 506, 1, 0, 19.35%, 0, 32, 17, 158.04, 3452760, 518, 0, 0
29984, 39, 495, 506, 1, 0, 19.35%, 0, 32, 17, 140.59, 3453484, 518, 0, 0
29989, 39, 210, 506, 1, 0, 19.35%, 0, 32, 17, 116.52, 3454004, 518, 0, 0
29994, 39, 429, 506, 1, 0, 19.35%, 0, 32, 17, 112.83, 3454532, 518, 0, 0
29999, 39, 429, 506, 1, 0, 19.35%, 0, 32, 17, 126.43, 3455210, 518, 0, 0
30004, 39, 491, 506, 1, 0, 19.35%, 0, 32, 17, 139.15, 3455932, 518, 0, 0
30010, 39, 163, 506, 1, 0, 19.35%, 0, 32, 17, 143.55, 3456656, 518, 0, 0
30015, 39, 285, 506, 1, 0, 19.35%, 0, 32, 17, 150.16, 3457438, 518, 0, 0
30020, 39, 482, 506, 1, 0, 19.35%, 0, 32, 17, 151.50, 3458232, 518, 0, 0
30025, 39, 392, 506, 1, 0, 19.35%, 0, 32, 17, 150.23, 3459002, 518, 0, 0
30030, 39, 204, 506, 1, 0, 19.35%, 0, 32, 17, 148.89, 3459742, 518, 0, 0
30035, 39, 418, 506, 1, 0, 19.35%, 0, 32, 17, 153.11, 3460526, 518, 0, 0
30040, 40, 202, 506, 1, 0, 19.35%, 0, 32, 17, 158.03, 3461355, 518, 0, 0
30045, 40, 237, 506, 1, 0, 19.35%, 0, 32, 17, 154.12, 3462161, 518, 0, 0
30051, 40, 97, 506, 1, 0, 19.35%, 0, 32, 17, 153.39, 3462931, 518, 0, 0
30056, 40, 429, 506, 1, 0, 19.35%, 0, 32, 17, 150.21, 3463696, 518, 0, 0
30061, 40, 392, 506, 1, 0, 19.35%, 0, 32, 17, 147.14, 3464445, 518, 0, 0
30066, 40, 467, 506, 1, 0, 19.35%, 0, 32, 17, 131.62, 3465163, 518, 0, 0
30071, 40, 500, 506, 1, 0, 19.35%, 0, 32, 17, 119.49, 3465647, 518, 0, 0
30076, 40, 400, 506, 1, 0, 19.35%, 0, 32, 17, 140.75, 3466403, 518, 0, 0
30081, 40, 480, 506, 1, 0, 19.35%, 0, 32, 17, 141.49, 3467091, 518, 0, 0
30087, 40, 3, 506, 1, 0, 19.35%, 0, 32, 17, 150.40, 3467849, 518, 0, 0
30092, 40, 29, 506, 1, 0, 19.35%, 0, 32, 17, 156.37, 3468652, 518, 0, 0
30097, 40, 468, 506, 1, 0, 19.35%, 0, 32, 17, 155.18, 3469428, 518, 0, 0
30102, 40, 495, 506, 1, 0, 19.35%, 0, 32, 17, 119.95, 3470048, 518, 0, 0
30107, 40, 498, 506, 1, 0, 19.35%, 0, 32, 17, 144.88, 3470813, 518, 0, 0
30112, 40, 478, 506, 1, 0, 19.35%, 0, 32, 17, 147.93, 3471547, 518, 0, 0
30117, 40, 156, 506, 1, 0, 19.35%, 0, 32, 17, 152.70, 3472331, 518, 0, 0
30122, 40, 489, 506, 1, 0, 19.35%, 0, 32, 17, 136.21, 3473040, 518, 0, 0
30127, 40, 296, 506, 1, 0, 19.35%, 0, 32, 17, 149.42, 3473818, 518, 0, 0
30132, 40, 28, 506, 1, 0, 19.35%, 0, 32, 17, 153.44, 3474594, 518, 0, 0
30138, 40, 380, 506, 1, 0, 19.35%, 0, 32, 17, 157.95, 3475412, 518, 0, 0
30143, 40, 360, 506, 1, 0, 19.35%, 0, 32, 17, 141.33, 3476123, 518, 0, 0
30148, 40, 469, 506, 1, 0, 19.35%, 0, 32, 17, 38.03, 3476632, 518, 0, 0
30153, 40, 486, 506, 1, 0, 19.35%, 0, 32, 17, 118.43, 3477265, 518, 0, 0
30158, 40, 495, 506, 1, 0, 19.35%, 0, 32, 17, 113.05, 3477861, 518, 0, 0
30163, 40, 194, 506, 1, 0, 19.35%, 0, 32, 17, 147.45, 3478634, 518, 0, 0
30168, 40, 480, 506, 1, 0, 19.35%, 0, 32, 17, 146.64, 3479381, 518, 0, 0
30173, 40, 36, 506, 1, 0, 19.35%, 0, 32, 17, 145.11, 3480086, 518, 0, 0
30178, 40, 495, 506, 1, 0, 19.35%, 0, 32, 17, 140.83, 3480821, 518, 0, 0
30184, 40, 28, 506, 1, 0, 19.35%, 0, 32, 17, 128.54, 3481430, 518, 0, 0
30189, 40, 441, 506, 1, 0, 19.35%, 0, 32, 17, 143.96, 3482224, 518, 0, 0
30194, 40, 495, 506, 1, 0, 19.35%, 0, 32, 17, 128.58, 3482903, 518, 0, 0
30199, 40, 418, 506, 1, 0, 19.35%, 0, 32, 17, 120.25, 3483453, 518, 0, 0
30204, 40, 422, 506, 1, 0, 19.35%, 0, 32, 17, 143.36, 3484223, 518, 0, 0
30209, 40, 422, 506, 1, 0, 19.35%, 0, 32, 17, 144.38, 3484941, 518, 0, 0
30214, 40, 339, 506, 1, 0, 19.35%, 0, 32, 17, 148.70, 3485722, 518, 0, 0
30220, 40, 44, 506, 1, 0, 19.35%, 0, 32, 17, 156.13, 3486536, 518, 0, 0
30225, 40, 468, 506, 1, 0, 19.35%, 0, 32, 17, 145.72, 3487270, 518, 0, 0
30230, 40, 422, 506, 1, 0, 19.35%, 0, 32, 17, 145.90, 3488033, 518, 0, 0
30235, 40, 505, 506, 1, 0, 19.35%, 0, 32, 17, 116.85, 3488647, 518, 0, 0
30240, 40, 505, 506, 1, 0, 19.35%, 0, 32, 17, 101.12, 3489135, 518, 0, 0
30245, 40, 505, 506, 1, 0, 19.35%, 0, 32, 17, 97.56, 3489649, 518, 0, 0
30251, 40, 505, 506, 1, 0, 19.35%, 0, 32, 17, 99.34, 3490240, 518, 0, 0
30256, 40, 505, 506, 1, 0, 19.35%, 0, 32, 17, 115.74, 3490858, 518, 0, 0
30261, 40, 505, 507, 2, 0, 19.35%, 0, 32, 17, 114.47, 3491458, 518, 0, 0
30266, 40, 505, 507, 2, 0, 19.35%, 0, 32, 17, 116.75, 3492052, 518, 0, 0
30271, 40, 332, 507, 1, 0, 19.35%, 0, 32, 17, 120.74, 3492678, 518, 0, 0
30276, 40, 468, 507, 1, 0, 19.35%, 0, 32, 17, 133.67, 3493386, 518, 0, 0
30281, 40, 378, 507, 1, 0, 19.35%, 0, 32, 17, 136.24, 3494114, 518, 0, 0
30286, 40, 343, 507, 1, 0, 19.35%, 0, 32, 17, 148.34, 3494878, 518, 0, 0
30292, 40, 14, 507, 1, 0, 19.35%, 0, 32, 17, 149.18, 3495623, 518, 0, 0
30297, 40, 48, 507, 1, 0, 19.35%, 0, 32, 17, 140.22, 3496300, 518, 0, 0
30302, 40, 11, 507, 1, 0, 19.35%, 0, 32, 17, 154.53, 3497104, 518, 0, 0
30307, 40, 374, 507, 1, 0, 19.35%, 0, 32, 17, 148.50, 3497865, 518, 0, 0
30312, 40, 360, 507, 1, 0, 19.35%, 0, 32, 17, 149.12, 3498612, 518, 0, 0
30317, 40, 46, 507, 1, 0, 19.35%, 0, 32, 17, 153.80, 3499414, 518, 0, 0
30322, 40, 506, 507, 1, 0, 19.35%, 0, 32, 17, 65.47, 3499820, 518, 0, 0
30328, 40, 506, 507, 1, 0, 19.35%, 0, 32, 17, 80.13, 3500244, 518, 0, 0
30334, 40, 506, 507, 1, 0, 19.35%, 0, 32, 17, 78.77, 3500853, 518, 0, 0
30339, 40, 506, 510, 4, 0, 19.35%, 0, 32, 17, 109.97, 3501448, 518, 0, 0
30344, 40, 506, 510, 4, 0, 19.35%, 0, 32, 17, 116.29, 3502062, 518, 0, 0
30350, 40, 506, 510, 4, 0, 19.35%, 0, 32, 17, 112.93, 3502650, 518, 0, 0
30355, 40, 506, 510, 4, 0, 19.35%, 0, 32, 17, 114.45, 3503240, 518, 0, 0
30360, 40, 506, 510, 4, 0, 19.35%, 0, 32, 17, 114.56, 3503808, 518, 0, 0
30365, 40, 506, 510, 4, 0, 19.35%, 0, 32, 17, 113.60, 3504394, 518, 0, 0
30370, 40, 506, 510, 4, 0, 19.35%, 0, 32, 17, 116.83, 3504984, 518, 0, 0
30375, 40, 506, 510, 4, 0, 19.35%, 0, 32, 17, 115.68, 3505562, 518, 0, 0
30380, 40, 506, 510, 4, 0, 19.35%, 0, 32, 17, 112.39, 3506130, 518, 0, 0
30385, 40, 506, 510, 4, 0, 19.35%, 0, 32, 17, 114.19, 3506704, 518, 0, 0
30390, 40, 506, 510, 4, 0, 19.35%, 0, 32, 17, 116.04, 3507294, 518, 0, 0
30395, 40, 506, 510, 4, 0, 19.35%, 0, 32, 17, 114.48, 3507873, 518, 0, 0
30400, 40, 480, 510, 3, 0, 19.35%, 0, 32, 17, 137.34, 3508581, 518, 0, 0
30406, 40, 392, 510, 3, 0, 19.35%, 0, 32, 17, 143.09, 3509325, 518, 0, 0
30411, 40, 480, 510, 3, 0, 19.35%, 0, 32, 17, 148.87, 3510085, 518, 0, 0
30416, 40, 468, 510, 3, 0, 19.35%, 0, 32, 17, 156.55, 3510875, 518, 0, 0
30421, 40, 495, 510, 3, 0, 19.35%, 0, 32, 17, 141.54, 3511583, 518, 0, 0
30426, 40, 115, 510, 3, 0, 19.35%, 0, 32, 17, 104.93, 3512044, 518, 0, 0
30431, 40, 480, 510, 3, 0, 19.35%, 0, 32, 17, 137.63, 3512791, 518, 0, 0
30436, 40, 337, 510, 3, 0, 19.35%, 0, 32, 17, 156.59, 3513613, 518, 0, 0
30442, 40, 422, 510, 3, 0, 19.35%, 0, 32, 17, 153.04, 3514397, 518, 0, 0
30447, 40, 163, 510, 3, 0, 19.35%, 0, 32, 17, 145.23, 3515128, 518, 0, 0
30452, 40, 98, 510, 3, 0, 19.35%, 0, 32, 17, 153.96, 3515925, 518, 0, 0
30457, 40, 509, 510, 3, 0, 19.35%, 0, 32, 17, 141.73, 3516681, 518, 0, 0
30462, 40, 509, 510, 3, 0, 19.35%, 0, 32, 17, 116.37, 3517253, 518, 0, 0
30467, 40, 509, 510, 3, 0, 19.35%, 0, 32, 17, 113.50, 3517835, 518, 0, 0
30474, 40, 509, 510, 3, 0, 19.35%, 0, 32, 17, 104.88, 3518575, 518, 0, 0
30479, 40, 509, 511, 4, 0, 19.35%, 0, 32, 17, 111.32, 3519146, 518, 0, 0
30484, 40, 509, 511, 4, 0, 19.35%, 0, 32, 17, 112.71, 3519718, 518, 0, 0
30489, 40, 509, 511, 4, 0, 19.35%, 0, 32, 17, 113.42, 3520288, 518, 0, 0
30494, 40, 509, 511, 4, 0, 19.35%, 0, 32, 17, 113.80, 3520862, 518, 0, 0
30499, 40, 510, 511, 3, 1, 19.35%, 0, 32, 17, 101.55, 3521376, 518, 0, 0
30504, 40, 510, 511, 3, 1, 19.35%, 0, 32, 17, 107.35, 3521916, 518, 0, 0
30509, 40, 510, 511, 3, 1, 19.35%, 0, 32, 17, 87.13, 3522340, 518, 0, 0
30515, 40, 510, 511, 3, 1, 19.35%, 0, 32, 17, 93.80, 3522966, 518, 0, 0
30520, 40, 510, 511, 3, 1, 19.35%, 0, 32, 17, 110.00, 3523555, 518, 0, 0
30525, 40, 510, 511, 3, 1, 19.35%, 0, 32, 17, 127.47, 3524239, 518, 0, 0
30531, 40, 510, 511, 3, 1, 19.35%, 0, 32, 17, 129.68, 3524911, 518, 0, 0
30536, 40, 510, 511, 3, 1, 19.35%, 0, 32, 17, 131.33, 3525591, 518, 0, 0
30541, 40, 510, 511, 3, 1, 19.35%, 0, 32, 17, 132.19, 3526253, 518, 0, 0
30546, 40, 510, 511, 3, 1, 19.35%, 0, 32, 17, 132.04, 3526935, 518, 0, 0
30551, 40, 510, 511, 3, 1, 19.35%, 0, 32, 17, 131.72, 3527599, 518, 0, 0
30556, 40, 510, 511, 3, 1, 19.35%, 0, 32, 17, 132.26, 3528285, 518, 0, 0
30561, 40, 510, 513, 5, 1, 19.35%, 0, 32, 17, 113.77, 3528856, 518, 0, 0
30566, 40, 510, 513, 5, 1, 19.35%, 0, 32, 17, 106.30, 3529382, 518, 0, 0
30571, 40, 510, 513, 5, 1, 19.35%, 0, 32, 17, 105.82, 3529932, 518, 0, 0
30577, 40, 510, 513, 5, 1, 19.35%, 0, 32, 17, 105.24, 3530476, 518, 0, 0
30582, 40, 510, 513, 5, 1, 19.35%, 0, 32, 17, 105.70, 3531026, 518, 0, 0
30587, 40, 510, 513, 5, 1, 19.35%, 0, 32, 17, 105.96, 3531576, 518, 0, 0
30592, 40, 510, 513, 5, 1, 19.35%, 0, 32, 17, 105.06, 3532100, 518, 0, 0
30597, 40, 510, 513, 5, 1, 19.35%, 0, 32, 17, 104.68, 3532624, 518, 0, 0
30602, 40, 510, 513, 5, 1, 19.35%, 0, 32, 17, 105.65, 3533174, 518, 0, 0
30607, 40, 510, 513, 5, 1, 19.35%, 0, 32, 17, 105.28, 3533718, 518, 0, 0
30613, 40, 510, 513, 5, 1, 19.35%, 0, 32, 17, 105.74, 3534268, 518, 0, 0
30618, 40, 510, 513, 5, 1, 19.35%, 0, 32, 17, 105.98, 3534818, 518, 0, 0
30623, 40, 510, 513, 5, 1, 19.35%, 0, 32, 17, 105.32, 3535344, 518, 0, 0
30628, 40, 510, 513, 5, 1, 19.35%, 0, 32, 17, 105.14, 3535890, 518, 0, 0
30633, 40, 510, 513, 5, 1, 19.35%, 0, 32, 17, 105.75, 3536440, 518, 0, 0
30639, 40, 510, 513, 5, 1, 19.35%, 0, 32, 17, 105.55, 3536984, 518, 0, 0
30644, 40, 510, 513, 5, 1, 19.35%, 0, 32, 17, 105.16, 3537530, 518, 0, 0
30649, 40, 510, 513, 5, 1, 19.35%, 0, 32, 17, 104.88, 3538058, 518, 0, 0
30654, 40, 510, 513, 5, 1, 19.35%, 0, 32, 17, 105.59, 3538608, 518, 0, 0
30659, 40, 510, 513, 5, 1, 19.35%, 0, 32, 17, 105.49, 3539136, 518, 0, 0
30664, 40, 510, 513, 5, 1, 19.35%, 0, 32, 17, 104.20, 3539680, 518, 0, 0
30669, 40, 510, 513, 5, 1, 19.35%, 0, 32, 17, 105.47, 3540230, 518, 0, 0
30675, 40, 510, 513, 5, 1, 19.35%, 0, 32, 17, 105.90, 3540780, 518, 0, 0
30680, 40, 510, 513, 5, 1, 19.35%, 0, 32, 17, 104.75, 3541306, 518, 0, 0
30685, 40, 510, 513, 5, 1, 19.35%, 0, 32, 17, 105.53, 3541856, 518, 0, 0
30690, 40, 510, 513, 5, 1, 19.35%, 0, 32, 17, 104.23, 3542380, 518, 0, 0
30695, 40, 510, 513, 5, 1, 19.35%, 0, 32, 17, 101.05, 3542900, 518, 0, 0
30700, 40, 510, 513, 5, 1, 19.35%, 0, 32, 17, 101.38, 3543426, 518, 0, 0
30705, 40, 510, 513, 5, 1, 19.35%, 0, 32, 17, 101.10, 3543948, 518, 0, 0
30711, 40, 510, 513, 5, 1, 19.35%, 0, 32, 17, 99.77, 3544465, 518, 0, 0
30716, 40, 510, 513, 5, 1, 19.35%, 0, 32, 17, 101.06, 3544988, 518, 0, 0
30721, 40, 510, 513, 5, 1, 19.35%, 0, 32, 17, 100.87, 3545506, 518, 0, 0
30726, 40, 510, 513, 5, 1, 19.35%, 0, 32, 17, 100.25, 3546022, 518, 0, 0
30731, 40, 510, 513, 5, 1, 19.35%, 0, 32, 17, 100.54, 3546544, 518, 0, 0
30736, 40, 510, 513, 5, 1, 19.35%, 0, 32, 17, 100.90, 3547068, 518, 0, 0
30742, 40, 510, 513, 5, 1, 19.35%, 0, 32, 17, 99.63, 3547582, 518, 0, 0
30747, 40, 510, 513, 5, 1, 19.35%, 0, 32, 17, 100.13, 3548104, 518, 0, 0
30752, 40, 510, 513, 5, 1, 19.35%, 0, 32, 17, 100.83, 3548624, 518, 0, 0
30757, 40, 510, 513, 5, 1, 19.35%, 0, 32, 17, 103.64, 3549158, 518, 0, 0
30762, 40, 510, 513, 5, 1, 19.35%, 0, 32, 17, 104.72, 3549702, 518, 0, 0
30767, 40, 510, 513, 5, 1, 19.35%, 0, 32, 17, 104.61, 3550226, 518, 0, 0
30772, 40, 510, 513, 5, 1, 19.35%, 0, 32, 17, 104.09, 3550746, 518, 0, 0
30777, 40, 49, 513, 4, 0, 19.35%, 0, 32, 17, 139.84, 3551491, 518, 0, 0
30782, 40, 191, 513, 4, 0, 19.35%, 0, 32, 17, 147.34, 3552259, 518, 0, 0
30788, 40, 496, 513, 4, 0, 19.35%, 0, 32, 17, 118.12, 3552886, 518, 0, 0
30793, 40, 247, 513, 4, 0, 19.35%, 0, 32, 17, 121.95, 3553447, 518, 0, 0
30798, 40, 216, 513, 4, 0, 19.35%, 0, 32, 17, 147.88, 3554246, 518, 0, 0
30803, 40, 480, 513, 4, 0, 19.35%, 0, 32, 17, 152.17, 3555022, 518, 0, 0
30808, 40, 69, 513, 4, 0, 19.35%, 0, 32, 17, 151.57, 3555802, 518, 0, 0
30813, 40, 508, 513, 4, 0, 19.35%, 0, 32, 17, 103.27, 3556308, 518, 0, 0
30818, 40, 508, 513, 4, 0, 19.35%, 0, 32, 17, 83.90, 3556715, 518, 0, 0
30823, 40, 508, 513, 4, 0, 19.35%, 0, 32, 17, 77.60, 3557106, 518, 0, 0
30829, 40, 508, 513, 4, 0, 19.35%, 0, 32, 17, 80.11, 3557669, 518, 0, 0
30834, 40, 508, 513, 4, 0, 19.35%, 0, 32, 17, 84.15, 3558107, 518, 0, 0
30840, 40, 508, 513, 4, 0, 19.35%, 0, 32, 17, 84.96, 3558544, 518, 0, 0
30845, 40, 507, 513, 3, 0, 19.35%, 0, 32, 17, 107.63, 3559109, 518, 0, 0
30850, 40, 507, 513, 3, 0, 19.35%, 0, 32, 17, 114.69, 3559673, 518, 0, 0
30855, 40, 507, 513, 3, 0, 19.35%, 0, 32, 17, 108.50, 3560223, 518, 0, 0
30860, 40, 507, 513, 3, 0, 19.35%, 0, 32, 17, 116.71, 3560846, 518, 0, 0
30865, 40, 507, 513, 3, 0, 19.35%, 0, 32, 17, 129.98, 3561532, 518, 0, 0
30870, 40, 511, 513, 2, 0, 19.35%, 0, 32, 17, 121.29, 3562148, 518, 0, 0
30875, 40, 511, 513, 2, 0, 19.35%, 0, 32, 17, 95.53, 3562626, 518, 0, 0
30880, 40, 511, 513, 2, 0, 19.35%, 0, 32, 17, 95.03, 3563120, 518, 0, 0
30887, 40, 511, 513, 2, 0, 19.35%, 0, 32, 17, 105.63, 3563910, 518, 0, 0
30892, 40, 511, 513, 2, 0, 19.35%, 0, 32, 17, 111.09, 3564478, 518, 0, 0
30898, 40, 511, 513, 2, 0, 19.35%, 0, 32, 17, 113.53, 3565068, 518, 0, 0
30903, 40, 239, 513, 1, 0, 19.35%, 0, 32, 17, 129.26, 3565723, 518, 0, 0
30908, 40, 364, 513, 1, 0, 19.35%, 0, 32, 17, 151.32, 3566516, 518, 0, 0
30913, 40, 163, 513, 1, 0, 19.35%, 0, 32, 17, 152.15, 3567297, 518, 0, 0
30918, 40, 379, 513, 1, 0, 19.35%, 0, 32, 17, 140.29, 3568023, 518, 0, 0
30923, 40, 480, 513, 1, 0, 19.35%, 0, 32, 17, 153.83, 3568800, 518, 0, 0
30928, 40, 92, 513, 1, 0, 19.35%, 0, 32, 17, 151.13, 3569573, 518, 0, 0
30933, 40, 40, 513, 1, 0, 19.35%, 0, 32, 17, 107.83, 3570071, 518, 0, 0
30939, 40, 495, 513, 1, 0, 19.35%, 0, 32, 17, 132.84, 3570807, 518, 0, 0
30944, 40, 429, 513, 1, 0, 19.35%, 0, 32, 17, 125.56, 3571387, 518, 0, 0
30949, 40, 468, 513, 1, 0, 19.35%, 0, 32, 17, 128.32, 3572053, 518, 0, 0
30954, 40, 495, 513, 1, 0, 19.35%, 0, 32, 17, 104.91, 3572569, 518, 0, 0
30959, 40, 429, 513, 1, 0, 19.35%, 0, 32, 17, 134.98, 3573269, 518, 0, 0
30964, 40, 495, 513, 1, 0, 19.35%, 0, 32, 17, 99.90, 3573778, 518, 0, 0
30969, 40, 285, 513, 1, 0, 19.35%, 0, 32, 17, 125.41, 3574407, 518, 0, 0
30974, 40, 158, 513, 1, 0, 19.35%, 0, 32, 17, 148.83, 3575220, 518, 0, 0
30979, 40, 27, 513, 1, 0, 19.35%, 0, 32, 17, 153.38, 3576010, 518, 0, 0
30985, 40, 140, 513, 1, 0, 19.35%, 0, 32, 17, 151.97, 3576796, 518, 0, 0
30990, 40, 392, 513, 1, 0, 19.35%, 0, 32, 17, 149.07, 3577541, 518, 0, 0
30995, 40, 495, 513, 1, 0, 19.35%, 0, 32, 17, 126.88, 3578227, 518, 0, 0
31000, 40, 472, 513, 1, 0, 19.35%, 0, 32, 17, 105.63, 3578759, 518, 0, 0
31005, 40, 472, 513, 1, 0, 19.35%, 0, 32, 17, 83.55, 3579170, 518, 0, 0
31010, 40, 367, 513, 1, 0, 19.35%, 0, 32, 17, 108.03, 3579654, 518, 0, 0
31015, 40, 108, 513, 1, 0, 19.35%, 0, 32, 17, 146.35, 3580442, 518, 0, 0
31020, 40, 495, 513, 1, 0, 19.35%, 0, 32, 17, 132.18, 3581110, 518, 0, 0
31025, 40, 115, 513, 1, 0, 19.35%, 0, 32, 17, 149.11, 3581838, 518, 0, 0
31030, 40, 40, 513, 1, 0, 19.35%, 0, 32, 17, 157.71, 3582677, 518, 0, 0
31036, 40, 413, 513, 1, 0, 19.35%, 0, 32, 17, 156.17, 3583502, 518, 0, 0
31041, 40, 429, 513, 1, 0, 19.35%, 0, 32, 17, 154.27, 3584272, 518, 0, 0
31046, 40, 312, 513, 1, 0, 19.35%, 0, 32, 17, 156.47, 3585064, 518, 0, 0
31051, 40, 199, 513, 1, 0, 19.35%, 0, 32, 17, 153.18, 3585858, 518, 0, 0
31056, 40, 422, 513, 1, 0, 19.35%, 0, 32, 17, 146.91, 3586605, 518, 0, 0
31061, 40, 480, 513, 1, 0, 19.35%, 0, 32, 17, 153.17, 3587393, 518, 0, 0
31066, 40, 488, 513, 1, 0, 19.35%, 0, 32, 17, 151.96, 3588144, 518, 0, 0
31071, 40, 3, 513, 1, 0, 19.35%, 0, 32, 17, 135.88, 3588789, 518, 0, 0
31076, 40, 495, 513, 1, 0, 19.35%, 0, 32, 17, 146.64, 3589555, 518, 0, 0
31081, 40, 495, 513, 1, 0, 19.35%, 0, 32, 17, 119.04, 3590101, 518, 0, 0
31087, 40, 498, 513, 1, 0, 19.35%, 0, 32, 17, 126.13, 3590705, 518, 0, 0
31092, 40, 443, 513, 1, 0, 19.35%, 0, 32, 17, 149.90, 3591526, 518, 0, 0
31097, 41, 97, 513, 1, 0, 19.35%, 0, 32, 17, 145.03, 3592271, 518, 0, 0
31102, 41, 93, 513, 1, 0, 19.35%, 0, 32, 17, 151.22, 3593046, 518, 0, 0
31107, 41, 40, 513, 1, 0, 19.35%, 0, 32, 17, 151.97, 3593829, 518, 0, 0
31112, 41, 134, 513, 1, 0, 19.35%, 0, 32, 17, 140.72, 3594563, 518, 0, 0
31117, 41, 429, 513, 1, 0, 19.35%, 0, 32, 17, 157.40, 3595406, 518, 0, 0
31123, 41, 468, 513, 1, 0, 19.35%, 0, 32, 17, 151.19, 3596156, 518, 0, 0
31128, 41, 510, 513, 1, 0, 19.35%, 0, 32, 17, 133.61, 3596798, 518, 0, 0
31133, 41, 510, 513, 1, 0, 19.35%, 0, 32, 17, 148.96, 3597584, 518, 0, 0
31138, 41, 510, 513, 1, 0, 19.35%, 0, 32, 17, 152.21, 3598353, 518, 0, 0
31143, 41, 510, 513, 1, 0, 19.35%, 0, 32, 17, 153.96, 3599139, 518, 0, 0
31148, 41, 510, 513, 1, 0, 19.35%, 0, 32, 17, 153.52, 3599916, 518, 0, 0
31153, 41, 510, 513, 1, 0, 19.35%, 0, 32, 17, 154.18, 3600708, 518, 0, 0
31158, 41, 510, 513, 1, 0, 19.35%, 0, 32, 17, 155.23, 3601494, 518, 0, 0
31163, 41, 510, 513, 1, 0, 19.35%, 0, 32, 17, 154.64, 3602277, 518, 0, 0
31168, 41, 510, 513, 1, 0, 19.35%, 0, 32, 17, 153.73, 3603048, 518, 0, 0
31173, 41, 402, 513, 1, 0, 19.35%, 0, 32, 17, 127.53, 3603681, 518, 0, 0
31178, 41, 429, 513, 1, 0, 19.35%, 0, 32, 17, 146.40, 3604467, 518, 0, 0
31183, 41, 441, 513, 1, 0, 19.35%, 0, 32, 17, 141.28, 3605165, 518, 0, 0
31189, 41, 429, 513, 1, 0, 19.35%, 0, 32, 17, 148.09, 3605947, 518, 0, 0
31194, 41, 478, 513, 1, 0, 19.35%, 0, 32, 17, 144.69, 3606683, 518, 0, 0
31199, 41, 114, 513, 1, 0, 19.35%, 0, 32, 17, 150.01, 3607463, 518, 0, 0
31204, 41, 422, 513, 1, 0, 19.35%, 0, 32, 17, 148.05, 3608241, 518, 0, 0
31209, 41, 495, 513, 1, 0, 19.35%, 0, 32, 17, 106.32, 3608775, 518, 0, 0
31214, 41, 44, 513, 1, 0, 19.35%, 0, 32, 17, 141.28, 3609527, 518, 0, 0
31220, 41, 483, 513, 1, 0, 19.35%, 0, 32, 17, 149.56, 3610305, 518, 0, 0
31225, 41, 422, 513, 1, 0, 19.35%, 0, 32, 17, 151.22, 3611097, 518, 0, 0
31230, 41, 468, 513, 1, 0, 19.35%, 0, 32, 17, 150.31, 3611875, 518, 0, 0
31235, 41, 334, 513, 1, 0, 19.35%, 0, 32, 17, 157.91, 3612684, 518, 0, 0
31240, 41, 499, 513, 1, 0, 19.35%, 0, 32, 17, 128.58, 3613337, 518, 0, 0
31245, 41, 417, 513, 1, 0, 19.35%, 0, 32, 17, 115.08, 3613851, 518, 0, 0
31250, 41, 495, 513, 1, 0, 19.35%, 0, 32, 17, 107.17, 3614419, 518, 0, 0
31255, 41, 195, 513, 1, 0, 19.35%, 0, 32, 17, 143.93, 3615174, 518, 0, 0
31261, 41, 114, 513, 1, 0, 19.35%, 0, 32, 17, 152.77, 3615968, 518, 0, 0
31266, 41, 14, 513, 1, 0, 19.35%, 0, 32, 17, 106.20, 3616444, 518, 0, 0
31271, 41, 48, 513, 1, 0, 19.35%, 0, 32, 17, 148.98, 3617266, 518, 0, 0
31276, 41, 188, 513, 1, 0, 19.35%, 0, 32, 17, 158.38, 3618093, 518, 0, 0
31281, 41, 495, 513, 1, 0, 19.35%, 0, 32, 17, 108.88, 3618632, 518, 0, 0
31286, 41, 158, 513, 1, 0, 19.35%, 0, 32, 17, 136.64, 3619335, 518, 0, 0
31291, 41, 429, 513, 1, 0, 19.35%, 0, 32, 17, 151.84, 3620148, 518, 0, 0
31297, 41, 480, 513, 1, 0, 19.35%, 0, 32, 17, 155.38, 3620957, 518, 0, 0
31302, 41, 239, 513, 1, 0, 19.35%, 0, 32, 17, 146.40, 3621684, 518, 0, 0
31307, 41, 422, 513, 1, 0, 19.35%, 0, 32, 17, 156.79, 3622482, 518, 0, 0
31312, 41, 196, 513, 1, 0, 19.35%, 0, 32, 17, 158.86, 3623269, 518, 0, 0
31317, 41, 134, 513, 1, 0, 19.35%, 0, 32, 17, 159.46, 3624073, 518, 0, 0
31322, 41, 69, 513, 1, 0, 19.35%, 0, 32, 17, 155.65, 3624844, 518, 0, 0
31327, 41, 510, 513, 1, 0, 19.35%, 0, 32, 17, 151.68, 3625615, 518, 0, 0
31332, 41, 510, 513, 1, 0, 19.35%, 0, 32, 17, 151.42, 3626377, 518, 0, 0
31337, 41, 491, 513, 1, 0, 19.35%, 0, 32, 17, 154.60, 3627183, 518, 0, 0
31342, 41, 47, 513, 1, 0, 19.35%, 0, 32, 17, 151.69, 3627950, 518, 0, 0
31347, 41, 429, 513, 1, 0, 19.35%, 0, 32, 17, 140.27, 3628658, 518, 0, 0
31353, 41, 408, 513, 1, 0, 19.35%, 0, 32, 17, 137.32, 3629358, 518, 0, 0
31358, 41, 466, 513, 1, 0, 19.35%, 0, 32, 17, 138.49, 3630084, 518, 0, 0
31363, 41, 101, 513, 1, 0, 19.35%, 0, 32, 17, 151.64, 3630848, 518, 0, 0
31368, 41, 507, 513, 1, 0, 19.35%, 0, 32, 17, 128.40, 3631488, 518, 0, 0
31373, 41, 507, 513, 1, 0, 19.35%, 0, 32, 17, 120.07, 3632082, 518, 0, 0
31378, 41, 44, 513, 1, 0, 19.35%, 0, 32, 17, 146.22, 3632851, 518, 0, 0
31383, 41, 30, 513, 1, 0, 19.35%, 0, 32, 17, 139.06, 3633579, 518, 0, 0
31388, 41, 294, 513, 1, 0, 19.35%, 0, 32, 17, 151.78, 3634394, 518, 0, 0
31393, 41, 97, 513, 1, 0, 19.35%, 0, 32, 17, 157.40, 3635188, 518, 0, 0
31398, 41, 480, 513, 1, 0, 19.35%, 0, 32, 17, 150.94, 3635949, 518, 0, 0
31403, 41, 412, 513, 1, 0, 19.35%, 0, 32, 17, 146.56, 3636702, 518, 0, 0
31409, 41, 377, 513, 1, 0, 19.35%, 0, 32, 17, 137.90, 3637412, 518, 0, 0
31414, 41, 368, 513, 1, 0, 19.35%, 0, 32, 17, 147.66, 3638156, 518, 0, 0
31419, 41, 495, 513, 1, 0, 19.35%, 0, 32, 17, 114.16, 3638761, 518, 0, 0
31424, 41, 484, 513, 1, 0, 19.35%, 0, 32, 17, 142.71, 3639477, 518, 0, 0
31429, 41, 224, 513, 1, 0, 19.35%, 0, 32, 17, 144.29, 3640235, 518, 0, 0
31434, 41, 478, 513, 1, 0, 19.35%, 0, 32, 17, 139.35, 3640969, 518, 0, 0
31440, 41, 422, 513, 1, 0, 19.35%, 0, 32, 17, 143.35, 3641720, 518, 0, 0
31445, 41, 495, 513, 1, 0, 19.35%, 0, 32, 17, 144.76, 3642497, 518, 0, 0
31450, 41, 367, 513, 1, 0, 19.35%, 0, 32, 17, 106.75, 3642963, 518, 0, 0
31455, 41, 337, 513, 1, 0, 19.35%, 0, 32, 17, 145.81, 3643731, 518, 0, 0
31460, 41, 429, 513, 1, 0, 19.35%, 0, 32, 17, 145.57, 3644492, 518, 0, 0
31465, 41, 50, 513, 1, 0, 19.35%, 0, 32, 17, 153.71, 3645307, 518, 0, 0
31470, 41, 510, 513, 1, 0, 19.35%, 0, 32, 17, 138.91, 3645986, 518, 0, 0
31476, 41, 510, 513, 1, 0, 19.35%, 0, 32, 17, 135.58, 3646680, 518, 0, 0
31481, 41, 512, 513, 1, 0, 19.35%, 0, 32, 17, 144.44, 3647432, 518, 0, 0
31486, 41, 512, 513, 1, 0, 19.35%, 0, 32, 17, 114.51, 3647976, 518, 0, 0
31491, 41, 512, 513, 1, 0, 19.35%, 0, 32, 17, 108.51, 3648526, 518, 0, 0
31496, 41, 512, 513, 1, 0, 19.35%, 0, 32, 17, 103.21, 3649122, 518, 0, 0
31501, 41, 512, 513, 1, 0, 19.35%, 0, 32, 17, 132.75, 3649842, 518, 0, 0
31507, 41, 512, 513, 1, 0, 19.35%, 0, 32, 17, 137.08, 3650556, 518, 0, 0
31512, 41, 182, 513, 0, 0, 19.35%, 0, 32, 17, 149.90, 3651323, 518, 0, 0
31517, 41, 369, 513, 0, 0, 19.35%, 0, 32, 17, 150.38, 3652068, 518, 0, 0
31522, 41, 259, 513, 0, 0, 19.35%, 0, 32, 17, 142.73, 3652765, 518, 0, 0
31527, 41, 69, 513, 0, 0, 19.35%, 0, 32, 17, 149.35, 3653533, 518, 0, 0
31532, 41, 495, 513, 0, 0, 19.35%, 0, 32, 17, 154.14, 3654330, 518, 0, 0
31537, 41, 392, 513, 0, 0, 19.35%, 0, 32, 17, 135.49, 3654961, 518, 0, 0
31542, 41, 200, 513, 0, 0, 19.35%, 0, 32, 17, 143.95, 3655701, 518, 0, 0
31547, 41, 45, 513, 0, 0, 19.35%, 0, 32, 17, 154.15, 3656475, 518, 0, 0
31552, 41, 468, 513, 0, 0, 19.35%, 0, 32, 17, 150.90, 3657248, 518, 0, 0
31557, 41, 444, 513, 0, 0, 19.35%, 0, 32, 17, 143.56, 3657984, 518, 0, 0
31563, 41, 422, 513, 0, 0, 19.35%, 0, 32, 17, 145.89, 3658724, 518, 0, 0
31568, 41, 480, 513, 0, 0, 19.35%, 0, 32, 17, 143.85, 3659445, 518, 0, 0
31573, 41, 46, 513, 0, 0, 19.35%, 0, 32, 17, 149.16, 3660227, 518, 0, 0
31578, 41, 477, 513, 0, 0, 19.35%, 0, 32, 17, 143.45, 3660955, 518, 0, 0
31583, 41, 480, 513, 0, 0, 19.35%, 0, 32, 17, 150.84, 3661729, 518, 0, 0
31588, 41, 224, 513, 0, 0, 19.35%, 0, 32, 17, 139.97, 3662395, 518, 0, 0
31593, 41, 44, 513, 0, 0, 19.35%, 0, 32, 17, 155.41, 3663184, 518, 0, 0
31598, 41, 486, 513, 0, 0, 19.35%, 0, 32, 17, 149.41, 3663903, 518, 0, 0
31603, 41, 495, 513, 0, 0, 19.35%, 0, 32, 17, 129.60, 3664611, 518, 0, 0
31608, 41, 392, 513, 0, 0, 19.35%, 0, 32, 17, 138.31, 3665273, 518, 0, 0
31613, 41, 69, 513, 0, 0, 19.35%, 0, 32, 17, 144.67, 3666026, 518, 0, 0
31618, 41, 422, 513, 0, 0, 19.35%, 0, 32, 17, 153.70, 3666820, 518, 0, 0
31623, 41, 429, 513, 0, 0, 19.35%, 0, 32, 17, 148.36, 3667553, 518, 0, 0
31629, 41, 486, 513, 0, 0, 19.35%, 0, 32, 17, 147.41, 3668324, 518, 0, 0
31634, 41, 422, 513, 0, 0, 19.35%, 0, 32, 17, 152.23, 3669108, 518, 0, 0
31639, 41, 469, 513, 0, 0, 19.35%, 0, 32, 17, 81.50, 3669508, 518, 0, 0
31644, 41, 384, 513, 0, 0, 19.35%, 0, 32, 17, 128.91, 3670203, 518, 0, 0
31649, 41, 367, 513, 0, 0, 19.35%, 0, 32, 17, 144.19, 3670920, 518, 0, 0
31654, 41, 337, 513, 0, 0, 19.35%, 0, 32, 17, 148.98, 3671688, 518, 0, 0
31660, 41, 50, 513, 0, 0, 19.35%, 0, 32, 17, 160.57, 3672538, 518, 0, 0
31665, 41, 497, 513, 0, 0, 19.35%, 0, 32, 17, 122.17, 3673158, 518, 0, 0
31670, 41, 264, 513, 0, 0, 19.35%, 0, 32, 17, 132.88, 3673792, 518, 0, 0
31675, 41, 285, 513, 0, 0, 19.35%, 0, 32, 17, 151.72, 3674597, 518, 0, 0
31680, 41, 468, 513, 0, 0, 19.35%, 0, 32, 17, 150.91, 3675371, 518, 0, 0
31685, 41, 80, 513, 0, 0, 19.35%, 0, 32, 17, 110.90, 3675899, 518, 0, 0
31690, 41, 468, 513, 0, 0, 19.35%, 0, 32, 17, 143.56, 3676694, 518, 0, 0
31695, 41, 495, 513, 0, 0, 19.35%, 0, 32, 17, 109.86, 3677254, 518, 0, 0
31700, 41, 284, 513, 0, 0, 19.35%, 0, 32, 17, 133.06, 3677902, 518, 0, 0
31706, 41, 3, 513, 0, 0, 19.35%, 0, 32, 17, 139.40, 3678642, 518, 0, 0
31711, 41, 466, 513, 0, 0, 19.35%, 0, 32, 17, 148.19, 3679439, 518, 0, 0
31716, 41, 480, 513, 0, 0, 19.35%, 0, 32, 17, 150.19, 3680232, 518, 0, 0
31721, 42, 510, 513, 0, 0, 19.35%, 0, 32, 17, 152.96, 3681051, 518, 0, 0
31726, 42, 510, 513, 0, 0, 19.35%, 0, 32, 17, 148.47, 3681813, 518, 0, 0
31732, 42, 80, 513, 0, 0, 19.35%, 0, 32, 17, 146.61, 3682565, 518, 0, 0
31737, 42, 367, 513, 0, 0, 19.35%, 0, 32, 17, 146.28, 3683304, 518, 0, 0
31742, 42, 429, 513, 0, 0, 19.35%, 0, 32, 17, 149.24, 3684087, 518, 0, 0
31747, 42, 29, 513, 0, 0, 19.35%, 0, 32, 17, 151.07, 3684875, 518, 0, 0
31752, 42, 378, 513, 0, 0, 19.35%, 0, 32, 17, 133.79, 3685583, 518, 0, 0
31757, 42, 475, 513, 0, 0, 19.35%, 0, 32, 17, 152.71, 3686384, 518, 0, 0
31762, 42, 185, 513, 0, 0, 19.35%, 0, 32, 17, 156.40, 3687170, 518, 0, 0
31768, 42, 285, 513, 0, 0, 19.35%, 0, 32, 17, 156.14, 3687964, 518, 0, 0
31773, 42, 429, 513, 0, 0, 19.35%, 0, 32, 17, 153.83, 3688763, 518, 0, 0
31778, 42, 392, 513, 0, 0, 19.35%, 0, 32, 17, 155.77, 3689569, 518, 0, 0
31783, 42, 5, 513, 0, 0, 19.35%, 0, 32, 17, 151.73, 3690317, 518, 0, 0
31788, 42, 77, 513, 0, 0, 19.35%, 0, 32, 17, 156.78, 3691138, 518, 0, 0
31793, 42, 193, 513, 0, 0, 19.35%, 0, 32, 17, 147.76, 3691886, 518, 0, 0
31798, 42, 30, 513, 0, 0, 19.35%, 0, 32, 17, 154.43, 3692682, 518, 0, 0
31804, 42, 67, 513, 0, 0, 19.35%, 0, 32, 17, 138.26, 3693351, 518, 0, 0
31809, 42, 509, 513, 0, 0, 19.35%, 0, 32, 17, 142.33, 3694114, 518, 0, 0
31814, 42, 509, 513, 0, 0, 19.35%, 0, 32, 17, 139.57, 3694838, 518, 0, 0
31819, 42, 468, 513, 0, 0, 19.35%, 0, 32, 17, 146.72, 3695604, 518, 0, 0
31824, 42, 342, 513, 0, 0, 19.35%, 0, 32, 17, 133.62, 3696295, 518, 0, 0
31830, 42, 260, 513, 0, 0, 19.35%, 0, 32, 17, 152.68, 3697115, 518, 0, 0
31835, 42, 466, 513, 0, 0, 19.35%, 0, 32, 17, 131.75, 3697745, 518, 0, 0
31840, 42, 468, 513, 0, 0, 19.35%, 0, 32, 17, 153.06, 3698577, 518, 0, 0
31845, 42, 194, 513, 0, 0, 19.35%, 0, 32, 17, 156.02, 3699375, 518, 0, 0
31850, 42, 510, 513, 0, 0, 19.35%, 0, 32, 17, 136.62, 3700061, 518, 0, 0
31855, 42, 510, 513, 0, 0, 19.35%, 0, 32, 17, 129.86, 3700723, 518, 0, 0
31860, 42, 89, 513, 0, 0, 19.35%, 0, 32, 17, 130.74, 3701385, 518, 0, 0
31865, 42, 197, 513, 0, 0, 19.35%, 0, 32, 17, 149.42, 3702173, 518, 0, 0
31871, 42, 343, 513, 0, 0, 19.35%, 0, 32, 17, 154.47, 3702973, 518, 0, 0
31876, 42, 156, 513, 0, 0, 19.35%, 0, 32, 17, 158.50, 3703775, 518, 0, 0
31881, 42, 238, 513, 0, 0, 19.35%, 0, 32, 17, 149.61, 3704529, 518, 0, 0
31886, 42, 480, 513, 0, 0, 19.35%, 0, 32, 17, 153.32, 3705335, 518, 0, 0
31891, 42, 491, 513, 0, 0, 19.35%, 0, 32, 17, 153.46, 3706133, 518, 0, 0
31896, 42, 185, 513, 0, 0, 19.35%, 0, 32, 17, 141.98, 3706805, 518, 0, 0
31901, 42, 5, 513, 0, 0, 19.35%, 0, 32, 17, 148.42, 3707568, 518, 0, 0
31907, 42, 418, 513, 0, 0, 19.35%, 0, 32, 17, 152.80, 3708350, 518, 0, 0
31912, 42, 80, 513, 0, 0, 19.35%, 0, 32, 17, 156.50, 3709163, 518, 0, 0
31917, 42, 182, 513, 0, 0, 19.35%, 0, 32, 17, 150.09, 3709933, 518, 0, 0
31922, 42, 510, 513, 0, 0, 19.35%, 0, 32, 17, 153.84, 3710709, 518, 0, 0
31927, 42, 510, 513, 0, 0, 19.35%, 0, 32, 17, 151.53, 3711474, 518, 0, 0
31932, 42, 49, 513, 0, 0, 19.35%, 0, 32, 17, 153.40, 3712241, 518, 0, 0
31937, 42, 360, 513, 0, 0, 19.35%, 0, 32, 17, 147.26, 3712979, 518, 0, 0
31942, 42, 14, 513, 0, 0, 19.35%, 0, 32, 17, 151.80, 3713759, 518, 0, 0
31947, 42, 318, 513, 0, 0, 19.35%, 0, 32, 17, 115.44, 3714284, 518, 0, 0
31952, 42, 429, 513, 0, 0, 19.35%, 0, 32, 17, 141.73, 3715060, 518, 0, 0
31958, 42, 301, 513, 0, 0, 19.35%, 0, 32, 17, 147.35, 3715838, 518, 0, 0
31963, 42, 466, 513, 0, 0, 19.35%, 0, 32, 17, 156.60, 3716633, 518, 0, 0
31968, 42, 462, 513, 0, 0, 19.35%, 0, 32, 17, 153.03, 3717428, 518, 0, 0
31973, 42, 416, 513, 0, 0, 19.35%, 0, 32, 17, 145.84, 3718128, 518, 0, 0
31978, 42, 193, 513, 0, 0, 19.35%, 0, 32, 17, 134.11, 3718774, 518, 0, 0
31983, 42, 506, 513, 0, 0, 19.35%, 0, 32, 17, 107.99, 3719338, 518, 0, 0
31988, 42, 506, 513, 0, 0, 19.35%, 0, 32, 17, 89.18, 3719773, 518, 0, 0
31993, 42, 197, 513, 0, 0, 19.35%, 0, 32, 17, 121.27, 3720380, 518, 0, 0
31998, 42, 488, 513, 0, 0, 19.35%, 0, 32, 17, 136.56, 3721130, 518, 0, 0
32003, 42, 380, 513, 0, 0, 19.35%, 0, 32, 17, 144.17, 3721884, 518, 0, 0
32009, 42, 422, 513, 0, 0, 19.35%, 0, 32, 17, 145.12, 3722620, 518, 0, 0
32014, 42, 379, 513, 0, 0, 19.35%, 0, 32, 17, 137.76, 3723358, 518, 0, 0
32019, 42, 495, 513, 0, 0, 19.35%, 0, 32, 17, 127.06, 3724014, 518, 0, 0
32024, 42, 384, 513, 0, 0, 19.35%, 0, 32, 17, 144.51, 3724775, 518, 0, 0
32029, 42, 343, 513, 0, 0, 19.35%, 0, 32, 17, 143.40, 3725521, 518, 0, 0
32035, 42, 480, 513, 0, 0, 19.35%, 0, 32, 17, 154.32, 3726331, 518, 0, 0
32040, 42, 257, 513, 0, 0, 19.35%, 0, 32, 17, 153.47, 3727117, 518, 0, 0
32045, 42, 480, 513, 0, 0, 19.35%, 0, 32, 17, 149.70, 3727874, 518, 0, 0
32050, 42, 49, 513, 0, 0, 19.35%, 0, 32, 17, 154.09, 3728643, 518, 0, 0
32055, 42, 498, 513, 0, 0, 19.35%, 0, 32, 17, 146.05, 3729354, 518, 0, 0
32060, 42, 495, 513, 0, 0, 19.35%, 0, 32, 17, 138.29, 3730072, 518, 0, 0
32065, 42, 473, 513, 0, 0, 19.35%, 0, 32, 17, 112.08, 3730565, 518, 0, 0
32070, 42, 360, 513, 0, 0, 19.35%, 0, 32, 17, 101.73, 3731003, 518, 0, 0
32075, 42, 93, 513, 0, 0, 19.35%, 0, 32, 17, 143.39, 3731784, 518, 0, 0
32081, 42, 196, 513, 0, 0, 19.35%, 0, 32, 17, 152.41, 3732602, 518, 0, 0
32086, 42, 24, 513, 0, 0, 19.35%, 0, 32, 17, 159.88, 3733441, 518, 0, 0
32091, 42, 495, 513, 0, 0, 19.35%, 0, 32, 17, 109.06, 3733967, 518, 0, 0
32096, 42, 447, 513, 0, 0, 19.35%, 0, 32, 17, 142.07, 3734699, 518, 0, 0
32101, 42, 384, 513, 0, 0, 19.35%, 0, 32, 17, 142.37, 3735462, 518, 0, 0
32106, 42, 495, 513, 0, 0, 19.35%, 0, 32, 17, 118.92, 3736078, 518, 0, 0
32111, 42, 495, 513, 0, 0, 19.35%, 0, 32, 17, 104.28, 3736574, 518, 0, 0
32116, 42, 446, 513, 0, 0, 19.35%, 0, 32, 17, 139.73, 3737297, 518, 0, 0
32121, 42, 507, 513, 0, 0, 19.35%, 0, 32, 17, 116.35, 3737852, 518, 0, 0
32127, 42, 507, 513, 0, 0, 19.35%, 0, 32, 17, 110.40, 3738410, 518, 0, 0
32132, 42, 495, 513, 0, 0, 19.35%, 0, 32, 17, 109.83, 3739004, 518, 0, 0
32137, 42, 429, 513, 0, 0, 19.35%, 0, 32, 17, 126.40, 3739618, 518, 0, 0
32142, 42, 384, 513, 0, 0, 19.35%, 0, 32, 17, 143.63, 3740368, 518, 0, 0
32147, 42, 495, 513, 0, 0, 19.35%, 0, 32, 17, 147.97, 3741124, 518, 0, 0
32152, 42, 392, 513, 0, 0, 19.35%, 0, 32, 17, 134.79, 3741748, 518, 0, 0
32157, 42, 454, 513, 0, 0, 19.35%, 0, 32, 17, 125.71, 3742436, 518, 0, 0
32162, 42, 495, 513, 0, 0, 19.35%, 0, 32, 17, 139.21, 3743177, 518, 0, 0
32168, 42, 185, 513, 0, 0, 19.35%, 0, 32, 17, 110.89, 3743659, 518, 0, 0
32173, 42, 441, 513, 0, 0, 19.35%, 0, 32, 17, 150.24, 3744487, 518, 0, 0
32178, 42, 422, 513, 0, 0, 19.35%, 0, 32, 17, 151.93, 3745267, 518, 0, 0
32183, 42, 422, 513, 0, 0, 19.35%, 0, 32, 17, 156.68, 3746043, 518, 0, 0
32188, 42, 510, 513, 0, 0, 19.35%, 0, 32, 17, 144.89, 3746770, 518, 0, 0
32193, 42, 510, 513, 0, 0, 19.35%, 0, 32, 17, 129.38, 3747420, 518, 0, 0
32198, 42, 510, 513, 0, 0, 19.35%, 0, 32, 17, 127.88, 3748062, 518, 0, 0
32203, 42, 25, 513, 0, 0, 19.35%, 0, 32, 17, 143.05, 3748811, 518, 0, 0
32208, 42, 480, 513, 0, 0, 19.35%, 0, 32, 17, 153.17, 3749630, 518, 0, 0
32214, 42, 495, 513, 0, 0, 19.35%, 0, 32, 17, 145.10, 3750354, 518, 0, 0
32219, 42, 69, 513, 0, 0, 19.35%, 0, 32, 17, 122.23, 3750890, 518, 0, 0
32224, 42, 486, 513, 0, 0, 19.35%, 0, 32, 17, 146.68, 3751689, 518, 0, 0
32229, 42, 443, 513, 0, 0, 19.35%, 0, 32, 17, 147.85, 3752435, 518, 0, 0
32234, 42, 495, 513, 0, 0, 19.35%, 0, 32, 17, 141.21, 3753183, 518, 0, 0
32239, 42, 193, 513, 0, 0, 19.35%, 0, 32, 17, 139.72, 3753846, 518, 0, 0
32244, 42, 393, 513, 0, 0, 19.35%, 0, 32, 17, 148.73, 3754631, 518, 0, 0
32249, 42, 476, 513, 0, 0, 19.35%, 0, 32, 17, 147.35, 3755396, 518, 0, 0
32255, 42, 14, 513, 0, 0, 19.35%, 0, 32, 17, 153.83, 3756177, 518, 0, 0
32260, 42, 506, 513, 0, 0, 19.35%, 0, 32, 17, 104.80, 3756671, 518, 0, 0
32265, 42, 506, 513, 0, 0, 19.35%, 0, 32, 17, 89.59, 3757114, 518, 0, 0
32270, 42, 468, 513, 0, 0, 19.35%, 0, 32, 17, 126.25, 3757789, 518, 0, 0
32275, 42, 429, 513, 0, 0, 19.35%, 0, 32, 17, 146.46, 3758574, 518, 0, 0
32280, 42, 337, 513, 0, 0, 19.35%, 0, 32, 17, 158.81, 3759401, 518, 0, 0
32285, 42, 14, 513, 0, 0, 19.35%, 0, 32, 17, 158.20, 3760225, 518, 0, 0
32291, 42, 170, 513, 0, 0, 19.35%, 0, 32, 17, 155.43, 3760989, 518, 0, 0
32296, 42, 224, 513, 0, 0, 19.35%, 0, 32, 17, 153.39, 3761781, 518, 0, 0
32301, 42, 417, 513, 0, 0, 19.35%, 0, 32, 17, 148.90, 3762562, 518, 0, 0
32306, 42, 509, 513, 0, 0, 19.35%, 0, 32, 17, 122.82, 3763150, 518, 0, 0
32311, 42, 509, 513, 0, 0, 19.35%, 0, 32, 17, 119.20, 3763764, 518, 0, 0
32316, 43, 486, 513, 0, 0, 19.35%, 0, 32, 17, 150.82, 3764561, 518, 0, 0
32321, 43, 195, 513, 0, 0, 19.35%, 0, 32, 17, 157.40, 3765385, 518, 0, 0
32326, 43, 272, 513, 0, 0, 19.35%, 0, 32, 17, 154.24, 3766154, 518, 0, 0
32332, 43, 26, 513, 0, 0, 19.35%, 0, 32, 17, 154.31, 3766917, 518, 0, 0
32337, 43, 480, 513, 0, 0, 19.35%, 0, 32, 17, 154.74, 3767708, 518, 0, 0
32342, 43, 392, 513, 0, 0, 19.35%, 0, 32, 17, 155.66, 3768512, 518, 0, 0
32347, 43, 193, 513, 0, 0, 19.35%, 0, 32, 17, 155.91, 3769306, 518, 0, 0
32352, 43, 384, 513, 0, 0, 19.35%, 0, 32, 17, 153.32, 3770116, 518, 0, 0
32357, 43, 480, 513, 0, 0, 19.35%, 0, 32, 17, 140.92, 3770819, 518, 0, 0
32362, 43, 495, 513, 0, 0, 19.35%, 0, 32, 17, 118.07, 3771443, 518, 0, 0
32367, 43, 422, 513, 0, 0, 19.35%, 0, 32, 17, 133.95, 3772109, 518, 0, 0
32373, 43, 422, 513, 0, 0, 19.35%, 0, 32, 17, 147.09, 3772886, 518, 0, 0
32378, 43, 429, 513, 0, 0, 19.35%, 0, 32, 17, 142.99, 3773599, 518, 0, 0
32383, 43, 429, 513, 0, 0, 19.35%, 0, 32, 17, 149.59, 3774374, 518, 0, 0
32388, 43, 114, 513, 0, 0, 19.35%, 0, 32, 17, 155.95, 3775190, 518, 0, 0
32393, 43, 376, 513, 0, 0, 19.35%, 0, 32, 17, 141.86, 3775929, 518, 0, 0
32398, 43, 239, 513, 0, 0, 19.35%, 0, 32, 17, 146.93, 3776663, 518, 0, 0
32403, 43, 478, 513, 0, 0, 19.35%, 0, 32, 17, 156.96, 3777485, 518, 0, 0
32409, 43, 168, 513, 0, 0, 19.35%, 0, 32, 17, 157.90, 3778306, 518, 0, 0
32414, 43, 36, 513, 0, 0, 19.35%, 0, 32, 17, 156.19, 3779109, 518, 0, 0
32419, 43, 495, 513, 0, 0, 19.35%, 0, 32, 17, 114.20, 3779699, 518, 0, 0
32424, 43, 376, 513, 0, 0, 19.35%, 0, 32, 17, 128.76, 3780347, 518, 0, 0
32429, 43, 422, 513, 0, 0, 19.35%, 0, 32, 17, 146.77, 3781144, 518, 0, 0
32434, 43, 392, 513, 0, 0, 19.35%, 0, 32, 17, 143.67, 3781888, 518, 0, 0
32440, 43, 495, 513, 0, 0, 19.35%, 0, 32, 17, 113.92, 3782479, 518, 0, 0
32445, 43, 392, 513, 0, 0, 19.35%, 0, 32, 17, 132.39, 3783151, 518, 0, 0
32450, 43, 479, 513, 0, 0, 19.35%, 0, 32, 17, 144.47, 3783907, 518, 0, 0
32455, 43, 495, 513, 0, 0, 19.35%, 0, 32, 17, 118.30, 3784525, 518, 0, 0
32460, 43, 194, 513, 0, 0, 19.35%, 0, 32, 17, 131.63, 3785133, 518, 0, 0
32465, 43, 507, 513, 0, 0, 19.35%, 0, 32, 17, 130.71, 3785793, 518, 0, 0
32470, 43, 507, 513, 0, 0, 19.35%, 0, 32, 17, 121.92, 3786413, 518, 0, 0
32475, 43, 353, 513, 0, 0, 19.35%, 0, 32, 17, 137.13, 3787098, 518, 0, 0
32480, 43, 117, 513, 0, 0, 19.35%, 0, 32, 17, 138.17, 3787786, 518, 0, 0
32486, 43, 191, 513, 0, 0, 19.35%, 0, 32, 17, 155.41, 3788598, 518, 0, 0
32491, 43, 486, 513, 0, 0, 19.35%, 0, 32, 17, 157.73, 3789402, 518, 0, 0
32496, 43, 437, 513, 0, 0, 19.35%, 0, 32, 17, 139.27, 3790058, 518, 0, 0
32501, 43, 480, 513, 0, 0, 19.35%, 0, 32, 17, 154.02, 3790863, 518, 0, 0
32506, 43, 362, 513, 0, 0, 19.35%, 0, 32, 17, 151.97, 3791638, 518, 0, 0
32511, 43, 486, 513, 0, 0, 19.35%, 0, 32, 17, 150.13, 3792355, 518, 0, 0
32516, 43, 429, 513, 0, 0, 19.35%, 0, 32, 17, 147.13, 3793116, 518, 0, 0
32521, 43, 69, 513, 0, 0, 19.35%, 0, 32, 17, 155.09, 3793924, 518, 0, 0
32527, 43, 495, 513, 0, 0, 19.35%, 0, 32, 17, 152.31, 3794721, 518, 0, 0
32532, 43, 232, 513, 0, 0, 19.35%, 0, 32, 17, 126.31, 3795271, 518, 0, 0
32537, 43, 410, 513, 0, 0, 19.35%, 0, 32, 17, 134.21, 3795989, 518, 0, 0
32542, 43, 115, 513, 0, 0, 19.35%, 0, 32, 17, 151.28, 3796786, 518, 0, 0
32547, 43, 82, 513, 0, 0, 19.35%, 0, 32, 17, 148.24, 3797537, 518, 0, 0
32552, 43, 168, 513, 0, 0, 19.35%, 0, 32, 17, 156.57, 3798336, 518, 0, 0
32557, 43, 495, 513, 0, 0, 19.35%, 0, 32, 17, 136.21, 3799009, 518, 0, 0
32562, 43, 239, 513, 0, 0, 19.35%, 0, 32, 17, 116.78, 3799523, 518, 0, 0
32567, 43, 364, 513, 0, 0, 19.35%, 0, 32, 17, 150.05, 3800334, 518, 0, 0
32572, 43, 392, 513, 0, 0, 19.35%, 0, 32, 17, 153.92, 3801127, 518, 0, 0
32578, 43, 156, 513, 0, 0, 19.35%, 0, 32, 17, 156.16, 3801921, 518, 0, 0
32583, 43, 196, 513, 0, 0, 19.35%, 0, 32, 17, 142.08, 3802649, 518, 0, 0
32588, 43, 502, 513, 0, 0, 19.35%, 0, 32, 17, 139.95, 3803401, 518, 0, 0
32593, 43, 149, 513, 0, 0, 19.35%, 0, 32, 17, 132.62, 3804011, 518, 0, 0
32598, 43, 107, 513, 0, 0, 19.35%, 0, 32, 17, 142.90, 3804745, 518, 0, 0
32604, 43, 114, 513, 0, 0, 19.35%, 0, 32, 17, 157.77, 3805575, 518, 0, 0
32609, 43, 3, 513, 0, 0, 19.35%, 0, 32, 17, 122.05, 3806160, 518, 0, 0
32614, 43, 480, 513, 0, 0, 19.35%, 0, 32, 17, 147.42, 3806951, 518, 0, 0
32619, 43, 497, 513, 0, 0, 19.35%, 0, 32, 17, 110.84, 3807507, 518, 0, 0
32624, 43, 486, 513, 0, 0, 19.35%, 0, 32, 17, 143.71, 3808278, 518, 0, 0
32629, 43, 49, 513, 0, 0, 19.35%, 0, 32, 17, 153.27, 3809071, 518, 0, 0
32634, 43, 502, 513, 0, 0, 19.35%, 0, 32, 17, 115.88, 3809674, 518, 0, 0
32639, 43, 368, 513, 0, 0, 19.35%, 0, 32, 17, 144.62, 3810401, 518, 0, 0
32644, 43, 429, 513, 0, 0, 19.35%, 0, 32, 17, 147.93, 3811169, 518, 0, 0
32649, 43, 45, 513, 0, 0, 19.35%, 0, 32, 17, 144.18, 3811871, 518, 0, 0
32655, 43, 397, 513, 0, 0, 19.35%, 0, 32, 17, 148.88, 3812643, 518, 0, 0
32660, 43, 428, 513, 0, 0, 19.35%, 0, 32, 17, 144.31, 3813374, 518, 0, 0
32665, 43, 447, 513, 0, 0, 19.35%, 0, 32, 17, 145.19, 3814087, 518, 0, 0
32670, 43, 30, 513, 0, 0, 19.35%, 0, 32, 17, 156.57, 3814903, 518, 0, 0
32675, 43, 392, 513, 0, 0, 19.35%, 0, 32, 17, 148.21, 3815632, 518, 0, 0
32680, 43, 468, 513, 0, 0, 19.35%, 0, 32, 17, 146.07, 3816394, 518, 0, 0
32685, 43, 495, 513, 0, 0, 19.35%, 0, 32, 17, 129.16, 3817091, 518, 0, 0
32690, 43, 182, 513, 0, 0, 19.35%, 0, 32, 17, 133.06, 3817730, 518, 0, 0
32696, 43, 422, 513, 0, 0, 19.35%, 0, 32, 17, 151.87, 3818541, 518, 0, 0
32701, 43, 468, 513, 0, 0, 19.35%, 0, 32, 17, 151.01, 3819308, 518, 0, 0
32706, 43, 350, 513, 0, 0, 19.35%, 0, 32, 17, 154.47, 3820101, 518, 0, 0
32711, 43, 428, 513, 0, 0, 19.35%, 0, 32, 17, 150.58, 3820902, 518, 0, 0
32716, 43, 466, 513, 0, 0, 19.35%, 0, 32, 17, 148.06, 3821619, 518, 0, 0
32721, 43, 168, 513, 0, 0, 19.35%, 0, 32, 17, 157.76, 3822422, 518, 0, 0
32726, 43, 273, 513, 0, 0, 19.35%, 0, 32, 17, 151.58, 3823181, 518, 0, 0
32732, 43, 382, 513, 0, 0, 19.35%, 0, 32, 17, 141.28, 3823934, 518, 0, 0
32737, 43, 343, 513, 0, 0, 19.35%, 0, 32, 17, 151.73, 3824708, 518, 0, 0
32742, 43, 285, 513, 0, 0, 19.35%, 0, 32, 17, 160.34, 3825550, 518, 0, 0
32747, 43, 496, 513, 0, 0, 19.35%, 0, 32, 17, 109.66, 3826062, 518, 0, 0
32752, 43, 224, 513, 0, 0, 19.35%, 0, 32, 17, 142.69, 3826838, 518, 0, 0
32757, 43, 36, 513, 0, 0, 19.35%, 0, 32, 17, 150.67, 3827624, 518, 0, 0
32762, 43, 480, 513, 0, 0, 19.35%, 0, 32, 17, 153.45, 3828441, 518, 0, 0
32768, 43, 391, 513, 0, 0, 19.35%, 0, 32, 17, 143.97, 3829203, 518, 0, 0
32773, 43, 197, 513, 0, 0, 19.35%, 0, 32, 17, 155.07, 3829986, 518, 0, 0
32778, 43, 488, 513, 0, 0, 19.35%, 0, 32, 17, 148.52, 3830748, 518, 0, 0
32783, 43, 468, 513, 0, 0, 19.35%, 0, 32, 17, 148.60, 3831524, 518, 0, 0
32788, 43, 504, 513, 0, 0, 19.35%, 0, 32, 17, 149.60, 3832296, 518, 0, 0
32793, 43, 216, 513, 0, 0, 19.35%, 0, 32, 17, 154.35, 3833086, 518, 0, 0
32799, 43, 168, 513, 0, 0, 19.35%, 0, 32, 17, 150.02, 3833831, 518, 0, 0
32804, 43, 272, 513, 0, 0, 19.35%, 0, 32, 17, 159.04, 3834667, 518, 0, 0
32809, 43, 50, 513, 0, 0, 19.35%, 0, 32, 17, 154.74, 3835428, 518, 0, 0
32814, 43, 343, 513, 0, 0, 19.35%, 0, 32, 17, 147.82, 3836151, 518, 0, 0
32819, 43, 97, 513, 0, 0, 19.35%, 0, 32, 17, 149.06, 3836893, 518, 0, 0
32824, 43, 72, 513, 0, 0, 19.35%, 0, 32, 17, 150.70, 3837664, 518, 0, 0
32829, 43, 486, 513, 0, 0, 19.35%, 0, 32, 17, 156.56, 3838471, 518, 0, 0
32834, 43, 499, 513, 0, 0, 19.35%, 0, 32, 17, 117.58, 3839094, 518, 0, 0
32839, 43, 115, 513, 0, 0, 19.35%, 0, 32, 17, 129.34, 3839707, 518, 0, 0
32845, 43, 429, 513, 0, 0, 19.35%, 0, 32, 17, 146.28, 3840487, 518, 0, 0
32850, 44, 114, 513, 0, 0, 19.35%, 0, 32, 17, 143.17, 3841229, 518, 0, 0
32855, 44, 422, 513, 0, 0, 19.35%, 0, 32, 17, 137.76, 3841932, 518, 0, 0
32860, 44, 429, 513, 0, 0, 19.35%, 0, 32, 17, 147.14, 3842711, 518, 0, 0
32865, 44, 202, 513, 0, 0, 19.35%, 0, 32, 17, 155.62, 3843509, 518, 0, 0
32870, 44, 468, 513, 0, 0, 19.35%, 0, 32, 17, 149.50, 3844252, 518, 0, 0
32875, 44, 368, 513, 0, 0, 19.35%, 0, 32, 17, 150.15, 3845029, 518, 0, 0
32880, 44, 168, 513, 0, 0, 19.35%, 0, 32, 17, 147.80, 3845780, 518, 0, 0
32886, 44, 429, 513, 0, 0, 19.35%, 0, 32, 17, 152.43, 3846571, 518, 0, 0
32891, 44, 486, 513, 0, 0, 19.35%, 0, 32, 17, 148.03, 3847315, 518, 0, 0
32896, 44, 392, 513, 0, 0, 19.35%, 0, 32, 17, 147.30, 3848095, 518, 0, 0
32901, 44, 495, 513, 0, 0, 19.35%, 0, 32, 17, 125.09, 3848746, 518, 0, 0
32906, 44, 343, 513, 0, 0, 19.35%, 0, 32, 17, 130.86, 3849384, 518, 0, 0
32911, 44, 107, 513, 0, 0, 19.35%, 0, 32, 17, 141.67, 3850119, 518, 0, 0
32916, 44, 443, 513, 0, 0, 19.35%, 0, 32, 17, 141.82, 3850888, 518, 0, 0
32922, 44, 240, 513, 0, 0, 19.35%, 0, 32, 17, 154.81, 3851669, 518, 0, 0
32927, 44, 441, 513, 0, 0, 19.35%, 0, 32, 17, 158.00, 3852461, 518, 0, 0
32932, 44, 392, 513, 0, 0, 19.35%, 0, 32, 17, 142.19, 3853165, 518, 0, 0
32937, 44, 48, 513, 0, 0, 19.35%, 0, 32, 17, 151.70, 3853941, 518, 0, 0
32942, 44, 337, 513, 0, 0, 19.35%, 0, 32, 17, 147.77, 3854670, 518, 0, 0
32947, 44, 194, 513, 0, 0, 19.35%, 0, 32, 17, 142.97, 3855389, 518, 0, 0
32952, 44, 422, 513, 0, 0, 19.35%, 0, 32, 17, 150.73, 3856195, 518, 0, 0
32958, 44, 466, 513, 0, 0, 19.35%, 0, 32, 17, 154.11, 3856989, 518, 0, 0
32963, 44, 392, 513, 0, 0, 19.35%, 0, 32, 17, 141.06, 3857661, 518, 0, 0
32968, 44, 495, 513, 0, 0, 19.35%, 0, 32, 17, 130.47, 3858333, 518, 0, 0
32973, 44, 201, 513, 0, 0, 19.35%, 0, 32, 17, 134.65, 3858990, 518, 0, 0
32978, 44, 479, 513, 0, 0, 19.35%, 0, 32, 17, 113.94, 3859532, 518, 0, 0
32983, 44, 67, 513, 0, 0, 19.35%, 0, 32, 17, 143.30, 3860319, 518, 0, 0
32988, 44, 478, 513, 0, 0, 19.35%, 0, 32, 17, 147.79, 3861093, 518, 0, 0
32993, 44, 367, 513, 0, 0, 19.35%, 0, 32, 17, 157.41, 3861910, 518, 0, 0
32999, 44, 495, 513, 0, 0, 19.35%, 0, 32, 17, 146.80, 3862664, 518, 0, 0
33004, 44, 153, 513, 0, 0, 19.35%, 0, 32, 17, 114.30, 3863155, 518, 0, 0
33009, 44, 447, 513, 0, 0, 19.35%, 0, 32, 17, 141.01, 3863926, 518, 0, 0
33014, 44, 422, 513, 0, 0, 19.35%, 0, 32, 17, 147.22, 3864712, 518, 0, 0
33019, 44, 24, 513, 0, 0, 19.35%, 0, 32, 17, 151.25, 3865467, 518, 0, 0
33024, 44, 429, 513, 0, 0, 19.35%, 0, 32, 17, 147.65, 3866216, 518, 0, 0
33029, 44, 216, 513, 0, 0, 19.35%, 0, 32, 17, 153.07, 3866988, 518, 0, 0
33034, 44, 72, 513, 0, 0, 19.35%, 0, 32, 17, 157.81, 3867816, 518, 0, 0
33039, 44, 72, 513, 0, 0, 19.35%, 0, 32, 17, 153.59, 3868573, 518, 0, 0
33044, 44, 495, 513, 0, 0, 19.35%, 0, 32, 17, 111.86, 3869112, 518, 0, 0
33049, 44, 158, 513, 0, 0, 19.35%, 0, 32, 17, 83.47, 3869566, 518, 0, 0
33054, 44, 382, 513, 0, 0, 19.35%, 0, 32, 17, 132.85, 3870328, 518, 0, 0
33060, 44, 195, 513, 0, 0, 19.35%, 0, 32, 17, 150.76, 3871093, 518, 0, 0
33065, 44, 156, 513, 0, 0, 19.35%, 0, 32, 17, 147.70, 3871846, 518, 0, 0
33070, 44, 194, 513, 0, 0, 19.35%, 0, 32, 17, 148.71, 3872610, 518, 0, 0
33075, 44, 468, 513, 0, 0, 19.35%, 0, 32, 17, 147.12, 3873379, 518, 0, 0
33080, 44, 285, 513, 0, 0, 19.35%, 0, 32, 17, 153.34, 3874184, 518, 0, 0
33085, 44, 266, 513, 0, 0, 19.35%, 0, 32, 17, 158.91, 3874984, 518, 0, 0
33090, 44, 392, 513, 0, 0, 19.35%, 0, 32, 17, 152.29, 3875766, 518, 0, 0
33096, 44, 158, 513, 0, 0, 19.35%, 0, 32, 17, 154.27, 3876556, 518, 0, 0
33101, 44, 422, 513, 0, 0, 19.35%, 0, 32, 17, 154.24, 3877374, 518, 0, 0
33106, 44, 185, 513, 0, 0, 19.35%, 0, 32, 17, 156.13, 3878152, 518, 0, 0
33111, 44, 377, 513, 0, 0, 19.35%, 0, 32, 17, 113.81, 3878673, 518, 0, 0
33116, 44, 69, 513, 0, 0, 19.35%, 0, 32, 17, 145.08, 3879433, 518, 0, 0
33121, 44, 495, 513, 0, 0, 19.35%, 0, 32, 17, 108.91, 3879999, 518, 0, 0
33126, 44, 367, 513, 0, 0, 19.35%, 0, 32, 17, 131.25, 3880689, 518, 0, 0
33131, 44, 495, 513, 0, 0, 19.35%, 0, 32, 17, 145.53, 3881460, 518, 0, 0
33137, 44, 511, 513, 0, 0, 19.35%, 0, 32, 17, 128.03, 3882058, 518, 0, 0
33142, 44, 511, 513, 0, 0, 19.35%, 0, 32, 17, 135.68, 3882764, 518, 0, 0
33147, 44, 511, 513, 0, 0, 19.35%, 0, 32, 17, 136.50, 3883472, 518, 0, 0
33152, 44, 495, 513, 0, 0, 19.35%, 0, 32, 17, 108.11, 3884036, 518, 0, 0
33157, 44, 384, 513, 0, 0, 19.35%, 0, 32, 17, 127.81, 3884666, 518, 0, 0
33162, 44, 64, 513, 0, 0, 19.35%, 0, 32, 17, 145.85, 3885401, 518, 0, 0
33167, 44, 360, 513, 0, 0, 19.35%, 0, 32, 17, 151.63, 3886173, 518, 0, 0
33172, 44, 480, 513, 0, 0, 19.35%, 0, 32, 17, 146.99, 3886912, 518, 0, 0
33177, 44, 40, 513, 0, 0, 19.35%, 0, 32, 17, 157.40, 3887723, 518, 0, 0
33182, 44, 360, 513, 0, 0, 19.35%, 0, 32, 17, 160.28, 3888527, 518, 0, 0
33188, 44, 429, 513, 0, 0, 19.35%, 0, 32, 17, 149.96, 3889303, 518, 0, 0
33193, 44, 429, 513, 0, 0, 19.35%, 0, 32, 17, 145.79, 3890020, 518, 0, 0
33198, 44, 379, 513, 0, 0, 19.35%, 0, 32, 17, 150.01, 3890808, 518, 0, 0
33203, 44, 468, 513, 0, 0, 19.35%, 0, 32, 17, 151.50, 3891554, 518, 0, 0
33208, 44, 479, 513, 0, 0, 19.35%, 0, 32, 17, 150.41, 3892334, 518, 0, 0
33213, 44, 114, 513, 0, 0, 19.35%, 0, 32, 17, 153.56, 3893079, 518, 0, 0
33218, 44, 50, 513, 0, 0, 19.35%, 0, 32, 17, 158.45, 3893903, 518, 0, 0
33223, 44, 495, 513, 0, 0, 19.35%, 0, 32, 17, 128.35, 3894595, 518, 0, 0
33229, 44, 429, 513, 0, 0, 19.35%, 0, 32, 17, 128.66, 3895219, 518, 0, 0
33234, 44, 48, 513, 0, 0, 19.35%, 0, 32, 17, 153.26, 3896018, 518, 0, 0
33239, 44, 429, 513, 0, 0, 19.35%, 0, 32, 17, 142.64, 3896722, 518, 0, 0
33244, 44, 384, 513, 0, 0, 19.35%, 0, 32, 17, 148.06, 3897482, 518, 0, 0
33249, 44, 510, 513, 0, 0, 19.35%, 0, 32, 17, 151.89, 3898266, 518, 0, 0
33254, 44, 510, 513, 0, 0, 19.35%, 0, 32, 17, 153.46, 3899043, 518, 0, 0
33259, 44, 202, 513, 0, 0, 19.35%, 0, 32, 17, 151.47, 3899836, 518, 0, 0
33264, 44, 412, 513, 0, 0, 19.35%, 0, 32, 17, 152.64, 3900608, 518, 0, 0
33269, 44, 392, 513, 0, 0, 19.35%, 0, 32, 17, 143.30, 3901299, 518, 0, 0
33275, 44, 495, 513, 0, 0, 19.35%, 0, 32, 17, 125.77, 3901971, 518, 0, 0
33280, 44, 115, 513, 0, 0, 19.35%, 0, 32, 17, 137.52, 3902639, 518, 0, 0
33285, 44, 495, 513, 0, 0, 19.35%, 0, 32, 17, 96.96, 3903095, 518, 0, 0
33290, 44, 480, 513, 0, 0, 19.35%, 0, 32, 17, 144.61, 3903918, 518, 0, 0
33295, 44, 488, 513, 0, 0, 19.35%, 0, 32, 17, 152.25, 3904698, 518, 0, 0
33300, 44, 382, 513, 0, 0, 19.35%, 0, 32, 17, 151.82, 3905501, 518, 0, 0
33305, 44, 486, 513, 0, 0, 19.35%, 0, 32, 17, 150.49, 3906252, 518, 0, 0
33311, 44, 510, 513, 0, 0, 19.35%, 0, 32, 17, 149.52, 3907030, 518, 0, 0
33316, 44, 510, 513, 0, 0, 19.35%, 0, 32, 17, 131.71, 3907698, 518, 0, 0
33321, 44, 510, 513, 0, 0, 19.35%, 0, 32, 17, 146.42, 3908471, 518, 0, 0
33326, 44, 388, 513, 0, 0, 19.35%, 0, 32, 17, 145.61, 3909226, 518, 0, 0
33331, 44, 224, 513, 0, 0, 19.35%, 0, 32, 17, 154.28, 3910021, 518, 0, 0
33336, 44, 392, 513, 0, 0, 19.35%, 0, 32, 17, 143.87, 3910730, 518, 0, 0
33341, 44, 480, 513, 0, 0, 19.35%, 0, 32, 17, 137.47, 3911401, 518, 0, 0
33346, 44, 417, 513, 0, 0, 19.35%, 0, 32, 17, 147.32, 3912169, 518, 0, 0
33351, 44, 422, 513, 0, 0, 19.35%, 0, 32, 17, 146.35, 3912932, 518, 0, 0
33357, 44, 104, 513, 0, 0, 19.35%, 0, 32, 17, 154.00, 3913726, 518, 0, 0
33362, 44, 376, 513, 0, 0, 19.35%, 0, 32, 17, 136.09, 3914427, 518, 0, 0
33367, 44, 29, 513, 0, 0, 19.35%, 0, 32, 17, 150.47, 3915202, 518, 0, 0
33372, 44, 392, 513, 0, 0, 19.35%, 0, 32, 17, 152.75, 3916011, 518, 0, 0
33377, 44, 392, 513, 0, 0, 19.35%, 0, 32, 17, 145.38, 3916764, 518, 0, 0
33382, 44, 368, 513, 0, 0, 19.35%, 0, 32, 17, 140.24, 3917468, 518, 0, 0
33387, 44, 115, 513, 0, 0, 19.35%, 0, 32, 17, 149.85, 3918256, 518, 0, 0
33393, 44, 422, 513, 0, 0, 19.35%, 0, 32, 17, 141.85, 3918996, 518, 0, 0
33398, 45, 416, 513, 0, 0, 19.35%, 0, 32, 17, 145.56, 3919750, 518, 0, 0
33403, 45, 422, 513, 0, 0, 19.35%, 0, 32, 17, 144.29, 3920494, 518, 0, 0
33408, 45, 422, 513, 0, 0, 19.35%, 0, 32, 17, 153.99, 3921290, 518, 0, 0
33413, 45, 199, 513, 0, 0, 19.35%, 0, 32, 17, 140.63, 3921992, 518, 0, 0
33418, 45, 413, 513, 0, 0, 19.35%, 0, 32, 17, 151.64, 3922804, 518, 0, 0
33423, 45, 281, 513, 0, 0, 19.35%, 0, 32, 17, 154.13, 3923606, 518, 0, 0
33428, 45, 397, 513, 0, 0, 19.35%, 0, 32, 17, 149.66, 3924345, 518, 0, 0
33434, 45, 468, 513, 0, 0, 19.35%, 0, 32, 17, 149.35, 3925115, 518, 0, 0
33439, 45, 422, 513, 0, 0, 19.35%, 0, 32, 17, 145.54, 3925840, 518, 0, 0
33444, 45, 491, 513, 0, 0, 19.35%, 0, 32, 17, 148.99, 3926603, 518, 0, 0
33449, 45, 479, 513, 0, 0, 19.35%, 0, 32, 17, 157.48, 3927413, 518, 0, 0
33454, 45, 398, 513, 0, 0, 19.35%, 0, 32, 17, 153.28, 3928181, 518, 0, 0
33459, 45, 343, 513, 0, 0, 19.35%, 0, 32, 17, 151.26, 3928932, 518, 0, 0
33464, 45, 406, 513, 0, 0, 19.35%, 0, 32, 17, 149.13, 3929698, 518, 0, 0
33469, 45, 185, 513, 0, 0, 19.35%, 0, 32, 17, 151.77, 3930436, 518, 0, 0
33474, 45, 2, 513, 0, 0, 19.35%, 0, 32, 17, 158.32, 3931239, 518, 0, 0
33479, 45, 80, 513, 0, 0, 19.35%, 0, 32, 17, 154.66, 3932034, 518, 0, 0
33484, 45, 207, 513, 0, 0, 19.35%, 0, 32, 17, 152.85, 3932806, 518, 0, 0
33489, 45, 422, 513, 0, 0, 19.35%, 0, 32, 17, 153.09, 3933583, 518, 0, 0
33495, 45, 468, 513, 0, 0, 19.35%, 0, 32, 17, 150.53, 3934353, 518, 0, 0
33500, 45, 159, 513, 0, 0, 19.35%, 0, 32, 17, 155.63, 3935128, 518, 0, 0
33505, 45, 154, 513, 0, 0, 19.35%, 0, 32, 17, 155.51, 3935913, 518, 0, 0
33510, 45, 221, 513, 0, 0, 19.35%, 0, 32, 17, 148.72, 3936680, 518, 0, 0
33515, 45, 158, 513, 0, 0, 19.35%, 0, 32, 17, 146.83, 3937446, 518, 0, 0
33520, 45, 198, 513, 0, 0, 19.35%, 0, 32, 17, 151.20, 3938229, 518, 0, 0
33525, 45, 441, 513, 0, 0, 19.35%, 0, 32, 17, 142.74, 3938964, 518, 0, 0
33530, 45, 285, 513, 0, 0, 19.35%, 0, 32, 17, 140.66, 3939704, 518, 0, 0
33536, 45, 468, 513, 0, 0, 19.35%, 0, 32, 17, 154.33, 3940526, 518, 0, 0
33541, 45, 392, 513, 0, 0, 19.35%, 0, 32, 17, 147.34, 3941264, 518, 0, 0
33546, 45, 93, 513, 0, 0, 19.35%, 0, 32, 17, 157.28, 3942081, 518, 0, 0
33551, 45, 182, 513, 0, 0, 19.35%, 0, 32, 17, 150.61, 3942828, 518, 0, 0
33556, 45, 159, 513, 0, 0, 19.35%, 0, 32, 17, 149.47, 3943568, 518, 0, 0
33561, 45, 341, 513, 0, 0, 19.35%, 0, 32, 17, 142.21, 3944258, 518, 0, 0
33566, 45, 495, 513, 0, 0, 19.35%, 0, 32, 17, 138.46, 3945003, 518, 0, 0
33571, 45, 77, 513, 0, 0, 19.35%, 0, 32, 17, 128.59, 3945599, 518, 0, 0
33576, 45, 384, 513, 0, 0, 19.35%, 0, 32, 17, 137.03, 3946323, 518, 0, 0
33582, 45, 352, 513, 0, 0, 19.35%, 0, 32, 17, 146.64, 3947094, 518, 0, 0
33587, 45, 97, 513, 0, 0, 19.35%, 0, 32, 17, 153.63, 3947880, 518, 0, 0
33592, 45, 480, 513, 0, 0, 19.35%, 0, 32, 17, 147.54, 3948656, 518, 0, 0
33597, 45, 80, 513, 0, 0, 19.35%, 0, 32, 17, 152.58, 3949426, 518, 0, 0
33602, 45, 180, 513, 0, 0, 19.35%, 0, 32, 17, 133.99, 3950067, 518, 0, 0
33607, 45, 28, 513, 0, 0, 19.35%, 0, 32, 17, 155.70, 3950888, 518, 0, 0
33612, 45, 87, 513, 0, 0, 19.35%, 0, 32, 17, 108.76, 3951353, 518, 0, 0
33617, 45, 510, 513, 0, 0, 19.35%, 0, 32, 17, 143.03, 3952141, 518, 0, 0
33623, 45, 510, 513, 0, 0, 19.35%, 0, 32, 17, 144.34, 3952881, 518, 0, 0
33628, 45, 510, 513, 0, 0, 19.35%, 0, 32, 17, 145.46, 3953631, 518, 0, 0
33633, 45, 40, 513, 0, 0, 19.35%, 0, 32, 17, 157.06, 3954458, 518, 0, 0
33638, 45, 422, 513, 0, 0, 19.35%, 0, 32, 17, 148.47, 3955198, 518, 0, 0
33643, 45, 486, 513, 0, 0, 19.35%, 0, 32, 17, 151.33, 3955999, 518, 0, 0
33648, 45, 479, 513, 0, 0, 19.35%, 0, 32, 17, 158.69, 3956836, 518, 0, 0
33653, 45, 495, 513, 0, 0, 19.35%, 0, 32, 17, 109.32, 3957342, 518, 0, 0
33658, 45, 114, 513, 0, 0, 19.35%, 0, 32, 17, 134.82, 3958028, 518, 0, 0
33663, 45, 495, 513, 0, 0, 19.35%, 0, 32, 17, 120.49, 3958663, 518, 0, 0
33668, 45, 269, 513, 0, 0, 19.35%, 0, 32, 17, 145.09, 3959369, 518, 0, 0
33674, 45, 422, 513, 0, 0, 19.35%, 0, 32, 17, 138.60, 3960079, 518, 0, 0
33679, 45, 435, 513, 0, 0, 19.35%, 0, 32, 17, 121.49, 3960712, 518, 0, 0
33684, 45, 153, 513, 0, 0, 19.35%, 0, 32, 17, 146.88, 3961470, 518, 0, 0
33689, 45, 93, 513, 0, 0, 19.35%, 0, 32, 17, 151.48, 3962229, 518, 0, 0
33694, 45, 479, 513, 0, 0, 19.35%, 0, 32, 17, 120.45, 3962852, 518, 0, 0
33699, 45, 480, 513, 0, 0, 19.35%, 0, 32, 17, 139.31, 3963581, 518, 0, 0
33704, 45, 495, 513, 0, 0, 19.35%, 0, 32, 17, 137.39, 3964342, 518, 0, 0
33709, 45, 410, 513, 0, 0, 19.35%, 0, 32, 17, 111.87, 3964838, 518, 0, 0
33714, 45, 30, 513, 0, 0, 19.35%, 0, 32, 17, 141.43, 3965584, 518, 0, 0
33720, 45, 159, 513, 0, 0, 19.35%, 0, 32, 17, 146.31, 3966340, 518, 0, 0
33725, 45, 472, 513, 0, 0, 19.35%, 0, 32, 17, 117.81, 3966956, 518, 0, 0
33730, 45, 371, 513, 0, 0, 19.35%, 0, 32, 17, 114.03, 3967446, 518, 0, 0
33735, 45, 392, 513, 0, 0, 19.35%, 0, 32, 17, 137.06, 3968189, 518, 0, 0
33740, 45, 170, 513, 0, 0, 19.35%, 0, 32, 17, 149.57, 3968930, 518, 0, 0
33745, 45, 429, 513, 0, 0, 19.35%, 0, 32, 17, 151.77, 3969713, 518, 0, 0
33750, 45, 392, 513, 0, 0, 19.35%, 0, 32, 17, 154.25, 3970518, 518, 0, 0
33755, 45, 234, 513, 0, 0, 19.35%, 0, 32, 17, 151.48, 3971263, 518, 0, 0
33760, 45, 72, 513, 0, 0, 19.35%, 0, 32, 17, 149.42, 3972032, 518, 0, 0
33765, 45, 168, 513, 0, 0, 19.35%, 0, 32, 17, 157.88, 3972830, 518, 0, 0
33771, 45, 283, 513, 0, 0, 19.35%, 0, 32, 17, 146.40, 3973572, 518, 0, 0
33776, 45, 357, 513, 0, 0, 19.35%, 0, 32, 17, 152.38, 3974333, 518, 0, 0
33781, 45, 495, 513, 0, 0, 19.35%, 0, 32, 17, 133.68, 3975061, 518, 0, 0
33786, 45, 471, 513, 0, 0, 19.35%, 0, 32, 17, 80.18, 3975443, 518, 0, 0
33791, 45, 422, 513, 0, 0, 19.35%, 0, 32, 17, 121.14, 3976015, 518, 0, 0
33796, 45, 468, 513, 0, 0, 19.35%, 0, 32, 17, 136.62, 3976725, 518, 0, 0
33801, 45, 429, 513, 0, 0, 19.35%, 0, 32, 17, 118.69, 3977409, 518, 0, 0
33806, 45, 480, 513, 0, 0, 19.35%, 0, 32, 17, 135.43, 3978139, 518, 0, 0
33811, 45, 304, 513, 0, 0, 19.35%, 0, 32, 17, 135.38, 3978802, 518, 0, 0
33816, 45, 26, 513, 0, 0, 19.35%, 0, 32, 17, 150.56, 3979550, 518, 0, 0
33821, 45, 366, 513, 0, 0, 19.35%, 0, 32, 17, 150.46, 3980309, 518, 0, 0
33827, 45, 429, 513, 0, 0, 19.35%, 0, 32, 17, 150.11, 3981097, 518, 0, 0
33832, 45, 188, 513, 0, 0, 19.35%, 0, 32, 17, 151.79, 3981860, 518, 0, 0
33837, 45, 480, 513, 0, 0, 19.35%, 0, 32, 17, 136.25, 3982538, 518, 0, 0
33842, 45, 45, 513, 0, 0, 19.35%, 0, 32, 17, 129.85, 3983157, 518, 0, 0
33847, 45, 486, 513, 0, 0, 19.35%, 0, 32, 17, 148.66, 3983935, 518, 0, 0
33852, 45, 72, 513, 0, 0, 19.35%, 0, 32, 17, 152.78, 3984743, 518, 0, 0
33857, 45, 107, 513, 0, 0, 19.35%, 0, 32, 17, 149.09, 3985493, 518, 0, 0
33863, 45, 429, 513, 0, 0, 19.35%, 0, 32, 17, 146.33, 3986258, 518, 0, 0
33868, 45, 238, 513, 0, 0, 19.35%, 0, 32, 17, 149.22, 3987018, 518, 0, 0
33873, 45, 472, 513, 0, 0, 19.35%, 0, 32, 17, 111.25, 3987601, 518, 0, 0
33878, 45, 384, 513, 0, 0, 19.35%, 0, 32, 17, 104.96, 3988186, 518, 0, 0
33883, 45, 422, 513, 0, 0, 19.35%, 0, 32, 17, 125.78, 3988846, 518, 0, 0
33888, 45, 495, 513, 0, 0, 19.35%, 0, 32, 17, 106.47, 3989402, 518, 0, 0
33893, 45, 245, 513, 0, 0, 19.35%, 0, 32, 17, 132.12, 3990050, 518, 0, 0
33898, 45, 69, 513, 0, 0, 19.35%, 0, 32, 17, 153.65, 3990852, 518, 0, 0
33903, 45, 495, 513, 0, 0, 19.35%, 0, 32, 17, 112.56, 3991428, 518, 0, 0
33908, 45, 480, 513, 0, 0, 19.35%, 0, 32, 17, 134.67, 3992106, 518, 0, 0
33914, 45, 158, 513, 0, 0, 19.35%, 0, 32, 17, 109.59, 3992602, 518, 0, 0
33919, 45, 499, 513, 0, 0, 19.35%, 0, 32, 17, 129.54, 3993356, 518, 0, 0
33924, 45, 441, 513, 0, 0, 19.35%, 0, 32, 17, 122.02, 3993938, 518, 0, 0
33929, 45, 392, 513, 0, 0, 19.35%, 0, 32, 17, 146.32, 3994733, 518, 0, 0
33934, 45, 479, 513, 0, 0, 19.35%, 0, 32, 17, 144.97, 3995487, 518, 0, 0
33939, 45, 29, 513, 0, 0, 19.35%, 0, 32, 17, 146.37, 3996236, 518, 0, 0
33944, 46, 199, 513, 0, 0, 19.35%, 0, 32, 17, 142.14, 3996991, 518, 0, 0
33950, 46, 350, 513, 0, 0, 19.35%, 0, 32, 17, 144.93, 3997648, 518, 0, 0
33955, 46, 508, 513, 0, 0, 19.35%, 0, 32, 17, 116.94, 3998258, 518, 0, 0
33960, 46, 508, 513, 0, 0, 19.35%, 0, 32, 17, 102.94, 3998776, 518, 0, 0
33965, 46, 80, 513, 0, 0, 19.35%, 0, 32, 17, 140.67, 3999543, 518, 0, 0
33970, 46, 360, 513, 0, 0, 19.35%, 0, 32, 17, 147.67, 4000311, 518, 0, 0
33975, 46, 495, 513, 0, 0, 19.35%, 0, 32, 17, 111.57, 4000867, 518, 0, 0
33981, 46, 478, 513, 0, 0, 19.35%, 0, 32, 17, 148.76, 4001676, 518, 0, 0
33986, 46, 478, 513, 0, 0, 19.35%, 0, 32, 17, 155.82, 4002461, 518, 0, 0
33991, 46, 370, 513, 0, 0, 19.35%, 0, 32, 17, 138.07, 4003160, 518, 0, 0
33996, 46, 107, 513, 0, 0, 19.35%, 0, 32, 17, 145.74, 4003898, 518, 0, 0
34001, 46, 441, 513, 0, 0, 19.35%, 0, 32, 17, 142.84, 4004624, 518, 0, 0
34006, 46, 329, 513, 0, 0, 19.35%, 0, 32, 17, 143.49, 4005360, 518, 0, 0
34011, 46, 153, 513, 0, 0, 19.35%, 0, 32, 17, 142.40, 4006078, 518, 0, 0
34016, 46, 429, 513, 0, 0, 19.35%, 0, 32, 17, 156.02, 4006885, 518, 0, 0
34021, 46, 480, 513, 0, 0, 19.35%, 0, 32, 17, 150.73, 4007637, 518, 0, 0
34026, 46, 468, 513, 0, 0, 19.35%, 0, 32, 17, 140.15, 4008353, 518, 0, 0
34031, 46, 495, 513, 0, 0, 19.35%, 0, 32, 17, 104.42, 4008876, 518, 0, 0
34037, 46, 371, 513, 0, 0, 19.35%, 0, 32, 17, 140.35, 4009613, 518, 0, 0
34042, 46, 181, 513, 0, 0, 19.35%, 0, 32, 17, 151.40, 4010390, 518, 0, 0
34047, 46, 50, 513, 0, 0, 19.35%, 0, 32, 17, 158.80, 4011225, 518, 0, 0
34052, 46, 181, 513, 0, 0, 19.35%, 0, 32, 17, 153.21, 4011992, 518, 0, 0
34057, 46, 156, 513, 0, 0, 19.35%, 0, 32, 17, 147.91, 4012729, 518, 0, 0
34062, 46, 422, 513, 0, 0, 19.35%, 0, 32, 17, 155.35, 4013560, 518, 0, 0
34067, 46, 3, 513, 0, 0, 19.35%, 0, 32, 17, 140.27, 4014249, 518, 0, 0
34072, 46, 287, 513, 0, 0, 19.35%, 0, 32, 17, 145.42, 4015013, 518, 0, 0
34077, 46, 495, 513, 0, 0, 19.35%, 0, 32, 17, 107.32, 4015547, 518, 0, 0
34083, 46, 245, 513, 0, 0, 19.35%, 0, 32, 17, 142.01, 4016280, 518, 0, 0
34088, 46, 3, 513, 0, 0, 19.35%, 0, 32, 17, 150.73, 4017077, 518, 0, 0
34093, 46, 114, 513, 0, 0, 19.35%, 0, 32, 17, 153.27, 4017869, 518, 0, 0
34098, 46, 201, 513, 0, 0, 19.35%, 0, 32, 17, 147.91, 4018606, 518, 0, 0
34103, 46, 495, 513, 0, 0, 19.35%, 0, 32, 17, 142.48, 4019355, 518, 0, 0
34108, 46, 302, 513, 0, 0, 19.35%, 0, 32, 17, 131.20, 4019953, 518, 0, 0
34113, 46, 486, 513, 0, 0, 19.35%, 0, 32, 17, 142.94, 4020723, 518, 0, 0
34119, 46, 368, 513, 0, 0, 19.35%, 0, 32, 17, 153.69, 4021519, 518, 0, 0
34124, 46, 468, 513, 0, 0, 19.35%, 0, 32, 17, 150.53, 4022280, 518, 0, 0
34129, 46, 495, 513, 0, 0, 19.35%, 0, 32, 17, 35.84, 4022793, 518, 0, 0
34134, 46, 224, 513, 0, 0, 19.35%, 0, 32, 17, 118.64, 4023464, 518, 0, 0
34139, 46, 301, 513, 0, 0, 19.35%, 0, 32, 17, 146.51, 4024263, 518, 0, 0
34144, 46, 480, 513, 0, 0, 19.35%, 0, 32, 17, 144.23, 4025008, 518, 0, 0
34149, 46, 392, 513, 0, 0, 19.35%, 0, 32, 17, 145.16, 4025771, 518, 0, 0
34154, 46, 491, 513, 0, 0, 19.35%, 0, 32, 17, 147.71, 4026554, 518, 0, 0
34160, 46, 19, 513, 0, 0, 19.35%, 0, 32, 17, 151.10, 4027330, 518, 0, 0
34165, 46, 473, 513, 0, 0, 19.35%, 0, 32, 17, 131.70, 4028039, 518, 0, 0
34170, 46, 468, 513, 0, 0, 19.35%, 0, 32, 17, 80.62, 4028465, 518, 0, 0
34175, 46, 392, 513, 0, 0, 19.35%, 0, 32, 17, 138.68, 4029241, 518, 0, 0
34180, 46, 510, 513, 0, 0, 19.35%, 0, 32, 17, 133.00, 4029937, 518, 0, 0
34185, 46, 510, 513, 0, 0, 19.35%, 0, 32, 17, 127.21, 4030591, 518, 0, 0
34191, 46, 422, 513, 0, 0, 19.35%, 0, 32, 17, 128.29, 4031243, 518, 0, 0
34196, 46, 115, 513, 0, 0, 19.35%, 0, 32, 17, 146.32, 4032006, 518, 0, 0
34201, 46, 1, 513, 0, 0, 19.35%, 0, 32, 17, 155.20, 4032815, 518, 0, 0
34206, 46, 469, 513, 0, 0, 19.35%, 0, 32, 17, 99.64, 4033311, 518, 0, 0
34211, 46, 49, 513, 0, 0, 19.35%, 0, 32, 17, 112.29, 4033803, 518, 0, 0
34216, 46, 416, 513, 0, 0, 19.35%, 0, 32, 17, 143.98, 4034597, 518, 0, 0
34221, 46, 478, 513, 0, 0, 19.35%, 0, 32, 17, 135.98, 4035273, 518, 0, 0
34226, 46, 159, 513, 0, 0, 19.35%, 0, 32, 17, 137.58, 4035944, 518, 0, 0
34231, 46, 422, 513, 0, 0, 19.35%, 0, 32, 17, 149.62, 4036725, 518, 0, 0
34237, 46, 40, 513, 0, 0, 19.35%, 0, 32, 17, 150.08, 4037491, 518, 0, 0
34242, 46, 384, 513, 0, 0, 19.35%, 0, 32, 17, 152.75, 4038279, 518, 0, 0
34247, 46, 384, 513, 0, 0, 19.35%, 0, 32, 17, 132.61, 4038975, 518, 0, 0
34252, 46, 471, 513, 0, 0, 19.35%, 0, 32, 17, 114.88, 4039604, 518, 0, 0
34257, 46, 367, 513, 0, 0, 19.35%, 0, 32, 17, 111.83, 4040052, 518, 0, 0
34262, 46, 14, 513, 0, 0, 19.35%, 0, 32, 17, 141.76, 4040828, 518, 0, 0
34267, 46, 44, 513, 0, 0, 19.35%, 0, 32, 17, 151.47, 4041611, 518, 0, 0
34272, 46, 394, 513, 0, 0, 19.35%, 0, 32, 17, 150.85, 4042389, 518, 0, 0
34277, 46, 239, 513, 0, 0, 19.35%, 0, 32, 17, 131.09, 4043061, 518, 0, 0
34283, 46, 511, 513, 0, 0, 19.35%, 0, 32, 17, 135.03, 4043810, 518, 0, 0
34288, 46, 511, 513, 0, 0, 19.35%, 0, 32, 17, 110.92, 4044340, 518, 0, 0
34293, 46, 511, 513, 0, 0, 19.35%, 0, 32, 17, 107.57, 4044896, 518, 0, 0
34298, 46, 45, 513, 0, 0, 19.35%, 0, 32, 17, 133.05, 4045563, 518, 0, 0
34303, 46, 495, 513, 0, 0, 19.35%, 0, 32, 17, 116.00, 4046192, 518, 0, 0
34308, 46, 420, 513, 0, 0, 19.35%, 0, 32, 17, 124.69, 4046779, 518, 0, 0
34313, 46, 2, 513, 0, 0, 19.35%, 0, 32, 17, 148.99, 4047540, 518, 0, 0
34318, 46, 343, 513, 0, 0, 19.35%, 0, 32, 17, 153.13, 4048335, 518, 0, 0
34323, 46, 486, 513, 0, 0, 19.35%, 0, 32, 17, 144.52, 4049078, 518, 0, 0
34329, 46, 472, 513, 0, 0, 19.35%, 0, 32, 17, 122.38, 4049756, 518, 0, 0
34334, 46, 410, 513, 0, 0, 19.35%, 0, 32, 17, 117.59, 4050285, 518, 0, 0
34339, 46, 36, 513, 0, 0, 19.35%, 0, 32, 17, 139.48, 4051007, 518, 0, 0
34344, 46, 412, 513, 0, 0, 19.35%, 0, 32, 17, 132.30, 4051717, 518, 0, 0
34349, 46, 202, 513, 0, 0, 19.35%, 0, 32, 17, 147.11, 4052469, 518, 0, 0
34354, 46, 480, 513, 0, 0, 19.35%, 0, 32, 17, 156.21, 4053300, 518, 0, 0
34360, 46, 170, 513, 0, 0, 19.35%, 0, 32, 17, 158.62, 4054119, 518, 0, 0
34365, 46, 50, 513, 0, 0, 19.35%, 0, 32, 17, 149.42, 4054825, 518, 0, 0
34370, 46, 382, 513, 0, 0, 19.35%, 0, 32, 17, 148.81, 4055606, 518, 0, 0
34375, 46, 390, 513, 0, 0, 19.35%, 0, 32, 17, 143.67, 4056319, 518, 0, 0
34380, 46, 422, 513, 0, 0, 19.35%, 0, 32, 17, 148.35, 4057083, 518, 0, 0
34385, 46, 343, 513, 0, 0, 19.35%, 0, 32, 17, 151.79, 4057856, 518, 0, 0
34390, 46, 469, 513, 0, 0, 19.35%, 0, 32, 17, 86.27, 4058273, 518, 0, 0
34395, 46, 441, 513, 0, 0, 19.35%, 0, 32, 17, 110.34, 4058833, 518, 0, 0
34400, 46, 285, 513, 0, 0, 19.35%, 0, 32, 17, 151.83, 4059483, 518, 0, 0
34405, 46, 392, 513, 0, 0, 19.35%, 0, 32, 17, 141.72, 4060220, 518, 0, 0
34411, 46, 495, 513, 0, 0, 19.35%, 0, 32, 17, 131.30, 4060933, 518, 0, 0
34416, 46, 495, 513, 0, 0, 19.35%, 0, 32, 17, 124.04, 4061479, 518, 0, 0
34421, 46, 447, 513, 0, 0, 19.35%, 0, 32, 17, 120.33, 4062043, 518, 0, 0
34426, 46, 107, 513, 0, 0, 19.35%, 0, 32, 17, 148.21, 4062830, 518, 0, 0
34431, 46, 478, 513, 0, 0, 19.35%, 0, 32, 17, 143.22, 4063570, 518, 0, 0
34436, 46, 252, 513, 0, 0, 19.35%, 0, 32, 17, 151.92, 4064369, 518, 0, 0
34441, 46, 392, 513, 0, 0, 19.35%, 0, 32, 17, 150.80, 4065122, 518, 0, 0
34446, 46, 468, 513, 0, 0, 19.35%, 0, 32, 17, 149.44, 4065903, 518, 0, 0
34451, 46, 441, 513, 0, 0, 19.35%, 0, 32, 17, 137.55, 4066605, 518, 0, 0
34457, 46, 45, 513, 0, 0, 19.35%, 0, 32, 17, 150.66, 4067403, 518, 0, 0
34462, 46, 429, 513, 0, 0, 19.35%, 0, 32, 17, 156.96, 4068227, 518, 0, 0
34467, 46, 488, 513, 0, 0, 19.35%, 0, 32, 17, 150.51, 4068993, 518, 0, 0
34472, 46, 458, 513, 0, 0, 19.35%, 0, 32, 17, 155.75, 4069788, 518, 0, 0
34477, 46, 156, 513, 0, 0, 19.35%, 0, 32, 17, 151.05, 4070575, 518, 0, 0
34482, 46, 404, 513, 0, 0, 19.35%, 0, 32, 17, 142.43, 4071272, 518, 0, 0
34487, 46, 478, 513, 0, 0, 19.35%, 0, 32, 17, 153.92, 4072058, 518, 0, 0
34493, 46, 216, 513, 0, 0, 19.35%, 0, 32, 17, 158.29, 4072874, 518, 0, 0
34498, 46, 156, 513, 0, 0, 19.35%, 0, 32, 17, 157.05, 4073685, 518, 0, 0
34503, 47, 480, 513, 0, 0, 19.35%, 0, 32, 17, 145.49, 4074443, 518, 0, 0
34508, 47, 486, 513, 0, 0, 19.35%, 0, 32, 17, 149.87, 4075223, 518, 0, 0
34513, 47, 180, 513, 0, 0, 19.35%, 0, 32, 17, 148.74, 4075987, 518, 0, 0
34518, 47, 429, 513, 0, 0, 19.35%, 0, 32, 17, 146.22, 4076732, 518, 0, 0
34523, 47, 134, 513, 0, 0, 19.35%, 0, 32, 17, 145.27, 4077475, 518, 0, 0
34528, 47, 197, 513, 0, 0, 19.35%, 0, 32, 17, 152.85, 4078272, 518, 0, 0
34533, 47, 447, 513, 0, 0, 19.35%, 0, 32, 17, 143.78, 4078949, 518, 0, 0
34539, 47, 469, 513, 0, 0, 19.35%, 0, 32, 17, 150.65, 4079751, 518, 0, 0
34544, 47, 185, 513, 0, 0, 19.35%, 0, 32, 17, 81.19, 4080021, 518, 0, 0
34549, 47, 376, 513, 0, 0, 19.35%, 0, 32, 17, 153.92, 4080724, 518, 0, 0
34554, 47, 385, 513, 0, 0, 19.35%, 0, 32, 17, 151.79, 4081481, 518, 0, 0
34559, 47, 238, 513, 0, 0, 19.35%, 0, 32, 17, 153.19, 4082240, 518, 0, 0
34564, 47, 429, 513, 0, 0, 19.35%, 0, 32, 17, 156.07, 4083069, 518, 0, 0
34569, 47, 480, 513, 0, 0, 19.35%, 0, 32, 17, 152.69, 4083841, 518, 0, 0
34575, 47, 422, 513, 0, 0, 19.35%, 0, 32, 17, 142.82, 4084567, 518, 0, 0
34580, 47, 367, 513, 0, 0, 19.35%, 0, 32, 17, 145.82, 4085339, 518, 0, 0
34585, 47, 97, 513, 0, 0, 19.35%, 0, 32, 17, 142.95, 4086072, 518, 0, 0
34590, 47, 114, 513, 0, 0, 19.35%, 0, 32, 17, 148.76, 4086856, 518, 0, 0
34595, 47, 72, 513, 0, 0, 19.35%, 0, 32, 17, 156.90, 4087679, 518, 0, 0
34600, 47, 29, 513, 0, 0, 19.35%, 0, 32, 17, 160.55, 4088488, 518, 0, 0
34605, 47, 495, 513, 0, 0, 19.35%, 0, 32, 17, 133.19, 4089199, 518, 0, 0
34611, 47, 367, 513, 0, 0, 19.35%, 0, 32, 17, 135.41, 4089855, 518, 0, 0
34616, 47, 238, 513, 0, 0, 19.35%, 0, 32, 17, 148.38, 4090570, 518, 0, 0
34621, 47, 508, 513, 0, 0, 19.35%, 0, 32, 17, 100.46, 4091049, 518, 0, 0
34626, 47, 508, 513, 0, 0, 19.35%, 0, 32, 17, 83.74, 4091460, 518, 0, 0
34631, 47, 31, 513, 0, 0, 19.35%, 0, 32, 17, 123.19, 4092077, 518, 0, 0
34636, 47, 429, 513, 0, 0, 19.35%, 0, 32, 17, 140.80, 4092828, 518, 0, 0
34641, 47, 468, 513, 0, 0, 19.35%, 0, 32, 17, 148.02, 4093606, 518, 0, 0
34646, 47, 367, 513, 0, 0, 19.35%, 0, 32, 17, 138.87, 4094273, 518, 0, 0
34652, 47, 372, 513, 0, 0, 19.35%, 0, 32, 17, 140.30, 4095026, 518, 0, 0
34657, 47, 374, 513, 0, 0, 19.35%, 0, 32, 17, 135.15, 4095707, 518, 0, 0
34662, 47, 480, 513, 0, 0, 19.35%, 0, 32, 17, 143.06, 4096438, 518, 0, 0
34667, 47, 468, 513, 0, 0, 19.35%, 0, 32, 17, 143.12, 4097190, 518, 0, 0
34672, 47, 115, 513, 0, 0, 19.35%, 0, 32, 17, 146.17, 4097897, 518, 0, 0
34677, 47, 422, 513, 0, 0, 19.35%, 0, 32, 17, 145.79, 4098647, 518, 0, 0
34682, 47, 289, 513, 0, 0, 19.35%, 0, 32, 17, 126.17, 4099275, 518, 0, 0
34687, 47, 29, 513, 0, 0, 19.35%, 0, 32, 17, 117.53, 4099939, 518, 0, 0
34693, 47, 478, 513, 0, 0, 19.35%, 0, 32, 17, 146.62, 4100714, 518, 0, 0
34698, 47, 39, 513, 0, 0, 19.35%, 0, 32, 17, 151.04, 4101497, 518, 0, 0
34703, 47, 327, 513, 0, 0, 19.35%, 0, 32, 17, 154.47, 4102266, 518, 0, 0
34708, 47, 31, 513, 0, 0, 19.35%, 0, 32, 17, 137.60, 4102939, 518, 0, 0
34713, 47, 468, 513, 0, 0, 19.35%, 0, 32, 17, 147.13, 4103732, 518, 0, 0
34718, 47, 478, 513, 0, 0, 19.35%, 0, 32, 17, 150.48, 4104487, 518, 0, 0
34723, 47, 510, 513, 0, 0, 19.35%, 0, 32, 17, 143.06, 4105204, 518, 0, 0
34729, 47, 510, 513, 0, 0, 19.35%, 0, 32, 17, 144.66, 4105956, 518, 0, 0
34734, 47, 134, 513, 0, 0, 19.35%, 0, 32, 17, 146.99, 4106716, 518, 0, 0
34739, 47, 495, 513, 0, 0, 19.35%, 0, 32, 17, 119.26, 4107342, 518, 0, 0
34744, 47, 36, 513, 0, 0, 19.35%, 0, 32, 17, 147.59, 4108110, 518, 0, 0
34749, 47, 367, 513, 0, 0, 19.35%, 0, 32, 17, 145.36, 4108852, 518, 0, 0
34754, 47, 149, 513, 0, 0, 19.35%, 0, 32, 17, 156.83, 4109658, 518, 0, 0
34759, 47, 478, 513, 0, 0, 19.35%, 0, 32, 17, 143.00, 4110401, 518, 0, 0
34765, 47, 480, 513, 0, 0, 19.35%, 0, 32, 17, 134.32, 4111047, 518, 0, 0
34770, 47, 388, 513, 0, 0, 19.35%, 0, 32, 17, 144.76, 4111817, 518, 0, 0
34775, 47, 193, 513, 0, 0, 19.35%, 0, 32, 17, 126.71, 4112434, 518, 0, 0
34780, 47, 392, 513, 0, 0, 19.35%, 0, 32, 17, 145.02, 4113201, 518, 0, 0
34785, 47, 471, 513, 0, 0, 19.35%, 0, 32, 17, 145.64, 4113960, 518, 0, 0
34790, 47, 343, 513, 0, 0, 19.35%, 0, 32, 17, 55.39, 4114226, 518, 0, 0
34795, 47, 69, 513, 0, 0, 19.35%, 0, 32, 17, 136.63, 4115018, 518, 0, 0
34800, 47, 17, 513, 0, 0, 19.35%, 0, 32, 17, 156.22, 4115839, 518, 0, 0
34806, 47, 479, 513, 0, 0, 19.35%, 0, 32, 17, 147.99, 4116593, 518, 0, 0
34811, 47, 306, 513, 0, 0, 19.35%, 0, 32, 17, 128.25, 4117267, 518, 0, 0
34816, 47, 429, 513, 0, 0, 19.35%, 0, 32, 17, 149.61, 4118045, 518, 0, 0
34821, 47, 392, 513, 0, 0, 19.35%, 0, 32, 17, 150.10, 4118815, 518, 0, 0
34826, 47, 193, 513, 0, 0, 19.35%, 0, 32, 17, 154.01, 4119594, 518, 0, 0
34831, 47, 27, 513, 0, 0, 19.35%, 0, 32, 17, 147.81, 4120319, 518, 0, 0
34836, 47, 149, 513, 0, 0, 19.35%, 0, 32, 17, 110.75, 4120811, 518, 0, 0
34841, 47, 495, 513, 0, 0, 19.35%, 0, 32, 17, 141.43, 4121593, 518, 0, 0
34847, 47, 236, 513, 0, 0, 19.35%, 0, 32, 17, 138.46, 4122262, 518, 0, 0
34852, 47, 508, 513, 0, 0, 19.35%, 0, 32, 17, 104.35, 4122764, 518, 0, 0
34857, 47, 508, 513, 0, 0, 19.35%, 0, 32, 17, 93.65, 4123236, 518, 0, 0
34862, 47, 285, 513, 0, 0, 19.35%, 0, 32, 17, 145.11, 4124028, 518, 0, 0
34867, 47, 80, 513, 0, 0, 19.35%, 0, 32, 17, 147.58, 4124794, 518, 0, 0
34872, 47, 473, 513, 0, 0, 19.35%, 0, 32, 17, 129.78, 4125450, 518, 0, 0
34877, 47, 480, 513, 0, 0, 19.35%, 0, 32, 17, 123.49, 4125991, 518, 0, 0
34882, 47, 115, 513, 0, 0, 19.35%, 0, 32, 17, 132.65, 4126586, 518, 0, 0
34888, 47, 107, 513, 0, 0, 19.35%, 0, 32, 17, 96.01, 4127030, 518, 0, 0
34893, 47, 285, 513, 0, 0, 19.35%, 0, 32, 17, 143.87, 4127834, 518, 0, 0
34898, 47, 216, 513, 0, 0, 19.35%, 0, 32, 17, 154.83, 4128639, 518, 0, 0
34903, 47, 466, 513, 0, 0, 19.35%, 0, 32, 17, 152.79, 4129418, 518, 0, 0
34908, 47, 280, 513, 0, 0, 19.35%, 0, 32, 17, 146.12, 4130185, 518, 0, 0
34913, 47, 72, 513, 0, 0, 19.35%, 0, 32, 17, 158.21, 4131014, 518, 0, 0
34919, 47, 402, 513, 0, 0, 19.35%, 0, 32, 17, 153.63, 4131827, 518, 0, 0
34924, 47, 156, 513, 0, 0, 19.35%, 0, 32, 17, 149.98, 4132557, 518, 0, 0
34929, 47, 69, 513, 0, 0, 19.35%, 0, 32, 17, 157.46, 4133380, 518, 0, 0
34934, 47, 305, 513, 0, 0, 19.35%, 0, 32, 17, 147.38, 4134128, 518, 0, 0
34939, 47, 468, 513, 0, 0, 19.35%, 0, 32, 17, 149.29, 4134899, 518, 0, 0
34944, 47, 352, 513, 0, 0, 19.35%, 0, 32, 17, 153.80, 4135697, 518, 0, 0
34949, 47, 509, 513, 0, 0, 19.35%, 0, 32, 17, 149.97, 4136478, 518, 0, 0
34955, 47, 509, 513, 0, 0, 19.35%, 0, 32, 17, 134.84, 4137154, 518, 0, 0
34960, 47, 495, 513, 0, 0, 19.35%, 0, 32, 17, 130.88, 4137838, 518, 0, 0
34965, 47, 467, 513, 0, 0, 19.35%, 0, 32, 17, 80.98, 4138237, 518, 0, 0
34970, 47, 80, 513, 0, 0, 19.35%, 0, 32, 17, 131.46, 4138920, 518, 0, 0
34975, 47, 479, 513, 0, 0, 19.35%, 0, 32, 17, 146.69, 4139708, 518, 0, 0
34980, 47, 379, 513, 0, 0, 19.35%, 0, 32, 17, 155.42, 4140505, 518, 0, 0
34985, 47, 460, 513, 0, 0, 19.35%, 0, 32, 17, 154.51, 4141283, 518, 0, 0
34990, 47, 485, 513, 0, 0, 19.35%, 0, 32, 17, 157.91, 4142073, 518, 0, 0
34995, 47, 72, 513, 0, 0, 19.35%, 0, 32, 17, 158.71, 4142875, 518, 0, 0
35000, 47, 422, 513, 0, 0, 19.35%, 0, 32, 17, 145.45, 4143583, 518, 0, 0
35006, 47, 394, 513, 0, 0, 19.35%, 0, 32, 17, 156.81, 4144418, 518, 0, 0
35011, 47, 506, 513, 0, 0, 19.35%, 0, 32, 17, 130.01, 4145099, 518, 0, 0
35016, 47, 506, 513, 0, 0, 19.35%, 0, 32, 17, 107.36, 4145611, 518, 0, 0
35021, 47, 197, 513, 0, 0, 19.35%, 0, 32, 17, 139.35, 4146315, 518, 0, 0
35026, 47, 216, 513, 0, 0, 19.35%, 0, 32, 17, 152.93, 4147119, 518, 0, 0
35031, 47, 193, 513, 0, 0, 19.35%, 0, 32, 17, 159.77, 4147953, 518, 0, 0
35037, 47, 480, 513, 0, 0, 19.35%, 0, 32, 17, 153.51, 4148757, 518, 0, 0
35042, 47, 422, 513, 0, 0, 19.35%, 0, 32, 17, 147.22, 4149512, 518, 0, 0
35047, 47, 472, 513, 0, 0, 19.35%, 0, 32, 17, 88.63, 4149910, 518, 0, 0
35052, 47, 266, 513, 0, 0, 19.35%, 0, 32, 17, 140.96, 4150687, 518, 0, 0
35057, 47, 429, 513, 0, 0, 19.35%, 0, 32, 17, 144.53, 4151450, 518, 0, 0
35062, 47, 491, 513, 0, 0, 19.35%, 0, 32, 17, 131.07, 4152072, 518, 0, 0
35067, 47, 495, 513, 0, 0, 19.35%, 0, 32, 17, 128.98, 4152757, 518, 0, 0
35073, 48, 468, 513, 0, 0, 19.35%, 0, 32, 17, 137.38, 4153468, 518, 0, 0
35078, 48, 429, 513, 0, 0, 19.35%, 0, 32, 17, 151.67, 4154273, 518, 0, 0
35083, 48, 495, 513, 0, 0, 19.35%, 0, 32, 17, 135.86, 4154997, 518, 0, 0
35088, 48, 3, 513, 0, 0, 19.35%, 0, 32, 17, 114.57, 4155499, 518, 0, 0
35093, 48, 422, 513, 0, 0, 19.35%, 0, 32, 17, 144.23, 4156303, 518, 0, 0
35098, 48, 200, 513, 0, 0, 19.35%, 0, 32, 17, 156.17, 4157119, 518, 0, 0
35104, 48, 257, 513, 0, 0, 19.35%, 0, 32, 17, 153.71, 4157908, 518, 0, 0
35109, 48, 447, 513, 0, 0, 19.35%, 0, 32, 17, 160.52, 4158746, 518, 0, 0
35114, 48, 27, 513, 0, 0, 19.35%, 0, 32, 17, 158.72, 4159551, 518, 0, 0
35119, 48, 468, 513, 0, 0, 19.35%, 0, 32, 17, 149.51, 4160319, 518, 0, 0
35124, 48, 495, 513, 0, 0, 19.35%, 0, 32, 17, 141.30, 4161063, 518, 0, 0
35129, 48, 27, 513, 0, 0, 19.35%, 0, 32, 17, 137.02, 4161702, 518, 0, 0
35134, 48, 480, 513, 0, 0, 19.35%, 0, 32, 17, 149.28, 4162490, 518, 0, 0
35140, 48, 360, 513, 0, 0, 19.35%, 0, 32, 17, 156.69, 4163305, 518, 0, 0
35145, 48, 423, 513, 0, 0, 19.35%, 0, 32, 17, 159.31, 4164137, 518, 0, 0
35150, 48, 200, 513, 0, 0, 19.35%, 0, 32, 17, 151.21, 4164865, 518, 0, 0
35155, 48, 468, 513, 0, 0, 19.35%, 0, 32, 17, 147.55, 4165626, 518, 0, 0
35160, 48, 239, 513, 0, 0, 19.35%, 0, 32, 17, 147.47, 4166390, 518, 0, 0
35166, 48, 343, 513, 0, 0, 19.35%, 0, 32, 17, 137.96, 4167052, 518, 0, 0
35171, 48, 491, 513, 0, 0, 19.35%, 0, 32, 17, 147.63, 4167840, 518, 0, 0
35176, 48, 488, 513, 0, 0, 19.35%, 0, 32, 17, 151.91, 4168609, 518, 0, 0
35181, 48, 257, 513, 0, 0, 19.35%, 0, 32, 17, 141.21, 4169351, 518, 0, 0
35186, 48, 429, 513, 0, 0, 19.35%, 0, 32, 17, 146.03, 4170103, 518, 0, 0
35191, 48, 170, 513, 0, 0, 19.35%, 0, 32, 17, 144.10, 4170845, 518, 0, 0
35197, 48, 377, 513, 0, 0, 19.35%, 0, 32, 17, 146.83, 4171613, 518, 0, 0
35202, 48, 2, 513, 0, 0, 19.35%, 0, 32, 17, 152.75, 4172382, 518, 0, 0
35207, 48, 134, 513, 0, 0, 19.35%, 0, 32, 17, 105.72, 4172915, 518, 0, 0
35212, 48, 137, 513, 0, 0, 19.35%, 0, 32, 17, 146.22, 4173672, 518, 0, 0
35217, 48, 50, 513, 0, 0, 19.35%, 0, 32, 17, 126.22, 4174298, 518, 0, 0
35222, 48, 495, 513, 0, 0, 19.35%, 0, 32, 17, 129.77, 4175027, 518, 0, 0
35227, 48, 473, 513, 0, 0, 19.35%, 0, 32, 17, 115.17, 4175585, 518, 0, 0
35232, 48, 343, 513, 0, 0, 19.35%, 0, 32, 17, 103.50, 4176013, 518, 0, 0
35237, 48, 509, 513, 0, 0, 19.35%, 0, 32, 17, 115.53, 4176600, 518, 0, 0
35242, 48, 509, 513, 0, 0, 19.35%, 0, 32, 17, 115.99, 4177144, 518, 0, 0
35247, 48, 480, 513, 0, 0, 19.35%, 0, 32, 17, 138.52, 4177859, 518, 0, 0
35253, 48, 40, 513, 0, 0, 19.35%, 0, 32, 17, 145.33, 4178619, 518, 0, 0
35258, 48, 430, 513, 0, 0, 19.35%, 0, 32, 17, 150.64, 4179400, 518, 0, 0
35263, 48, 495, 513, 0, 0, 19.35%, 0, 32, 17, 132.79, 4180094, 518, 0, 0
35268, 48, 48, 513, 0, 0, 19.35%, 0, 32, 17, 148.16, 4180845, 518, 0, 0
35273, 48, 67, 513, 0, 0, 19.35%, 0, 32, 17, 157.46, 4181681, 518, 0, 0
35278, 48, 296, 513, 0, 0, 19.35%, 0, 32, 17, 143.59, 4182402, 518, 0, 0
35284, 48, 285, 513, 0, 0, 19.35%, 0, 32, 17, 154.27, 4183208, 518, 0, 0
35289, 48, 20, 513, 0, 0, 19.35%, 0, 32, 17, 154.46, 4184004, 518, 0, 0
35294, 48, 285, 513, 0, 0, 19.35%, 0, 32, 17, 144.57, 4184714, 518, 0, 0
35299, 48, 466, 513, 0, 0, 19.35%, 0, 32, 17, 151.31, 4185499, 518, 0, 0
35304, 48, 392, 513, 0, 0, 19.35%, 0, 32, 17, 132.85, 4186133, 518, 0, 0
35309, 48, 69, 513, 0, 0, 19.35%, 0, 32, 17, 152.16, 4186920, 518, 0, 0
35314, 48, 188, 513, 0, 0, 19.35%, 0, 32, 17, 150.83, 4187677, 518, 0, 0
35319, 48, 479, 513, 0, 0, 19.35%, 0, 32, 17, 158.02, 4188476, 518, 0, 0
35324, 48, 392, 513, 0, 0, 19.35%, 0, 32, 17, 151.73, 4189254, 518, 0, 0
35329, 48, 114, 513, 0, 0, 19.35%, 0, 32, 17, 148.10, 4189996, 518, 0, 0
35334, 48, 72, 513, 0, 0, 19.35%, 0, 32, 17, 159.00, 4190826, 518, 0, 0
35339, 48, 495, 513, 0, 0, 19.35%, 0, 32, 17, 125.08, 4191457, 518, 0, 0
35344, 48, 510, 513, 0, 0, 19.35%, 0, 32, 17, 132.63, 4192127, 518, 0, 0
35350, 48, 510, 513, 0, 0, 19.35%, 0, 32, 17, 136.49, 4192843, 518, 0, 0
35355, 48, 272, 513, 0, 0, 19.35%, 0, 32, 17, 147.21, 4193592, 518, 0, 0
35360, 48, 484, 513, 0, 0, 19.35%, 0, 32, 17, 151.96, 4194385, 518, 0, 0
35365, 48, 201, 513, 0, 0, 19.35%, 0, 32, 17, 154.99, 4195198, 518, 0, 0
35370, 48, 468, 513, 0, 0, 19.35%, 0, 32, 17, 151.75, 4195966, 518, 0, 0
35375, 48, 40, 513, 0, 0, 19.35%, 0, 32, 17, 148.98, 4196731, 518, 0, 0
35380, 48, 510, 513, 0, 0, 19.35%, 0, 32, 17, 133.45, 4197443, 518, 0, 0
35386, 48, 510, 513, 0, 0, 19.35%, 0, 32, 17, 122.33, 4198045, 518, 0, 0
35391, 48, 510, 513, 0, 0, 19.35%, 0, 32, 17, 119.94, 4198665, 518, 0, 0
35396, 48, 2, 513, 0, 0, 19.35%, 0, 32, 17, 146.53, 4199451, 518, 0, 0
35401, 48, 478, 513, 0, 0, 19.35%, 0, 32, 17, 150.69, 4200231, 518, 0, 0
35406, 48, 422, 513, 0, 0, 19.35%, 0, 32, 17, 154.56, 4200993, 518, 0, 0
35411, 48, 80, 513, 0, 0, 19.35%, 0, 32, 17, 141.51, 4201707, 518, 0, 0
35416, 48, 479, 513, 0, 0, 19.35%, 0, 32, 17, 146.01, 4202471, 518, 0, 0
35421, 48, 479, 513, 0, 0, 19.35%, 0, 32, 17, 154.80, 4203248, 518, 0, 0
35426, 48, 495, 513, 0, 0, 19.35%, 0, 32, 17, 121.73, 4203886, 518, 0, 0
35432, 48, 429, 513, 0, 0, 19.35%, 0, 32, 17, 129.12, 4204481, 518, 0, 0
35437, 48, 491, 513, 0, 0, 19.35%, 0, 32, 17, 143.14, 4205236, 518, 0, 0
35442, 48, 343, 513, 0, 0, 19.35%, 0, 32, 17, 147.27, 4205977, 518, 0, 0
35447, 48, 466, 513, 0, 0, 19.35%, 0, 32, 17, 136.97, 4206638, 518, 0, 0
35452, 48, 201, 513, 0, 0, 19.35%, 0, 32, 17, 157.31, 4207474, 518, 0, 0
35457, 48, 495, 513, 0, 0, 19.35%, 0, 32, 17, 111.12, 4208024, 518, 0, 0
35462, 48, 508, 513, 0, 0, 19.35%, 0, 32, 17, 120.08, 4208628, 518, 0, 0
35467, 48, 508, 513, 0, 0, 19.35%, 0, 32, 17, 113.93, 4209190, 518, 0, 0
35472, 48, 472, 513, 0, 0, 19.35%, 0, 32, 17, 117.99, 4209821, 518, 0, 0
35478, 48, 422, 513, 0, 0, 19.35%, 0, 32, 17, 104.55, 4210293, 518, 0, 0
35483, 48, 495, 513, 0, 0, 19.35%, 0, 32, 17, 138.95, 4211079, 518, 0, 0
35488, 48, 480, 513, 0, 0, 19.35%, 0, 32, 17, 125.53, 4211638, 518, 0, 0
35493, 48, 301, 513, 0, 0, 19.35%, 0, 32, 17, 152.04, 4212446, 518, 0, 0
35498, 48, 196, 513, 0, 0, 19.35%, 0, 32, 17, 159.88, 4213285, 518, 0, 0
35503, 48, 199, 513, 0, 0, 19.35%, 0, 32, 17, 150.05, 4214045, 518, 0, 0
35508, 48, 156, 513, 0, 0, 19.35%, 0, 32, 17, 144.73, 4214771, 518, 0, 0
35513, 48, 28, 513, 0, 0, 19.35%, 0, 32, 17, 159.04, 4215612, 518, 0, 0
35518, 48, 69, 513, 0, 0, 19.35%, 0, 32, 17, 155.08, 4216390, 518, 0, 0
35523, 48, 343, 513, 0, 0, 19.35%, 0, 32, 17, 153.47, 4217166, 518, 0, 0
35528, 48, 69, 513, 0, 0, 19.35%, 0, 32, 17, 153.74, 4217932, 518, 0, 0
35534, 48, 390, 513, 0, 0, 19.35%, 0, 32, 17, 153.85, 4218749, 518, 0, 0
35539, 48, 27, 513, 0, 0, 19.35%, 0, 32, 17, 148.73, 4219496, 518, 0, 0
35544, 48, 337, 513, 0, 0, 19.35%, 0, 32, 17, 90.17, 4219810, 518, 0, 0
35549, 48, 491, 513, 0, 0, 19.35%, 0, 32, 17, 129.85, 4220439, 518, 0, 0
35554, 48, 480, 513, 0, 0, 19.35%, 0, 32, 17, 141.99, 4221173, 518, 0, 0
35559, 48, 115, 513, 0, 0, 19.35%, 0, 32, 17, 154.19, 4221984, 518, 0, 0
35564, 48, 422, 513, 0, 0, 19.35%, 0, 32, 17, 139.42, 4222666, 518, 0, 0
35569, 48, 106, 513, 0, 0, 19.35%, 0, 32, 17, 149.44, 4223451, 518, 0, 0
35574, 48, 93, 513, 0, 0, 19.35%, 0, 32, 17, 152.98, 4224220, 518, 0, 0
35580, 48, 300, 513, 0, 0, 19.35%, 0, 32, 17, 155.95, 4225019, 518, 0, 0
35585, 48, 93, 513, 0, 0, 19.35%, 0, 32, 17, 149.92, 4225755, 518, 0, 0
35590, 48, 173, 513, 0, 0, 19.35%, 0, 32, 17, 159.08, 4226588, 518, 0, 0
35595, 48, 149, 513, 0, 0, 19.35%, 0, 32, 17, 158.35, 4227372, 518, 0, 0
35600, 48, 423, 513, 0, 0, 19.35%, 0, 32, 17, 139.98, 4228030, 518, 0, 0
35605, 48, 468, 513, 0, 0, 19.35%, 0, 32, 17, 148.22, 4228828, 518, 0, 0
35610, 48, 48, 513, 0, 0, 19.35%, 0, 32, 17, 149.92, 4229591, 518, 0, 0
35615, 49, 199, 513, 0, 0, 19.35%, 0, 32, 17, 156.88, 4230381, 518, 0, 0
35620, 49, 360, 513, 0, 0, 19.35%, 0, 32, 17, 144.23, 4231088, 518, 0, 0
35625, 49, 495, 513, 0, 0, 19.35%, 0, 32, 17, 108.92, 4231626, 518, 0, 0
35630, 49, 29, 513, 0, 0, 19.35%, 0, 32, 17, 121.19, 4232244, 518, 0, 0
35635, 49, 495, 513, 0, 0, 19.35%, 0, 32, 17, 104.90, 4232825, 518, 0, 0
35641, 49, 495, 513, 0, 0, 19.35%, 0, 32, 17, 95.19, 4233298, 518, 0, 0
35646, 49, 197, 513, 0, 0, 19.35%, 0, 32, 17, 87.35, 4233731, 518, 0, 0
35651, 49, 495, 513, 0, 0, 19.35%, 0, 32, 17, 124.91, 4234474, 518, 0, 0
35656, 49, 486, 513, 0, 0, 19.35%, 0, 32, 17, 139.18, 4235165, 518, 0, 0
35661, 49, 480, 513, 0, 0, 19.35%, 0, 32, 17, 148.60, 4235951, 518, 0, 0
35666, 49, 392, 513, 0, 0, 19.35%, 0, 32, 17, 150.45, 4236740, 518, 0, 0
35672, 49, 153, 513, 0, 0, 19.35%, 0, 32, 17, 151.30, 4237508, 518, 0, 0
35677, 49, 491, 513, 0, 0, 19.35%, 0, 32, 17, 151.62, 4238317, 518, 0, 0
35682, 49, 153, 513, 0, 0, 19.35%, 0, 32, 17, 146.15, 4239039, 518, 0, 0
35687, 49, 422, 513, 0, 0, 19.35%, 0, 32, 17, 150.45, 4239826, 518, 0, 0
35692, 49, 480, 513, 0, 0, 19.35%, 0, 32, 17, 149.33, 4240587, 518, 0, 0
35697, 49, 495, 513, 0, 0, 19.35%, 0, 32, 17, 143.56, 4241353, 518, 0, 0
35703, 49, 468, 513, 0, 0, 19.35%, 0, 32, 17, 131.50, 4241973, 518, 0, 0
35708, 49, 395, 513, 0, 0, 19.35%, 0, 32, 17, 148.06, 4242774, 518, 0, 0
35713, 49, 412, 513, 0, 0, 19.35%, 0, 32, 17, 140.08, 4243477, 518, 0, 0
35718, 49, 28, 513, 0, 0, 19.35%, 0, 32, 17, 149.26, 4244249, 518, 0, 0
35723, 49, 343, 513, 0, 0, 19.35%, 0, 32, 17, 145.95, 4244992, 518, 0, 0
35728, 49, 468, 513, 0, 0, 19.35%, 0, 32, 17, 148.24, 4245753, 518, 0, 0
35733, 49, 422, 513, 0, 0, 19.35%, 0, 32, 17, 149.79, 4246531, 518, 0, 0
35738, 49, 159, 513, 0, 0, 19.35%, 0, 32, 17, 150.87, 4247307, 518, 0, 0
35743, 49, 337, 513, 0, 0, 19.35%, 0, 32, 17, 149.72, 4248072, 518, 0, 0
35748, 49, 442, 513, 0, 0, 19.35%, 0, 32, 17, 150.16, 4248822, 518, 0, 0
35754, 49, 327, 513, 0, 0, 19.35%, 0, 32, 17, 158.45, 4249646, 518, 0, 0
35759, 49, 4, 513, 0, 0, 19.35%, 0, 32, 17, 152.33, 4250410, 518, 0, 0
35764, 49, 495, 513, 0, 0, 19.35%, 0, 32, 17, 127.37, 4251066, 518, 0, 0
35769, 49, 194, 513, 0, 0, 19.35%, 0, 32, 17, 101.15, 4251529, 518, 0, 0
35774, 49, 468, 513, 0, 0, 19.35%, 0, 32, 17, 139.37, 4252300, 518, 0, 0
35779, 49, 466, 513, 0, 0, 19.35%, 0, 32, 17, 144.24, 4253066, 518, 0, 0
35784, 49, 285, 513, 0, 0, 19.35%, 0, 32, 17, 152.66, 4253849, 518, 0, 0
35789, 49, 495, 513, 0, 0, 19.35%, 0, 32, 17, 114.45, 4254436, 518, 0, 0
35794, 49, 44, 513, 0, 0, 19.35%, 0, 32, 17, 124.87, 4255018, 518, 0, 0
35799, 49, 488, 513, 0, 0, 19.35%, 0, 32, 17, 150.06, 4255821, 518, 0, 0
35804, 49, 259, 513, 0, 0, 19.35%, 0, 32, 17, 151.20, 4256584, 518, 0, 0
35810, 49, 480, 513, 0, 0, 19.35%, 0, 32, 17, 147.13, 4257337, 518, 0, 0
35815, 49, 285, 513, 0, 0, 19.35%, 0, 32, 17, 144.19, 4258031, 518, 0, 0
35820, 49, 46, 513, 0, 0, 19.35%, 0, 32, 17, 158.64, 4258869, 518, 0, 0
35825, 49, 429, 513, 0, 0, 19.35%, 0, 32, 17, 157.17, 4259654, 518, 0, 0
35830, 49, 480, 513, 0, 0, 19.35%, 0, 32, 17, 151.72, 4260415, 518, 0, 0
35835, 49, 368, 513, 0, 0, 19.35%, 0, 32, 17, 149.58, 4261139, 518, 0, 0
35840, 49, 479, 513, 0, 0, 19.35%, 0, 32, 17, 124.64, 4261765, 518, 0, 0
35845, 49, 93, 513, 0, 0, 19.35%, 0, 32, 17, 134.53, 4262484, 518, 0, 0
35850, 49, 401, 513, 0, 0, 19.35%, 0, 32, 17, 146.41, 4263209, 518, 0, 0
35855, 49, 392, 513, 0, 0, 19.35%, 0, 32, 17, 148.83, 4263963, 518, 0, 0
35861, 49, 468, 513, 0, 0, 19.35%, 0, 32, 17, 155.34, 4264775, 518, 0, 0
35866, 49, 313, 513, 0, 0, 19.35%, 0, 32, 17, 149.38, 4265556, 518, 0, 0
35871, 49, 197, 513, 0, 0, 19.35%, 0, 32, 17, 155.46, 4266342, 518, 0, 0
35876, 49, 159, 513, 0, 0, 19.35%, 0, 32, 17, 150.98, 4267125, 518, 0, 0
35881, 49, 179, 513, 0, 0, 19.35%, 0, 32, 17, 157.31, 4267951, 518, 0, 0
35887, 49, 399, 513, 0, 0, 19.35%, 0, 32, 17, 138.22, 4268606, 518, 0, 0
35892, 49, 69, 513, 0, 0, 19.35%, 0, 32, 17, 154.29, 4269399, 518, 0, 0
35897, 49, 488, 513, 0, 0, 19.35%, 0, 32, 17, 156.33, 4270219, 518, 0, 0
35902, 49, 392, 513, 0, 0, 19.35%, 0, 32, 17, 149.11, 4270963, 518, 0, 0
35907, 49, 114, 513, 0, 0, 19.35%, 0, 32, 17, 154.74, 4271769, 518, 0, 0
35912, 49, 114, 513, 0, 0, 19.35%, 0, 32, 17, 153.64, 4272541, 518, 0, 0
35917, 49, 72, 513, 0, 0, 19.35%, 0, 32, 17, 153.02, 4273316, 518, 0, 0
35923, 49, 360, 513, 0, 0, 19.35%, 0, 32, 17, 159.60, 4274145, 518, 0, 0
35928, 49, 495, 513, 0, 0, 19.35%, 0, 32, 17, 126.61, 4274784, 518, 0, 0
35933, 49, 25, 513, 0, 0, 19.35%, 0, 32, 17, 145.76, 4275537, 518, 0, 0
35938, 49, 419, 513, 0, 0, 19.35%, 0, 32, 17, 146.86, 4276309, 518, 0, 0
35943, 49, 472, 513, 0, 0, 19.35%, 0, 32, 17, 73.17, 4276771, 518, 0, 0
35948, 49, 352, 513, 0, 0, 19.35%, 0, 32, 17, 136.15, 4277528, 518, 0, 0
35953, 49, 40, 513, 0, 0, 19.35%, 0, 32, 17, 149.59, 4278312, 518, 0, 0
35958, 49, 444, 513, 0, 0, 19.35%, 0, 32, 17, 133.66, 4279012, 518, 0, 0
35963, 49, 480, 513, 0, 0, 19.35%, 0, 32, 17, 139.09, 4279679, 518, 0, 0
35969, 49, 384, 513, 0, 0, 19.35%, 0, 32, 17, 136.82, 4280407, 518, 0, 0
35974, 49, 28, 513, 0, 0, 19.35%, 0, 32, 17, 150.19, 4281173, 518, 0, 0
35979, 49, 156, 513, 0, 0, 19.35%, 0, 32, 17, 154.44, 4281964, 518, 0, 0
35984, 49, 343, 513, 0, 0, 19.35%, 0, 32, 17, 150.87, 4282726, 518, 0, 0
35989, 49, 491, 513, 0, 0, 19.35%, 0, 32, 17, 147.75, 4283470, 518, 0, 0
35994, 49, 36, 513, 0, 0, 19.35%, 0, 32, 17, 154.63, 4284263, 518, 0, 0
35999, 49, 248, 513, 0, 0, 19.35%, 0, 32, 17, 148.32, 4285025, 518, 0, 0
36004, 49, 479, 513, 0, 0, 19.35%, 0, 32, 17, 150.99, 4285778, 518, 0, 0
36009, 49, 107, 513, 0, 0, 19.35%, 0, 32, 17, 138.77, 4286483, 518, 0, 0
36015, 49, 428, 513, 0, 0, 19.35%, 0, 32, 17, 128.36, 4287184, 518, 0, 0
36020, 49, 488, 513, 0, 0, 19.35%, 0, 32, 17, 88.65, 4287598, 518, 0, 0
36025, 49, 429, 513, 0, 0, 19.35%, 0, 32, 17, 135.00, 4288365, 518, 0, 0
36030, 49, 491, 513, 0, 0, 19.35%, 0, 32, 17, 132.07, 4289069, 518, 0, 0
36035, 49, 479, 513, 0, 0, 19.35%, 0, 32, 17, 147.98, 4289836, 518, 0, 0
36040, 49, 150, 513, 0, 0, 19.35%, 0, 32, 17, 151.18, 4290619, 518, 0, 0
36046, 49, 507, 513, 0, 0, 19.35%, 0, 32, 17, 117.49, 4291186, 518, 0, 0
36051, 49, 507, 513, 0, 0, 19.35%, 0, 32, 17, 111.97, 4291758, 518, 0, 0
36056, 49, 495, 513, 0, 0, 19.35%, 0, 32, 17, 139.75, 4292511, 518, 0, 0
36061, 49, 101, 513, 0, 0, 19.35%, 0, 32, 17, 106.80, 4292977, 518, 0, 0
36066, 49, 480, 513, 0, 0, 19.35%, 0, 32, 17, 133.19, 4293675, 518, 0, 0
36071, 49, 384, 513, 0, 0, 19.35%, 0, 32, 17, 127.66, 4294324, 518, 0, 0
36076, 49, 13, 513, 0, 0, 19.35%, 0, 32, 17, 122.77, 4294899, 518, 0, 0
36081, 49, 495, 513, 0, 0, 19.35%, 0, 32, 17, 116.98, 4295548, 518, 0, 0
36087, 49, 188, 513, 0, 0, 19.35%, 0, 32, 17, 128.65, 4296140, 518, 0, 0
36092, 49, 468, 513, 0, 0, 19.35%, 0, 32, 17, 151.67, 4296952, 518, 0, 0
36097, 49, 491, 513, 0, 0, 19.35%, 0, 32, 17, 146.21, 4297703, 518, 0, 0
36102, 49, 495, 513, 0, 0, 19.35%, 0, 32, 17, 113.48, 4298310, 518, 0, 0
36107, 49, 510, 513, 0, 0, 19.35%, 0, 32, 17, 130.14, 4298967, 518, 0, 0
36112, 49, 510, 513, 0, 0, 19.35%, 0, 32, 17, 133.79, 4299657, 518, 0, 0
36118, 49, 510, 513, 0, 0, 19.35%, 0, 32, 17, 136.55, 4300365, 518, 0, 0
36123, 49, 422, 513, 0, 0, 19.35%, 0, 32, 17, 147.74, 4301141, 518, 0, 0
36128, 49, 507, 513, 0, 0, 19.35%, 0, 32, 17, 136.06, 4301856, 518, 0, 0
36133, 49, 507, 513, 0, 0, 19.35%, 0, 32, 17, 128.98, 4302516, 518, 0, 0
36138, 49, 182, 513, 0, 0, 19.35%, 0, 32, 17, 138.83, 4303214, 518, 0, 0
36143, 49, 290, 513, 0, 0, 19.35%, 0, 32, 17, 156.70, 4304043, 518, 0, 0
36149, 49, 200, 513, 0, 0, 19.35%, 0, 32, 17, 160.48, 4304853, 518, 0, 0
36154, 49, 185, 513, 0, 0, 19.35%, 0, 32, 17, 156.35, 4305631, 518, 0, 0
36159, 49, 392, 513, 0, 0, 19.35%, 0, 32, 17, 153.09, 4306429, 518, 0, 0
36164, 50, 75, 513, 0, 0, 19.35%, 0, 32, 17, 158.62, 4307225, 518, 0, 0
36169, 50, 495, 513, 0, 0, 19.35%, 0, 32, 17, 127.44, 4307887, 518, 0, 0
36174, 50, 510, 513, 0, 0, 19.35%, 0, 32, 17, 124.46, 4308557, 518, 0, 0
36179, 50, 510, 513, 0, 0, 19.35%, 0, 32, 17, 122.20, 4309185, 518, 0, 0
36184, 50, 510, 513, 0, 0, 19.35%, 0, 32, 17, 119.93, 4309789, 518, 0, 0
36190, 50, 44, 513, 0, 0, 19.35%, 0, 32, 17, 145.97, 4310567, 518, 0, 0
36195, 50, 468, 513, 0, 0, 19.35%, 0, 32, 17, 149.79, 4311343, 518, 0, 0
36200, 50, 495, 513, 0, 0, 19.35%, 0, 32, 17, 126.24, 4312006, 518, 0, 0
36205, 50, 50, 513, 0, 0, 19.35%, 0, 32, 17, 129.65, 4312606, 518, 0, 0
36210, 50, 193, 513, 0, 0, 19.35%, 0, 32, 17, 91.87, 4312991, 518, 0, 0
36215, 50, 149, 513, 0, 0, 19.35%, 0, 32, 17, 143.00, 4313774, 518, 0, 0
36220, 50, 441, 513, 0, 0, 19.35%, 0, 32, 17, 154.77, 4314578, 518, 0, 0
36226, 50, 466, 513, 0, 0, 19.35%, 0, 32, 17, 159.32, 4315406, 518, 0, 0
36231, 50, 239, 513, 0, 0, 19.35%, 0, 32, 17, 143.89, 4316161, 518, 0, 0
36236, 50, 30, 513, 0, 0, 19.35%, 0, 32, 17, 147.46, 4316928, 518, 0, 0
36241, 50, 350, 513, 0, 0, 19.35%, 0, 32, 17, 146.58, 4317653, 518, 0, 0
36246, 50, 488, 513, 0, 0, 19.35%, 0, 32, 17, 155.20, 4318449, 518, 0, 0
36251, 50, 510, 513, 0, 0, 19.35%, 0, 32, 17, 149.47, 4319218, 518, 0, 0
36257, 50, 510, 513, 0, 0, 19.35%, 0, 32, 17, 151.82, 4319985, 518, 0, 0
36262, 50, 119, 513, 0, 0, 19.35%, 0, 32, 17, 151.04, 4320732, 518, 0, 0
36267, 50, 392, 513, 0, 0, 19.35%, 0, 32, 17, 146.94, 4321494, 518, 0, 0
36272, 50, 196, 513, 0, 0, 19.35%, 0, 32, 17, 151.72, 4322279, 518, 0, 0
36277, 50, 149, 513, 0, 0, 19.35%, 0, 32, 17, 149.49, 4323030, 518, 0, 0
36282, 50, 468, 513, 0, 0, 19.35%, 0, 32, 17, 140.24, 4323711, 518, 0, 0
36287, 50, 510, 513, 0, 0, 19.35%, 0, 32, 17, 150.75, 4324496, 518, 0, 0
36292, 50, 510, 513, 0, 0, 19.35%, 0, 32, 17, 131.64, 4325155, 518, 0, 0
36298, 50, 510, 513, 0, 0, 19.35%, 0, 32, 17, 127.34, 4325809, 518, 0, 0
36303, 50, 495, 513, 0, 0, 19.35%, 0, 32, 17, 113.60, 4326423, 518, 0, 0
36308, 50, 441, 513, 0, 0, 19.35%, 0, 32, 17, 109.70, 4326959, 518, 0, 0
36313, 50, 72, 513, 0, 0, 19.35%, 0, 32, 17, 147.49, 4327730, 518, 0, 0
36318, 50, 360, 513, 0, 0, 19.35%, 0, 32, 17, 145.13, 4328510, 518, 0, 0
36324, 50, 377, 513, 0, 0, 19.35%, 0, 32, 17, 146.19, 4329282, 518, 0, 0
36329, 50, 239, 513, 0, 0, 19.35%, 0, 32, 17, 153.03, 4330047, 518, 0, 0
36334, 50, 468, 513, 0, 0, 19.35%, 0, 32, 17, 147.05, 4330826, 518, 0, 0
36339, 50, 480, 513, 0, 0, 19.35%, 0, 32, 17, 145.64, 4331571, 518, 0, 0
36344, 50, 90, 513, 0, 0, 19.35%, 0, 32, 17, 148.58, 4332315, 518, 0, 0
36349, 50, 224, 513, 0, 0, 19.35%, 0, 32, 17, 150.83, 4333075, 518, 0, 0
36354, 50, 223, 513, 0, 0, 19.35%, 0, 32, 17, 153.74, 4333872, 518, 0, 0
36359, 50, 510, 513, 0, 0, 19.35%, 0, 32, 17, 153.85, 4334644, 518, 0, 0
36364, 50, 510, 513, 0, 0, 19.35%, 0, 32, 17, 153.40, 4335424, 518, 0, 0
36370, 50, 367, 513, 0, 0, 19.35%, 0, 32, 17, 146.08, 4336182, 518, 0, 0
36375, 50, 216, 513, 0, 0, 19.35%, 0, 32, 17, 154.21, 4336970, 518, 0, 0
36380, 50, 466, 513, 0, 0, 19.35%, 0, 32, 17, 149.91, 4337725, 518, 0, 0
36385, 50, 47, 513, 0, 0, 19.35%, 0, 32, 17, 156.72, 4338529, 518, 0, 0
36390, 50, 508, 513, 0, 0, 19.35%, 0, 32, 17, 140.36, 4339242, 518, 0, 0
36395, 50, 508, 513, 0, 0, 19.35%, 0, 32, 17, 116.33, 4339802, 518, 0, 0
36400, 50, 427, 513, 0, 0, 19.35%, 0, 32, 17, 144.21, 4340542, 518, 0, 0
36406, 50, 48, 513, 0, 0, 19.35%, 0, 32, 17, 148.24, 4341324, 518, 0, 0
36411, 50, 373, 513, 0, 0, 19.35%, 0, 32, 17, 142.37, 4342081, 518, 0, 0
36416, 50, 232, 513, 0, 0, 19.35%, 0, 32, 17, 139.52, 4342814, 518, 0, 0
36421, 50, 491, 513, 0, 0, 19.35%, 0, 32, 17, 146.80, 4343605, 518, 0, 0
36426, 50, 156, 513, 0, 0, 19.35%, 0, 32, 17, 144.56, 4344317, 518, 0, 0
36431, 50, 348, 513, 0, 0, 19.35%, 0, 32, 17, 149.22, 4345089, 518, 0, 0
36436, 50, 74, 513, 0, 0, 19.35%, 0, 32, 17, 149.90, 4345872, 518, 0, 0
36442, 50, 429, 513, 0, 0, 19.35%, 0, 32, 17, 143.92, 4346600, 518, 0, 0
36447, 50, 402, 513, 0, 0, 19.35%, 0, 32, 17, 139.89, 4347342, 518, 0, 0
36452, 50, 477, 513, 0, 0, 19.35%, 0, 32, 17, 142.73, 4348054, 518, 0, 0
36457, 50, 28, 513, 0, 0, 19.35%, 0, 32, 17, 144.72, 4348820, 518, 0, 0
36462, 50, 29, 513, 0, 0, 19.35%, 0, 32, 17, 146.12, 4349564, 518, 0, 0
36467, 50, 176, 513, 0, 0, 19.35%, 0, 32, 17, 150.77, 4350333, 518, 0, 0
36472, 50, 153, 513, 0, 0, 19.35%, 0, 32, 17, 142.54, 4351026, 518, 0, 0
36477, 50, 480, 513, 0, 0, 19.35%, 0, 32, 17, 147.29, 4351797, 518, 0, 0
36482, 50, 58, 513, 0, 0, 19.35%, 0, 32, 17, 157.09, 4352591, 518, 0, 0
36488, 50, 392, 513, 0, 0, 19.35%, 0, 32, 17, 154.09, 4353393, 518, 0, 0
36493, 50, 114, 513, 0, 0, 19.35%, 0, 32, 17, 152.84, 4354138, 518, 0, 0
36498, 50, 238, 513, 0, 0, 19.35%, 0, 32, 17, 142.31, 4354842, 518, 0, 0
36503, 50, 194, 513, 0, 0, 19.35%, 0, 32, 17, 148.08, 4355593, 518, 0, 0
36508, 50, 360, 513, 0, 0, 19.35%, 0, 32, 17, 140.11, 4356263, 518, 0, 0
36513, 50, 50, 513, 0, 0, 19.35%, 0, 32, 17, 154.85, 4357076, 518, 0, 0
36518, 50, 285, 513, 0, 0, 19.35%, 0, 32, 17, 158.12, 4357866, 518, 0, 0
36523, 50, 199, 513, 0, 0, 19.35%, 0, 32, 17, 141.01, 4358586, 518, 0, 0
36528, 50, 495, 513, 0, 0, 19.35%, 0, 32, 17, 108.22, 4359138, 518, 0, 0
36534, 50, 362, 513, 0, 0, 19.35%, 0, 32, 17, 142.03, 4359868, 518, 0, 0
36539, 50, 377, 513, 0, 0, 19.35%, 0, 32, 17, 148.04, 4360636, 518, 0, 0
36544, 50, 383, 513, 0, 0, 19.35%, 0, 32, 17, 146.23, 4361376, 518, 0, 0
36549, 50, 468, 513, 0, 0, 19.35%, 0, 32, 17, 141.98, 4362098, 518, 0, 0
36554, 50, 495, 513, 0, 0, 19.35%, 0, 32, 17, 123.39, 4362769, 518, 0, 0
36559, 50, 466, 513, 0, 0, 19.35%, 0, 32, 17, 148.89, 4363542, 518, 0, 0
36564, 50, 36, 513, 0, 0, 19.35%, 0, 32, 17, 155.64, 4364327, 518, 0, 0
36569, 50, 392, 513, 0, 0, 19.35%, 0, 32, 17, 146.71, 4365050, 518, 0, 0
36574, 50, 170, 513, 0, 0, 19.35%, 0, 32, 17, 157.67, 4365868, 518, 0, 0
36579, 50, 194, 513, 0, 0, 19.35%, 0, 32, 17, 161.65, 4366703, 518, 0, 0
36584, 50, 392, 513, 0, 0, 19.35%, 0, 32, 17, 153.82, 4367470, 518, 0, 0
36589, 50, 367, 513, 0, 0, 19.35%, 0, 32, 17, 155.02, 4368238, 518, 0, 0
36595, 50, 429, 513, 0, 0, 19.35%, 0, 32, 17, 154.77, 4369046, 518, 0, 0
36600, 50, 360, 513, 0, 0, 19.35%, 0, 32, 17, 156.59, 4369810, 518, 0, 0
36605, 50, 392, 513, 0, 0, 19.35%, 0, 32, 17, 146.57, 4370539, 518, 0, 0
36610, 50, 406, 513, 0, 0, 19.35%, 0, 32, 17, 140.21, 4371276, 518, 0, 0
36615, 50, 468, 513, 0, 0, 19.35%, 0, 32, 17, 138.48, 4371982, 518, 0, 0
36620, 50, 25, 513, 0, 0, 19.35%, 0, 32, 17, 149.39, 4372757, 518, 0, 0
36625, 50, 495, 513, 0, 0, 19.35%, 0, 32, 17, 108.03, 4373295, 518, 0, 0
36630, 50, 429, 513, 0, 0, 19.35%, 0, 32, 17, 134.99, 4374007, 518, 0, 0
36635, 50, 495, 513, 0, 0, 19.35%, 0, 32, 17, 114.36, 4374617, 518, 0, 0
36641, 50, 495, 513, 0, 0, 19.35%, 0, 32, 17, 98.27, 4375099, 518, 0, 0
36646, 50, 238, 513, 0, 0, 19.35%, 0, 32, 17, 143.17, 4375849, 518, 0, 0
36651, 50, 195, 513, 0, 0, 19.35%, 0, 32, 17, 158.70, 4376685, 518, 0, 0
36656, 50, 188, 513, 0, 0, 19.35%, 0, 32, 17, 159.37, 4377521, 518, 0, 0
36661, 50, 480, 513, 0, 0, 19.35%, 0, 32, 17, 153.42, 4378320, 518, 0, 0
36667, 50, 446, 513, 0, 0, 19.35%, 0, 32, 17, 152.35, 4379105, 518, 0, 0
36672, 50, 343, 513, 0, 0, 19.35%, 0, 32, 17, 143.36, 4379777, 518, 0, 0
36677, 50, 36, 513, 0, 0, 19.35%, 0, 32, 17, 130.77, 4380435, 518, 0, 0
36682, 50, 153, 513, 0, 0, 19.35%, 0, 32, 17, 147.44, 4381175, 518, 0, 0
36687, 50, 356, 513, 0, 0, 19.35%, 0, 32, 17, 157.95, 4382006, 518, 0, 0
36692, 50, 486, 513, 0, 0, 19.35%, 0, 32, 17, 158.11, 4382817, 518, 0, 0
36697, 50, 478, 513, 0, 0, 19.35%, 0, 32, 17, 155.50, 4383613, 518, 0, 0
36702, 50, 210, 513, 0, 0, 19.35%, 0, 32, 17, 150.69, 4384361, 518, 0, 0
36707, 50, 29, 513, 0, 0, 19.35%, 0, 32, 17, 150.13, 4385108, 518, 0, 0
36712, 50, 486, 513, 0, 0, 19.35%, 0, 32, 17, 155.66, 4385903, 518, 0, 0
36718, 50, 392, 513, 0, 0, 19.35%, 0, 32, 17, 154.24, 4386691, 518, 0, 0
36723, 51, 422, 513, 0, 0, 19.35%, 0, 32, 17, 145.60, 4387438, 518, 0, 0
36728, 51, 72, 513, 0, 0, 19.35%, 0, 32, 17, 151.03, 4388196, 518, 0, 0
36733, 51, 495, 513, 0, 0, 19.35%, 0, 32, 17, 136.74, 4388916, 518, 0, 0
36738, 51, 94, 513, 0, 0, 19.35%, 0, 32, 17, 114.69, 4389415, 518, 0, 0
36743, 51, 47, 513, 0, 0, 19.35%, 0, 32, 17, 152.96, 4390239, 518, 0, 0
36748, 51, 468, 513, 0, 0, 19.35%, 0, 32, 17, 142.86, 4390971, 518, 0, 0
36753, 51, 49, 513, 0, 0, 19.35%, 0, 32, 17, 150.85, 4391751, 518, 0, 0
36758, 51, 507, 513, 0, 0, 19.35%, 0, 32, 17, 142.89, 4392477, 518, 0, 0
36764, 51, 507, 513, 0, 0, 19.35%, 0, 32, 17, 137.45, 4393183, 518, 0, 0
36769, 51, 216, 513, 0, 0, 19.35%, 0, 32, 17, 111.57, 4393695, 518, 0, 0
36774, 51, 45, 513, 0, 0, 19.35%, 0, 32, 17, 149.29, 4394509, 518, 0, 0
36779, 51, 49, 513, 0, 0, 19.35%, 0, 32, 17, 104.24, 4394981, 518, 0, 0
36784, 51, 497, 513, 0, 0, 19.35%, 0, 32, 17, 111.35, 4395629, 518, 0, 0
36789, 51, 72, 513, 0, 0, 19.35%, 0, 32, 17, 137.74, 4396335, 518, 0, 0
36794, 51, 113, 513, 0, 0, 19.35%, 0, 32, 17, 156.24, 4397171, 518, 0, 0
36799, 51, 429, 513, 0, 0, 19.35%, 0, 32, 17, 150.68, 4397921, 518, 0, 0
36804, 51, 510, 513, 0, 0, 19.35%, 0, 32, 17, 150.99, 4398674, 518, 0, 0
36809, 51, 510, 513, 0, 0, 19.35%, 0, 32, 17, 151.08, 4399433, 518, 0, 0
36814, 51, 468, 513, 0, 0, 19.35%, 0, 32, 17, 150.27, 4400198, 518, 0, 0
36820, 51, 495, 513, 0, 0, 19.35%, 0, 32, 17, 144.64, 4400977, 518, 0, 0
36825, 51, 243, 513, 0, 0, 19.35%, 0, 32, 17, 141.34, 4401644, 518, 0, 0
36830, 51, 149, 513, 0, 0, 19.35%, 0, 32, 17, 128.07, 4402274, 518, 0, 0
36835, 51, 333, 513, 0, 0, 19.35%, 0, 32, 17, 147.85, 4403067, 518, 0, 0
36840, 51, 168, 513, 0, 0, 19.35%, 0, 32, 17, 147.09, 4403836, 518, 0, 0
36845, 51, 496, 513, 0, 0, 19.35%, 0, 32, 17, 133.95, 4404536, 518, 0, 0
36850, 51, 384, 513, 0, 0, 19.35%, 0, 32, 17, 107.48, 4405018, 518, 0, 0
36855, 51, 69, 513, 0, 0, 19.35%, 0, 32, 17, 140.38, 4405747, 518, 0, 0
36861, 51, 429, 513, 0, 0, 19.35%, 0, 32, 17, 150.32, 4406536, 518, 0, 0
36866, 51, 185, 513, 0, 0, 19.35%, 0, 32, 17, 153.49, 4407328, 518, 0, 0
36871, 51, 429, 513, 0, 0, 19.35%, 0, 32, 17, 136.35, 4408000, 518, 0, 0
36876, 51, 429, 513, 0, 0, 19.35%, 0, 32, 17, 102.71, 4408472, 518, 0, 0
36881, 51, 429, 513, 0, 0, 19.35%, 0, 32, 17, 141.32, 4409250, 518, 0, 0
36886, 51, 480, 513, 0, 0, 19.35%, 0, 32, 17, 146.03, 4410015, 518, 0, 0
36891, 51, 357, 513, 0, 0, 19.35%, 0, 32, 17, 154.93, 4410818, 518, 0, 0
36896, 51, 392, 513, 0, 0, 19.35%, 0, 32, 17, 154.18, 4411603, 518, 0, 0
36901, 51, 302, 513, 0, 0, 19.35%, 0, 32, 17, 150.91, 4412364, 518, 0, 0
36907, 51, 224, 513, 0, 0, 19.35%, 0, 32, 17, 153.41, 4413165, 518, 0, 0
36912, 51, 45, 513, 0, 0, 19.35%, 0, 32, 17, 152.74, 4413936, 518, 0, 0
36917, 51, 422, 513, 0, 0, 19.35%, 0, 32, 17, 147.90, 4414674, 518, 0, 0
36922, 51, 468, 513, 0, 0, 19.35%, 0, 32, 17, 148.07, 4415433, 518, 0, 0
36927, 51, 27, 513, 0, 0, 19.35%, 0, 32, 17, 141.61, 4416146, 518, 0, 0
36932, 51, 47, 513, 0, 0, 19.35%, 0, 32, 17, 157.00, 4416978, 518, 0, 0
36937, 51, 239, 513, 0, 0, 19.35%, 0, 32, 17, 156.00, 4417771, 518, 0, 0
36942, 51, 422, 513, 0, 0, 19.35%, 0, 32, 17, 149.86, 4418518, 518, 0, 0
36947, 51, 486, 513, 0, 0, 19.35%, 0, 32, 17, 156.17, 4419324, 518, 0, 0
36953, 51, 420, 513, 0, 0, 19.35%, 0, 32, 17, 143.17, 4420062, 518, 0, 0
36958, 51, 486, 513, 0, 0, 19.35%, 0, 32, 17, 121.41, 4420654, 518, 0, 0
36963, 51, 324, 513, 0, 0, 19.35%, 0, 32, 17, 145.49, 4421440, 518, 0, 0
36968, 51, 30, 513, 0, 0, 19.35%, 0, 32, 17, 144.55, 4422192, 518, 0, 0
36973, 51, 93, 513, 0, 0, 19.35%, 0, 32, 17, 150.73, 4422993, 518, 0, 0
36978, 51, 322, 513, 0, 0, 19.35%, 0, 32, 17, 149.39, 4423777, 518, 0, 0
36984, 51, 384, 513, 0, 0, 19.35%, 0, 32, 17, 151.70, 4424591, 518, 0, 0
36989, 51, 422, 513, 0, 0, 19.35%, 0, 32, 17, 145.41, 4425309, 518, 0, 0
36994, 51, 366, 513, 0, 0, 19.35%, 0, 32, 17, 142.95, 4426031, 518, 0, 0
36999, 51, 480, 513, 0, 0, 19.35%, 0, 32, 17, 144.87, 4426775, 518, 0, 0
37004, 51, 114, 513, 0, 0, 19.35%, 0, 32, 17, 154.58, 4427567, 518, 0, 0
37009, 51, 156, 513, 0, 0, 19.35%, 0, 32, 17, 144.31, 4428260, 518, 0, 0
37014, 51, 410, 513, 0, 0, 19.35%, 0, 32, 17, 144.16, 4429001, 518, 0, 0
37019, 51, 441, 513, 0, 0, 19.35%, 0, 32, 17, 148.02, 4429736, 518, 0, 0
37024, 51, 466, 513, 0, 0, 19.35%, 0, 32, 17, 148.63, 4430485, 518, 0, 0
37029, 51, 305, 513, 0, 0, 19.35%, 0, 32, 17, 154.37, 4431295, 518, 0, 0
37034, 51, 493, 513, 0, 0, 19.35%, 0, 32, 17, 145.50, 4432042, 518, 0, 0
37040, 51, 480, 513, 0, 0, 19.35%, 0, 32, 17, 135.12, 4432675, 518, 0, 0
37045, 51, 114, 513, 0, 0, 19.35%, 0, 32, 17, 148.29, 4433443, 518, 0, 0
37050, 51, 510, 513, 0, 0, 19.35%, 0, 32, 17, 132.30, 4434115, 518, 0, 0
37055, 51, 510, 513, 0, 0, 19.35%, 0, 32, 17, 120.15, 4434697, 518, 0, 0
37060, 51, 510, 513, 0, 0, 19.35%, 0, 32, 17, 119.65, 4435299, 518, 0, 0
37065, 51, 188, 513, 0, 0, 19.35%, 0, 32, 17, 145.41, 4436069, 518, 0, 0
37070, 51, 156, 513, 0, 0, 19.35%, 0, 32, 17, 146.97, 4436820, 518, 0, 0
37075, 51, 491, 513, 0, 0, 19.35%, 0, 32, 17, 136.38, 4437503, 518, 0, 0
37080, 51, 429, 513, 0, 0, 19.35%, 0, 32, 17, 140.39, 4438227, 518, 0, 0
37085, 51, 238, 513, 0, 0, 19.35%, 0, 32, 17, 146.95, 4438981, 518, 0, 0
37091, 51, 305, 513, 0, 0, 19.35%, 0, 32, 17, 140.95, 4439707, 518, 0, 0
37096, 51, 159, 513, 0, 0, 19.35%, 0, 32, 17, 151.83, 4440498, 518, 0, 0
37101, 51, 216, 513, 0, 0, 19.35%, 0, 32, 17, 150.41, 4441249, 518, 0, 0
37106, 51, 501, 513, 0, 0, 19.35%, 0, 32, 17, 144.49, 4441983, 518, 0, 0
37111, 51, 264, 513, 0, 0, 19.35%, 0, 32, 17, 154.04, 4442785, 518, 0, 0
37116, 51, 486, 513, 0, 0, 19.35%, 0, 32, 17, 147.17, 4443524, 518, 0, 0
37121, 51, 193, 513, 0, 0, 19.35%, 0, 32, 17, 146.40, 4444266, 518, 0, 0
37127, 51, 368, 513, 0, 0, 19.35%, 0, 32, 17, 152.22, 4445049, 518, 0, 0
37132, 51, 170, 513, 0, 0, 19.35%, 0, 32, 17, 154.52, 4445818, 518, 0, 0
37137, 51, 69, 513, 0, 0, 19.35%, 0, 32, 17, 148.24, 4446585, 518, 0, 0
37142, 51, 353, 513, 0, 0, 19.35%, 0, 32, 17, 159.98, 4447420, 518, 0, 0
37147, 51, 360, 513, 0, 0, 19.35%, 0, 32, 17, 154.98, 4448215, 518, 0, 0
37152, 51, 149, 513, 0, 0, 19.35%, 0, 32, 17, 152.09, 4449008, 518, 0, 0
37157, 51, 429, 513, 0, 0, 19.35%, 0, 32, 17, 146.60, 4449781, 518, 0, 0
37163, 51, 423, 513, 0, 0, 19.35%, 0, 32, 17, 155.49, 4450567, 518, 0, 0
37168, 51, 422, 513, 0, 0, 19.35%, 0, 32, 17, 142.11, 4451283, 518, 0, 0
37173, 51, 47, 513, 0, 0, 19.35%, 0, 32, 17, 147.03, 4452066, 518, 0, 0
37178, 51, 45, 513, 0, 0, 19.35%, 0, 32, 17, 152.98, 4452865, 518, 0, 0
37183, 51, 491, 513, 0, 0, 19.35%, 0, 32, 17, 148.78, 4453655, 518, 0, 0
37188, 51, 32, 513, 0, 0, 19.35%, 0, 32, 17, 147.29, 4454381, 518, 0, 0
37193, 51, 429, 513, 0, 0, 19.35%, 0, 32, 17, 148.94, 4455155, 518, 0, 0
37199, 51, 429, 513, 0, 0, 19.35%, 0, 32, 17, 144.50, 4455897, 518, 0, 0
37204, 51, 480, 513, 0, 0, 19.35%, 0, 32, 17, 149.13, 4456662, 518, 0, 0
37209, 51, 1, 513, 0, 0, 19.35%, 0, 32, 17, 157.23, 4457461, 518, 0, 0
37214, 51, 480, 513, 0, 0, 19.35%, 0, 32, 17, 151.32, 4458230, 518, 0, 0
37219, 51, 392, 513, 0, 0, 19.35%, 0, 32, 17, 146.24, 4458971, 518, 0, 0
37224, 51, 188, 513, 0, 0, 19.35%, 0, 32, 17, 153.30, 4459726, 518, 0, 0
37229, 51, 368, 513, 0, 0, 19.35%, 0, 32, 17, 110.32, 4460489, 518, 0, 0
37234, 51, 473, 513, 0, 0, 19.35%, 0, 32, 17, 138.83, 4461276, 518, 0, 0
37240, 51, 495, 513, 0, 0, 19.35%, 0, 32, 17, 93.08, 4461656, 518, 0, 0
37245, 51, 337, 513, 0, 0, 19.35%, 0, 32, 17, 135.68, 4462368, 518, 0, 0
37250, 51, 200, 513, 0, 0, 19.35%, 0, 32, 17, 152.86, 4463163, 518, 0, 0
37255, 51, 486, 513, 0, 0, 19.35%, 0, 32, 17, 152.31, 4463935, 518, 0, 0
37260, 51, 495, 513, 0, 0, 19.35%, 0, 32, 17, 115.24, 4464509, 518, 0, 0
37265, 51, 398, 513, 0, 0, 19.35%, 0, 32, 17, 143.57, 4465272, 518, 0, 0
37270, 52, 97, 513, 0, 0, 19.35%, 0, 32, 17, 156.93, 4466082, 518, 0, 0
37275, 52, 429, 513, 0, 0, 19.35%, 0, 32, 17, 154.33, 4466867, 518, 0, 0
37281, 52, 159, 513, 0, 0, 19.35%, 0, 32, 17, 150.82, 4467649, 518, 0, 0
37286, 52, 201, 513, 0, 0, 19.35%, 0, 32, 17, 155.18, 4468456, 518, 0, 0
37291, 52, 239, 513, 0, 0, 19.35%, 0, 32, 17, 148.92, 4469202, 518, 0, 0
37296, 52, 337, 513, 0, 0, 19.35%, 0, 32, 17, 153.71, 4469970, 518, 0, 0
37301, 52, 343, 513, 0, 0, 19.35%, 0, 32, 17, 155.47, 4470751, 518, 0, 0
37306, 52, 115, 513, 0, 0, 19.35%, 0, 32, 17, 153.97, 4471515, 518, 0, 0
37311, 52, 49, 513, 0, 0, 19.35%, 0, 32, 17, 151.49, 4472273, 518, 0, 0
37316, 52, 25, 513, 0, 0, 19.35%, 0, 32, 17, 136.28, 4472939, 518, 0, 0
37321, 52, 115, 513, 0, 0, 19.35%, 0, 32, 17, 150.39, 4473734, 518, 0, 0
37326, 52, 286, 513, 0, 0, 19.35%, 0, 32, 17, 157.83, 4474549, 518, 0, 0
37331, 52, 472, 513, 0, 0, 19.35%, 0, 32, 17, 145.18, 4475308, 518, 0, 0
37336, 52, 478, 513, 0, 0, 19.35%, 0, 32, 17, 103.90, 4475721, 518, 0, 0
37341, 52, 429, 513, 0, 0, 19.35%, 0, 32, 17, 148.18, 4476418, 518, 0, 0
37347, 52, 422, 513, 0, 0, 19.35%, 0, 32, 17, 142.08, 4477159, 518, 0, 0
37352, 52, 478, 513, 0, 0, 19.35%, 0, 32, 17, 154.09, 4477960, 518, 0, 0
37357, 52, 39, 513, 0, 0, 19.35%, 0, 32, 17, 152.23, 4478715, 518, 0, 0
37362, 52, 495, 513, 0, 0, 19.35%, 0, 32, 17, 156.18, 4479543, 518, 0, 0
37367, 52, 174, 513, 0, 0, 19.35%, 0, 32, 17, 112.98, 4480022, 518, 0, 0
37372, 52, 468, 513, 0, 0, 19.35%, 0, 32, 17, 143.07, 4480793, 518, 0, 0
37377, 52, 102, 513, 0, 0, 19.35%, 0, 32, 17, 145.84, 4481545, 518, 0, 0
37382, 52, 488, 513, 0, 0, 19.35%, 0, 32, 17, 154.01, 4482353, 518, 0, 0
37387, 52, 392, 513, 0, 0, 19.35%, 0, 32, 17, 147.08, 4483077, 518, 0, 0
37392, 52, 3, 513, 0, 0, 19.35%, 0, 32, 17, 153.39, 4483843, 518, 0, 0
37397, 52, 50, 513, 0, 0, 19.35%, 0, 32, 17, 152.04, 4484598, 518, 0, 0
37403, 52, 480, 513, 0, 0, 19.35%, 0, 32, 17, 151.94, 4485373, 518, 0, 0
37408, 52, 159, 513, 0, 0, 19.35%, 0, 32, 17, 157.52, 4486193, 518, 0, 0
37413, 52, 422, 513, 0, 0, 19.35%, 0, 32, 17, 132.54, 4486831, 518, 0, 0
37418, 52, 156, 513, 0, 0, 19.35%, 0, 32, 17, 150.11, 4487613, 518, 0, 0
37423, 52, 67, 513, 0, 0, 19.35%, 0, 32, 17, 157.81, 4488439, 518, 0, 0
37428, 52, 5, 513, 0, 0, 19.35%, 0, 32, 17, 154.24, 4489215, 518, 0, 0
37433, 52, 93, 513, 0, 0, 19.35%, 0, 32, 17, 150.37, 4489986, 518, 0, 0
37439, 52, 488, 513, 0, 0, 19.35%, 0, 32, 17, 148.96, 4490771, 518, 0, 0
37444, 52, 495, 513, 0, 0, 19.35%, 0, 32, 17, 115.49, 4491364, 518, 0, 0
37449, 52, 156, 513, 0, 0, 19.35%, 0, 32, 17, 138.08, 4492045, 518, 0, 0
37454, 52, 495, 513, 0, 0, 19.35%, 0, 32, 17, 150.86, 4492837, 518, 0, 0
37459, 52, 372, 513, 0, 0, 19.35%, 0, 32, 17, 122.46, 4493417, 518, 0, 0
37464, 52, 30, 513, 0, 0, 19.35%, 0, 32, 17, 144.03, 4494167, 518, 0, 0
37469, 52, 154, 513, 0, 0, 19.35%, 0, 32, 17, 152.77, 4494946, 518, 0, 0
37475, 52, 374, 513, 0, 0, 19.35%, 0, 32, 17, 144.29, 4495714, 518, 0, 0
37480, 52, 495, 513, 0, 0, 19.35%, 0, 32, 17, 130.10, 4496371, 518, 0, 0
37485, 52, 197, 513, 0, 0, 19.35%, 0, 32, 17, 144.11, 4497100, 518, 0, 0
37490, 52, 343, 513, 0, 0, 19.35%, 0, 32, 17, 153.51, 4497896, 518, 0, 0
37495, 52, 360, 513, 0, 0, 19.35%, 0, 32, 17, 156.87, 4498697, 518, 0, 0
37500, 52, 509, 513, 0, 0, 19.35%, 0, 32, 17, 146.35, 4499447, 518, 0, 0
37506, 52, 509, 513, 0, 0, 19.35%, 0, 32, 17, 139.09, 4500161, 518, 0, 0
37511, 52, 31, 513, 0, 0, 19.35%, 0, 32, 17, 148.05, 4500916, 518, 0, 0
37516, 52, 392, 513, 0, 0, 19.35%, 0, 32, 17, 149.30, 4501679, 518, 0, 0
37521, 52, 480, 513, 0, 0, 19.35%, 0, 32, 17, 150.53, 4502435, 518, 0, 0
37526, 52, 495, 513, 0, 0, 19.35%, 0, 32, 17, 113.32, 4503014, 518, 0, 0
37531, 52, 47, 513, 0, 0, 19.35%, 0, 32, 17, 141.27, 4503727, 518, 0, 0
37536, 52, 486, 513, 0, 0, 19.35%, 0, 32, 17, 154.18, 4504509, 518, 0, 0
37541, 52, 392, 513, 0, 0, 19.35%, 0, 32, 17, 148.08, 4505257, 518, 0, 0
37546, 52, 466, 513, 0, 0, 19.35%, 0, 32, 17, 152.43, 4506022, 518, 0, 0
37552, 52, 495, 513, 0, 0, 19.35%, 0, 32, 17, 137.20, 4506734, 518, 0, 0
37557, 52, 429, 513, 0, 0, 19.35%, 0, 32, 17, 140.55, 4507451, 518, 0, 0
37562, 52, 495, 513, 0, 0, 19.35%, 0, 32, 17, 144.01, 4508210, 518, 0, 0
37567, 52, 93, 513, 0, 0, 19.35%, 0, 32, 17, 138.82, 4508880, 518, 0, 0
37572, 52, 480, 513, 0, 0, 19.35%, 0, 32, 17, 149.19, 4509670, 518, 0, 0
37577, 52, 468, 513, 0, 0, 19.35%, 0, 32, 17, 152.69, 4510467, 518, 0, 0
37582, 52, 469, 513, 0, 0, 19.35%, 0, 32, 17, 78.02, 4510829, 518, 0, 0
37587, 52, 392, 513, 0, 0, 19.35%, 0, 32, 17, 115.20, 4511391, 518, 0, 0
37593, 52, 278, 513, 0, 0, 19.35%, 0, 32, 17, 140.97, 4512165, 518, 0, 0
37598, 52, 216, 513, 0, 0, 19.35%, 0, 32, 17, 118.55, 4512733, 518, 0, 0
37603, 52, 495, 513, 0, 0, 19.35%, 0, 32, 17, 131.61, 4513469, 518, 0, 0
37608, 52, 72, 513, 0, 0, 19.35%, 0, 32, 17, 108.59, 4513951, 518, 0, 0
37613, 52, 135, 513, 0, 0, 19.35%, 0, 32, 17, 149.80, 4514772, 518, 0, 0
37618, 52, 444, 513, 0, 0, 19.35%, 0, 32, 17, 150.82, 4515563, 518, 0, 0
37624, 52, 392, 513, 0, 0, 19.35%, 0, 32, 17, 150.96, 4516340, 518, 0, 0
37629, 52, 471, 513, 0, 0, 19.35%, 0, 32, 17, 137.78, 4517041, 518, 0, 0
37634, 52, 392, 513, 0, 0, 19.35%, 0, 32, 17, 103.16, 4517435, 518, 0, 0
37639, 52, 107, 513, 0, 0, 19.35%, 0, 32, 17, 141.33, 4518212, 518, 0, 0
37644, 52, 40, 513, 0, 0, 19.35%, 0, 32, 17, 143.38, 4518976, 518, 0, 0
37649, 52, 31, 513, 0, 0, 19.35%, 0, 32, 17, 153.22, 4519761, 518, 0, 0
37655, 52, 343, 513, 0, 0, 19.35%, 0, 32, 17, 150.91, 4520524, 518, 0, 0
37660, 52, 429, 513, 0, 0, 19.35%, 0, 32, 17, 158.22, 4521355, 518, 0, 0
37665, 52, 468, 513, 0, 0, 19.35%, 0, 32, 17, 152.08, 4522130, 518, 0, 0
37670, 52, 392, 513, 0, 0, 19.35%, 0, 32, 17, 147.58, 4522889, 518, 0, 0
37675, 52, 392, 513, 0, 0, 19.35%, 0, 32, 17, 136.63, 4523582, 518, 0, 0
37680, 52, 216, 513, 0, 0, 19.35%, 0, 32, 17, 151.69, 4524365, 518, 0, 0
37685, 52, 180, 513, 0, 0, 19.35%, 0, 32, 17, 156.11, 4525155, 518, 0, 0
37690, 52, 416, 513, 0, 0, 19.35%, 0, 32, 17, 149.56, 4525900, 518, 0, 0
37695, 52, 422, 513, 0, 0, 19.35%, 0, 32, 17, 144.84, 4526648, 518, 0, 0
37701, 52, 392, 513, 0, 0, 19.35%, 0, 32, 17, 147.52, 4527405, 518, 0, 0
37706, 52, 224, 513, 0, 0, 19.35%, 0, 32, 17, 151.76, 4528177, 518, 0, 0
37711, 52, 47, 513, 0, 0, 19.35%, 0, 32, 17, 146.03, 4528906, 518, 0, 0
37716, 52, 479, 513, 0, 0, 19.35%, 0, 32, 17, 152.60, 4529695, 518, 0, 0
37721, 52, 468, 513, 0, 0, 19.35%, 0, 32, 17, 154.81, 4530508, 518, 0, 0
37726, 52, 93, 513, 0, 0, 19.35%, 0, 32, 17, 154.09, 4531297, 518, 0, 0
37731, 52, 466, 513, 0, 0, 19.35%, 0, 32, 17, 155.25, 4532064, 518, 0, 0
37736, 52, 280, 513, 0, 0, 19.35%, 0, 32, 17, 148.81, 4532817, 518, 0, 0
37741, 52, 392, 513, 0, 0, 19.35%, 0, 32, 17, 153.01, 4533594, 518, 0, 0
37746, 52, 495, 513, 0, 0, 19.35%, 0, 32, 17, 144.68, 4534334, 518, 0, 0
37751, 52, 44, 513, 0, 0, 19.35%, 0, 32, 17, 115.13, 4534828, 518, 0, 0
37757, 52, 149, 513, 0, 0, 19.35%, 0, 32, 17, 152.02, 4535668, 518, 0, 0
37762, 52, 392, 513, 0, 0, 19.35%, 0, 32, 17, 148.46, 4536425, 518, 0, 0
37767, 52, 495, 513, 0, 0, 19.35%, 0, 32, 17, 112.42, 4536998, 518, 0, 0
37772, 52, 495, 513, 0, 0, 19.35%, 0, 32, 17, 135.16, 4537691, 518, 0, 0
37777, 52, 343, 513, 0, 0, 19.35%, 0, 32, 17, 105.47, 4538155, 518, 0, 0
37782, 52, 495, 513, 0, 0, 19.35%, 0, 32, 17, 116.28, 4538807, 518, 0, 0
37787, 52, 429, 513, 0, 0, 19.35%, 0, 32, 17, 140.06, 4539538, 518, 0, 0
37792, 52, 497, 513, 0, 0, 19.35%, 0, 32, 17, 111.36, 4540145, 518, 0, 0
37797, 52, 495, 513, 0, 0, 19.35%, 0, 32, 17, 109.09, 4540673, 518, 0, 0
37803, 52, 484, 513, 0, 0, 19.35%, 0, 32, 17, 143.21, 4541443, 518, 0, 0
37808, 52, 369, 513, 0, 0, 19.35%, 0, 32, 17, 148.62, 4542206, 518, 0, 0
37813, 52, 10, 513, 0, 0, 19.35%, 0, 32, 17, 151.79, 4542985, 518, 0, 0
37818, 53, 491, 513, 0, 0, 19.35%, 0, 32, 17, 137.11, 4543662, 518, 0, 0
37823, 53, 2, 513, 0, 0, 19.35%, 0, 32, 17, 148.20, 4544430, 518, 0, 0
37828, 53, 49, 513, 0, 0, 19.35%, 0, 32, 17, 149.82, 4545202, 518, 0, 0
37833, 53, 67, 513, 0, 0, 19.35%, 0, 32, 17, 156.25, 4546024, 518, 0, 0
37838, 53, 468, 513, 0, 0, 19.35%, 0, 32, 17, 147.60, 4546766, 518, 0, 0
37843, 53, 40, 513, 0, 0, 19.35%, 0, 32, 17, 153.21, 4547552, 518, 0, 0
37849, 53, 392, 513, 0, 0, 19.35%, 0, 32, 17, 153.42, 4548336, 518, 0, 0
37854, 53, 48, 513, 0, 0, 19.35%, 0, 32, 17, 147.97, 4549092, 518, 0, 0
37859, 53, 114, 513, 0, 0, 19.35%, 0, 32, 17, 151.51, 4549888, 518, 0, 0
37864, 53, 49, 513, 0, 0, 19.35%, 0, 32, 17, 154.24, 4550691, 518, 0, 0
37869, 53, 224, 513, 0, 0, 19.35%, 0, 32, 17, 153.01, 4551459, 518, 0, 0
37874, 53, 495, 513, 0, 0, 19.35%, 0, 32, 17, 117.22, 4552032, 518, 0, 0
37879, 53, 417, 513, 0, 0, 19.35%, 0, 32, 17, 145.74, 4552821, 518, 0, 0
37884, 53, 489, 513, 0, 0, 19.35%, 0, 32, 17, 147.96, 4553576, 518, 0, 0
37889, 53, 495, 513, 0, 0, 19.35%, 0, 32, 17, 109.15, 4554117, 518, 0, 0
37895, 53, 507, 513, 0, 0, 19.35%, 0, 32, 17, 126.19, 4554796, 518, 0, 0
37900, 53, 507, 513, 0, 0, 19.35%, 0, 32, 17, 119.94, 4555412, 518, 0, 0
37905, 53, 106, 513, 0, 0, 19.35%, 0, 32, 17, 138.29, 4556105, 518, 0, 0
37910, 53, 204, 513, 0, 0, 19.35%, 0, 32, 17, 151.95, 4556909, 518, 0, 0
37915, 53, 333, 513, 0, 0, 19.35%, 0, 32, 17, 155.87, 4557728, 518, 0, 0
37920, 53, 443, 513, 0, 0, 19.35%, 0, 32, 17, 150.78, 4558480, 518, 0, 0
37925, 53, 171, 513, 0, 0, 19.35%, 0, 32, 17, 135.35, 4559132, 518, 0, 0
37930, 53, 316, 513, 0, 0, 19.35%, 0, 32, 17, 137.93, 4559880, 518, 0, 0
37936, 53, 97, 513, 0, 0, 19.35%, 0, 32, 17, 142.49, 4560590, 518, 0, 0
37941, 53, 479, 513, 0, 0, 19.35%, 0, 32, 17, 142.37, 4561285, 518, 0, 0
37946, 53, 9, 513, 0, 0, 19.35%, 0, 32, 17, 143.09, 4561976, 518, 0, 0
37951, 53, 468, 513, 0, 0, 19.35%, 0, 32, 17, 146.50, 4562743, 518, 0, 0
37956, 53, 196, 513, 0, 0, 19.35%, 0, 32, 17, 150.19, 4563534, 518, 0, 0
37961, 53, 115, 513, 0, 0, 19.35%, 0, 32, 17, 154.16, 4564320, 518, 0, 0
37966, 53, 468, 513, 0, 0, 19.35%, 0, 32, 17, 147.51, 4565091, 518, 0, 0
37972, 53, 400, 513, 0, 0, 19.35%, 0, 32, 17, 151.36, 4565867, 518, 0, 0
37977, 53, 352, 513, 0, 0, 19.35%, 0, 32, 17, 152.87, 4566644, 518, 0, 0
37982, 53, 288, 513, 0, 0, 19.35%, 0, 32, 17, 146.72, 4567377, 518, 0, 0
37987, 53, 168, 513, 0, 0, 19.35%, 0, 32, 17, 155.32, 4568166, 518, 0, 0
37992, 53, 360, 513, 0, 0, 19.35%, 0, 32, 17, 155.03, 4568967, 518, 0, 0
37997, 53, 510, 513, 0, 0, 19.35%, 0, 32, 17, 137.35, 4569680, 518, 0, 0
38002, 53, 510, 513, 0, 0, 19.35%, 0, 32, 17, 127.79, 4570318, 518, 0, 0
38007, 53, 510, 513, 0, 0, 19.35%, 0, 32, 17, 126.89, 4570952, 518, 0, 0
38012, 53, 44, 513, 0, 0, 19.35%, 0, 32, 17, 141.83, 4571710, 518, 0, 0
38017, 53, 495, 513, 0, 0, 19.35%, 0, 32, 17, 113.01, 4572280, 518, 0, 0
38023, 53, 378, 513, 0, 0, 19.35%, 0, 32, 17, 121.84, 4572920, 518, 0, 0
38028, 53, 491, 513, 0, 0, 19.35%, 0, 32, 17, 127.19, 4573596, 518, 0, 0
38033, 53, 510, 513, 0, 0, 19.35%, 0, 32, 17, 143.17, 4574308, 518, 0, 0
38038, 53, 510, 513, 0, 0, 19.35%, 0, 32, 17, 138.29, 4575012, 518, 0, 0
38043, 53, 510, 513, 0, 0, 19.35%, 0, 32, 17, 136.67, 4575718, 518, 0, 0
38048, 53, 33, 513, 0, 0, 19.35%, 0, 32, 17, 151.42, 4576501, 518, 0, 0
38053, 53, 45, 513, 0, 0, 19.35%, 0, 32, 17, 160.58, 4577321, 518, 0, 0
38058, 53, 491, 513, 0, 0, 19.35%, 0, 32, 17, 149.23, 4578065, 518, 0, 0
38063, 53, 371, 513, 0, 0, 19.35%, 0, 32, 17, 146.46, 4578833, 518, 0, 0
38069, 53, 466, 513, 0, 0, 19.35%, 0, 32, 17, 154.25, 4579649, 518, 0, 0
38074, 53, 478, 513, 0, 0, 19.35%, 0, 32, 17, 142.09, 4580359, 518, 0, 0
38079, 53, 466, 513, 0, 0, 19.35%, 0, 32, 17, 152.59, 4581145, 518, 0, 0
38084, 53, 422, 513, 0, 0, 19.35%, 0, 32, 17, 144.64, 4581893, 518, 0, 0
38089, 53, 238, 513, 0, 0, 19.35%, 0, 32, 17, 148.16, 4582645, 518, 0, 0
38094, 53, 422, 513, 0, 0, 19.35%, 0, 32, 17, 149.82, 4583422, 518, 0, 0
38099, 53, 291, 513, 0, 0, 19.35%, 0, 32, 17, 151.61, 4584183, 518, 0, 0
38104, 53, 495, 513, 0, 0, 19.35%, 0, 32, 17, 114.02, 4584748, 518, 0, 0
38110, 53, 441, 513, 0, 0, 19.35%, 0, 32, 17, 145.13, 4585497, 518, 0, 0
38115, 53, 429, 513, 0, 0, 19.35%, 0, 32, 17, 149.44, 4586240, 518, 0, 0
38120, 53, 80, 513, 0, 0, 19.35%, 0, 32, 17, 148.77, 4587008, 518, 0, 0
38125, 53, 388, 513, 0, 0, 19.35%, 0, 32, 17, 151.87, 4587810, 518, 0, 0
38130, 53, 40, 513, 0, 0, 19.35%, 0, 32, 17, 129.51, 4588439, 518, 0, 0
38135, 53, 36, 513, 0, 0, 19.35%, 0, 32, 17, 149.64, 4589213, 518, 0, 0
38140, 53, 510, 513, 0, 0, 19.35%, 0, 32, 17, 154.87, 4590006, 518, 0, 0
38145, 53, 510, 513, 0, 0, 19.35%, 0, 32, 17, 153.35, 4590786, 518, 0, 0
38150, 53, 45, 513, 0, 0, 19.35%, 0, 32, 17, 149.60, 4591534, 518, 0, 0
38155, 53, 392, 513, 0, 0, 19.35%, 0, 32, 17, 151.08, 4592336, 518, 0, 0
38161, 53, 134, 513, 0, 0, 19.35%, 0, 32, 17, 155.18, 4593133, 518, 0, 0
38166, 53, 479, 513, 0, 0, 19.35%, 0, 32, 17, 143.54, 4593863, 518, 0, 0
38171, 53, 479, 513, 0, 0, 19.35%, 0, 32, 17, 147.80, 4594608, 518, 0, 0
38176, 53, 385, 513, 0, 0, 19.35%, 0, 32, 17, 147.27, 4595370, 518, 0, 0
38181, 53, 170, 513, 0, 0, 19.35%, 0, 32, 17, 154.18, 4596139, 518, 0, 0
38186, 53, 495, 513, 0, 0, 19.35%, 0, 32, 17, 118.57, 4596721, 518, 0, 0
38191, 53, 422, 513, 0, 0, 19.35%, 0, 32, 17, 140.03, 4597457, 518, 0, 0
38196, 53, 392, 513, 0, 0, 19.35%, 0, 32, 17, 141.76, 4598197, 518, 0, 0
38201, 53, 114, 513, 0, 0, 19.35%, 0, 32, 17, 153.38, 4598990, 518, 0, 0
38206, 53, 156, 513, 0, 0, 19.35%, 0, 32, 17, 129.92, 4599625, 518, 0, 0
38211, 53, 480, 513, 0, 0, 19.35%, 0, 32, 17, 148.01, 4600402, 518, 0, 0
38217, 53, 48, 513, 0, 0, 19.35%, 0, 32, 17, 136.42, 4601102, 518, 0, 0
38222, 53, 416, 513, 0, 0, 19.35%, 0, 32, 17, 148.14, 4601887, 518, 0, 0
38227, 53, 505, 513, 0, 0, 19.35%, 0, 32, 17, 114.76, 4602437, 518, 0, 0
38232, 53, 505, 513, 0, 0, 19.35%, 0, 32, 17, 105.11, 4602953, 518, 0, 0
38237, 53, 429, 513, 0, 0, 19.35%, 0, 32, 17, 121.64, 4603561, 518, 0, 0
38242, 53, 468, 513, 0, 0, 19.35%, 0, 32, 17, 146.70, 4604339, 518, 0, 0
38247, 53, 496, 513, 0, 0, 19.35%, 0, 32, 17, 122.46, 4604989, 518, 0, 0
38252, 53, 163, 513, 0, 0, 19.35%, 0, 32, 17, 123.11, 4605561, 518, 0, 0
38258, 53, 283, 513, 0, 0, 19.35%, 0, 32, 17, 143.75, 4606310, 518, 0, 0
38263, 53, 47, 513, 0, 0, 19.35%, 0, 32, 17, 144.41, 4607048, 518, 0, 0
38268, 53, 468, 513, 0, 0, 19.35%, 0, 32, 17, 148.79, 4607845, 518, 0, 0
38273, 53, 158, 513, 0, 0, 19.35%, 0, 32, 17, 134.48, 4608539, 518, 0, 0
38278, 53, 238, 513, 0, 0, 19.35%, 0, 32, 17, 133.55, 4609230, 518, 0, 0
38283, 53, 495, 513, 0, 0, 19.35%, 0, 32, 17, 134.61, 4609961, 518, 0, 0
38288, 53, 468, 513, 0, 0, 19.35%, 0, 32, 17, 121.85, 4610505, 518, 0, 0
38294, 53, 441, 513, 0, 0, 19.35%, 0, 32, 17, 142.12, 4611261, 518, 0, 0
38299, 53, 479, 513, 0, 0, 19.35%, 0, 32, 17, 142.50, 4611988, 518, 0, 0
38304, 53, 495, 513, 0, 0, 19.35%, 0, 32, 17, 123.07, 4612620, 518, 0, 0
38309, 53, 480, 513, 0, 0, 19.35%, 0, 32, 17, 130.86, 4613250, 518, 0, 0
38314, 53, 193, 513, 0, 0, 19.35%, 0, 32, 17, 151.53, 4614054, 518, 0, 0
38319, 53, 508, 513, 0, 0, 19.35%, 0, 32, 17, 102.71, 4614522, 518, 0, 0
38324, 53, 508, 513, 0, 0, 19.35%, 0, 32, 17, 90.14, 4614974, 518, 0, 0
38329, 53, 441, 513, 0, 0, 19.35%, 0, 32, 17, 114.06, 4615596, 518, 0, 0
38334, 53, 492, 513, 0, 0, 19.35%, 0, 32, 17, 138.12, 4616333, 518, 0, 0
38340, 53, 495, 513, 0, 0, 19.35%, 0, 32, 17, 138.22, 4617068, 518, 0, 0
38345, 53, 80, 513, 0, 0, 19.35%, 0, 32, 17, 125.09, 4617632, 518, 0, 0
38350, 53, 422, 513, 0, 0, 19.35%, 0, 32, 17, 148.29, 4618444, 518, 0, 0
38355, 53, 467, 513, 0, 0, 19.35%, 0, 32, 17, 136.88, 4619166, 518, 0, 0
38360, 53, 469, 513, 0, 0, 19.35%, 0, 32, 17, 76.92, 4619465, 518, 0, 0
38365, 53, 69, 513, 0, 0, 19.35%, 0, 32, 17, 93.58, 4619847, 518, 0, 0
38370, 53, 384, 513, 0, 0, 19.35%, 0, 32, 17, 142.61, 4620505, 518, 0, 0
38376, 53, 216, 513, 0, 0, 19.35%, 0, 32, 17, 153.51, 4621305, 518, 0, 0
38381, 53, 422, 513, 0, 0, 19.35%, 0, 32, 17, 148.63, 4622048, 518, 0, 0
38386, 53, 509, 513, 0, 0, 19.35%, 0, 32, 17, 147.32, 4622813, 518, 0, 0
38391, 53, 509, 513, 0, 0, 19.35%, 0, 32, 17, 140.17, 4623525, 518, 0, 0
38396, 53, 3, 513, 0, 0, 19.35%, 0, 32, 17, 147.08, 4624280, 518, 0, 0
38401, 53, 429, 513, 0, 0, 19.35%, 0, 32, 17, 151.07, 4625082, 518, 0, 0
38406, 53, 392, 513, 0, 0, 19.35%, 0, 32, 17, 149.67, 4625840, 518, 0, 0
38411, 53, 429, 513, 0, 0, 19.35%, 0, 32, 17, 147.73, 4626588, 518, 0, 0
38417, 53, 67, 513, 0, 0, 19.35%, 0, 32, 17, 148.84, 4627354, 518, 0, 0
38422, 54, 337, 513, 0, 0, 19.35%, 0, 32, 17, 146.92, 4628114, 518, 0, 0
38427, 54, 200, 513, 0, 0, 19.35%, 0, 32, 17, 156.77, 4628915, 518, 0, 0
38432, 54, 510, 513, 0, 0, 19.35%, 0, 32, 17, 128.63, 4629533, 518, 0, 0
38437, 54, 510, 513, 0, 0, 19.35%, 0, 32, 17, 122.16, 4630139, 518, 0, 0
38442, 54, 480, 513, 0, 0, 19.35%, 0, 32, 17, 132.67, 4630811, 518, 0, 0
38447, 54, 225, 513, 0, 0, 19.35%, 0, 32, 17, 146.94, 4631595, 518, 0, 0
38452, 54, 495, 513, 0, 0, 19.35%, 0, 32, 17, 101.13, 4632057, 518, 0, 0
38457, 54, 468, 513, 0, 0, 19.35%, 0, 32, 17, 132.38, 4632784, 518, 0, 0
38462, 54, 429, 513, 0, 0, 19.35%, 0, 32, 17, 147.70, 4633568, 518, 0, 0
38467, 54, 159, 513, 0, 0, 19.35%, 0, 32, 17, 116.02, 4634059, 518, 0, 0
38473, 54, 384, 513, 0, 0, 19.35%, 0, 32, 17, 126.33, 4634768, 518, 0, 0
38478, 54, 507, 513, 0, 0, 19.35%, 0, 32, 17, 134.44, 4635479, 518, 0, 0
38483, 54, 507, 513, 0, 0, 19.35%, 0, 32, 17, 128.91, 4636115, 518, 0, 0
38488, 54, 3, 513, 0, 0, 19.35%, 0, 32, 17, 131.08, 4636781, 518, 0, 0
38493, 54, 422, 513, 0, 0, 19.35%, 0, 32, 17, 144.23, 4637555, 518, 0, 0
38498, 54, 495, 513, 0, 0, 19.35%, 0, 32, 17, 141.12, 4638295, 518, 0, 0
38503, 54, 168, 513, 0, 0, 19.35%, 0, 32, 17, 121.15, 4638817, 518, 0, 0
38508, 54, 397, 513, 0, 0, 19.35%, 0, 32, 17, 141.50, 4639588, 518, 0, 0
38513, 54, 480, 513, 0, 0, 19.35%, 0, 32, 17, 144.73, 4640328, 518, 0, 0
38519, 54, 378, 513, 0, 0, 19.35%, 0, 32, 17, 135.81, 4641056, 518, 0, 0
38524, 54, 495, 513, 0, 0, 19.35%, 0, 32, 17, 101.62, 4641538, 518, 0, 0
38529, 54, 52, 513, 0, 0, 19.35%, 0, 32, 17, 142.82, 4642310, 518, 0, 0
38534, 54, 285, 513, 0, 0, 19.35%, 0, 32, 17, 127.59, 4642926, 518, 0, 0
38539, 54, 480, 513, 0, 0, 19.35%, 0, 32, 17, 140.36, 4643670, 518, 0, 0
38544, 54, 429, 513, 0, 0, 19.35%, 0, 32, 17, 143.46, 4644419, 518, 0, 0
38549, 54, 71, 513, 0, 0, 19.35%, 0, 32, 17, 145.13, 4645169, 518, 0, 0
38554, 54, 185, 513, 0, 0, 19.35%, 0, 32, 17, 153.94, 4645974, 518, 0, 0
38559, 54, 239, 513, 0, 0, 19.35%, 0, 32, 17, 160.38, 4646782, 518, 0, 0
38565, 54, 468, 513, 0, 0, 19.35%, 0, 32, 17, 143.82, 4647517, 518, 0, 0
38570, 54, 343, 513, 0, 0, 19.35%, 0, 32, 17, 150.95, 4648287, 518, 0, 0
38575, 54, 417, 513, 0, 0, 19.35%, 0, 32, 17, 132.94, 4648944, 518, 0, 0
38580, 54, 422, 513, 0, 0, 19.35%, 0, 32, 17, 146.17, 4649718, 518, 0, 0
38585, 54, 497, 513, 0, 0, 19.35%, 0, 32, 17, 119.62, 4650371, 518, 0, 0
38590, 54, 471, 513, 0, 0, 19.35%, 0, 32, 17, 72.14, 4650707, 518, 0, 0
38596, 54, 510, 513, 0, 0, 19.35%, 0, 32, 17, 125.01, 4651342, 518, 0, 0
38601, 54, 510, 513, 0, 0, 19.35%, 0, 32, 17, 145.05, 4652118, 518, 0, 0
38606, 54, 80, 513, 0, 0, 19.35%, 0, 32, 17, 151.11, 4652883, 518, 0, 0
38611, 54, 392, 513, 0, 0, 19.35%, 0, 32, 17, 151.62, 4653660, 518, 0, 0
38616, 54, 392, 513, 0, 0, 19.35%, 0, 32, 17, 148.51, 4654424, 518, 0, 0
38621, 54, 97, 513, 0, 0, 19.35%, 0, 32, 17, 159.44, 4655244, 518, 0, 0
38626, 54, 410, 513, 0, 0, 19.35%, 0, 32, 17, 146.48, 4655979, 518, 0, 0
38631, 54, 185, 513, 0, 0, 19.35%, 0, 32, 17, 150.90, 4656751, 518, 0, 0
38637, 54, 168, 513, 0, 0, 19.35%, 0, 32, 17, 144.82, 4657495, 518, 0, 0
38642, 54, 510, 513, 0, 0, 19.35%, 0, 32, 17, 144.72, 4658247, 518, 0, 0
38647, 54, 510, 513, 0, 0, 19.35%, 0, 32, 17, 138.12, 4658959, 518, 0, 0
38652, 54, 224, 513, 0, 0, 19.35%, 0, 32, 17, 139.10, 4659669, 518, 0, 0
38657, 54, 74, 513, 0, 0, 19.35%, 0, 32, 17, 154.42, 4660486, 518, 0, 0
38662, 54, 392, 513, 0, 0, 19.35%, 0, 32, 17, 147.70, 4661227, 518, 0, 0
38667, 54, 497, 513, 0, 0, 19.35%, 0, 32, 17, 105.42, 4661729, 518, 0, 0
38672, 54, 495, 513, 0, 0, 19.35%, 0, 32, 17, 127.82, 4662438, 518, 0, 0
38677, 54, 468, 513, 0, 0, 19.35%, 0, 32, 17, 141.30, 4663124, 518, 0, 0
38683, 54, 468, 513, 0, 0, 19.35%, 0, 32, 17, 151.37, 4663903, 518, 0, 0
38688, 54, 406, 513, 0, 0, 19.35%, 0, 32, 17, 139.45, 4664616, 518, 0, 0
38693, 54, 441, 513, 0, 0, 19.35%, 0, 32, 17, 145.97, 4665373, 518, 0, 0
38698, 54, 360, 513, 0, 0, 19.35%, 0, 32, 17, 148.15, 4666118, 518, 0, 0
38703, 54, 275, 513, 0, 0, 19.35%, 0, 32, 17, 149.97, 4666890, 518, 0, 0
38708, 54, 422, 513, 0, 0, 19.35%, 0, 32, 17, 149.31, 4667663, 518, 0, 0
38713, 54, 200, 513, 0, 0, 19.35%, 0, 32, 17, 137.22, 4668386, 518, 0, 0
38719, 54, 491, 513, 0, 0, 19.35%, 0, 32, 17, 139.78, 4669125, 518, 0, 0
38724, 54, 360, 513, 0, 0, 19.35%, 0, 32, 17, 143.30, 4669863, 518, 0, 0
38729, 54, 479, 513, 0, 0, 19.35%, 0, 32, 17, 145.59, 4670635, 518, 0, 0
38734, 54, 422, 513, 0, 0, 19.35%, 0, 32, 17, 131.84, 4671254, 518, 0, 0
38739, 54, 187, 513, 0, 0, 19.35%, 0, 32, 17, 140.82, 4671998, 518, 0, 0
38744, 54, 495, 513, 0, 0, 19.35%, 0, 32, 17, 142.24, 4672767, 518, 0, 0
38749, 54, 45, 513, 0, 0, 19.35%, 0, 32, 17, 126.41, 4673328, 518, 0, 0
38754, 54, 343, 513, 0, 0, 19.35%, 0, 32, 17, 150.39, 4674120, 518, 0, 0
38760, 54, 115, 513, 0, 0, 19.35%, 0, 32, 17, 103.88, 4674616, 518, 0, 0
38765, 54, 306, 513, 0, 0, 19.35%, 0, 32, 17, 133.23, 4675372, 518, 0, 0
38770, 54, 97, 513, 0, 0, 19.35%, 0, 32, 17, 145.18, 4676107, 518, 0, 0
38775, 54, 412, 513, 0, 0, 19.35%, 0, 32, 17, 129.61, 4676728, 518, 0, 0
38780, 54, 495, 513, 0, 0, 19.35%, 0, 32, 17, 82.18, 4677191, 518, 0, 0
38785, 54, 260, 513, 0, 0, 19.35%, 0, 32, 17, 137.08, 4677928, 518, 0, 0
38790, 54, 468, 513, 0, 0, 19.35%, 0, 32, 17, 142.84, 4678666, 518, 0, 0
38795, 54, 93, 513, 0, 0, 19.35%, 0, 32, 17, 144.41, 4679382, 518, 0, 0
38801, 54, 397, 513, 0, 0, 19.35%, 0, 32, 17, 155.44, 4680208, 518, 0, 0
38806, 54, 506, 513, 0, 0, 19.35%, 0, 32, 17, 121.29, 4680823, 518, 0, 0
38811, 54, 506, 513, 0, 0, 19.35%, 0, 32, 17, 88.43, 4681220, 518, 0, 0
38816, 54, 429, 513, 0, 0, 19.35%, 0, 32, 17, 95.39, 4681682, 518, 0, 0
38821, 54, 391, 513, 0, 0, 19.35%, 0, 32, 17, 134.51, 4682439, 518, 0, 0
38826, 54, 495, 513, 0, 0, 19.35%, 0, 32, 17, 102.69, 4682935, 518, 0, 0
38831, 54, 468, 513, 0, 0, 19.35%, 0, 32, 17, 131.91, 4683632, 518, 0, 0
38836, 54, 194, 513, 0, 0, 19.35%, 0, 32, 17, 153.53, 4684442, 518, 0, 0
38841, 54, 392, 513, 0, 0, 19.35%, 0, 32, 17, 146.27, 4685186, 518, 0, 0
38847, 54, 388, 513, 0, 0, 19.35%, 0, 32, 17, 138.82, 4685925, 518, 0, 0
38852, 54, 429, 513, 0, 0, 19.35%, 0, 32, 17, 134.29, 4686592, 518, 0, 0
38857, 54, 27, 513, 0, 0, 19.35%, 0, 32, 17, 147.20, 4687327, 518, 0, 0
38862, 54, 495, 513, 0, 0, 19.35%, 0, 32, 17, 141.36, 4688100, 518, 0, 0
38867, 54, 488, 513, 0, 0, 19.35%, 0, 32, 17, 134.05, 4688711, 518, 0, 0
38872, 54, 5, 513, 0, 0, 19.35%, 0, 32, 17, 147.54, 4689483, 518, 0, 0
38877, 54, 261, 513, 0, 0, 19.35%, 0, 32, 17, 134.15, 4690125, 518, 0, 0
38883, 54, 495, 513, 0, 0, 19.35%, 0, 32, 17, 114.52, 4690771, 518, 0, 0
38888, 54, 161, 513, 0, 0, 19.35%, 0, 32, 17, 132.52, 4691441, 518, 0, 0
38893, 54, 46, 513, 0, 0, 19.35%, 0, 32, 17, 149.66, 4692237, 518, 0, 0
38898, 54, 239, 513, 0, 0, 19.35%, 0, 32, 17, 151.74, 4693047, 518, 0, 0
38903, 54, 495, 513, 0, 0, 19.35%, 0, 32, 17, 102.09, 4693521, 518, 0, 0
38908, 54, 392, 513, 0, 0, 19.35%, 0, 32, 17, 139.84, 4694302, 518, 0, 0
38913, 54, 31, 513, 0, 0, 19.35%, 0, 32, 17, 150.00, 4695053, 518, 0, 0
38919, 54, 374, 513, 0, 0, 19.35%, 0, 32, 17, 138.17, 4695793, 518, 0, 0
38924, 54, 373, 513, 0, 0, 19.35%, 0, 32, 17, 147.03, 4696565, 518, 0, 0
38929, 54, 495, 513, 0, 0, 19.35%, 0, 32, 17, 109.02, 4697111, 518, 0, 0
38934, 54, 476, 513, 0, 0, 19.35%, 0, 32, 17, 132.39, 4697765, 518, 0, 0
38939, 54, 495, 513, 0, 0, 19.35%, 0, 32, 17, 129.68, 4698483, 518, 0, 0
38944, 54, 40, 513, 0, 0, 19.35%, 0, 32, 17, 121.55, 4699023, 518, 0, 0
38949, 54, 196, 513, 0, 0, 19.35%, 0, 32, 17, 150.03, 4699814, 518, 0, 0
38954, 54, 238, 513, 0, 0, 19.35%, 0, 32, 17, 150.79, 4700582, 518, 0, 0
38960, 54, 486, 513, 0, 0, 19.35%, 0, 32, 17, 156.69, 4701404, 518, 0, 0
38965, 54, 395, 513, 0, 0, 19.35%, 0, 32, 17, 147.07, 4702170, 518, 0, 0
38970, 54, 368, 513, 0, 0, 19.35%, 0, 32, 17, 142.23, 4702885, 518, 0, 0
38975, 54, 507, 513, 0, 0, 19.35%, 0, 32, 17, 144.17, 4703621, 518, 0, 0
38980, 54, 507, 513, 0, 0, 19.35%, 0, 32, 17, 141.84, 4704345, 518, 0, 0
38985, 54, 206, 513, 0, 0, 19.35%, 0, 32, 17, 150.89, 4705126, 518, 0, 0
38990, 54, 392, 513, 0, 0, 19.35%, 0, 32, 17, 154.70, 4705936, 518, 0, 0
38996, 54, 404, 513, 0, 0, 19.35%, 0, 32, 17, 140.13, 4706657, 518, 0, 0
39001, 54, 377, 513, 0, 0, 19.35%, 0, 32, 17, 128.78, 4707324, 518, 0, 0
39006, 54, 44, 513, 0, 0, 19.35%, 0, 32, 17, 144.75, 4708039, 518, 0, 0
39011, 54, 180, 513, 0, 0, 19.35%, 0, 32, 17, 152.95, 4708834, 518, 0, 0
39016, 54, 168, 513, 0, 0, 19.35%, 0, 32, 17, 141.93, 4709512, 518, 0, 0
39021, 54, 419, 513, 0, 0, 19.35%, 0, 32, 17, 149.59, 4710247, 518, 0, 0
39026, 54, 464, 513, 0, 0, 19.35%, 0, 32, 17, 153.90, 4711028, 518, 0, 0
39031, 54, 153, 513, 0, 0, 19.35%, 0, 32, 17, 154.68, 4711813, 518, 0, 0
39036, 54, 480, 513, 0, 0, 19.35%, 0, 32, 17, 146.26, 4712542, 518, 0, 0
39041, 55, 31, 513, 0, 0, 19.35%, 0, 32, 17, 154.47, 4713350, 518, 0, 0
39047, 55, 367, 513, 0, 0, 19.35%, 0, 32, 17, 145.28, 4714109, 518, 0, 0
39052, 55, 285, 513, 0, 0, 19.35%, 0, 32, 17, 152.37, 4714878, 518, 0, 0
39057, 55, 88, 513, 0, 0, 19.35%, 0, 32, 17, 151.66, 4715655, 518, 0, 0
39062, 55, 495, 513, 0, 0, 19.35%, 0, 32, 17, 144.40, 4716407, 518, 0, 0
39067, 55, 193, 513, 0, 0, 19.35%, 0, 32, 17, 133.62, 4716996, 518, 0, 0
39072, 55, 422, 513, 0, 0, 19.35%, 0, 32, 17, 149.42, 4717788, 518, 0, 0
39077, 55, 69, 513, 0, 0, 19.35%, 0, 32, 17, 152.26, 4718566, 518, 0, 0
39082, 55, 486, 513, 0, 0, 19.35%, 0, 32, 17, 142.17, 4719275, 518, 0, 0
39087, 55, 25, 513, 0, 0, 19.35%, 0, 32, 17, 151.79, 4720075, 518, 0, 0
39092, 55, 80, 513, 0, 0, 19.35%, 0, 32, 17, 151.29, 4720840, 518, 0, 0
39097, 55, 392, 513, 0, 0, 19.35%, 0, 32, 17, 137.96, 4721548, 518, 0, 0
39103, 55, 441, 513, 0, 0, 19.35%, 0, 32, 17, 143.09, 4722295, 518, 0, 0
39108, 55, 479, 513, 0, 0, 19.35%, 0, 32, 17, 128.81, 4722952, 518, 0, 0
39113, 55, 392, 513, 0, 0, 19.35%, 0, 32, 17, 135.32, 4723651, 518, 0, 0
39118, 55, 170, 513, 0, 0, 19.35%, 0, 32, 17, 154.46, 4724424, 518, 0, 0
39123, 55, 307, 513, 0, 0, 19.35%, 0, 32, 17, 148.94, 4725199, 518, 0, 0
39128, 55, 339, 513, 0, 0, 19.35%, 0, 32, 17, 152.62, 4725986, 518, 0, 0
39133, 55, 439, 513, 0, 0, 19.35%, 0, 32, 17, 151.05, 4726738, 518, 0, 0
39139, 55, 134, 513, 0, 0, 19.35%, 0, 32, 17, 145.46, 4727458, 518, 0, 0
39144, 55, 285, 513, 0, 0, 19.35%, 0, 32, 17, 148.54, 4728221, 518, 0, 0
39149, 55, 495, 513, 0, 0, 19.35%, 0, 32, 17, 138.31, 4728927, 518, 0, 0
39154, 55, 367, 513, 0, 0, 19.35%, 0, 32, 17, 121.49, 4729480, 518, 0, 0
39159, 55, 429, 513, 0, 0, 19.35%, 0, 32, 17, 140.86, 4730243, 518, 0, 0
39164, 55, 67, 513, 0, 0, 19.35%, 0, 32, 17, 154.68, 4731067, 518, 0, 0
39169, 55, 49, 513, 0, 0, 19.35%, 0, 32, 17, 142.26, 4731766, 518, 0, 0
39174, 55, 507, 513, 0, 0, 19.35%, 0, 32, 17, 138.15, 4732494, 518, 0, 0
39179, 55, 507, 513, 0, 0, 19.35%, 0, 32, 17, 131.75, 4733140, 518, 0, 0
39185, 55, 194, 513, 0, 0, 19.35%, 0, 32, 17, 152.54, 4733942, 518, 0, 0
39190, 55, 89, 513, 0, 0, 19.35%, 0, 32, 17, 157.44, 4734748, 518, 0, 0
39195, 55, 153, 513, 0, 0, 19.35%, 0, 32, 17, 155.51, 4735542, 518, 0, 0
39200, 55, 201, 513, 0, 0, 19.35%, 0, 32, 17, 158.14, 4736358, 518, 0, 0
39205, 55, 478, 513, 0, 0, 19.35%, 0, 32, 17, 127.94, 4736998, 518, 0, 0
39210, 55, 360, 513, 0, 0, 19.35%, 0, 32, 17, 141.03, 4737684, 518, 0, 0
39215, 55, 468, 513, 0, 0, 19.35%, 0, 32, 17, 148.60, 4738476, 518, 0, 0
39221, 55, 280, 513, 0, 0, 19.35%, 0, 32, 17, 151.64, 4739254, 518, 0, 0
39226, 55, 478, 513, 0, 0, 19.35%, 0, 32, 17, 155.82, 4740024, 518, 0, 0
39231, 55, 153, 513, 0, 0, 19.35%, 0, 32, 17, 151.04, 4740801, 518, 0, 0
39236, 55, 285, 513, 0, 0, 19.35%, 0, 32, 17, 145.19, 4741539, 518, 0, 0
39241, 55, 495, 513, 0, 0, 19.35%, 0, 32, 17, 102.80, 4742037, 518, 0, 0
39246, 55, 495, 513, 0, 0, 19.35%, 0, 32, 17, 109.78, 4742655, 518, 0, 0
39251, 55, 349, 513, 0, 0, 19.35%, 0, 32, 17, 133.87, 4743301, 518, 0, 0
39256, 55, 467, 513, 0, 0, 19.35%, 0, 32, 17, 130.85, 4744015, 518, 0, 0
39262, 55, 429, 513, 0, 0, 19.35%, 0, 32, 17, 120.12, 4744532, 518, 0, 0
39267, 55, 466, 513, 0, 0, 19.35%, 0, 32, 17, 152.28, 4745355, 518, 0, 0
39272, 55, 149, 513, 0, 0, 19.35%, 0, 32, 17, 105.75, 4745828, 518, 0, 0
39277, 55, 114, 513, 0, 0, 19.35%, 0, 32, 17, 146.09, 4746628, 518, 0, 0
39282, 55, 360, 513, 0, 0, 19.35%, 0, 32, 17, 154.69, 4747426, 518, 0, 0
39287, 55, 287, 513, 0, 0, 19.35%, 0, 32, 17, 143.44, 4748148, 518, 0, 0
39292, 55, 343, 513, 0, 0, 19.35%, 0, 32, 17, 155.81, 4748950, 518, 0, 0
39297, 55, 431, 513, 0, 0, 19.35%, 0, 32, 17, 154.91, 4749729, 518, 0, 0
39302, 55, 354, 513, 0, 0, 19.35%, 0, 32, 17, 158.90, 4750512, 518, 0, 0
39307, 55, 512, 513, 0, 0, 19.35%, 0, 32, 17, 126.68, 4751120, 518, 0, 0
39313, 55, 512, 513, 0, 0, 19.35%, 0, 32, 17, 117.06, 4751712, 518, 0, 0
39318, 55, 429, 513, 0, 0, 19.35%, 0, 32, 17, 120.79, 4752310, 518, 0, 0
39323, 55, 216, 513, 0, 0, 19.35%, 0, 32, 17, 149.58, 4753102, 518, 0, 0
39328, 55, 343, 513, 0, 0, 19.35%, 0, 32, 17, 158.25, 4753931, 518, 0, 0
39333, 55, 422, 513, 0, 0, 19.35%, 0, 32, 17, 150.53, 4754689, 518, 0, 0
39338, 55, 169, 513, 0, 0, 19.35%, 0, 32, 17, 150.47, 4755463, 518, 0, 0
39343, 55, 495, 513, 0, 0, 19.35%, 0, 32, 17, 152.55, 4756273, 518, 0, 0
39348, 55, 495, 513, 0, 0, 19.35%, 0, 32, 17, 114.33, 4756770, 518, 0, 0
39354, 55, 80, 513, 0, 0, 19.35%, 0, 32, 17, 111.18, 4757298, 518, 0, 0
39359, 55, 480, 513, 0, 0, 19.35%, 0, 32, 17, 142.62, 4758077, 518, 0, 0
39364, 55, 343, 513, 0, 0, 19.35%, 0, 32, 17, 152.28, 4758863, 518, 0, 0
39369, 55, 495, 513, 0, 0, 19.35%, 0, 32, 17, 132.98, 4759535, 518, 0, 0
39374, 55, 495, 513, 0, 0, 19.35%, 0, 32, 17, 114.89, 4760086, 518, 0, 0
39379, 55, 468, 513, 0, 0, 19.35%, 0, 32, 17, 138.02, 4760766, 518, 0, 0
39384, 55, 369, 513, 0, 0, 19.35%, 0, 32, 17, 145.82, 4761534, 518, 0, 0
39389, 55, 441, 513, 0, 0, 19.35%, 0, 32, 17, 134.74, 4762186, 518, 0, 0
39394, 55, 224, 513, 0, 0, 19.35%, 0, 32, 17, 136.97, 4762833, 518, 0, 0
39399, 55, 495, 513, 0, 0, 19.35%, 0, 32, 17, 126.43, 4763495, 518, 0, 0
39404, 55, 495, 513, 0, 0, 19.35%, 0, 32, 17, 114.77, 4764049, 518, 0, 0
39409, 55, 360, 513, 0, 0, 19.35%, 0, 32, 17, 144.92, 4764834, 518, 0, 0
39414, 55, 480, 514, 1, 0, 19.35%, 0, 32, 17, 146.06, 4765581, 518, 0, 0
39420, 55, 224, 514, 1, 0, 19.35%, 0, 32, 17, 146.38, 4766313, 518, 0, 0
39425, 55, 93, 514, 1, 0, 19.35%, 0, 32, 17, 150.61, 4767086, 518, 0, 0
39430, 55, 510, 514, 1, 0, 19.35%, 0, 32, 17, 141.39, 4767808, 518, 0, 0
39435, 55, 510, 514, 1, 0, 19.35%, 0, 32, 17, 137.83, 4768516, 518, 0, 0
39440, 55, 40, 514, 1, 0, 19.35%, 0, 32, 17, 141.44, 4769229, 518, 0, 0
39445, 55, 480, 514, 1, 0, 19.35%, 0, 32, 17, 139.50, 4769947, 518, 0, 0
39450, 55, 422, 514, 1, 0, 19.35%, 0, 32, 17, 145.26, 4770693, 518, 0, 0
39455, 55, 468, 514, 1, 0, 19.35%, 0, 32, 17, 153.74, 4771468, 518, 0, 0
39460, 55, 158, 514, 1, 0, 19.35%, 0, 32, 17, 155.68, 4772258, 518, 0, 0
39465, 55, 216, 514, 1, 0, 19.35%, 0, 32, 17, 153.13, 4773013, 518, 0, 0
39471, 55, 41, 514, 1, 0, 19.35%, 0, 32, 17, 150.25, 4773765, 518, 0, 0
39476, 55, 425, 514, 1, 0, 19.35%, 0, 32, 17, 143.41, 4774528, 518, 0, 0
39481, 55, 441, 514, 1, 0, 19.35%, 0, 32, 17, 146.13, 4775266, 518, 0, 0
39486, 55, 472, 514, 1, 0, 19.35%, 0, 32, 17, 114.29, 4775869, 518, 0, 0
39491, 55, 480, 514, 1, 0, 19.35%, 0, 32, 17, 115.98, 4776374, 518, 0, 0
39496, 55, 480, 514, 1, 0, 19.35%, 0, 32, 17, 135.78, 4777100, 518, 0, 0
39501, 55, 441, 514, 1, 0, 19.35%, 0, 32, 17, 148.44, 4777819, 518, 0, 0
39506, 55, 129, 514, 1, 0, 19.35%, 0, 32, 17, 147.29, 4778578, 518, 0, 0
39511, 55, 468, 514, 1, 0, 19.35%, 0, 32, 17, 148.35, 4779361, 518, 0, 0
39517, 55, 285, 514, 1, 0, 19.35%, 0, 32, 17, 145.27, 4780098, 518, 0, 0
39522, 55, 52, 514, 1, 0, 19.35%, 0, 32, 17, 154.35, 4780886, 518, 0, 0
39527, 55, 422, 514, 1, 0, 19.35%, 0, 32, 17, 147.96, 4781670, 518, 0, 0
39532, 55, 428, 514, 1, 0, 19.35%, 0, 32, 17, 143.47, 4782421, 518, 0, 0
39537, 55, 480, 514, 1, 0, 19.35%, 0, 32, 17, 138.23, 4783108, 518, 0, 0
39542, 55, 513, 514, 1, 0, 19.35%, 0, 32, 17, 148.19, 4783869, 518, 0, 0
39547, 55, 417, 514, 0, 0, 19.35%, 0, 32, 17, 152.45, 4784649, 518, 0, 0
39552, 55, 468, 514, 0, 0, 19.35%, 0, 32, 17, 151.06, 4785408, 518, 0, 0
39557, 55, 432, 514, 0, 0, 19.35%, 0, 32, 17, 125.55, 4786026, 518, 0, 0
39562, 55, 188, 514, 0, 0, 19.35%, 0, 32, 17, 151.27, 4786810, 518, 0, 0
39568, 55, 480, 514, 0, 0, 19.35%, 0, 32, 17, 151.20, 4787620, 518, 0, 0
39573, 55, 510, 514, 0, 0, 19.35%, 0, 32, 17, 148.73, 4788386, 518, 0, 0
39578, 55, 510, 514, 0, 0, 19.35%, 0, 32, 17, 135.80, 4789074, 518, 0, 0
39583, 55, 510, 514, 0, 0, 19.35%, 0, 32, 17, 134.06, 4789742, 518, 0, 0
39588, 55, 239, 514, 0, 0, 19.35%, 0, 32, 17, 150.78, 4790527, 518, 0, 0
39593, 55, 337, 514, 0, 0, 19.35%, 0, 32, 17, 154.79, 4791323, 518, 0, 0
39598, 55, 466, 514, 0, 0, 19.35%, 0, 32, 17, 150.17, 4792103, 518, 0, 0
39604, 55, 384, 514, 0, 0, 19.35%, 0, 32, 17, 130.08, 4792792, 518, 0, 0
39609, 55, 495, 514, 0, 0, 19.35%, 0, 32, 17, 104.47, 4793310, 518, 0, 0
39614, 55, 417, 514, 0, 0, 19.35%, 0, 32, 17, 133.87, 4793995, 518, 0, 0
39619, 55, 349, 514, 0, 0, 19.35%, 0, 32, 17, 138.60, 4794722, 518, 0, 0
39624, 56, 422, 514, 0, 0, 19.35%, 0, 32, 17, 149.52, 4795495, 518, 0, 0
39629, 56, 495, 514, 0, 0, 19.35%, 0, 32, 17, 112.33, 4796072, 518, 0, 0
39634, 56, 18, 514, 0, 0, 19.35%, 0, 32, 17, 141.31, 4796777, 518, 0, 0
39640, 56, 224, 514, 0, 0, 19.35%, 0, 32, 17, 153.33, 4797589, 518, 0, 0
39645, 56, 285, 514, 0, 0, 19.35%, 0, 32, 17, 148.07, 4798349, 518, 0, 0
39650, 56, 31, 514, 0, 0, 19.35%, 0, 32, 17, 150.71, 4799080, 518, 0, 0
39655, 56, 285, 514, 0, 0, 19.35%, 0, 32, 17, 150.57, 4799849, 518, 0, 0
39660, 56, 495, 514, 0, 0, 19.35%, 0, 32, 17, 127.07, 4800503, 518, 0, 0
39665, 56, 224, 514, 0, 0, 19.35%, 0, 32, 17, 119.12, 4801031, 518, 0, 0
39670, 56, 50, 514, 0, 0, 19.35%, 0, 32, 17, 110.99, 4801569, 518, 0, 0
39675, 56, 429, 514, 0, 0, 19.35%, 0, 32, 17, 148.12, 4802380, 518, 0, 0
39680, 56, 44, 514, 0, 0, 19.35%, 0, 32, 17, 146.95, 4803106, 518, 0, 0
39685, 56, 80, 514, 0, 0, 19.35%, 0, 32, 17, 156.38, 4803930, 518, 0, 0
39691, 56, 495, 514, 0, 0, 19.35%, 0, 32, 17, 128.29, 4804581, 518, 0, 0
39696, 56, 392, 514, 0, 0, 19.35%, 0, 32, 17, 145.55, 4805332, 518, 0, 0
39701, 56, 429, 514, 0, 0, 19.35%, 0, 32, 17, 150.00, 4806086, 518, 0, 0
39706, 56, 512, 514, 0, 0, 19.35%, 0, 32, 17, 133.29, 4806794, 518, 0, 0
39711, 56, 512, 514, 0, 0, 19.35%, 0, 32, 17, 118.32, 4807362, 518, 0, 0
39716, 56, 512, 514, 0, 0, 19.35%, 0, 32, 17, 113.43, 4807950, 518, 0, 0
39721, 56, 114, 514, 0, 0, 19.35%, 0, 32, 17, 140.60, 4808688, 518, 0, 0
39726, 56, 468, 514, 0, 0, 19.35%, 0, 32, 17, 151.22, 4809474, 518, 0, 0
39732, 56, 40, 514, 0, 0, 19.35%, 0, 32, 17, 147.08, 4810226, 518, 0, 0
39737, 56, 31, 514, 0, 0, 19.35%, 0, 32, 17, 146.59, 4810963, 518, 0, 0
39742, 56, 468, 514, 0, 0, 19.35%, 0, 32, 17, 151.56, 4811715, 518, 0, 0
39747, 56, 495, 514, 0, 0, 19.35%, 0, 32, 17, 132.70, 4812413, 518, 0, 0
39752, 56, 5, 514, 0, 0, 19.35%, 0, 32, 17, 122.81, 4812953, 518, 0, 0
39757, 56, 352, 514, 0, 0, 19.35%, 0, 32, 17, 149.09, 4813752, 518, 0, 0
39762, 56, 400, 514, 0, 0, 19.35%, 0, 32, 17, 144.61, 4814500, 518, 0, 0
39767, 56, 468, 514, 0, 0, 19.35%, 0, 32, 17, 141.57, 4815240, 518, 0, 0
39772, 56, 114, 514, 0, 0, 19.35%, 0, 32, 17, 129.51, 4815888, 518, 0, 0
39778, 56, 72, 514, 0, 0, 19.35%, 0, 32, 17, 141.98, 4816646, 518, 0, 0
39783, 56, 149, 514, 0, 0, 19.35%, 0, 32, 17, 138.23, 4817354, 518, 0, 0
39788, 56, 495, 514, 0, 0, 19.35%, 0, 32, 17, 149.03, 4818130, 518, 0, 0
39793, 56, 80, 514, 0, 0, 19.35%, 0, 32, 17, 108.80, 4818596, 518, 0, 0
39798, 56, 495, 514, 0, 0, 19.35%, 0, 32, 17, 133.42, 4819354, 518, 0, 0
39803, 56, 468, 514, 0, 0, 19.35%, 0, 32, 17, 110.54, 4819837, 518, 0, 0
39808, 56, 495, 514, 0, 0, 19.35%, 0, 32, 17, 99.85, 4820371, 518, 0, 0
39813, 56, 158, 514, 0, 0, 19.35%, 0, 32, 17, 137.22, 4821080, 518, 0, 0
39818, 56, 480, 514, 0, 0, 19.35%, 0, 32, 17, 135.42, 4821748, 518, 0, 0
39823, 56, 204, 514, 0, 0, 19.35%, 0, 32, 17, 143.72, 4822488, 518, 0, 0
39829, 56, 495, 514, 0, 0, 19.35%, 0, 32, 17, 135.33, 4823182, 518, 0, 0
39834, 56, 509, 514, 0, 0, 19.35%, 0, 32, 17, 116.01, 4823738, 518, 0, 0
39839, 56, 509, 514, 0, 0, 19.35%, 0, 32, 17, 117.52, 4824350, 518, 0, 0
39844, 56, 466, 514, 0, 0, 19.35%, 0, 32, 17, 138.47, 4825057, 518, 0, 0
39849, 56, 392, 514, 0, 0, 19.35%, 0, 32, 17, 147.27, 4825843, 518, 0, 0
39854, 56, 260, 514, 0, 0, 19.35%, 0, 32, 17, 152.89, 4826604, 518, 0, 0
39859, 56, 491, 514, 0, 0, 19.35%, 0, 32, 17, 134.10, 4827284, 518, 0, 0
39864, 56, 378, 514, 0, 0, 19.35%, 0, 32, 17, 145.54, 4828053, 518, 0, 0
39870, 56, 197, 514, 0, 0, 19.35%, 0, 32, 17, 140.93, 4828756, 518, 0, 0
39875, 56, 351, 514, 0, 0, 19.35%, 0, 32, 17, 148.55, 4829530, 518, 0, 0
39880, 56, 107, 514, 0, 0, 19.35%, 0, 32, 17, 148.60, 4830298, 518, 0, 0
39885, 56, 495, 514, 0, 0, 19.35%, 0, 32, 17, 107.17, 4830813, 518, 0, 0
39890, 56, 279, 514, 0, 0, 19.35%, 0, 32, 17, 142.33, 4831552, 518, 0, 0
39895, 56, 417, 514, 0, 0, 19.35%, 0, 32, 17, 152.62, 4832358, 518, 0, 0
39900, 56, 510, 514, 0, 0, 19.35%, 0, 32, 17, 138.00, 4833055, 518, 0, 0
39905, 56, 510, 514, 0, 0, 19.35%, 0, 32, 17, 132.90, 4833737, 518, 0, 0
39911, 56, 468, 514, 0, 0, 19.35%, 0, 32, 17, 144.39, 4834476, 518, 0, 0
39916, 56, 495, 514, 0, 0, 19.35%, 0, 32, 17, 103.35, 4834984, 518, 0, 0
39921, 56, 472, 514, 0, 0, 19.35%, 0, 32, 17, 91.37, 4835472, 518, 0, 0
39926, 56, 191, 514, 0, 0, 19.35%, 0, 32, 17, 124.54, 4836091, 518, 0, 0
39931, 56, 392, 514, 0, 0, 19.35%, 0, 32, 17, 131.20, 4836790, 518, 0, 0
39936, 56, 429, 514, 0, 0, 19.35%, 0, 32, 17, 140.36, 4837531, 518, 0, 0
39941, 56, 410, 514, 0, 0, 19.35%, 0, 32, 17, 128.36, 4838170, 518, 0, 0
39947, 56, 388, 514, 0, 0, 19.35%, 0, 32, 17, 144.10, 4838912, 518, 0, 0
39952, 56, 480, 514, 0, 0, 19.35%, 0, 32, 17, 146.86, 4839646, 518, 0, 0
39957, 56, 429, 514, 0, 0, 19.35%, 0, 32, 17, 144.67, 4840402, 518, 0, 0
39962, 56, 510, 514, 0, 0, 19.35%, 0, 32, 17, 152.93, 4841215, 518, 0, 0
39967, 56, 510, 514, 0, 0, 19.35%, 0, 32, 17, 149.14, 4841980, 518, 0, 0
39972, 56, 478, 514, 0, 0, 19.35%, 0, 32, 17, 126.86, 4842638, 518, 0, 0
39977, 56, 202, 514, 0, 0, 19.35%, 0, 32, 17, 130.39, 4843315, 518, 0, 0
39982, 56, 47, 514, 0, 0, 19.35%, 0, 32, 17, 151.78, 4844087, 518, 0, 0
39987, 56, 191, 514, 0, 0, 19.35%, 0, 32, 17, 154.91, 4844877, 518, 0, 0
39993, 56, 441, 514, 0, 0, 19.35%, 0, 32, 17, 155.45, 4845685, 518, 0, 0
39998, 56, 469, 514, 0, 0, 19.35%, 0, 32, 17, 154.31, 4846471, 518, 0, 0
40003, 56, 63, 514, 0, 0, 19.35%, 0, 32, 17, 74.88, 4846706, 518, 0, 0
40008, 56, 495, 514, 0, 0, 19.35%, 0, 32, 17, 89.73, 4847222, 518, 0, 0
40013, 56, 486, 514, 0, 0, 19.35%, 0, 32, 17, 139.52, 4847983, 518, 0, 0
40018, 56, 478, 514, 0, 0, 19.35%, 0, 32, 17, 134.60, 4848704, 518, 0, 0
40023, 56, 158, 514, 0, 0, 19.35%, 0, 32, 17, 149.11, 4849457, 518, 0, 0
40028, 56, 510, 514, 0, 0, 19.35%, 0, 32, 17, 132.19, 4850153, 518, 0, 0
40033, 56, 510, 514, 0, 0, 19.35%, 0, 32, 17, 121.74, 4850767, 518, 0, 0
40039, 56, 510, 514, 0, 0, 19.35%, 0, 32, 17, 117.27, 4851373, 518, 0, 0
40044, 56, 371, 514, 0, 0, 19.35%, 0, 32, 17, 140.65, 4852117, 518, 0, 0
40049, 56, 46, 514, 0, 0, 19.35%, 0, 32, 17, 136.78, 4852816, 518, 0, 0
40054, 56, 163, 514, 0, 0, 19.35%, 0, 32, 17, 150.18, 4853607, 518, 0, 0
40059, 56, 491, 514, 0, 0, 19.35%, 0, 32, 17, 152.63, 4854420, 518, 0, 0
40065, 56, 419, 514, 0, 0, 19.35%, 0, 32, 17, 144.43, 4855166, 518, 0, 0
40070, 56, 495, 514, 0, 0, 19.35%, 0, 32, 17, 120.65, 4855796, 518, 0, 0
40075, 56, 392, 514, 0, 0, 19.35%, 0, 32, 17, 121.73, 4856350, 518, 0, 0
40080, 56, 478, 514, 0, 0, 19.35%, 0, 32, 17, 145.32, 4857127, 518, 0, 0
40085, 56, 491, 514, 0, 0, 19.35%, 0, 32, 17, 146.83, 4857885, 518, 0, 0
40090, 56, 468, 514, 0, 0, 19.35%, 0, 32, 17, 142.94, 4858619, 518, 0, 0
40095, 56, 392, 514, 0, 0, 19.35%, 0, 32, 17, 155.17, 4859420, 518, 0, 0
40100, 56, 127, 514, 0, 0, 19.35%, 0, 32, 17, 149.14, 4860154, 518, 0, 0
40105, 56, 194, 514, 0, 0, 19.35%, 0, 32, 17, 156.75, 4860963, 518, 0, 0
40111, 56, 373, 514, 0, 0, 19.35%, 0, 32, 17, 145.62, 4861737, 518, 0, 0
40116, 56, 430, 514, 0, 0, 19.35%, 0, 32, 17, 142.74, 4862443, 518, 0, 0
40121, 56, 337, 514, 0, 0, 19.35%, 0, 32, 17, 145.97, 4863197, 518, 0, 0
40126, 56, 343, 514, 0, 0, 19.35%, 0, 32, 17, 155.78, 4863982, 518, 0, 0
40131, 56, 429, 514, 0, 0, 19.35%, 0, 32, 17, 146.69, 4864731, 518, 0, 0
40136, 56, 422, 514, 0, 0, 19.35%, 0, 32, 17, 147.55, 4865504, 518, 0, 0
40141, 56, 360, 514, 0, 0, 19.35%, 0, 32, 17, 151.84, 4866288, 518, 0, 0
40146, 56, 486, 514, 0, 0, 19.35%, 0, 32, 17, 157.07, 4867081, 518, 0, 0
40152, 56, 367, 514, 0, 0, 19.35%, 0, 32, 17, 160.39, 4867911, 518, 0, 0
40157, 56, 400, 514, 0, 0, 19.35%, 0, 32, 17, 145.80, 4868662, 518, 0, 0
40162, 56, 495, 514, 0, 0, 19.35%, 0, 32, 17, 121.36, 4869277, 518, 0, 0
40167, 56, 466, 514, 0, 0, 19.35%, 0, 32, 17, 140.89, 4869991, 518, 0, 0
40172, 56, 480, 514, 0, 0, 19.35%, 0, 32, 17, 153.62, 4870810, 518, 0, 0
40177, 56, 394, 514, 0, 0, 19.35%, 0, 32, 17, 141.11, 4871502, 518, 0, 0
40183, 56, 25, 514, 0, 0, 19.35%, 0, 32, 17, 156.02, 4872317, 518, 0, 0
40188, 56, 441, 514, 0, 0, 19.35%, 0, 32, 17, 127.52, 4872983, 518, 0, 0
40193, 56, 417, 514, 0, 0, 19.35%, 0, 32, 17, 127.76, 4873604, 518, 0, 0
40198, 56, 510, 514, 0, 0, 19.35%, 0, 32, 17, 127.93, 4874295, 518, 0, 0
40203, 56, 510, 514, 0, 0, 19.35%, 0, 32, 17, 110.46, 4874863, 518, 0, 0
40208, 56, 510, 514, 0, 0, 19.35%, 0, 32, 17, 117.30, 4875477, 518, 0, 0
40213, 56, 508, 514, 0, 0, 19.35%, 0, 32, 17, 92.49, 4875937, 518, 0, 0
40219, 56, 508, 514, 0, 0, 19.35%, 0, 32, 17, 82.06, 4876346, 518, 0, 0
40224, 56, 495, 514, 0, 0, 19.35%, 0, 32, 17, 90.88, 4876829, 518, 0, 0
40229, 56, 134, 514, 0, 0, 19.35%, 0, 32, 17, 129.31, 4877496, 518, 0, 0
40234, 56, 496, 514, 0, 0, 19.35%, 0, 32, 17, 101.38, 4878004, 518, 0, 0
40239, 56, 422, 514, 0, 0, 19.35%, 0, 32, 17, 138.45, 4878756, 518, 0, 0
40244, 56, 495, 514, 0, 0, 19.35%, 0, 32, 17, 112.24, 4879314, 518, 0, 0
40249, 56, 331, 514, 0, 0, 19.35%, 0, 32, 17, 144.80, 4880115, 518, 0, 0
40255, 56, 478, 514, 0, 0, 19.35%, 0, 32, 17, 150.55, 4880909, 518, 0, 0
40260, 57, 343, 514, 0, 0, 19.35%, 0, 32, 17, 154.60, 4881671, 518, 0, 0
40265, 57, 495, 514, 0, 0, 19.35%, 0, 32, 17, 115.48, 4882283, 518, 0, 0
40270, 57, 428, 514, 0, 0, 19.35%, 0, 32, 17, 134.13, 4882920, 518, 0, 0
40275, 57, 47, 514, 0, 0, 19.35%, 0, 32, 17, 134.21, 4883553, 518, 0, 0
40280, 57, 422, 514, 0, 0, 19.35%, 0, 32, 17, 149.22, 4884357, 518, 0, 0
40285, 57, 114, 514, 0, 0, 19.35%, 0, 32, 17, 148.12, 4885099, 518, 0, 0
40290, 57, 378, 514, 0, 0, 19.35%, 0, 32, 17, 136.31, 4885825, 518, 0, 0
40295, 57, 238, 514, 0, 0, 19.35%, 0, 32, 17, 146.85, 4886563, 518, 0, 0
40301, 57, 479, 514, 0, 0, 19.35%, 0, 32, 17, 153.15, 4887357, 518, 0, 0
40306, 57, 498, 514, 0, 0, 19.35%, 0, 32, 17, 150.62, 4888149, 518, 0, 0
40311, 57, 468, 514, 0, 0, 19.35%, 0, 32, 17, 148.31, 4888916, 518, 0, 0
40316, 57, 495, 514, 0, 0, 19.35%, 0, 32, 17, 107.78, 4889456, 518, 0, 0
40321, 57, 30, 514, 0, 0, 19.35%, 0, 32, 17, 142.29, 4890184, 518, 0, 0
40326, 57, 441, 514, 0, 0, 19.35%, 0, 32, 17, 158.40, 4891030, 518, 0, 0
40331, 57, 25, 514, 0, 0, 19.35%, 0, 32, 17, 148.21, 4891730, 518, 0, 0
40337, 57, 422, 514, 0, 0, 19.35%, 0, 32, 17, 146.72, 4892488, 518, 0, 0
40342, 57, 216, 514, 0, 0, 19.35%, 0, 32, 17, 156.09, 4893292, 518, 0, 0
40347, 57, 67, 514, 0, 0, 19.35%, 0, 32, 17, 148.19, 4894023, 518, 0, 0
40352, 57, 495, 514, 0, 0, 19.35%, 0, 32, 17, 99.04, 4894489, 518, 0, 0
40357, 57, 447, 514, 0, 0, 19.35%, 0, 32, 17, 123.26, 4895172, 518, 0, 0
40362, 57, 45, 514, 0, 0, 19.35%, 0, 32, 17, 143.53, 4895953, 518, 0, 0
40367, 57, 429, 514, 0, 0, 19.35%, 0, 32, 17, 150.00, 4896749, 518, 0, 0
40372, 57, 189, 514, 0, 0, 19.35%, 0, 32, 17, 153.06, 4897505, 518, 0, 0
40377, 57, 29, 514, 0, 0, 19.35%, 0, 32, 17, 158.83, 4898313, 518, 0, 0
40383, 57, 392, 514, 0, 0, 19.35%, 0, 32, 17, 154.97, 4899125, 518, 0, 0
40388, 57, 453, 514, 0, 0, 19.35%, 0, 32, 17, 143.83, 4899839, 518, 0, 0
40393, 57, 462, 514, 0, 0, 19.35%, 0, 32, 17, 148.60, 4900602, 518, 0, 0
40398, 57, 367, 514, 0, 0, 19.35%, 0, 32, 17, 148.72, 4901379, 518, 0, 0
40403, 57, 488, 514, 0, 0, 19.35%, 0, 32, 17, 157.65, 4902204, 518, 0, 0
40408, 57, 480, 514, 0, 0, 19.35%, 0, 32, 17, 148.10, 4902941, 518, 0, 0
40413, 57, 238, 514, 0, 0, 19.35%, 0, 32, 17, 145.67, 4903707, 518, 0, 0
40418, 57, 495, 514, 0, 0, 19.35%, 0, 32, 17, 121.46, 4904332, 518, 0, 0
40423, 57, 486, 514, 0, 0, 19.35%, 0, 32, 17, 151.57, 4905126, 518, 0, 0
40429, 57, 486, 514, 0, 0, 19.35%, 0, 32, 17, 156.95, 4905954, 518, 0, 0
40434, 57, 337, 514, 0, 0, 19.35%, 0, 32, 17, 149.58, 4906717, 518, 0, 0
40439, 57, 337, 514, 0, 0, 19.35%, 0, 32, 17, 159.22, 4907553, 518, 0, 0
40444, 57, 49, 514, 0, 0, 19.35%, 0, 32, 17, 159.39, 4908357, 518, 0, 0
40449, 57, 168, 514, 0, 0, 19.35%, 0, 32, 17, 145.03, 4909067, 518, 0, 0
40454, 57, 367, 514, 0, 0, 19.35%, 0, 32, 17, 138.04, 4909785, 518, 0, 0
40459, 57, 284, 514, 0, 0, 19.35%, 0, 32, 17, 143.94, 4910535, 518, 0, 0
40465, 57, 468, 514, 0, 0, 19.35%, 0, 32, 17, 146.92, 4911299, 518, 0, 0
40470, 57, 353, 514, 0, 0, 19.35%, 0, 32, 17, 141.73, 4911995, 518, 0, 0
40475, 57, 495, 514, 0, 0, 19.35%, 0, 32, 17, 113.82, 4912581, 518, 0, 0
40480, 57, 40, 514, 0, 0, 19.35%, 0, 32, 17, 141.00, 4913289, 518, 0, 0
40485, 57, 392, 514, 0, 0, 19.35%, 0, 32, 17, 147.71, 4914057, 518, 0, 0
40490, 57, 47, 514, 0, 0, 19.35%, 0, 32, 17, 152.74, 4914844, 518, 0, 0
40495, 57, 495, 514, 0, 0, 19.35%, 0, 32, 17, 125.86, 4915497, 518, 0, 0
40500, 57, 389, 514, 0, 0, 19.35%, 0, 32, 17, 120.91, 4916029, 518, 0, 0
40505, 57, 471, 514, 0, 0, 19.35%, 0, 32, 17, 39.34, 4916418, 518, 0, 0
40511, 57, 246, 514, 0, 0, 19.35%, 0, 32, 17, 123.57, 4917135, 518, 0, 0
40516, 57, 197, 514, 0, 0, 19.35%, 0, 32, 17, 151.98, 4917948, 518, 0, 0
40521, 57, 495, 514, 0, 0, 19.35%, 0, 32, 17, 139.39, 4918623, 518, 0, 0
40526, 57, 27, 514, 0, 0, 19.35%, 0, 32, 17, 123.39, 4919159, 518, 0, 0
40531, 57, 392, 514, 0, 0, 19.35%, 0, 32, 17, 149.09, 4919967, 518, 0, 0
40536, 57, 392, 514, 0, 0, 19.35%, 0, 32, 17, 150.97, 4920738, 518, 0, 0
40541, 57, 502, 514, 0, 0, 19.35%, 0, 32, 17, 128.37, 4921392, 518, 0, 0
40546, 57, 337, 514, 0, 0, 19.35%, 0, 32, 17, 132.51, 4921995, 518, 0, 0
40551, 57, 386, 514, 0, 0, 19.35%, 0, 32, 17, 148.76, 4922780, 518, 0, 0
40557, 57, 367, 514, 0, 0, 19.35%, 0, 32, 17, 155.24, 4923581, 518, 0, 0
40562, 57, 367, 514, 0, 0, 19.35%, 0, 32, 17, 153.69, 4924383, 518, 0, 0
40567, 57, 38, 514, 0, 0, 19.35%, 0, 32, 17, 150.25, 4925101, 518, 0, 0
40572, 57, 107, 514, 0, 0, 19.35%, 0, 32, 17, 157.21, 4925900, 518, 0, 0
40577, 57, 373, 514, 0, 0, 19.35%, 0, 32, 17, 149.80, 4926664, 518, 0, 0
40582, 57, 495, 514, 0, 0, 19.35%, 0, 32, 17, 134.91, 4927370, 518, 0, 0
40587, 57, 388, 514, 0, 0, 19.35%, 0, 32, 17, 113.35, 4927867, 518, 0, 0
40592, 57, 429, 514, 0, 0, 19.35%, 0, 32, 17, 140.01, 4928609, 518, 0, 0
40598, 57, 343, 514, 0, 0, 19.35%, 0, 32, 17, 151.04, 4929385, 518, 0, 0
40603, 57, 343, 514, 0, 0, 19.35%, 0, 32, 17, 161.20, 4930230, 518, 0, 0
40608, 57, 422, 514, 0, 0, 19.35%, 0, 32, 17, 151.89, 4930995, 518, 0, 0
40613, 57, 420, 514, 0, 0, 19.35%, 0, 32, 17, 143.78, 4931706, 518, 0, 0
40618, 57, 497, 514, 0, 0, 19.35%, 0, 32, 17, 109.76, 4932269, 518, 0, 0
40623, 57, 472, 514, 0, 0, 19.35%, 0, 32, 17, 118.07, 4932911, 518, 0, 0
40628, 57, 170, 514, 0, 0, 19.35%, 0, 32, 17, 114.80, 4933409, 518, 0, 0
40633, 57, 480, 514, 0, 0, 19.35%, 0, 32, 17, 141.22, 4934177, 518, 0, 0
40638, 57, 468, 514, 0, 0, 19.35%, 0, 32, 17, 136.11, 4934866, 518, 0, 0
40644, 57, 392, 514, 0, 0, 19.35%, 0, 32, 17, 144.34, 4935618, 518, 0, 0
40649, 57, 392, 514, 0, 0, 19.35%, 0, 32, 17, 136.57, 4936307, 518, 0, 0
40654, 57, 466, 514, 0, 0, 19.35%, 0, 32, 17, 148.12, 4937081, 518, 0, 0
40659, 57, 420, 514, 0, 0, 19.35%, 0, 32, 17, 151.92, 4937889, 518, 0, 0
40664, 57, 422, 514, 0, 0, 19.35%, 0, 32, 17, 147.82, 4938648, 518, 0, 0
40669, 57, 429, 514, 0, 0, 19.35%, 0, 32, 17, 146.94, 4939394, 518, 0, 0
40675, 57, 495, 514, 0, 0, 19.35%, 0, 32, 17, 144.96, 4940152, 518, 0, 0
40680, 57, 392, 514, 0, 0, 19.35%, 0, 32, 17, 114.14, 4940637, 518, 0, 0
40685, 57, 413, 514, 0, 0, 19.35%, 0, 32, 17, 144.41, 4941408, 518, 0, 0
40690, 57, 430, 514, 0, 0, 19.35%, 0, 32, 17, 145.20, 4942166, 518, 0, 0
40695, 57, 386, 514, 0, 0, 19.35%, 0, 32, 17, 132.76, 4942828, 518, 0, 0
40700, 57, 40, 514, 0, 0, 19.35%, 0, 32, 17, 138.37, 4943542, 518, 0, 0
40705, 57, 390, 514, 0, 0, 19.35%, 0, 32, 17, 147.02, 4944311, 518, 0, 0
40710, 57, 495, 514, 0, 0, 19.35%, 0, 32, 17, 105.48, 4944806, 518, 0, 0
40715, 57, 392, 514, 0, 0, 19.35%, 0, 32, 17, 145.76, 4945609, 518, 0, 0
40720, 57, 392, 514, 0, 0, 19.35%, 0, 32, 17, 146.78, 4946365, 518, 0, 0
40726, 57, 480, 514, 0, 0, 19.35%, 0, 32, 17, 152.26, 4947164, 518, 0, 0
40731, 57, 480, 514, 0, 0, 19.35%, 0, 32, 17, 154.87, 4947949, 518, 0, 0
40736, 57, 480, 514, 0, 0, 19.35%, 0, 32, 17, 146.26, 4948699, 518, 0, 0
40741, 57, 396, 514, 0, 0, 19.35%, 0, 32, 17, 143.51, 4949470, 518, 0, 0
40746, 57, 153, 514, 0, 0, 19.35%, 0, 32, 17, 152.29, 4950239, 518, 0, 0
40751, 57, 146, 514, 0, 0, 19.35%, 0, 32, 17, 159.38, 4951063, 518, 0, 0
40756, 57, 478, 514, 0, 0, 19.35%, 0, 32, 17, 133.64, 4951736, 518, 0, 0
40761, 57, 80, 514, 0, 0, 19.35%, 0, 32, 17, 149.21, 4952497, 518, 0, 0
40767, 57, 395, 514, 0, 0, 19.35%, 0, 32, 17, 149.49, 4953283, 518, 0, 0
40772, 57, 422, 514, 0, 0, 19.35%, 0, 32, 17, 143.10, 4953979, 518, 0, 0
40777, 57, 199, 514, 0, 0, 19.35%, 0, 32, 17, 155.72, 4954789, 518, 0, 0
40782, 58, 466, 514, 0, 0, 19.35%, 0, 32, 17, 161.03, 4955600, 518, 0, 0
40787, 58, 97, 514, 0, 0, 19.35%, 0, 32, 17, 148.63, 4956315, 518, 0, 0
40792, 58, 480, 514, 0, 0, 19.35%, 0, 32, 17, 157.35, 4957135, 518, 0, 0
40797, 58, 115, 514, 0, 0, 19.35%, 0, 32, 17, 154.09, 4957914, 518, 0, 0
40803, 58, 67, 514, 0, 0, 19.35%, 0, 32, 17, 152.57, 4958692, 518, 0, 0
40808, 58, 495, 514, 0, 0, 19.35%, 0, 32, 17, 154.59, 4959492, 518, 0, 0
40813, 58, 285, 514, 0, 0, 19.35%, 0, 32, 17, 106.40, 4959950, 518, 0, 0
40818, 58, 480, 514, 0, 0, 19.35%, 0, 32, 17, 141.41, 4960746, 518, 0, 0
40823, 58, 495, 514, 0, 0, 19.35%, 0, 32, 17, 134.76, 4961446, 518, 0, 0
40828, 58, 495, 514, 0, 0, 19.35%, 0, 32, 17, 110.35, 4961992, 518, 0, 0
40833, 58, 480, 514, 0, 0, 19.35%, 0, 32, 17, 127.27, 4962586, 518, 0, 0
40838, 58, 374, 514, 0, 0, 19.35%, 0, 32, 17, 145.11, 4963358, 518, 0, 0
40843, 58, 501, 514, 0, 0, 19.35%, 0, 32, 17, 148.88, 4964126, 518, 0, 0
40848, 58, 480, 514, 0, 0, 19.35%, 0, 32, 17, 144.31, 4964887, 518, 0, 0
40854, 58, 468, 514, 0, 0, 19.35%, 0, 32, 17, 151.19, 4965689, 518, 0, 0
40859, 58, 447, 514, 0, 0, 19.35%, 0, 32, 17, 143.36, 4966429, 518, 0, 0
40864, 58, 492, 514, 0, 0, 19.35%, 0, 32, 17, 149.00, 4967217, 518, 0, 0
40869, 58, 495, 514, 0, 0, 19.35%, 0, 32, 17, 125.99, 4967873, 518, 0, 0
40874, 58, 468, 514, 0, 0, 19.35%, 0, 32, 17, 139.32, 4968595, 518, 0, 0
40879, 58, 337, 514, 0, 0, 19.35%, 0, 32, 17, 142.73, 4969299, 518, 0, 0
40884, 58, 495, 514, 0, 0, 19.35%, 0, 32, 17, 114.92, 4969893, 518, 0, 0
40890, 58, 479, 514, 0, 0, 19.35%, 0, 32, 17, 129.46, 4970523, 518, 0, 0
40895, 58, 15, 514, 0, 0, 19.35%, 0, 32, 17, 146.05, 4971307, 518, 0, 0
40900, 58, 468, 514, 0, 0, 19.35%, 0, 32, 17, 149.85, 4972111, 518, 0, 0
40905, 58, 495, 514, 0, 0, 19.35%, 0, 32, 17, 147.07, 4972875, 518, 0, 0
40910, 58, 72, 514, 0, 0, 19.35%, 0, 32, 17, 133.39, 4973487, 518, 0, 0
40915, 58, 447, 514, 0, 0, 19.35%, 0, 32, 17, 147.72, 4974267, 518, 0, 0
40921, 58, 479, 514, 0, 0, 19.35%, 0, 32, 17, 150.86, 4975066, 518, 0, 0
40926, 58, 488, 514, 0, 0, 19.35%, 0, 32, 17, 152.59, 4975812, 518, 0, 0
40931, 58, 422, 514, 0, 0, 19.35%, 0, 32, 17, 148.83, 4976593, 518, 0, 0
40936, 58, 468, 514, 0, 0, 19.35%, 0, 32, 17, 152.81, 4977382, 518, 0, 0
40941, 58, 107, 514, 0, 0, 19.35%, 0, 32, 17, 150.52, 4978138, 518, 0, 0
40946, 58, 468, 514, 0, 0, 19.35%, 0, 32, 17, 154.69, 4978963, 518, 0, 0
40952, 58, 14, 514, 0, 0, 19.35%, 0, 32, 17, 130.41, 4979609, 518, 0, 0
40957, 58, 134, 514, 0, 0, 19.35%, 0, 32, 17, 155.15, 4980441, 518, 0, 0
40962, 58, 195, 514, 0, 0, 19.35%, 0, 32, 17, 157.98, 4981248, 518, 0, 0
40967, 58, 44, 514, 0, 0, 19.35%, 0, 32, 17, 152.81, 4982030, 518, 0, 0
40972, 58, 36, 514, 0, 0, 19.35%, 0, 32, 17, 148.36, 4982758, 518, 0, 0
40977, 58, 495, 514, 0, 0, 19.35%, 0, 32, 17, 118.42, 4983377, 518, 0, 0
40983, 58, 495, 514, 0, 0, 19.35%, 0, 32, 17, 134.90, 4984106, 518, 0, 0
40988, 58, 392, 514, 0, 0, 19.35%, 0, 32, 17, 119.32, 4984642, 518, 0, 0
40993, 58, 216, 514, 0, 0, 19.35%, 0, 32, 17, 149.20, 4985439, 518, 0, 0
40998, 58, 115, 514, 0, 0, 19.35%, 0, 32, 17, 144.35, 4986180, 518, 0, 0
41003, 58, 486, 514, 0, 0, 19.35%, 0, 32, 17, 154.21, 4987009, 518, 0, 0
41008, 58, 191, 514, 0, 0, 19.35%, 0, 32, 17, 159.09, 4987808, 518, 0, 0
41013, 58, 495, 514, 0, 0, 19.35%, 0, 32, 17, 120.82, 4988445, 518, 0, 0
41018, 58, 10, 514, 0, 0, 19.35%, 0, 32, 17, 131.73, 4989051, 518, 0, 0
41023, 58, 49, 514, 0, 0, 19.35%, 0, 32, 17, 148.29, 4989837, 518, 0, 0
41028, 58, 468, 514, 0, 0, 19.35%, 0, 32, 17, 150.90, 4990613, 518, 0, 0
41034, 58, 163, 514, 0, 0, 19.35%, 0, 32, 17, 158.93, 4991433, 518, 0, 0
41039, 58, 500, 514, 0, 0, 19.35%, 0, 32, 17, 150.83, 4992217, 518, 0, 0
41044, 58, 491, 514, 0, 0, 19.35%, 0, 32, 17, 147.01, 4992982, 518, 0, 0
41049, 58, 400, 514, 0, 0, 19.35%, 0, 32, 17, 146.45, 4993728, 518, 0, 0
41054, 58, 416, 514, 0, 0, 19.35%, 0, 32, 17, 147.14, 4994472, 518, 0, 0
41059, 58, 499, 514, 0, 0, 19.35%, 0, 32, 17, 124.21, 4995114, 518, 0, 0
41064, 58, 238, 514, 0, 0, 19.35%, 0, 32, 17, 122.14, 4995657, 518, 0, 0
41069, 58, 381, 514, 0, 0, 19.35%, 0, 32, 17, 117.88, 4996292, 518, 0, 0
41075, 58, 193, 514, 0, 0, 19.35%, 0, 32, 17, 104.79, 4996796, 518, 0, 0
41080, 58, 475, 514, 0, 0, 19.35%, 0, 32, 17, 143.42, 4997576, 518, 0, 0
41085, 58, 358, 514, 0, 0, 19.35%, 0, 32, 17, 147.82, 4998364, 518, 0, 0
41090, 58, 492, 514, 0, 0, 19.35%, 0, 32, 17, 126.89, 4998972, 518, 0, 0
41095, 58, 429, 514, 0, 0, 19.35%, 0, 32, 17, 142.06, 4999730, 518, 0, 0
41100, 58, 495, 514, 0, 0, 19.35%, 0, 32, 17, 103.43, 5000244, 518, 0, 0
41105, 58, 466, 514, 0, 0, 19.35%, 0, 32, 17, 145.76, 5001034, 518, 0, 0
41110, 58, 479, 514, 0, 0, 19.35%, 0, 32, 17, 141.90, 5001758, 518, 0, 0
41116, 58, 238, 514, 0, 0, 19.35%, 0, 32, 17, 143.95, 5002493, 518, 0, 0
41121, 58, 367, 514, 0, 0, 19.35%, 0, 32, 17, 148.82, 5003280, 518, 0, 0
41126, 58, 468, 514, 0, 0, 19.35%, 0, 32, 17, 144.52, 5004042, 518, 0, 0
41131, 58, 153, 514, 0, 0, 19.35%, 0, 32, 17, 149.24, 5004808, 518, 0, 0
41136, 58, 256, 514, 0, 0, 19.35%, 0, 32, 17, 156.15, 5005615, 518, 0, 0
41141, 58, 495, 514, 0, 0, 19.35%, 0, 32, 17, 137.12, 5006327, 518, 0, 0
41146, 58, 422, 514, 0, 0, 19.35%, 0, 32, 17, 116.29, 5006837, 518, 0, 0
41151, 58, 204, 514, 0, 0, 19.35%, 0, 32, 17, 142.06, 5007563, 518, 0, 0
41157, 58, 360, 514, 0, 0, 19.35%, 0, 32, 17, 152.55, 5008376, 518, 0, 0
41162, 58, 93, 514, 0, 0, 19.35%, 0, 32, 17, 148.69, 5009098, 518, 0, 0
41167, 58, 422, 514, 0, 0, 19.35%, 0, 32, 17, 150.84, 5009831, 518, 0, 0
41172, 58, 384, 514, 0, 0, 19.35%, 0, 32, 17, 133.67, 5010537, 518, 0, 0
41177, 58, 480, 514, 0, 0, 19.35%, 0, 32, 17, 144.84, 5011297, 518, 0, 0
41182, 58, 466, 514, 0, 0, 19.35%, 0, 32, 17, 154.25, 5012078, 518, 0, 0
41187, 58, 343, 514, 0, 0, 19.35%, 0, 32, 17, 145.50, 5012781, 518, 0, 0
41193, 58, 40, 514, 0, 0, 19.35%, 0, 32, 17, 152.36, 5013600, 518, 0, 0
41198, 58, 31, 514, 0, 0, 19.35%, 0, 32, 17, 153.72, 5014400, 518, 0, 0
41203, 58, 2, 514, 0, 0, 19.35%, 0, 32, 17, 150.25, 5015167, 518, 0, 0
41208, 58, 468, 514, 0, 0, 19.35%, 0, 32, 17, 130.00, 5015751, 518, 0, 0
41213, 58, 50, 514, 0, 0, 19.35%, 0, 32, 17, 144.41, 5016492, 518, 0, 0
41218, 58, 422, 514, 0, 0, 19.35%, 0, 32, 17, 144.26, 5017245, 518, 0, 0
41223, 58, 422, 514, 0, 0, 19.35%, 0, 32, 17, 148.31, 5018011, 518, 0, 0
41229, 58, 343, 514, 0, 0, 19.35%, 0, 32, 17, 156.10, 5018824, 518, 0, 0
41234, 58, 170, 514, 0, 0, 19.35%, 0, 32, 17, 153.93, 5019583, 518, 0, 0
41239, 58, 429, 514, 0, 0, 19.35%, 0, 32, 17, 156.28, 5020377, 518, 0, 0
41244, 58, 31, 514, 0, 0, 19.35%, 0, 32, 17, 126.30, 5021011, 518, 0, 0
41249, 58, 203, 514, 0, 0, 19.35%, 0, 32, 17, 145.75, 5021781, 518, 0, 0
41254, 58, 429, 514, 0, 0, 19.35%, 0, 32, 17, 152.82, 5022602, 518, 0, 0
41259, 58, 328, 514, 0, 0, 19.35%, 0, 32, 17, 157.60, 5023391, 518, 0, 0
41264, 58, 168, 514, 0, 0, 19.35%, 0, 32, 17, 157.70, 5024176, 518, 0, 0
41269, 58, 238, 514, 0, 0, 19.35%, 0, 32, 17, 148.34, 5024931, 518, 0, 0
41274, 58, 343, 514, 0, 0, 19.35%, 0, 32, 17, 147.97, 5025683, 518, 0, 0
41280, 58, 499, 514, 0, 0, 19.35%, 0, 32, 17, 121.85, 5026315, 518, 0, 0
41285, 58, 80, 514, 0, 0, 19.35%, 0, 32, 17, 126.56, 5026946, 518, 0, 0
41290, 58, 429, 514, 0, 0, 19.35%, 0, 32, 17, 149.00, 5027747, 518, 0, 0
41295, 58, 392, 514, 0, 0, 19.35%, 0, 32, 17, 146.37, 5028502, 518, 0, 0
41300, 58, 191, 514, 0, 0, 19.35%, 0, 32, 17, 154.50, 5029298, 518, 0, 0
41305, 58, 69, 514, 0, 0, 19.35%, 0, 32, 17, 159.80, 5030129, 518, 0, 0
41310, 58, 72, 514, 0, 0, 19.35%, 0, 32, 17, 159.36, 5030935, 518, 0, 0
41316, 59, 337, 514, 0, 0, 19.35%, 0, 32, 17, 163.01, 5031784, 518, 0, 0
41321, 59, 3, 514, 0, 0, 19.35%, 0, 32, 17, 163.70, 5032633, 518, 0, 0
41326, 59, 398, 514, 0, 0, 19.35%, 0, 32, 17, 156.99, 5033427, 518, 0, 0
41331, 59, 423, 514, 0, 0, 19.35%, 0, 32, 17, 157.23, 5034232, 518, 0, 0
41336, 59, 343, 514, 0, 0, 19.35%, 0, 32, 17, 153.16, 5035003, 518, 0, 0
41341, 59, 429, 514, 0, 0, 19.35%, 0, 32, 17, 148.87, 5035765, 518, 0, 0
41347, 59, 258, 514, 0, 0, 19.35%, 0, 32, 17, 147.43, 5036513, 518, 0, 0
41352, 59, 510, 514, 0, 0, 19.35%, 0, 32, 17, 141.28, 5037236, 518, 0, 0
41357, 59, 510, 514, 0, 0, 19.35%, 0, 32, 17, 129.18, 5037892, 518, 0, 0
41362, 59, 510, 514, 0, 0, 19.35%, 0, 32, 17, 126.70, 5038520, 518, 0, 0
41367, 59, 269, 514, 0, 0, 19.35%, 0, 32, 17, 145.42, 5039282, 518, 0, 0
41372, 59, 181, 514, 0, 0, 19.35%, 0, 32, 17, 157.59, 5040113, 518, 0, 0
41377, 59, 168, 514, 0, 0, 19.35%, 0, 32, 17, 152.70, 5040880, 518, 0, 0
41382, 59, 429, 514, 0, 0, 19.35%, 0, 32, 17, 150.02, 5041662, 518, 0, 0
41387, 59, 30, 514, 0, 0, 19.35%, 0, 32, 17, 160.17, 5042497, 518, 0, 0
41392, 59, 480, 514, 0, 0, 19.35%, 0, 32, 17, 140.60, 5043174, 518, 0, 0
41398, 59, 402, 514, 0, 0, 19.35%, 0, 32, 17, 134.46, 5043893, 518, 0, 0
41403, 59, 2, 514, 0, 0, 19.35%, 0, 32, 17, 148.50, 5044655, 518, 0, 0
41408, 59, 422, 514, 0, 0, 19.35%, 0, 32, 17, 149.17, 5045448, 518, 0, 0
41413, 59, 468, 514, 0, 0, 19.35%, 0, 32, 17, 156.02, 5046258, 518, 0, 0
41418, 59, 486, 514, 0, 0, 19.35%, 0, 32, 17, 149.74, 5047026, 518, 0, 0
41423, 59, 468, 514, 0, 0, 19.35%, 0, 32, 17, 150.43, 5047799, 518, 0, 0
41429, 59, 392, 514, 0, 0, 19.35%, 0, 32, 17, 155.07, 5048605, 518, 0, 0
41434, 59, 181, 514, 0, 0, 19.35%, 0, 32, 17, 155.99, 5049407, 518, 0, 0
41439, 59, 367, 514, 0, 0, 19.35%, 0, 32, 17, 142.42, 5050162, 518, 0, 0
41444, 59, 248, 514, 0, 0, 19.35%, 0, 32, 17, 155.70, 5050965, 518, 0, 0
41449, 59, 422, 514, 0, 0, 19.35%, 0, 32, 17, 148.61, 5051729, 518, 0, 0
41454, 59, 511, 514, 0, 0, 19.35%, 0, 32, 17, 131.00, 5052422, 518, 0, 0
41460, 59, 511, 514, 0, 0, 19.35%, 0, 32, 17, 111.92, 5052974, 518, 0, 0
41465, 59, 511, 514, 0, 0, 19.35%, 0, 32, 17, 108.16, 5053514, 518, 0, 0
41470, 59, 360, 514, 0, 0, 19.35%, 0, 32, 17, 133.80, 5054186, 518, 0, 0
41475, 59, 495, 514, 0, 0, 19.35%, 0, 32, 17, 139.84, 5054930, 518, 0, 0
41480, 59, 14, 514, 0, 0, 19.35%, 0, 32, 17, 139.64, 5055602, 518, 0, 0
41485, 59, 93, 514, 0, 0, 19.35%, 0, 32, 17, 156.28, 5056426, 518, 0, 0
41490, 59, 422, 514, 0, 0, 19.35%, 0, 32, 17, 155.79, 5057202, 518, 0, 0
41495, 59, 479, 514, 0, 0, 19.35%, 0, 32, 17, 153.79, 5057955, 518, 0, 0
41501, 59, 471, 514, 0, 0, 19.35%, 0, 32, 17, 140.81, 5058696, 518, 0, 0
41506, 59, 36, 514, 0, 0, 19.35%, 0, 32, 17, 104.11, 5059073, 518, 0, 0
41511, 59, 441, 514, 0, 0, 19.35%, 0, 32, 17, 136.66, 5059771, 518, 0, 0
41516, 59, 429, 514, 0, 0, 19.35%, 0, 32, 17, 141.43, 5060520, 518, 0, 0
41521, 59, 422, 514, 0, 0, 19.35%, 0, 32, 17, 151.45, 5061285, 518, 0, 0
41526, 59, 495, 514, 0, 0, 19.35%, 0, 32, 17, 131.60, 5061943, 518, 0, 0
41531, 59, 194, 514, 0, 0, 19.35%, 0, 32, 17, 136.31, 5062573, 518, 0, 0
41536, 59, 506, 514, 0, 0, 19.35%, 0, 32, 17, 130.05, 5063267, 518, 0, 0
41541, 59, 506, 514, 0, 0, 19.35%, 0, 32, 17, 117.49, 5063865, 518, 0, 0
41547, 59, 159, 514, 0, 0, 19.35%, 0, 32, 17, 144.60, 5064629, 518, 0, 0
41552, 59, 495, 514, 0, 0, 19.35%, 0, 32, 17, 116.38, 5065231, 518, 0, 0
41557, 59, 495, 514, 0, 0, 19.35%, 0, 32, 17, 93.28, 5065689, 518, 0, 0
41562, 59, 480, 514, 0, 0, 19.35%, 0, 32, 17, 134.57, 5066414, 518, 0, 0
41567, 59, 429, 514, 0, 0, 19.35%, 0, 32, 17, 148.96, 5067205, 518, 0, 0
41572, 59, 107, 514, 0, 0, 19.35%, 0, 32, 17, 150.08, 5067971, 518, 0, 0
41577, 59, 468, 514, 0, 0, 19.35%, 0, 32, 17, 150.57, 5068728, 518, 0, 0
41582, 59, 392, 514, 0, 0, 19.35%, 0, 32, 17, 146.59, 5069480, 518, 0, 0
41587, 59, 197, 514, 0, 0, 19.35%, 0, 32, 17, 156.58, 5070263, 518, 0, 0
41592, 59, 2, 514, 0, 0, 19.35%, 0, 32, 17, 112.16, 5070753, 518, 0, 0
41598, 59, 139, 514, 0, 0, 19.35%, 0, 32, 17, 136.45, 5071482, 518, 0, 0
41603, 59, 422, 514, 0, 0, 19.35%, 0, 32, 17, 146.42, 5072244, 518, 0, 0
41608, 59, 447, 514, 0, 0, 19.35%, 0, 32, 17, 150.19, 5073011, 518, 0, 0
41613, 59, 468, 514, 0, 0, 19.35%, 0, 32, 17, 143.94, 5073716, 518, 0, 0
41618, 59, 468, 514, 0, 0, 19.35%, 0, 32, 17, 154.19, 5074514, 518, 0, 0
41623, 59, 496, 514, 0, 0, 19.35%, 0, 32, 17, 127.18, 5075165, 518, 0, 0
41628, 59, 360, 514, 0, 0, 19.35%, 0, 32, 17, 151.88, 5075982, 518, 0, 0
41634, 59, 67, 514, 0, 0, 19.35%, 0, 32, 17, 148.88, 5076740, 518, 0, 0
41639, 59, 491, 514, 0, 0, 19.35%, 0, 32, 17, 134.32, 5077426, 518, 0, 0
41644, 59, 439, 514, 0, 0, 19.35%, 0, 32, 17, 149.18, 5078200, 518, 0, 0
41649, 59, 384, 514, 0, 0, 19.35%, 0, 32, 17, 141.46, 5078959, 518, 0, 0
41654, 59, 486, 514, 0, 0, 19.35%, 0, 32, 17, 146.49, 5079674, 518, 0, 0
41659, 59, 370, 514, 0, 0, 19.35%, 0, 32, 17, 149.77, 5080439, 518, 0, 0
41664, 59, 47, 514, 0, 0, 19.35%, 0, 32, 17, 154.52, 5081230, 518, 0, 0
41669, 59, 239, 514, 0, 0, 19.35%, 0, 32, 17, 148.66, 5081984, 518, 0, 0
41674, 59, 47, 514, 0, 0, 19.35%, 0, 32, 17, 153.26, 5082789, 518, 0, 0
41680, 59, 510, 514, 0, 0, 19.35%, 0, 32, 17, 144.35, 5083528, 518, 0, 0
41685, 59, 510, 514, 0, 0, 19.35%, 0, 32, 17, 138.72, 5084236, 518, 0, 0
41690, 59, 28, 514, 0, 0, 19.35%, 0, 32, 17, 144.81, 5084961, 518, 0, 0
41695, 59, 114, 514, 0, 0, 19.35%, 0, 32, 17, 156.13, 5085768, 518, 0, 0
41700, 59, 392, 514, 0, 0, 19.35%, 0, 32, 17, 143.60, 5086422, 518, 0, 0
41705, 59, 347, 514, 0, 0, 19.35%, 0, 32, 17, 146.48, 5087182, 518, 0, 0
41710, 59, 134, 514, 0, 0, 19.35%, 0, 32, 17, 156.39, 5088008, 518, 0, 0
41715, 59, 495, 514, 0, 0, 19.35%, 0, 32, 17, 122.52, 5088637, 518, 0, 0
41720, 59, 478, 514, 0, 0, 19.35%, 0, 32, 17, 117.33, 5089155, 518, 0, 0
41726, 59, 486, 514, 0, 0, 19.35%, 0, 32, 17, 148.20, 5089943, 518, 0, 0
41731, 59, 343, 514, 0, 0, 19.35%, 0, 32, 17, 153.47, 5090735, 518, 0, 0
41736, 59, 36, 514, 0, 0, 19.35%, 0, 32, 17, 149.60, 5091490, 518, 0, 0
41741, 59, 326, 514, 0, 0, 19.35%, 0, 32, 17, 147.02, 5092219, 518, 0, 0
41746, 59, 344, 514, 0, 0, 19.35%, 0, 32, 17, 155.58, 5093035, 518, 0, 0
41751, 59, 495, 514, 0, 0, 19.35%, 0, 32, 17, 100.82, 5093498, 518, 0, 0
41757, 59, 486, 514, 0, 0, 19.35%, 0, 32, 17, 138.20, 5094259, 518, 0, 0
41762, 59, 495, 514, 0, 0, 19.35%, 0, 32, 17, 116.04, 5094899, 518, 0, 0
41767, 59, 3, 514, 0, 0, 19.35%, 0, 32, 17, 132.84, 5095520, 518, 0, 0
41772, 59, 511, 514, 0, 0, 19.35%, 0, 32, 17, 132.43, 5096225, 518, 0, 0
41777, 59, 511, 514, 0, 0, 19.35%, 0, 32, 17, 112.95, 5096787, 518, 0, 0
41782, 59, 511, 514, 0, 0, 19.35%, 0, 32, 17, 109.21, 5097347, 518, 0, 0
41787, 59, 486, 514, 0, 0, 19.35%, 0, 32, 17, 122.38, 5097952, 518, 0, 0
41792, 59, 507, 514, 0, 0, 19.35%, 0, 32, 17, 121.63, 5098605, 518, 0, 0
41798, 59, 507, 514, 0, 0, 19.35%, 0, 32, 17, 119.15, 5099221, 518, 0, 0
41803, 59, 431, 514, 0, 0, 19.35%, 0, 32, 17, 136.99, 5099942, 518, 0, 0
41808, 59, 37, 514, 0, 0, 19.35%, 0, 32, 17, 142.40, 5100695, 518, 0, 0
41813, 59, 495, 514, 0, 0, 19.35%, 0, 32, 17, 101.51, 5101179, 518, 0, 0
41818, 59, 469, 514, 0, 0, 19.35%, 0, 32, 17, 25.23, 5101575, 518, 0, 0
41823, 59, 153, 514, 0, 0, 19.35%, 0, 32, 17, 89.08, 5102031, 518, 0, 0
41828, 59, 422, 514, 0, 0, 19.35%, 0, 32, 17, 137.03, 5102817, 518, 0, 0
41834, 59, 510, 514, 0, 0, 19.35%, 0, 32, 17, 125.85, 5103451, 518, 0, 0
41839, 59, 510, 514, 0, 0, 19.35%, 0, 32, 17, 119.80, 5104061, 518, 0, 0
41844, 59, 367, 514, 0, 0, 19.35%, 0, 32, 17, 121.32, 5104689, 518, 0, 0
41849, 59, 218, 514, 0, 0, 19.35%, 0, 32, 17, 147.22, 5105451, 518, 0, 0
41854, 59, 480, 514, 0, 0, 19.35%, 0, 32, 17, 150.47, 5106237, 518, 0, 0
41859, 59, 25, 514, 0, 0, 19.35%, 0, 32, 17, 146.97, 5106956, 518, 0, 0
41864, 59, 510, 514, 0, 0, 19.35%, 0, 32, 17, 131.43, 5107636, 518, 0, 0
41869, 59, 510, 514, 0, 0, 19.35%, 0, 32, 17, 126.36, 5108260, 518, 0, 0
41875, 59, 429, 514, 0, 0, 19.35%, 0, 32, 17, 136.29, 5108951, 518, 0, 0
41880, 59, 495, 514, 0, 0, 19.35%, 0, 32, 17, 117.81, 5109553, 518, 0, 0
41885, 59, 468, 514, 0, 0, 19.35%, 0, 32, 17, 143.32, 5110313, 518, 0, 0
41890, 59, 486, 514, 0, 0, 19.35%, 0, 32, 17, 158.57, 5111143, 518, 0, 0
41895, 59, 429, 514, 0, 0, 19.35%, 0, 32, 17, 150.61, 5111913, 518, 0, 0
41900, 59, 498, 514, 0, 0, 19.35%, 0, 32, 17, 133.00, 5112518, 518, 0, 0
41905, 59, 495, 514, 0, 0, 19.35%, 0, 32, 17, 129.07, 5113222, 518, 0, 0
41910, 59, 97, 514, 0, 0, 19.35%, 0, 32, 17, 124.64, 5113767, 518, 0, 0
41915, 59, 197, 514, 0, 0, 19.35%, 0, 32, 17, 150.77, 5114565, 518, 0, 0
41920, 59, 2, 514, 0, 0, 19.35%, 0, 32, 17, 156.56, 5115348, 518, 0, 0
41925, 60, 471, 514, 0, 0, 19.35%, 0, 32, 17, 125.31, 5116018, 518, 0, 0
41930, 60, 491, 514, 0, 0, 19.35%, 0, 32, 17, 105.37, 5116427, 518, 0, 0
41936, 60, 153, 514, 0, 0, 19.35%, 0, 32, 17, 141.05, 5117197, 518, 0, 0
41941, 60, 97, 514, 0, 0, 19.35%, 0, 32, 17, 150.35, 5117982, 518, 0, 0
41946, 60, 40, 514, 0, 0, 19.35%, 0, 32, 17, 157.06, 5118799, 518, 0, 0
41951, 60, 422, 514, 0, 0, 19.35%, 0, 32, 17, 153.94, 5119575, 518, 0, 0
41956, 60, 495, 514, 0, 0, 19.35%, 0, 32, 17, 112.75, 5120149, 518, 0, 0
41961, 60, 495, 514, 0, 0, 19.35%, 0, 32, 17, 113.01, 5120711, 518, 0, 0
41966, 60, 510, 514, 0, 0, 19.35%, 0, 32, 17, 136.84, 5121436, 518, 0, 0
41971, 60, 510, 514, 0, 0, 19.35%, 0, 32, 17, 144.16, 5122190, 518, 0, 0
41977, 60, 204, 514, 0, 0, 19.35%, 0, 32, 17, 153.84, 5122978, 518, 0, 0
41982, 60, 97, 514, 0, 0, 19.35%, 0, 32, 17, 156.01, 5123771, 518, 0, 0
41987, 60, 491, 514, 0, 0, 19.35%, 0, 32, 17, 154.39, 5124594, 518, 0, 0
41992, 60, 486, 514, 0, 0, 19.35%, 0, 32, 17, 141.69, 5125259, 518, 0, 0
41997, 60, 495, 514, 0, 0, 19.35%, 0, 32, 17, 115.93, 5125855, 518, 0, 0
42002, 60, 149, 514, 0, 0, 19.35%, 0, 32, 17, 149.10, 5126636, 518, 0, 0
42007, 60, 495, 514, 0, 0, 19.35%, 0, 32, 17, 110.91, 5127173, 518, 0, 0
42013, 60, 495, 514, 0, 0, 19.35%, 0, 32, 17, 117.63, 5127845, 518, 0, 0
42018, 60, 480, 514, 0, 0, 19.35%, 0, 32, 17, 123.67, 5128424, 518, 0, 0
42023, 60, 36, 514, 0, 0, 19.35%, 0, 32, 17, 151.46, 5129217, 518, 0, 0
42028, 60, 468, 514, 0, 0, 19.35%, 0, 32, 17, 143.71, 5129945, 518, 0, 0
42033, 60, 224, 514, 0, 0, 19.35%, 0, 32, 17, 142.21, 5130692, 518, 0, 0
42038, 60, 429, 514, 0, 0, 19.35%, 0, 32, 17, 148.61, 5131480, 518, 0, 0
42043, 60, 89, 514, 0, 0, 19.35%, 0, 32, 17, 108.87, 5131934, 518, 0, 0
42048, 60, 507, 514, 0, 0, 19.35%, 0, 32, 17, 125.15, 5132594, 518, 0, 0
42053, 60, 468, 514, 0, 0, 19.35%, 0, 32, 17, 130.01, 5133270, 518, 0, 0
42059, 60, 495, 514, 0, 0, 19.35%, 0, 32, 17, 121.37, 5133932, 518, 0, 0
42064, 60, 450, 514, 0, 0, 19.35%, 0, 32, 17, 125.84, 5134516, 518, 0, 0
42069, 60, 267, 514, 0, 0, 19.35%, 0, 32, 17, 143.77, 5135252, 518, 0, 0
42074, 60, 468, 514, 0, 0, 19.35%, 0, 32, 17, 144.92, 5136010, 518, 0, 0
42079, 60, 510, 514, 0, 0, 19.35%, 0, 32, 17, 150.10, 5136791, 518, 0, 0
42084, 60, 510, 514, 0, 0, 19.35%, 0, 32, 17, 152.36, 5137564, 518, 0, 0
42089, 60, 486, 514, 0, 0, 19.35%, 0, 32, 17, 152.83, 5138356, 518, 0, 0
42095, 60, 285, 514, 0, 0, 19.35%, 0, 32, 17, 153.46, 5139148, 518, 0, 0
42100, 60, 480, 514, 0, 0, 19.35%, 0, 32, 17, 149.50, 5139925, 518, 0, 0
42105, 60, 510, 514, 0, 0, 19.35%, 0, 32, 17, 139.59, 5140631, 518, 0, 0
42110, 60, 510, 514, 0, 0, 19.35%, 0, 32, 17, 137.07, 5141331, 518, 0, 0
42115, 60, 422, 514, 0, 0, 19.35%, 0, 32, 17, 145.06, 5142087, 518, 0, 0
42120, 60, 193, 514, 0, 0, 19.35%, 0, 32, 17, 148.03, 5142849, 518, 0, 0
42125, 60, 468, 514, 0, 0, 19.35%, 0, 32, 17, 151.20, 5143620, 518, 0, 0
42131, 60, 27, 514, 0, 0, 19.35%, 0, 32, 17, 152.10, 5144374, 518, 0, 0
42136, 60, 441, 514, 0, 0, 19.35%, 0, 32, 17, 146.91, 5145114, 518, 0, 0
42141, 60, 422, 514, 0, 0, 19.35%, 0, 32, 17, 149.83, 5145898, 518, 0, 0
42146, 60, 495, 514, 0, 0, 19.35%, 0, 32, 17, 111.24, 5146472, 518, 0, 0
42151, 60, 506, 514, 0, 0, 19.35%, 0, 32, 17, 104.91, 5146986, 518, 0, 0
42156, 60, 354, 514, 0, 0, 19.35%, 0, 32, 17, 115.29, 5147568, 518, 0, 0
42161, 60, 169, 514, 0, 0, 19.35%, 0, 32, 17, 151.21, 5148391, 518, 0, 0
42166, 60, 490, 514, 0, 0, 19.35%, 0, 32, 17, 149.27, 5149144, 518, 0, 0
42171, 60, 495, 514, 0, 0, 19.35%, 0, 32, 17, 123.33, 5149774, 518, 0, 0
42176, 60, 39, 514, 0, 0, 19.35%, 0, 32, 17, 139.96, 5150439, 518, 0, 0
42181, 60, 107, 514, 0, 0, 19.35%, 0, 32, 17, 150.87, 5151216, 518, 0, 0
42187, 60, 44, 514, 0, 0, 19.35%, 0, 32, 17, 159.41, 5152046, 518, 0, 0
42192, 60, 197, 514, 0, 0, 19.35%, 0, 32, 17, 153.66, 5152825, 518, 0, 0
42197, 60, 429, 514, 0, 0, 19.35%, 0, 32, 17, 144.10, 5153540, 518, 0, 0
42202, 60, 45, 514, 0, 0, 19.35%, 0, 32, 17, 153.06, 5154330, 518, 0, 0
42207, 60, 49, 514, 0, 0, 19.35%, 0, 32, 17, 156.64, 5155127, 518, 0, 0
42212, 60, 159, 514, 0, 0, 19.35%, 0, 32, 17, 152.94, 5155891, 518, 0, 0
42217, 60, 480, 514, 0, 0, 19.35%, 0, 32, 17, 150.38, 5156669, 518, 0, 0
42222, 60, 447, 514, 0, 0, 19.35%, 0, 32, 17, 140.67, 5157407, 518, 0, 0
42228, 60, 49, 514, 0, 0, 19.35%, 0, 32, 17, 154.11, 5158235, 518, 0, 0
42233, 60, 366, 514, 0, 0, 19.35%, 0, 32, 17, 148.99, 5158994, 518, 0, 0
42238, 60, 391, 514, 0, 0, 19.35%, 0, 32, 17, 139.47, 5159721, 518, 0, 0
42243, 60, 513, 514, 0, 0, 19.35%, 0, 32, 17, 137.10, 5160420, 518, 0, 0
42248, 60, 224, 514, 0, 0, 19.35%, 0, 32, 17, 144.17, 5161160, 518, 0, 0
42253, 60, 67, 514, 0, 0, 19.35%, 0, 32, 17, 157.83, 5161993, 518, 0, 0
42258, 60, 239, 514, 0, 0, 19.35%, 0, 32, 17, 153.03, 5162761, 518, 0, 0
42264, 60, 480, 514, 0, 0, 19.35%, 0, 32, 17, 148.74, 5163511, 518, 0, 0
42269, 60, 188, 514, 0, 0, 19.35%, 0, 32, 17, 149.56, 5164253, 518, 0, 0
42274, 60, 45, 514, 0, 0, 19.35%, 0, 32, 17, 152.18, 5165015, 518, 0, 0
42279, 60, 422, 514, 0, 0, 19.35%, 0, 32, 17, 154.43, 5165807, 518, 0, 0
42284, 60, 289, 514, 0, 0, 19.35%, 0, 32, 17, 153.93, 5166568, 518, 0, 0
42289, 60, 452, 514, 0, 0, 19.35%, 0, 32, 17, 138.33, 5167243, 518, 0, 0
42294, 60, 429, 514, 0, 0, 19.35%, 0, 32, 17, 144.25, 5167953, 518, 0, 0
42299, 60, 200, 514, 0, 0, 19.35%, 0, 32, 17, 148.63, 5168712, 518, 0, 0
42304, 60, 197, 514, 0, 0, 19.35%, 0, 32, 17, 148.19, 5169475, 518, 0, 0
42309, 60, 466, 514, 0, 0, 19.35%, 0, 32, 17, 159.45, 5170307, 518, 0, 0
42314, 60, 429, 514, 0, 0, 19.35%, 0, 32, 17, 153.96, 5171089, 518, 0, 0
42319, 60, 199, 514, 0, 0, 19.35%, 0, 32, 17, 153.51, 5171851, 518, 0, 0
42324, 60, 495, 514, 0, 0, 19.35%, 0, 32, 17, 119.11, 5172450, 518, 0, 0
42329, 60, 366, 514, 0, 0, 19.35%, 0, 32, 17, 146.00, 5173190, 518, 0, 0
42334, 60, 159, 514, 0, 0, 19.35%, 0, 32, 17, 149.90, 5173977, 518, 0, 0
42339, 60, 495, 514, 0, 0, 19.35%, 0, 32, 17, 125.79, 5174634, 518, 0, 0
42344, 60, 479, 514, 0, 0, 19.35%, 0, 32, 17, 133.78, 5175245, 518, 0, 0
42350, 60, 206, 514, 0, 0, 19.35%, 0, 32, 17, 141.99, 5175991, 518, 0, 0
42355, 60, 200, 514, 0, 0, 19.35%, 0, 32, 17, 152.29, 5176779, 518, 0, 0
42360, 60, 468, 514, 0, 0, 19.35%, 0, 32, 17, 150.13, 5177542, 518, 0, 0
42365, 60, 69, 514, 0, 0, 19.35%, 0, 32, 17, 154.99, 5178334, 518, 0, 0
42370, 60, 338, 514, 0, 0, 19.35%, 0, 32, 17, 151.70, 5179089, 518, 0, 0
42375, 60, 172, 514, 0, 0, 19.35%, 0, 32, 17, 159.34, 5179903, 518, 0, 0
42380, 60, 412, 514, 0, 0, 19.35%, 0, 32, 17, 152.85, 5180657, 518, 0, 0
42385, 60, 392, 514, 0, 0, 19.35%, 0, 32, 17, 147.22, 5181388, 518, 0, 0
42390, 60, 163, 514, 0, 0, 19.35%, 0, 32, 17, 148.33, 5182138, 518, 0, 0
42395, 60, 153, 514, 0, 0, 19.35%, 0, 32, 17, 143.75, 5182849, 518, 0, 0
42401, 60, 367, 514, 0, 0, 19.35%, 0, 32, 17, 151.33, 5183643, 518, 0, 0
42406, 60, 478, 514, 0, 0, 19.35%, 0, 32, 17, 133.49, 5184341, 518, 0, 0
42411, 60, 384, 514, 0, 0, 19.35%, 0, 32, 17, 143.69, 5185094, 518, 0, 0
42416, 60, 429, 514, 0, 0, 19.35%, 0, 32, 17, 149.35, 5185873, 518, 0, 0
42421, 60, 480, 514, 0, 0, 19.35%, 0, 32, 17, 155.06, 5186654, 518, 0, 0
42426, 60, 308, 514, 0, 0, 19.35%, 0, 32, 17, 151.21, 5187397, 518, 0, 0
42431, 60, 466, 514, 0, 0, 19.35%, 0, 32, 17, 154.74, 5188210, 518, 0, 0
42436, 60, 480, 514, 0, 0, 19.35%, 0, 32, 17, 147.89, 5188957, 518, 0, 0
42441, 60, 422, 514, 0, 0, 19.35%, 0, 32, 17, 146.32, 5189713, 518, 0, 0
42447, 60, 422, 514, 0, 0, 19.35%, 0, 32, 17, 144.40, 5190469, 518, 0, 0
42452, 60, 441, 514, 0, 0, 19.35%, 0, 32, 17, 130.13, 5191159, 518, 0, 0
42457, 60, 394, 514, 0, 0, 19.35%, 0, 32, 17, 135.38, 5191839, 518, 0, 0
42462, 60, 42, 514, 0, 0, 19.35%, 0, 32, 17, 147.96, 5192608, 518, 0, 0
42467, 60, 367, 514, 0, 0, 19.35%, 0, 32, 17, 152.84, 5193414, 518, 0, 0
42472, 60, 318, 514, 0, 0, 19.35%, 0, 32, 17, 149.71, 5194167, 518, 0, 0
42477, 60, 361, 514, 0, 0, 19.35%, 0, 32, 17, 156.72, 5194973, 518, 0, 0
42482, 60, 196, 514, 0, 0, 19.35%, 0, 32, 17, 155.56, 5195744, 518, 0, 0
42488, 61, 114, 514, 0, 0, 19.35%, 0, 32, 17, 157.96, 5196561, 518, 0, 0
42493, 61, 181, 514, 0, 0, 19.35%, 0, 32, 17, 154.48, 5197330, 518, 0, 0
42498, 61, 503, 514, 0, 0, 19.35%, 0, 32, 17, 152.48, 5198124, 518, 0, 0
42503, 61, 478, 514, 0, 0, 19.35%, 0, 32, 17, 160.88, 5198937, 518, 0, 0
42508, 61, 107, 514, 0, 0, 19.35%, 0, 32, 17, 156.18, 5199705, 518, 0, 0
42513, 61, 429, 514, 0, 0, 19.35%, 0, 32, 17, 149.29, 5200475, 518, 0, 0
42518, 61, 468, 514, 0, 0, 19.35%, 0, 32, 17, 154.38, 5201257, 518, 0, 0
42523, 61, 495, 514, 0, 0, 19.35%, 0, 32, 17, 129.37, 5201925, 518, 0, 0
42528, 61, 422, 514, 0, 0, 19.35%, 0, 32, 17, 117.59, 5202459, 518, 0, 0
42533, 61, 429, 514, 0, 0, 19.35%, 0, 32, 17, 142.46, 5203231, 518, 0, 0
42538, 61, 28, 514, 0, 0, 19.35%, 0, 32, 17, 156.33, 5204041, 518, 0, 0
42543, 61, 441, 514, 0, 0, 19.35%, 0, 32, 17, 143.86, 5204766, 518, 0, 0
42549, 61, 344, 514, 0, 0, 19.35%, 0, 32, 17, 149.69, 5205515, 518, 0, 0
42554, 61, 480, 514, 0, 0, 19.35%, 0, 32, 17, 136.28, 5206210, 518, 0, 0
42559, 61, 467, 514, 0, 0, 19.35%, 0, 32, 17, 131.83, 5206919, 518, 0, 0
42564, 61, 172, 514, 0, 0, 19.35%, 0, 32, 17, 124.59, 5207427, 518, 0, 0
42569, 61, 478, 514, 0, 0, 19.35%, 0, 32, 17, 130.76, 5208105, 518, 0, 0
42574, 61, 441, 514, 0, 0, 19.35%, 0, 32, 17, 121.54, 5208697, 518, 0, 0
42579, 61, 468, 514, 0, 0, 19.35%, 0, 32, 17, 149.51, 5209485, 518, 0, 0
42585, 61, 360, 514, 0, 0, 19.35%, 0, 32, 17, 154.33, 5210280, 518, 0, 0
42590, 61, 158, 514, 0, 0, 19.35%, 0, 32, 17, 156.72, 5211080, 518, 0, 0
42595, 61, 5, 514, 0, 0, 19.35%, 0, 32, 17, 156.32, 5211846, 518, 0, 0
42600, 61, 441, 514, 0, 0, 19.35%, 0, 32, 17, 147.18, 5212613, 518, 0, 0
42605, 61, 168, 514, 0, 0, 19.35%, 0, 32, 17, 156.91, 5213438, 518, 0, 0
42610, 61, 384, 514, 0, 0, 19.35%, 0, 32, 17, 145.51, 5214190, 518, 0, 0
42615, 61, 384, 514, 0, 0, 19.35%, 0, 32, 17, 128.14, 5214832, 518, 0, 0
42620, 61, 507, 514, 0, 0, 19.35%, 0, 32, 17, 146.29, 5215599, 518, 0, 0
42626, 61, 507, 514, 0, 0, 19.35%, 0, 32, 17, 131.88, 5216267, 518, 0, 0
42631, 61, 392, 514, 0, 0, 19.35%, 0, 32, 17, 133.86, 5216946, 518, 0, 0
42636, 61, 114, 514, 0, 0, 19.35%, 0, 32, 17, 152.67, 5217743, 518, 0, 0
42641, 61, 441, 514, 0, 0, 19.35%, 0, 32, 17, 155.26, 5218526, 518, 0, 0
42646, 61, 257, 514, 0, 0, 19.35%, 0, 32, 17, 151.12, 5219293, 518, 0, 0
42651, 61, 466, 514, 0, 0, 19.35%, 0, 32, 17, 152.81, 5220083, 518, 0, 0
42656, 61, 447, 514, 0, 0, 19.35%, 0, 32, 17, 157.16, 5220880, 518, 0, 0
42661, 61, 202, 514, 0, 0, 19.35%, 0, 32, 17, 155.81, 5221679, 518, 0, 0
42667, 61, 199, 514, 0, 0, 19.35%, 0, 32, 17, 154.37, 5222461, 518, 0, 0
42672, 61, 297, 514, 0, 0, 19.35%, 0, 32, 17, 156.05, 5223252, 518, 0, 0
42677, 61, 480, 514, 0, 0, 19.35%, 0, 32, 17, 148.28, 5223975, 518, 0, 0
42682, 61, 72, 514, 0, 0, 19.35%, 0, 32, 17, 146.97, 5224717, 518, 0, 0
42687, 61, 491, 514, 0, 0, 19.35%, 0, 32, 17, 141.15, 5225470, 518, 0, 0
42692, 61, 379, 514, 0, 0, 19.35%, 0, 32, 17, 137.81, 5226172, 518, 0, 0
42697, 61, 47, 514, 0, 0, 19.35%, 0, 32, 17, 147.01, 5226917, 518, 0, 0
42702, 61, 422, 514, 0, 0, 19.35%, 0, 32, 17, 151.59, 5227696, 518, 0, 0
42707, 61, 30, 514, 0, 0, 19.35%, 0, 32, 17, 157.56, 5228498, 518, 0, 0
42712, 61, 486, 514, 0, 0, 19.35%, 0, 32, 17, 152.87, 5229259, 518, 0, 0
42717, 61, 116, 514, 0, 0, 19.35%, 0, 32, 17, 153.11, 5230036, 518, 0, 0
42723, 61, 181, 514, 0, 0, 19.35%, 0, 32, 17, 154.05, 5230810, 518, 0, 0
42728, 61, 486, 514, 0, 0, 19.35%, 0, 32, 17, 152.96, 5231607, 518, 0, 0
42733, 61, 448, 514, 0, 0, 19.35%, 0, 32, 17, 150.07, 5232374, 518, 0, 0
42738, 61, 422, 514, 0, 0, 19.35%, 0, 32, 17, 151.07, 5233163, 518, 0, 0
42743, 61, 392, 514, 0, 0, 19.35%, 0, 32, 17, 143.82, 5233900, 518, 0, 0
42748, 61, 238, 514, 0, 0, 19.35%, 0, 32, 17, 153.75, 5234704, 518, 0, 0
42753, 61, 193, 514, 0, 0, 19.35%, 0, 32, 17, 153.83, 5235489, 518, 0, 0
42758, 61, 313, 514, 0, 0, 19.35%, 0, 32, 17, 152.02, 5236265, 518, 0, 0
42764, 61, 495, 514, 0, 0, 19.35%, 0, 32, 17, 144.53, 5237028, 518, 0, 0
42769, 61, 188, 514, 0, 0, 19.35%, 0, 32, 17, 135.36, 5237641, 518, 0, 0
42774, 61, 80, 514, 0, 0, 19.35%, 0, 32, 17, 140.66, 5238372, 518, 0, 0
42779, 61, 495, 514, 0, 0, 19.35%, 0, 32, 17, 126.10, 5239040, 518, 0, 0
42784, 61, 480, 514, 0, 0, 19.35%, 0, 32, 17, 136.61, 5239715, 518, 0, 0
42789, 61, 429, 514, 0, 0, 19.35%, 0, 32, 17, 149.58, 5240486, 518, 0, 0
42794, 61, 367, 514, 0, 0, 19.35%, 0, 32, 17, 152.33, 5241252, 518, 0, 0
42799, 61, 468, 514, 0, 0, 19.35%, 0, 32, 17, 153.24, 5242047, 518, 0, 0
42804, 61, 466, 514, 0, 0, 19.35%, 0, 32, 17, 155.28, 5242811, 518, 0, 0
42809, 61, 304, 514, 0, 0, 19.35%, 0, 32, 17, 158.61, 5243637, 518, 0, 0
42815, 61, 468, 514, 0, 0, 19.35%, 0, 32, 17, 154.08, 5244444, 518, 0, 0
42820, 61, 337, 514, 0, 0, 19.35%, 0, 32, 17, 157.69, 5245238, 518, 0, 0
42825, 61, 188, 514, 0, 0, 19.35%, 0, 32, 17, 156.14, 5246044, 518, 0, 0
42830, 61, 508, 514, 0, 0, 19.35%, 0, 32, 17, 126.55, 5246677, 518, 0, 0
42835, 61, 508, 514, 0, 0, 19.35%, 0, 32, 17, 107.69, 5247193, 518, 0, 0
42840, 61, 430, 514, 0, 0, 19.35%, 0, 32, 17, 120.35, 5247780, 518, 0, 0
42845, 61, 466, 514, 0, 0, 19.35%, 0, 32, 17, 147.73, 5248559, 518, 0, 0
42850, 61, 360, 514, 0, 0, 19.35%, 0, 32, 17, 148.83, 5249341, 518, 0, 0
42855, 61, 360, 514, 0, 0, 19.35%, 0, 32, 17, 152.76, 5250130, 518, 0, 0
42860, 61, 417, 514, 0, 0, 19.35%, 0, 32, 17, 141.12, 5250834, 518, 0, 0
42865, 61, 360, 514, 0, 0, 19.35%, 0, 32, 17, 147.28, 5251584, 518, 0, 0
42870, 61, 495, 514, 0, 0, 19.35%, 0, 32, 17, 152.61, 5252358, 518, 0, 0
42876, 61, 199, 514, 0, 0, 19.35%, 0, 32, 17, 134.38, 5252975, 518, 0, 0
42881, 61, 265, 514, 0, 0, 19.35%, 0, 32, 17, 148.35, 5253750, 518, 0, 0
42886, 61, 495, 514, 0, 0, 19.35%, 0, 32, 17, 130.27, 5254426, 518, 0, 0
42891, 61, 468, 514, 0, 0, 19.35%, 0, 32, 17, 140.17, 5255130, 518, 0, 0
42896, 61, 495, 514, 0, 0, 19.35%, 0, 32, 17, 139.04, 5255848, 518, 0, 0
42901, 61, 367, 514, 0, 0, 19.35%, 0, 32, 17, 137.14, 5256498, 518, 0, 0
42906, 61, 252, 514, 0, 0, 19.35%, 0, 32, 17, 152.74, 5257303, 518, 0, 0
42912, 61, 168, 514, 0, 0, 19.35%, 0, 32, 17, 150.21, 5258086, 518, 0, 0
42917, 61, 510, 514, 0, 0, 19.35%, 0, 32, 17, 143.21, 5258843, 518, 0, 0
42922, 61, 510, 514, 0, 0, 19.35%, 0, 32, 17, 138.00, 5259545, 518, 0, 0
42927, 61, 337, 514, 0, 0, 19.35%, 0, 32, 17, 143.57, 5260280, 518, 0, 0
42932, 61, 5, 514, 0, 0, 19.35%, 0, 32, 17, 156.90, 5261098, 518, 0, 0
42937, 61, 50, 514, 0, 0, 19.35%, 0, 32, 17, 159.21, 5261889, 518, 0, 0
42942, 61, 239, 514, 0, 0, 19.35%, 0, 32, 17, 153.47, 5262661, 518, 0, 0
42948, 61, 392, 514, 0, 0, 19.35%, 0, 32, 17, 145.17, 5263424, 518, 0, 0
42953, 61, 510, 514, 0, 0, 19.35%, 0, 32, 17, 135.35, 5264074, 518, 0, 0
42958, 61, 510, 514, 0, 0, 19.35%, 0, 32, 17, 135.89, 5264774, 518, 0, 0
42963, 61, 343, 514, 0, 0, 19.35%, 0, 32, 17, 141.29, 5265498, 518, 0, 0
42968, 61, 429, 514, 0, 0, 19.35%, 0, 32, 17, 142.00, 5266220, 518, 0, 0
42973, 61, 495, 514, 0, 0, 19.35%, 0, 32, 17, 112.90, 5266783, 518, 0, 0
42978, 61, 468, 514, 0, 0, 19.35%, 0, 32, 17, 119.00, 5267339, 518, 0, 0
42983, 61, 299, 514, 0, 0, 19.35%, 0, 32, 17, 146.03, 5268103, 518, 0, 0
42989, 61, 48, 514, 0, 0, 19.35%, 0, 32, 17, 154.46, 5268908, 518, 0, 0
42994, 61, 392, 514, 0, 0, 19.35%, 0, 32, 17, 154.45, 5269698, 518, 0, 0
42999, 61, 343, 514, 0, 0, 19.35%, 0, 32, 17, 145.28, 5270432, 518, 0, 0
43004, 61, 495, 514, 0, 0, 19.35%, 0, 32, 17, 111.97, 5271009, 518, 0, 0
43009, 61, 486, 514, 0, 0, 19.35%, 0, 32, 17, 131.89, 5271664, 518, 0, 0
43014, 61, 495, 514, 0, 0, 19.35%, 0, 32, 17, 130.19, 5272379, 518, 0, 0
43019, 61, 67, 514, 0, 0, 19.35%, 0, 32, 17, 125.58, 5272954, 518, 0, 0
43024, 62, 479, 514, 0, 0, 19.35%, 0, 32, 17, 143.56, 5273734, 518, 0, 0
43030, 62, 468, 514, 0, 0, 19.35%, 0, 32, 17, 150.80, 5274546, 518, 0, 0
43035, 62, 299, 514, 0, 0, 19.35%, 0, 32, 17, 138.81, 5275273, 518, 0, 0
43040, 62, 429, 514, 0, 0, 19.35%, 0, 32, 17, 137.78, 5275979, 518, 0, 0
43045, 62, 466, 514, 0, 0, 19.35%, 0, 32, 17, 150.72, 5276750, 518, 0, 0
43050, 62, 267, 514, 0, 0, 19.35%, 0, 32, 17, 155.37, 5277560, 518, 0, 0
43055, 62, 153, 514, 0, 0, 19.35%, 0, 32, 17, 152.57, 5278323, 518, 0, 0
43060, 62, 26, 514, 0, 0, 19.35%, 0, 32, 17, 152.32, 5279130, 518, 0, 0
43065, 62, 218, 514, 0, 0, 19.35%, 0, 32, 17, 158.29, 5279932, 518, 0, 0
43071, 62, 153, 514, 0, 0, 19.35%, 0, 32, 17, 158.97, 5280759, 518, 0, 0
43076, 62, 486, 514, 0, 0, 19.35%, 0, 32, 17, 151.04, 5281555, 518, 0, 0
43081, 62, 491, 514, 0, 0, 19.35%, 0, 32, 17, 137.45, 5282287, 518, 0, 0
43086, 62, 89, 514, 0, 0, 19.35%, 0, 32, 17, 145.65, 5283023, 518, 0, 0
43091, 62, 490, 514, 0, 0, 19.35%, 0, 32, 17, 130.65, 5283702, 518, 0, 0
43096, 62, 45, 514, 0, 0, 19.35%, 0, 32, 17, 143.30, 5284447, 518, 0, 0
43102, 62, 45, 514, 0, 0, 19.35%, 0, 32, 17, 151.07, 5285230, 518, 0, 0
43107, 62, 468, 514, 0, 0, 19.35%, 0, 32, 17, 150.56, 5286010, 518, 0, 0
43112, 62, 199, 514, 0, 0, 19.35%, 0, 32, 17, 150.81, 5286749, 518, 0, 0
43117, 62, 115, 514, 0, 0, 19.35%, 0, 32, 17, 155.24, 5287528, 518, 0, 0
43122, 62, 158, 514, 0, 0, 19.35%, 0, 32, 17, 153.34, 5288328, 518, 0, 0
43127, 62, 478, 514, 0, 0, 19.35%, 0, 32, 17, 154.72, 5289127, 518, 0, 0
43132, 62, 486, 514, 0, 0, 19.35%, 0, 32, 17, 151.75, 5289872, 518, 0, 0
43137, 62, 26, 514, 0, 0, 19.35%, 0, 32, 17, 151.42, 5290651, 518, 0, 0
43142, 62, 392, 514, 0, 0, 19.35%, 0, 32, 17, 150.92, 5291426, 518, 0, 0
43147, 62, 159, 514, 0, 0, 19.35%, 0, 32, 17, 159.50, 5292244, 518, 0, 0
43153, 62, 224, 514, 0, 0, 19.35%, 0, 32, 17, 158.28, 5293059, 518, 0, 0
43158, 62, 385, 514, 0, 0, 19.35%, 0, 32, 17, 133.48, 5293744, 518, 0, 0
43163, 62, 168, 514, 0, 0, 19.35%, 0, 32, 17, 153.96, 5294552, 518, 0, 0
43168, 62, 495, 514, 0, 0, 19.35%, 0, 32, 17, 115.31, 5295142, 518, 0, 0
43173, 62, 447, 514, 0, 0, 19.35%, 0, 32, 17, 136.74, 5295842, 518, 0, 0
43178, 62, 509, 514, 0, 0, 19.35%, 0, 32, 17, 138.11, 5296570, 518, 0, 0
43183, 62, 367, 514, 0, 0, 19.35%, 0, 32, 17, 139.32, 5297292, 518, 0, 0
43188, 62, 441, 514, 0, 0, 19.35%, 0, 32, 17, 152.36, 5298072, 518, 0, 0
43194, 62, 197, 514, 0, 0, 19.35%, 0, 32, 17, 141.32, 5298800, 518, 0, 0
43199, 62, 429, 514, 0, 0, 19.35%, 0, 32, 17, 144.61, 5299570, 518, 0, 0
43204, 62, 495, 514, 0, 0, 19.35%, 0, 32, 17, 108.28, 5300108, 518, 0, 0
43209, 62, 191, 514, 0, 0, 19.35%, 0, 32, 17, 136.26, 5300803, 518, 0, 0
43214, 62, 266, 514, 0, 0, 19.35%, 0, 32, 17, 142.71, 5301523, 518, 0, 0
43219, 62, 447, 514, 0, 0, 19.35%, 0, 32, 17, 141.67, 5302203, 518, 0, 0
43224, 62, 480, 514, 0, 0, 19.35%, 0, 32, 17, 150.78, 5303011, 518, 0, 0
43229, 62, 46, 514, 0, 0, 19.35%, 0, 32, 17, 144.69, 5303722, 518, 0, 0
43234, 62, 31, 514, 0, 0, 19.35%, 0, 32, 17, 145.29, 5304493, 518, 0, 0
43239, 62, 422, 514, 0, 0, 19.35%, 0, 32, 17, 150.34, 5305284, 518, 0, 0
43245, 62, 196, 514, 0, 0, 19.35%, 0, 32, 17, 155.16, 5306073, 518, 0, 0
43250, 62, 77, 514, 0, 0, 19.35%, 0, 32, 17, 155.29, 5306848, 518, 0, 0
43255, 62, 275, 514, 0, 0, 19.35%, 0, 32, 17, 149.40, 5307625, 518, 0, 0
43260, 62, 468, 514, 0, 0, 19.35%, 0, 32, 17, 151.67, 5308426, 518, 0, 0
43265, 62, 392, 514, 0, 0, 19.35%, 0, 32, 17, 147.70, 5309173, 518, 0, 0
43270, 62, 204, 514, 0, 0, 19.35%, 0, 32, 17, 145.21, 5309925, 518, 0, 0
43275, 62, 159, 514, 0, 0, 19.35%, 0, 32, 17, 151.04, 5310721, 518, 0, 0
43280, 62, 478, 514, 0, 0, 19.35%, 0, 32, 17, 138.20, 5311395, 518, 0, 0
43286, 62, 327, 514, 0, 0, 19.35%, 0, 32, 17, 156.29, 5312211, 518, 0, 0
43291, 62, 480, 514, 0, 0, 19.35%, 0, 32, 17, 151.19, 5312953, 518, 0, 0
43296, 62, 510, 514, 0, 0, 19.35%, 0, 32, 17, 143.30, 5313682, 518, 0, 0
43301, 62, 510, 514, 0, 0, 19.35%, 0, 32, 17, 143.41, 5314428, 518, 0, 0
43306, 62, 511, 514, 0, 0, 19.35%, 0, 32, 17, 136.34, 5315122, 518, 0, 0
43311, 62, 511, 514, 0, 0, 19.35%, 0, 32, 17, 111.86, 5315656, 518, 0, 0
43316, 62, 511, 514, 0, 0, 19.35%, 0, 32, 17, 107.08, 5316192, 518, 0, 0
43321, 62, 149, 514, 0, 0, 19.35%, 0, 32, 17, 120.07, 5316774, 518, 0, 0
43326, 62, 429, 514, 0, 0, 19.35%, 0, 32, 17, 141.98, 5317545, 518, 0, 0
43331, 62, 416, 514, 0, 0, 19.35%, 0, 32, 17, 147.99, 5318312, 518, 0, 0
43337, 62, 424, 514, 0, 0, 19.35%, 0, 32, 17, 144.77, 5319049, 518, 0, 0
43342, 62, 509, 514, 0, 0, 19.35%, 0, 32, 17, 139.64, 5319783, 518, 0, 0
43347, 62, 509, 514, 0, 0, 19.35%, 0, 32, 17, 128.01, 5320409, 518, 0, 0
43352, 62, 328, 514, 0, 0, 19.35%, 0, 32, 17, 137.41, 5321104, 518, 0, 0
43357, 62, 161, 514, 0, 0, 19.35%, 0, 32, 17, 149.64, 5321903, 518, 0, 0
43362, 62, 422, 514, 0, 0, 19.35%, 0, 32, 17, 152.28, 5322688, 518, 0, 0
43367, 62, 502, 514, 0, 0, 19.35%, 0, 32, 17, 111.69, 5323250, 518, 0, 0
43372, 62, 495, 514, 0, 0, 19.35%, 0, 32, 17, 109.34, 5323820, 518, 0, 0
43377, 62, 3, 514, 0, 0, 19.35%, 0, 32, 17, 122.70, 5324406, 518, 0, 0
43382, 62, 495, 514, 0, 0, 19.35%, 0, 32, 17, 130.85, 5325140, 518, 0, 0
43387, 62, 391, 514, 0, 0, 19.35%, 0, 32, 17, 111.43, 5325632, 518, 0, 0
43393, 62, 422, 514, 0, 0, 19.35%, 0, 32, 17, 145.60, 5326422, 518, 0, 0
43398, 62, 422, 514, 0, 0, 19.35%, 0, 32, 17, 142.24, 5327160, 518, 0, 0
43403, 62, 224, 514, 0, 0, 19.35%, 0, 32, 17, 151.53, 5327949, 518, 0, 0
43408, 62, 495, 514, 0, 0, 19.35%, 0, 32, 17, 113.50, 5328509, 518, 0, 0
43413, 62, 193, 514, 0, 0, 19.35%, 0, 32, 17, 142.13, 5329231, 518, 0, 0
43418, 62, 350, 514, 0, 0, 19.35%, 0, 32, 17, 149.97, 5330021, 518, 0, 0
43423, 62, 325, 514, 0, 0, 19.35%, 0, 32, 17, 151.90, 5330812, 518, 0, 0
43429, 62, 510, 514, 0, 0, 19.35%, 0, 32, 17, 145.70, 5331569, 518, 0, 0
43434, 62, 510, 514, 0, 0, 19.35%, 0, 32, 17, 146.02, 5332315, 518, 0, 0
43439, 62, 212, 514, 0, 0, 19.35%, 0, 32, 17, 154.93, 5333117, 518, 0, 0
43444, 62, 145, 514, 0, 0, 19.35%, 0, 32, 17, 154.79, 5333910, 518, 0, 0
43449, 62, 480, 514, 0, 0, 19.35%, 0, 32, 17, 151.73, 5334678, 518, 0, 0
43454, 62, 480, 514, 0, 0, 19.35%, 0, 32, 17, 148.27, 5335434, 518, 0, 0
43459, 62, 185, 514, 0, 0, 19.35%, 0, 32, 17, 156.30, 5336253, 518, 0, 0
43464, 62, 40, 514, 0, 0, 19.35%, 0, 32, 17, 149.33, 5337005, 518, 0, 0
43469, 62, 457, 514, 0, 0, 19.35%, 0, 32, 17, 124.56, 5337659, 518, 0, 0
43475, 62, 49, 514, 0, 0, 19.35%, 0, 32, 17, 142.05, 5338401, 518, 0, 0
43480, 62, 468, 514, 0, 0, 19.35%, 0, 32, 17, 151.54, 5339217, 518, 0, 0
43485, 62, 367, 514, 0, 0, 19.35%, 0, 32, 17, 153.24, 5339997, 518, 0, 0
43490, 62, 510, 514, 0, 0, 19.35%, 0, 32, 17, 153.76, 5340766, 518, 0, 0
43495, 62, 510, 514, 0, 0, 19.35%, 0, 32, 17, 154.34, 5341546, 518, 0, 0
43500, 62, 285, 514, 0, 0, 19.35%, 0, 32, 17, 153.06, 5342332, 518, 0, 0
43505, 62, 153, 514, 0, 0, 19.35%, 0, 32, 17, 152.69, 5343101, 518, 0, 0
43510, 62, 496, 514, 0, 0, 19.35%, 0, 32, 17, 141.64, 5343872, 518, 0, 0
43516, 62, 486, 514, 0, 0, 19.35%, 0, 32, 17, 141.08, 5344544, 518, 0, 0
43521, 62, 480, 514, 0, 0, 19.35%, 0, 32, 17, 140.31, 5345284, 518, 0, 0
43526, 62, 472, 514, 0, 0, 19.35%, 0, 32, 17, 114.81, 5345887, 518, 0, 0
43531, 62, 496, 514, 0, 0, 19.35%, 0, 32, 17, 96.14, 5346330, 518, 0, 0
43536, 62, 441, 514, 0, 0, 19.35%, 0, 32, 17, 128.62, 5346971, 518, 0, 0
43541, 62, 443, 514, 0, 0, 19.35%, 0, 32, 17, 148.04, 5347783, 518, 0, 0
43546, 62, 67, 514, 0, 0, 19.35%, 0, 32, 17, 154.38, 5348561, 518, 0, 0
43551, 62, 468, 514, 0, 0, 19.35%, 0, 32, 17, 144.12, 5349267, 518, 0, 0
43557, 62, 495, 514, 0, 0, 19.35%, 0, 32, 17, 122.46, 5349931, 518, 0, 0
43562, 62, 39, 514, 0, 0, 19.35%, 0, 32, 17, 127.86, 5350506, 518, 0, 0
43567, 62, 510, 514, 0, 0, 19.35%, 0, 32, 17, 147.58, 5351290, 518, 0, 0
43572, 62, 510, 514, 0, 0, 19.35%, 0, 32, 17, 149.81, 5352046, 518, 0, 0
43577, 62, 184, 514, 0, 0, 19.35%, 0, 32, 17, 158.36, 5352869, 518, 0, 0
43582, 62, 468, 514, 0, 0, 19.35%, 0, 32, 17, 156.47, 5353685, 518, 0, 0
43587, 62, 417, 514, 0, 0, 19.35%, 0, 32, 17, 150.27, 5354431, 518, 0, 0
43592, 62, 429, 514, 0, 0, 19.35%, 0, 32, 17, 151.80, 5355216, 518, 0, 0
43597, 62, 272, 514, 0, 0, 19.35%, 0, 32, 17, 153.68, 5355991, 518, 0, 0
43603, 63, 44, 514, 0, 0, 19.35%, 0, 32, 17, 157.40, 5356808, 518, 0, 0
43608, 63, 238, 514, 0, 0, 19.35%, 0, 32, 17, 147.39, 5357527, 518, 0, 0
43613, 63, 343, 514, 0, 0, 19.35%, 0, 32, 17, 157.19, 5358355, 518, 0, 0
43618, 63, 441, 514, 0, 0, 19.35%, 0, 32, 17, 125.48, 5358987, 518, 0, 0
43623, 63, 294, 514, 0, 0, 19.35%, 0, 32, 17, 143.89, 5359760, 518, 0, 0
43628, 63, 480, 514, 0, 0, 19.35%, 0, 32, 17, 148.33, 5360526, 518, 0, 0
43634, 63, 380, 514, 0, 0, 19.35%, 0, 32, 17, 152.49, 5361320, 518, 0, 0
43639, 63, 337, 514, 0, 0, 19.35%, 0, 32, 17, 145.81, 5362041, 518, 0, 0
43644, 63, 508, 514, 0, 0, 19.35%, 0, 32, 17, 119.08, 5362625, 518, 0, 0
43649, 63, 513, 514, 0, 0, 19.35%, 0, 32, 17, 131.75, 5363263, 518, 0, 0
43654, 63, 480, 515, 1, 0, 19.35%, 0, 32, 17, 143.86, 5364026, 518, 0, 0
43659, 63, 285, 515, 1, 0, 19.35%, 0, 32, 17, 146.65, 5364778, 518, 0, 0
43664, 63, 367, 515, 1, 0, 19.35%, 0, 32, 17, 146.61, 5365524, 518, 0, 0
43669, 63, 495, 515, 1, 0, 19.35%, 0, 32, 17, 111.91, 5366061, 518, 0, 0
43674, 63, 441, 515, 1, 0, 19.35%, 0, 32, 17, 135.89, 5366751, 518, 0, 0
43680, 63, 468, 515, 1, 0, 19.35%, 0, 32, 17, 145.94, 5367521, 518, 0, 0
43685, 63, 495, 515, 1, 0, 19.35%, 0, 32, 17, 115.50, 5368103, 518, 0, 0
43690, 63, 68, 515, 1, 0, 19.35%, 0, 32, 17, 134.71, 5368773, 518, 0, 0
43695, 63, 496, 515, 1, 0, 19.35%, 0, 32, 17, 132.97, 5369495, 518, 0, 0
43700, 63, 238, 515, 1, 0, 19.35%, 0, 32, 17, 124.53, 5370059, 518, 0, 0
43705, 63, 480, 515, 1, 0, 19.35%, 0, 32, 17, 138.76, 5370801, 518, 0, 0
43710, 63, 422, 515, 1, 0, 19.35%, 0, 32, 17, 143.55, 5371563, 518, 0, 0
43715, 63, 495, 515, 1, 0, 19.35%, 0, 32, 17, 125.79, 5372219, 518, 0, 0
43720, 63, 429, 515, 1, 0, 19.35%, 0, 32, 17, 119.44, 5372752, 518, 0, 0
43726, 63, 468, 515, 1, 0, 19.35%, 0, 32, 17, 138.29, 5373483, 518, 0, 0
43731, 63, 468, 515, 1, 0, 19.35%, 0, 32, 17, 149.75, 5374268, 518, 0, 0
43736, 63, 36, 515, 1, 0, 19.35%, 0, 32, 17, 152.30, 5375051, 518, 0, 0
43741, 63, 429, 515, 1, 0, 19.35%, 0, 32, 17, 159.95, 5375880, 518, 0, 0
43746, 63, 337, 515, 1, 0, 19.35%, 0, 32, 17, 152.63, 5376648, 518, 0, 0
43751, 63, 392, 515, 1, 0, 19.35%, 0, 32, 17, 152.70, 5377440, 518, 0, 0
43756, 63, 495, 515, 1, 0, 19.35%, 0, 32, 17, 128.65, 5378106, 518, 0, 0
43762, 63, 180, 515, 1, 0, 19.35%, 0, 32, 17, 139.24, 5378792, 518, 0, 0
43767, 63, 486, 515, 1, 0, 19.35%, 0, 32, 17, 150.86, 5379596, 518, 0, 0
43772, 63, 185, 515, 1, 0, 19.35%, 0, 32, 17, 159.94, 5380427, 518, 0, 0
43777, 63, 392, 515, 1, 0, 19.35%, 0, 32, 17, 149.78, 5381166, 518, 0, 0
43782, 63, 304, 515, 1, 0, 19.35%, 0, 32, 17, 151.95, 5381939, 518, 0, 0
43787, 63, 495, 515, 1, 0, 19.35%, 0, 32, 17, 134.62, 5382629, 518, 0, 0
43792, 63, 102, 515, 1, 0, 19.35%, 0, 32, 17, 147.92, 5383367, 518, 0, 0
43798, 63, 47, 515, 1, 0, 19.35%, 0, 32, 17, 147.71, 5384127, 518, 0, 0
43803, 63, 480, 515, 1, 0, 19.35%, 0, 32, 17, 144.00, 5384847, 518, 0, 0
43808, 63, 343, 515, 1, 0, 19.35%, 0, 32, 17, 152.93, 5385627, 518, 0, 0
43813, 63, 238, 515, 1, 0, 19.35%, 0, 32, 17, 155.93, 5386429, 518, 0, 0
43818, 63, 491, 515, 1, 0, 19.35%, 0, 32, 17, 147.54, 5387189, 518, 0, 0
43823, 63, 266, 515, 1, 0, 19.35%, 0, 32, 17, 139.28, 5387903, 518, 0, 0
43828, 63, 486, 515, 1, 0, 19.35%, 0, 32, 17, 133.24, 5388570, 518, 0, 0
43833, 63, 429, 515, 1, 0, 19.35%, 0, 32, 17, 150.05, 5389358, 518, 0, 0
43838, 63, 343, 515, 1, 0, 19.35%, 0, 32, 17, 147.99, 5390120, 518, 0, 0
43843, 63, 45, 515, 1, 0, 19.35%, 0, 32, 17, 150.00, 5390903, 518, 0, 0
43848, 63, 495, 515, 1, 0, 19.35%, 0, 32, 17, 128.79, 5391587, 518, 0, 0
43853, 63, 495, 515, 1, 0, 19.35%, 0, 32, 17, 101.28, 5392054, 518, 0, 0
43859, 63, 31, 515, 1, 0, 19.35%, 0, 32, 17, 125.48, 5392650, 518, 0, 0
43864, 63, 478, 515, 1, 0, 19.35%, 0, 32, 17, 104.39, 5393143, 518, 0, 0
43869, 63, 495, 515, 1, 0, 19.35%, 0, 32, 17, 105.37, 5393735, 518, 0, 0
43874, 63, 69, 515, 1, 0, 19.35%, 0, 32, 17, 126.86, 5394347, 518, 0, 0
43879, 63, 153, 515, 1, 0, 19.35%, 0, 32, 17, 119.81, 5394923, 518, 0, 0
43884, 63, 238, 515, 1, 0, 19.35%, 0, 32, 17, 135.25, 5395659, 518, 0, 0
43889, 63, 199, 515, 1, 0, 19.35%, 0, 32, 17, 151.12, 5396457, 518, 0, 0
43894, 63, 282, 515, 1, 0, 19.35%, 0, 32, 17, 157.74, 5397286, 518, 0, 0
43899, 63, 285, 515, 1, 0, 19.35%, 0, 32, 17, 128.26, 5397883, 518, 0, 0
43904, 63, 395, 515, 1, 0, 19.35%, 0, 32, 17, 144.69, 5398678, 518, 0, 0
43909, 63, 441, 515, 1, 0, 19.35%, 0, 32, 17, 146.73, 5399388, 518, 0, 0
43914, 63, 367, 515, 1, 0, 19.35%, 0, 32, 17, 149.63, 5400131, 518, 0, 0
43920, 63, 468, 515, 1, 0, 19.35%, 0, 32, 17, 139.98, 5400845, 518, 0, 0
43925, 63, 495, 515, 1, 0, 19.35%, 0, 32, 17, 102.14, 5401341, 518, 0, 0
43930, 63, 46, 515, 1, 0, 19.35%, 0, 32, 17, 146.23, 5402117, 518, 0, 0
43935, 63, 498, 515, 1, 0, 19.35%, 0, 32, 17, 153.16, 5402936, 518, 0, 0
43940, 63, 468, 515, 1, 0, 19.35%, 0, 32, 17, 149.37, 5403677, 518, 0, 0
43945, 63, 495, 515, 1, 0, 19.35%, 0, 32, 17, 132.37, 5404382, 518, 0, 0
43950, 63, 429, 515, 1, 0, 19.35%, 0, 32, 17, 116.45, 5404898, 518, 0, 0
43955, 63, 468, 515, 1, 0, 19.35%, 0, 32, 17, 139.36, 5405634, 518, 0, 0
43961, 63, 149, 515, 1, 0, 19.35%, 0, 32, 17, 149.73, 5406397, 518, 0, 0
43966, 63, 93, 515, 1, 0, 19.35%, 0, 32, 17, 150.21, 5407154, 518, 0, 0
43971, 63, 479, 515, 1, 0, 19.35%, 0, 32, 17, 135.01, 5407859, 518, 0, 0
43976, 63, 384, 515, 1, 0, 19.35%, 0, 32, 17, 137.80, 5408536, 518, 0, 0
43981, 63, 29, 515, 1, 0, 19.35%, 0, 32, 17, 145.38, 5409288, 518, 0, 0
43986, 63, 153, 515, 1, 0, 19.35%, 0, 32, 17, 156.16, 5410092, 518, 0, 0
43991, 63, 170, 515, 1, 0, 19.35%, 0, 32, 17, 151.12, 5410870, 518, 0, 0
43996, 63, 480, 515, 1, 0, 19.35%, 0, 32, 17, 149.57, 5411631, 518, 0, 0
44001, 63, 201, 515, 1, 0, 19.35%, 0, 32, 17, 145.72, 5412360, 518, 0, 0
44006, 63, 429, 515, 1, 0, 19.35%, 0, 32, 17, 147.51, 5413115, 518, 0, 0
44011, 63, 170, 515, 1, 0, 19.35%, 0, 32, 17, 154.46, 5413915, 518, 0, 0
44017, 63, 114, 515, 1, 0, 19.35%, 0, 32, 17, 158.85, 5414721, 518, 0, 0
44022, 63, 392, 515, 1, 0, 19.35%, 0, 32, 17, 141.33, 5415421, 518, 0, 0
44027, 63, 419, 515, 1, 0, 19.35%, 0, 32, 17, 140.88, 5416137, 518, 0, 0
44032, 63, 185, 515, 1, 0, 19.35%, 0, 32, 17, 147.30, 5416893, 518, 0, 0
44037, 63, 441, 515, 1, 0, 19.35%, 0, 32, 17, 153.46, 5417700, 518, 0, 0
44042, 63, 429, 515, 1, 0, 19.35%, 0, 32, 17, 154.22, 5418471, 518, 0, 0
44047, 63, 479, 515, 1, 0, 19.35%, 0, 32, 17, 137.34, 5419169, 518, 0, 0
44053, 63, 468, 515, 1, 0, 19.35%, 0, 32, 17, 147.50, 5419937, 518, 0, 0
44058, 63, 344, 515, 1, 0, 19.35%, 0, 32, 17, 147.68, 5420677, 518, 0, 0
44063, 63, 495, 515, 1, 0, 19.35%, 0, 32, 17, 153.71, 5421494, 518, 0, 0
44068, 63, 509, 515, 1, 0, 19.35%, 0, 32, 17, 123.86, 5422091, 518, 0, 0
44073, 63, 509, 515, 1, 0, 19.35%, 0, 32, 17, 119.14, 5422699, 518, 0, 0
44078, 63, 495, 515, 1, 0, 19.35%, 0, 32, 17, 115.64, 5423313, 518, 0, 0
44084, 63, 353, 515, 1, 0, 19.35%, 0, 32, 17, 114.74, 5423859, 518, 0, 0
44089, 63, 406, 515, 1, 0, 19.35%, 0, 32, 17, 132.31, 5424589, 518, 0, 0
44094, 63, 191, 515, 1, 0, 19.35%, 0, 32, 17, 149.29, 5425350, 518, 0, 0
44099, 63, 180, 515, 1, 0, 19.35%, 0, 32, 17, 149.20, 5426107, 518, 0, 0
44104, 63, 163, 515, 1, 0, 19.35%, 0, 32, 17, 150.91, 5426886, 518, 0, 0
44109, 63, 480, 515, 1, 0, 19.35%, 0, 32, 17, 149.71, 5427650, 518, 0, 0
44114, 63, 392, 515, 1, 0, 19.35%, 0, 32, 17, 143.97, 5428395, 518, 0, 0
44120, 63, 69, 515, 1, 0, 19.35%, 0, 32, 17, 151.75, 5429177, 518, 0, 0
44125, 63, 495, 515, 1, 0, 19.35%, 0, 32, 17, 125.53, 5429827, 518, 0, 0
44130, 63, 468, 515, 1, 0, 19.35%, 0, 32, 17, 124.63, 5430423, 518, 0, 0
44135, 63, 358, 515, 1, 0, 19.35%, 0, 32, 17, 135.11, 5431137, 518, 0, 0
44140, 63, 486, 515, 1, 0, 19.35%, 0, 32, 17, 141.34, 5431898, 518, 0, 0
44145, 63, 480, 515, 1, 0, 19.35%, 0, 32, 17, 143.08, 5432648, 518, 0, 0
44150, 63, 26, 515, 1, 0, 19.35%, 0, 32, 17, 149.68, 5433424, 518, 0, 0
44156, 63, 468, 515, 1, 0, 19.35%, 0, 32, 17, 152.52, 5434225, 518, 0, 0
44161, 63, 333, 515, 1, 0, 19.35%, 0, 32, 17, 152.79, 5435000, 518, 0, 0
44166, 63, 514, 515, 1, 0, 19.35%, 0, 32, 17, 130.13, 5435653, 518, 0, 0
44171, 63, 367, 515, 0, 0, 19.35%, 0, 32, 17, 141.58, 5436415, 518, 0, 0
44176, 63, 422, 515, 0, 0, 19.35%, 0, 32, 17, 147.39, 5437170, 518, 0, 0
44181, 63, 397, 515, 0, 0, 19.35%, 0, 32, 17, 141.52, 5437865, 518, 0, 0
44186, 63, 252, 515, 0, 0, 19.35%, 0, 32, 17, 145.87, 5438593, 518, 0, 0
44191, 64, 495, 515, 0, 0, 19.35%, 0, 32, 17, 121.09, 5439225, 518, 0, 0
44196, 64, 393, 515, 0, 0, 19.35%, 0, 32, 17, 127.91, 5439823, 518, 0, 0
44202, 64, 394, 515, 0, 0, 19.35%, 0, 32, 17, 141.16, 5440565, 518, 0, 0
44207, 64, 495, 515, 0, 0, 19.35%, 0, 32, 17, 105.37, 5441083, 518, 0, 0
44212, 64, 486, 515, 0, 0, 19.35%, 0, 32, 17, 137.89, 5441808, 518, 0, 0
44217, 64, 495, 515, 0, 0, 19.35%, 0, 32, 17, 115.07, 5442418, 518, 0, 0
44222, 64, 62, 515, 0, 0, 19.35%, 0, 32, 17, 131.97, 5443038, 518, 0, 0
44227, 64, 508, 515, 0, 0, 19.35%, 0, 32, 17, 137.17, 5443771, 518, 0, 0
44232, 64, 508, 515, 0, 0, 19.35%, 0, 32, 17, 72.29, 5444159, 518, 0, 0
44237, 64, 508, 515, 0, 0, 19.35%, 0, 32, 17, 78.50, 5444571, 518, 0, 0
44242, 64, 495, 515, 0, 0, 19.35%, 0, 32, 17, 102.51, 5445175, 518, 0, 0
44247, 64, 509, 515, 0, 0, 19.35%, 0, 32, 17, 121.78, 5445794, 518, 0, 0
44253, 64, 509, 515, 0, 0, 19.35%, 0, 32, 17, 128.17, 5446472, 518, 0, 0
44258, 64, 394, 515, 0, 0, 19.35%, 0, 32, 17, 134.66, 5447194, 518, 0, 0
44263, 64, 468, 515, 0, 0, 19.35%, 0, 32, 17, 145.35, 5447958, 518, 0, 0
44268, 64, 468, 515, 0, 0, 19.35%, 0, 32, 17, 149.22, 5448746, 518, 0, 0
44273, 64, 216, 515, 0, 0, 19.35%, 0, 32, 17, 153.37, 5449552, 518, 0, 0
44278, 64, 338, 515, 0, 0, 19.35%, 0, 32, 17, 158.11, 5450351, 518, 0, 0
44283, 64, 417, 515, 0, 0, 19.35%, 0, 32, 17, 146.38, 5451084, 518, 0, 0
44288, 64, 170, 515, 0, 0, 19.35%, 0, 32, 17, 147.10, 5451807, 518, 0, 0
44294, 64, 495, 515, 0, 0, 19.35%, 0, 32, 17, 143.20, 5452579, 518, 0, 0
44299, 64, 343, 515, 0, 0, 19.35%, 0, 32, 17, 132.13, 5453202, 518, 0, 0
44304, 64, 285, 515, 0, 0, 19.35%, 0, 32, 17, 150.26, 5454004, 518, 0, 0
44309, 64, 496, 515, 0, 0, 19.35%, 0, 32, 17, 119.13, 5454617, 518, 0, 0
44314, 64, 478, 515, 0, 0, 19.35%, 0, 32, 17, 136.44, 5455293, 518, 0, 0
44319, 64, 337, 515, 0, 0, 19.35%, 0, 32, 17, 110.16, 5455827, 518, 0, 0
44324, 64, 159, 515, 0, 0, 19.35%, 0, 32, 17, 113.14, 5456424, 518, 0, 0
44329, 64, 495, 515, 0, 0, 19.35%, 0, 32, 17, 100.64, 5456964, 518, 0, 0
44335, 64, 422, 515, 0, 0, 19.35%, 0, 32, 17, 138.12, 5457680, 518, 0, 0
44340, 64, 216, 515, 0, 0, 19.35%, 0, 32, 17, 150.17, 5458454, 518, 0, 0
44345, 64, 413, 515, 0, 0, 19.35%, 0, 32, 17, 150.46, 5459244, 518, 0, 0
44350, 64, 61, 515, 0, 0, 19.35%, 0, 32, 17, 133.84, 5459883, 518, 0, 0
44355, 64, 227, 515, 0, 0, 19.35%, 0, 32, 17, 148.15, 5460648, 518, 0, 0
44360, 64, 508, 515, 0, 0, 19.35%, 0, 32, 17, 114.54, 5461251, 518, 0, 0
44365, 64, 508, 515, 0, 0, 19.35%, 0, 32, 17, 87.23, 5461666, 518, 0, 0
44370, 64, 454, 515, 0, 0, 19.35%, 0, 32, 17, 110.53, 5462199, 518, 0, 0
44376, 64, 497, 515, 0, 0, 19.35%, 0, 32, 17, 115.70, 5462859, 518, 0, 0
44381, 64, 355, 515, 0, 0, 19.35%, 0, 32, 17, 130.70, 5463486, 518, 0, 0
44386, 64, 153, 515, 0, 0, 19.35%, 0, 32, 17, 101.49, 5463980, 518, 0, 0
44391, 64, 389, 515, 0, 0, 19.35%, 0, 32, 17, 144.68, 5464783, 518, 0, 0
44396, 64, 496, 515, 0, 0, 19.35%, 0, 32, 17, 135.27, 5465501, 518, 0, 0
44401, 64, 353, 515, 0, 0, 19.35%, 0, 32, 17, 130.90, 5466084, 518, 0, 0
44406, 64, 392, 515, 0, 0, 19.35%, 0, 32, 17, 144.13, 5466866, 518, 0, 0
44411, 64, 479, 515, 0, 0, 19.35%, 0, 32, 17, 140.17, 5467596, 518, 0, 0
44416, 64, 191, 515, 0, 0, 19.35%, 0, 32, 17, 151.46, 5468379, 518, 0, 0
44421, 64, 215, 515, 0, 0, 19.35%, 0, 32, 17, 156.42, 5469178, 518, 0, 0
44427, 64, 28, 515, 0, 0, 19.35%, 0, 32, 17, 157.99, 5469999, 518, 0, 0
44432, 64, 392, 515, 0, 0, 19.35%, 0, 32, 17, 142.54, 5470722, 518, 0, 0
44437, 64, 392, 515, 0, 0, 19.35%, 0, 32, 17, 144.20, 5471475, 518, 0, 0
44442, 64, 134, 515, 0, 0, 19.35%, 0, 32, 17, 154.35, 5472270, 518, 0, 0
44447, 64, 495, 515, 0, 0, 19.35%, 0, 32, 17, 119.62, 5472899, 518, 0, 0
44452, 64, 480, 515, 0, 0, 19.35%, 0, 32, 17, 125.01, 5473473, 518, 0, 0
44457, 64, 360, 515, 0, 0, 19.35%, 0, 32, 17, 141.02, 5474200, 518, 0, 0
44462, 64, 2, 515, 0, 0, 19.35%, 0, 32, 17, 141.61, 5474928, 518, 0, 0
44468, 64, 28, 515, 0, 0, 19.35%, 0, 32, 17, 115.79, 5475446, 518, 0, 0
44473, 64, 40, 515, 0, 0, 19.35%, 0, 32, 17, 148.59, 5476247, 518, 0, 0
44478, 64, 5, 515, 0, 0, 19.35%, 0, 32, 17, 153.59, 5477051, 518, 0, 0
44483, 64, 429, 515, 0, 0, 19.35%, 0, 32, 17, 152.40, 5477827, 518, 0, 0
44488, 64, 238, 515, 0, 0, 19.35%, 0, 32, 17, 157.87, 5478652, 518, 0, 0
44493, 64, 395, 515, 0, 0, 19.35%, 0, 32, 17, 128.71, 5479316, 518, 0, 0
44498, 64, 429, 515, 0, 0, 19.35%, 0, 32, 17, 143.77, 5480052, 518, 0, 0
44504, 64, 202, 515, 0, 0, 19.35%, 0, 32, 17, 131.21, 5480751, 518, 0, 0
44509, 64, 199, 515, 0, 0, 19.35%, 0, 32, 17, 154.14, 5481576, 518, 0, 0
44514, 64, 491, 515, 0, 0, 19.35%, 0, 32, 17, 151.63, 5482343, 518, 0, 0
44519, 64, 72, 515, 0, 0, 19.35%, 0, 32, 17, 148.10, 5483092, 518, 0, 0
44524, 64, 49, 515, 0, 0, 19.35%, 0, 32, 17, 158.78, 5483919, 518, 0, 0
44530, 64, 468, 515, 0, 0, 19.35%, 0, 32, 17, 151.69, 5484706, 518, 0, 0
44535, 64, 495, 515, 0, 0, 19.35%, 0, 32, 17, 137.23, 5485416, 518, 0, 0
44540, 64, 392, 515, 0, 0, 19.35%, 0, 32, 17, 137.65, 5486069, 518, 0, 0
44545, 64, 430, 515, 0, 0, 19.35%, 0, 32, 17, 150.42, 5486860, 518, 0, 0
44550, 64, 188, 515, 0, 0, 19.35%, 0, 32, 17, 148.66, 5487613, 518, 0, 0
44555, 64, 422, 515, 0, 0, 19.35%, 0, 32, 17, 147.46, 5488392, 518, 0, 0
44560, 64, 367, 515, 0, 0, 19.35%, 0, 32, 17, 152.54, 5489158, 518, 0, 0
44565, 64, 495, 515, 0, 0, 19.35%, 0, 32, 17, 118.91, 5489739, 518, 0, 0
44570, 64, 422, 515, 0, 0, 19.35%, 0, 32, 17, 128.97, 5490363, 518, 0, 0
44576, 64, 468, 515, 0, 0, 19.35%, 0, 32, 17, 145.00, 5491126, 518, 0, 0
44581, 64, 476, 515, 0, 0, 19.35%, 0, 32, 17, 140.40, 5491818, 518, 0, 0
44586, 64, 191, 515, 0, 0, 19.35%, 0, 32, 17, 149.11, 5492569, 518, 0, 0
44591, 64, 491, 515, 0, 0, 19.35%, 0, 32, 17, 130.45, 5493264, 518, 0, 0
44596, 64, 480, 515, 0, 0, 19.35%, 0, 32, 17, 148.90, 5494059, 518, 0, 0
44601, 64, 123, 515, 0, 0, 19.35%, 0, 32, 17, 156.36, 5494870, 518, 0, 0
44607, 64, 514, 516, 1, 0, 19.35%, 0, 32, 17, 142.37, 5495596, 518, 0, 0
44612, 64, 510, 516, 1, 0, 19.35%, 0, 32, 17, 134.51, 5496256, 518, 0, 0
44617, 64, 510, 516, 1, 0, 19.35%, 0, 32, 17, 135.16, 5496944, 518, 0, 0
44622, 64, 337, 516, 1, 0, 19.35%, 0, 32, 17, 137.41, 5497642, 518, 0, 0
44627, 64, 422, 516, 1, 0, 19.35%, 0, 32, 17, 117.29, 5498208, 518, 0, 0
44632, 64, 238, 516, 1, 0, 19.35%, 0, 32, 17, 138.74, 5498918, 518, 0, 0
44637, 64, 210, 516, 1, 0, 19.35%, 0, 32, 17, 153.11, 5499736, 518, 0, 0
44642, 64, 400, 516, 1, 0, 19.35%, 0, 32, 17, 144.74, 5500480, 518, 0, 0
44647, 64, 37, 516, 1, 0, 19.35%, 0, 32, 17, 152.31, 5501255, 518, 0, 0
44653, 64, 510, 516, 1, 0, 19.35%, 0, 32, 17, 133.56, 5501944, 518, 0, 0
44658, 64, 510, 516, 1, 0, 19.35%, 0, 32, 17, 126.64, 5502572, 518, 0, 0
44663, 64, 386, 516, 1, 0, 19.35%, 0, 32, 17, 134.75, 5503255, 518, 0, 0
44668, 64, 480, 516, 1, 0, 19.35%, 0, 32, 17, 145.71, 5504036, 518, 0, 0
44673, 64, 343, 516, 1, 0, 19.35%, 0, 32, 17, 149.91, 5504833, 518, 0, 0
44678, 64, 134, 516, 1, 0, 19.35%, 0, 32, 17, 153.51, 5505639, 518, 0, 0
44684, 64, 422, 516, 1, 0, 19.35%, 0, 32, 17, 150.72, 5506419, 518, 0, 0
44689, 64, 343, 516, 1, 0, 19.35%, 0, 32, 17, 152.08, 5507181, 518, 0, 0
44694, 64, 441, 516, 1, 0, 19.35%, 0, 32, 17, 144.32, 5507926, 518, 0, 0
44699, 64, 185, 516, 1, 0, 19.35%, 0, 32, 17, 155.70, 5508720, 518, 0, 0
44704, 64, 434, 516, 1, 0, 19.35%, 0, 32, 17, 131.13, 5509406, 518, 0, 0
44709, 64, 46, 516, 1, 0, 19.35%, 0, 32, 17, 147.85, 5510146, 518, 0, 0
44714, 64, 134, 516, 1, 0, 19.35%, 0, 32, 17, 154.99, 5510968, 518, 0, 0
44719, 64, 304, 516, 1, 0, 19.35%, 0, 32, 17, 155.53, 5511764, 518, 0, 0
44724, 64, 238, 516, 1, 0, 19.35%, 0, 32, 17, 144.71, 5512465, 518, 0, 0
44729, 64, 468, 516, 1, 0, 19.35%, 0, 32, 17, 147.05, 5513227, 518, 0, 0
44734, 64, 360, 516, 1, 0, 19.35%, 0, 32, 17, 153.19, 5514014, 518, 0, 0
44739, 64, 472, 516, 1, 0, 19.35%, 0, 32, 17, 123.57, 5514673, 518, 0, 0
44745, 64, 202, 516, 1, 0, 19.35%, 0, 32, 17, 127.81, 5515247, 518, 0, 0
44750, 64, 93, 516, 1, 0, 19.35%, 0, 32, 17, 148.86, 5516040, 518, 0, 0
44755, 64, 392, 516, 1, 0, 19.35%, 0, 32, 17, 150.44, 5516833, 518, 0, 0
44760, 64, 468, 516, 1, 0, 19.35%, 0, 32, 17, 150.38, 5517594, 518, 0, 0
44765, 64, 495, 516, 1, 0, 19.35%, 0, 32, 17, 143.24, 5518305, 518, 0, 0
44770, 65, 392, 516, 1, 0, 19.35%, 0, 32, 17, 121.04, 5518841, 518, 0, 0
44775, 65, 67, 516, 1, 0, 19.35%, 0, 32, 17, 136.77, 5519548, 518, 0, 0
44780, 65, 392, 516, 1, 0, 19.35%, 0, 32, 17, 149.56, 5520301, 518, 0, 0
44785, 65, 114, 516, 1, 0, 19.35%, 0, 32, 17, 146.35, 5521037, 518, 0, 0
44791, 65, 441, 516, 1, 0, 19.35%, 0, 32, 17, 141.02, 5521746, 518, 0, 0
44796, 65, 468, 516, 1, 0, 19.35%, 0, 32, 17, 151.56, 5522495, 518, 0, 0
44801, 65, 379, 516, 1, 0, 19.35%, 0, 32, 17, 156.20, 5523303, 518, 0, 0
44806, 65, 135, 516, 1, 0, 19.35%, 0, 32, 17, 150.28, 5524030, 518, 0, 0
44811, 65, 429, 516, 1, 0, 19.35%, 0, 32, 17, 150.86, 5524783, 518, 0, 0
44816, 65, 180, 516, 1, 0, 19.35%, 0, 32, 17, 151.29, 5525552, 518, 0, 0
44821, 65, 473, 516, 1, 0, 19.35%, 0, 32, 17, 100.85, 5526050, 518, 0, 0
44826, 65, 480, 516, 1, 0, 19.35%, 0, 32, 17, 123.58, 5526614, 518, 0, 0
44831, 65, 422, 516, 1, 0, 19.35%, 0, 32, 17, 134.91, 5527311, 518, 0, 0
44836, 65, 40, 516, 1, 0, 19.35%, 0, 32, 17, 152.38, 5528105, 518, 0, 0
44842, 65, 480, 516, 1, 0, 19.35%, 0, 32, 17, 151.00, 5528869, 518, 0, 0
44847, 65, 480, 516, 1, 0, 19.35%, 0, 32, 17, 149.44, 5529651, 518, 0, 0
44852, 65, 422, 516, 1, 0, 19.35%, 0, 32, 17, 154.19, 5530460, 518, 0, 0
44857, 65, 354, 516, 1, 0, 19.35%, 0, 32, 17, 157.01, 5531247, 518, 0, 0
44862, 65, 515, 517, 2, 0, 19.35%, 0, 32, 17, 151.52, 5531995, 518, 0, 0
44867, 65, 515, 518, 3, 0, 19.35%, 0, 32, 17, 141.15, 5532716, 518, 0, 0
44873, 65, 515, 518, 3, 0, 19.35%, 0, 32, 17, 137.90, 5533410, 518, 0, 0
44878, 65, 285, 518, 2, 0, 19.35%, 0, 32, 17, 140.89, 5534124, 518, 0, 0
44883, 65, 517, 518, 2, 0, 19.35%, 0, 32, 17, 133.55, 5534805, 518, 0, 0
44888, 65, 202, 518, 1, 0, 19.35%, 0, 32, 17, 149.17, 5535563, 518, 0, 0
44893, 65, 422, 518, 1, 0, 19.35%, 0, 32, 17, 151.53, 5536344, 518, 0, 0
44898, 65, 288, 518, 1, 0, 19.35%, 0, 32, 17, 152.96, 5537125, 518, 0, 0
44903, 65, 197, 518, 1, 0, 19.35%, 0, 32, 17, 153.50, 5537883, 518, 0, 0
44908, 65, 25, 518, 1, 0, 19.35%, 0, 32, 17, 153.55, 5538661, 518, 0, 0
44913, 65, 382, 518, 1, 0, 19.35%, 0, 32, 17, 147.11, 5539417, 518, 0, 0
44918, 65, 479, 518, 1, 0, 19.35%, 0, 32, 17, 149.67, 5540173, 518, 0, 0
44923, 65, 224, 518, 1, 0, 19.35%, 0, 32, 17, 150.95, 5540956, 518, 0, 0
44929, 65, 467, 518, 1, 0, 19.35%, 0, 32, 17, 22.43, 5541593, 518, 0, 0
44934, 65, 392, 518, 1, 0, 19.35%, 0, 32, 17, 106.28, 5542148, 518, 0, 0
44939, 65, 158, 518, 1, 0, 19.35%, 0, 32, 17, 133.45, 5542828, 518, 0, 0
44944, 65, 495, 518, 1, 0, 19.35%, 0, 32, 17, 98.92, 5543306, 518, 0, 0
44949, 65, 40, 518, 1, 0, 19.35%, 0, 32, 17, 135.65, 5544021, 518, 0, 0
44954, 65, 193, 518, 1, 0, 19.35%, 0, 32, 17, 155.40, 5544829, 518, 0, 0
44959, 65, 502, 518, 1, 0, 19.35%, 0, 32, 17, 109.85, 5545393, 518, 0, 0
44964, 65, 495, 518, 1, 0, 19.35%, 0, 32, 17, 90.61, 5545835, 518, 0, 0
44969, 65, 69, 518, 1, 0, 19.35%, 0, 32, 17, 145.05, 5546638, 518, 0, 0
44975, 65, 193, 518, 1, 0, 19.35%, 0, 32, 17, 150.64, 5547416, 518, 0, 0
44980, 65, 422, 518, 1, 0, 19.35%, 0, 32, 17, 115.23, 5547968, 518, 0, 0
44985, 65, 46, 518, 1, 0, 19.35%, 0, 32, 17, 142.50, 5548742, 518, 0, 0
44990, 65, 441, 518, 1, 0, 19.35%, 0, 32, 17, 148.52, 5549504, 518, 0, 0
44995, 65, 168, 518, 1, 0, 19.35%, 0, 32, 17, 144.85, 5550239, 518, 0, 0
45000, 65, 285, 518, 1, 0, 19.35%, 0, 32, 17, 158.36, 5551063, 518, 0, 0
45005, 65, 465, 518, 1, 0, 19.35%, 0, 32, 17, 148.29, 5551815, 518, 0, 0
45011, 65, 468, 518, 1, 0, 19.35%, 0, 32, 17, 143.18, 5552514, 518, 0, 0
45016, 65, 499, 518, 1, 0, 19.35%, 0, 32, 17, 134.26, 5553240, 518, 0, 0
45021, 65, 72, 518, 1, 0, 19.35%, 0, 32, 17, 113.79, 5553720, 518, 0, 0
45026, 65, 40, 518, 1, 0, 19.35%, 0, 32, 17, 9.78, 5554110, 518, 0, 0
45031, 65, 392, 518, 1, 0, 19.35%, 0, 32, 17, 146.23, 5554875, 518, 0, 0
45036, 65, 442, 518, 1, 0, 19.35%, 0, 32, 17, 154.06, 5555660, 518, 0, 0
45042, 65, 25, 518, 1, 0, 19.35%, 0, 32, 17, 136.38, 5556314, 518, 0, 0
45047, 65, 71, 518, 1, 0, 19.35%, 0, 32, 17, 152.15, 5557107, 518, 0, 0
45052, 65, 411, 518, 1, 0, 19.35%, 0, 32, 17, 141.86, 5557843, 518, 0, 0
45057, 65, 115, 518, 1, 0, 19.35%, 0, 32, 17, 148.00, 5558600, 518, 0, 0
45062, 65, 495, 518, 1, 0, 19.35%, 0, 32, 17, 114.28, 5559193, 518, 0, 0
45067, 65, 216, 518, 1, 0, 19.35%, 0, 32, 17, 138.67, 5559882, 518, 0, 0
45072, 65, 468, 518, 1, 0, 19.35%, 0, 32, 17, 141.54, 5560564, 518, 0, 0
45077, 65, 159, 518, 1, 0, 19.35%, 0, 32, 17, 155.30, 5561370, 518, 0, 0
45083, 65, 461, 518, 1, 0, 19.35%, 0, 32, 17, 149.90, 5562115, 518, 0, 0
45088, 65, 479, 518, 1, 0, 19.35%, 0, 32, 17, 149.36, 5562884, 518, 0, 0
45093, 65, 72, 518, 1, 0, 19.35%, 0, 32, 17, 146.59, 5563652, 518, 0, 0
45098, 65, 495, 518, 1, 0, 19.35%, 0, 32, 17, 136.09, 5564388, 518, 0, 0
45103, 65, 56, 518, 1, 0, 19.35%, 0, 32, 17, 134.39, 5565033, 518, 0, 0
45108, 65, 25, 518, 1, 0, 19.35%, 0, 32, 17, 146.20, 5565812, 518, 0, 0
45114, 65, 468, 518, 1, 0, 19.35%, 0, 32, 17, 147.42, 5566600, 518, 0, 0
45119, 65, 343, 518, 1, 0, 19.35%, 0, 32, 17, 153.14, 5567385, 518, 0, 0
45124, 65, 136, 518, 1, 0, 19.35%, 0, 32, 17, 139.53, 5568052, 518, 0, 0
45129, 65, 495, 518, 1, 0, 19.35%, 0, 32, 17, 114.61, 5568667, 518, 0, 0
45134, 65, 480, 518, 1, 0, 19.35%, 0, 32, 17, 145.44, 5569436, 518, 0, 0
45139, 65, 368, 518, 1, 0, 19.35%, 0, 32, 17, 134.38, 5570047, 518, 0, 0
45144, 65, 516, 518, 1, 0, 19.35%, 0, 32, 17, 138.33, 5570750, 518, 0, 0
45149, 65, 182, 518, 0, 0, 19.35%, 0, 32, 17, 150.50, 5571502, 518, 0, 0
45155, 65, 495, 518, 0, 0, 19.35%, 0, 32, 17, 130.60, 5572203, 518, 0, 0
45160, 65, 14, 518, 0, 0, 19.35%, 0, 32, 17, 139.36, 5572911, 518, 0, 0
45165, 65, 377, 518, 0, 0, 19.35%, 0, 32, 17, 141.89, 5573687, 518, 0, 0
45170, 65, 29, 518, 0, 0, 19.35%, 0, 32, 17, 151.61, 5574445, 518, 0, 0
45175, 65, 2, 518, 0, 0, 19.35%, 0, 32, 17, 157.92, 5575248, 518, 0, 0
45180, 65, 288, 518, 0, 0, 19.35%, 0, 32, 17, 158.16, 5576061, 518, 0, 0
45185, 65, 491, 518, 0, 0, 19.35%, 0, 32, 17, 140.81, 5576769, 518, 0, 0
45190, 65, 439, 518, 0, 0, 19.35%, 0, 32, 17, 154.90, 5577592, 518, 0, 0
45196, 65, 468, 518, 0, 0, 19.35%, 0, 32, 17, 148.37, 5578342, 518, 0, 0
45201, 65, 335, 518, 0, 0, 19.35%, 0, 32, 17, 148.27, 5579078, 518, 0, 0
45206, 65, 196, 518, 0, 0, 19.35%, 0, 32, 17, 151.57, 5579870, 518, 0, 0
45211, 65, 486, 518, 0, 0, 19.35%, 0, 32, 17, 153.86, 5580653, 518, 0, 0
45216, 65, 25, 518, 0, 0, 19.35%, 0, 32, 17, 150.57, 5581399, 518, 0, 0
45221, 65, 417, 518, 0, 0, 19.35%, 0, 32, 17, 150.68, 5582175, 518, 0, 0
45226, 65, 495, 518, 0, 0, 19.35%, 0, 32, 17, 137.09, 5582888, 518, 0, 0
45231, 65, 486, 518, 0, 0, 19.35%, 0, 32, 17, 120.90, 5583414, 518, 0, 0
45236, 65, 352, 518, 0, 0, 19.35%, 0, 32, 17, 150.47, 5584219, 518, 0, 0
45241, 65, 491, 518, 0, 0, 19.35%, 0, 32, 17, 134.21, 5584884, 518, 0, 0
45246, 65, 486, 518, 0, 0, 19.35%, 0, 32, 17, 131.09, 5585544, 518, 0, 0
45251, 65, 495, 518, 0, 0, 19.35%, 0, 32, 17, 125.57, 5586252, 518, 0, 0
45256, 65, 149, 518, 0, 0, 19.35%, 0, 32, 17, 135.73, 5586880, 518, 0, 0
45262, 65, 491, 518, 0, 0, 19.35%, 0, 32, 17, 137.66, 5587603, 518, 0, 0
45267, 65, 49, 518, 0, 0, 19.35%, 0, 32, 17, 147.94, 5588351, 518, 0, 0
45272, 65, 49, 518, 0, 0, 19.35%, 0, 32, 17, 137.90, 5589070, 518, 0, 0
45277, 65, 368, 518, 0, 0, 19.35%, 0, 32, 17, 151.98, 5589868, 518, 0, 0
45282, 65, 486, 518, 0, 0, 19.35%, 0, 32, 17, 149.46, 5590617, 518, 0, 0
45287, 65, 36, 518, 0, 0, 19.35%, 0, 32, 17, 153.43, 5591386, 518, 0, 0
45292, 65, 163, 518, 0, 0, 19.35%, 0, 32, 17, 151.32, 5592159, 518, 0, 0
45298, 65, 480, 518, 0, 0, 19.35%, 0, 32, 17, 148.74, 5592915, 518, 0, 0
45303, 65, 283, 518, 0, 0, 19.35%, 0, 32, 17, 145.21, 5593668, 518, 0, 0
45308, 65, 224, 518, 0, 0, 19.35%, 0, 32, 17, 128.13, 5594310, 518, 0, 0
45313, 65, 285, 518, 0, 0, 19.35%, 0, 32, 17, 149.59, 5595120, 518, 0, 0
45318, 65, 119, 518, 0, 0, 19.35%, 0, 32, 17, 151.50, 5595914, 518, 0, 0
45324, 65, 25, 518, 0, 0, 19.35%, 0, 32, 17, 143.89, 5596662, 518, 0, 0
45329, 66, 429, 518, 0, 0, 19.35%, 0, 32, 17, 147.90, 5597423, 518, 0, 0
45334, 66, 72, 518, 0, 0, 19.35%, 0, 32, 17, 150.81, 5598195, 518, 0, 0
45339, 66, 199, 518, 0, 0, 19.35%, 0, 32, 17, 157.46, 5599008, 518, 0, 0
45344, 66, 406, 518, 0, 0, 19.35%, 0, 32, 17, 156.72, 5599804, 518, 0, 0
45349, 66, 80, 518, 0, 0, 19.35%, 0, 32, 17, 156.56, 5600574, 518, 0, 0
45354, 66, 47, 518, 0, 0, 19.35%, 0, 32, 17, 149.05, 5601309, 518, 0, 0
45359, 66, 429, 518, 0, 0, 19.35%, 0, 32, 17, 150.97, 5602063, 518, 0, 0
45364, 66, 365, 518, 0, 0, 19.35%, 0, 32, 17, 148.21, 5602821, 518, 0, 0
45369, 66, 479, 518, 0, 0, 19.35%, 0, 32, 17, 151.26, 5603598, 518, 0, 0
45375, 66, 484, 518, 0, 0, 19.35%, 0, 32, 17, 159.18, 5604420, 518, 0, 0
45380, 66, 488, 518, 0, 0, 19.35%, 0, 32, 17, 154.99, 5605201, 518, 0, 0
45385, 66, 513, 518, 0, 0, 19.35%, 0, 32, 17, 144.85, 5605948, 518, 0, 0
45390, 66, 285, 518, 0, 0, 19.35%, 0, 32, 17, 147.59, 5606705, 518, 0, 0
45395, 66, 429, 518, 0, 0, 19.35%, 0, 32, 17, 150.17, 5607470, 518, 0, 0
45400, 66, 115, 518, 0, 0, 19.35%, 0, 32, 17, 145.49, 5608211, 518, 0, 0
45405, 66, 495, 518, 0, 0, 19.35%, 0, 32, 17, 121.45, 5608831, 518, 0, 0
45410, 66, 216, 518, 0, 0, 19.35%, 0, 32, 17, 143.17, 5609538, 518, 0, 0
45415, 66, 495, 518, 0, 0, 19.35%, 0, 32, 17, 123.58, 5610197, 518, 0, 0
45420, 66, 385, 518, 0, 0, 19.35%, 0, 32, 17, 124.71, 5610767, 518, 0, 0
45425, 66, 196, 518, 0, 0, 19.35%, 0, 32, 17, 146.82, 5611523, 518, 0, 0
45431, 66, 320, 518, 0, 0, 19.35%, 0, 32, 17, 148.72, 5612293, 518, 0, 0
45436, 66, 47, 518, 0, 0, 19.35%, 0, 32, 17, 144.37, 5613000, 518, 0, 0
45441, 66, 422, 518, 0, 0, 19.35%, 0, 32, 17, 150.32, 5613758, 518, 0, 0
45446, 66, 468, 518, 0, 0, 19.35%, 0, 32, 17, 150.84, 5614526, 518, 0, 0
45451, 66, 495, 518, 0, 0, 19.35%, 0, 32, 17, 142.92, 5615234, 518, 0, 0
45456, 66, 484, 518, 0, 0, 19.35%, 0, 32, 17, 108.73, 5615702, 518, 0, 0
45461, 66, 505, 518, 0, 0, 19.35%, 0, 32, 17, 129.24, 5616420, 518, 0, 0
45466, 66, 486, 518, 0, 0, 19.35%, 0, 32, 17, 140.25, 5617100, 518, 0, 0
45471, 66, 468, 518, 0, 0, 19.35%, 0, 32, 17, 146.31, 5617843, 518, 0, 0
45476, 66, 75, 518, 0, 0, 19.35%, 0, 32, 17, 150.03, 5618631, 518, 0, 0
45481, 66, 111, 518, 0, 0, 19.35%, 0, 32, 17, 153.93, 5619412, 518, 0, 0
45486, 66, 49, 518, 0, 0, 19.35%, 0, 32, 17, 158.61, 5620236, 518, 0, 0
45492, 66, 35, 518, 0, 0, 19.35%, 0, 32, 17, 156.42, 5621036, 518, 0, 0
45497, 66, 480, 518, 0, 0, 19.35%, 0, 32, 17, 152.77, 5621796, 518, 0, 0
45502, 66, 468, 518, 0, 0, 19.35%, 0, 32, 17, 155.97, 5622600, 518, 0, 0
45507, 66, 50, 518, 0, 0, 19.35%, 0, 32, 17, 159.75, 5623427, 518, 0, 0
45512, 66, 14, 518, 0, 0, 19.35%, 0, 32, 17, 153.92, 5624187, 518, 0, 0
45517, 66, 343, 518, 0, 0, 19.35%, 0, 32, 17, 158.51, 5625012, 518, 0, 0
45523, 66, 392, 518, 0, 0, 19.35%, 0, 32, 17, 156.38, 5625815, 518, 0, 0
45528, 66, 238, 518, 0, 0, 19.35%, 0, 32, 17, 158.20, 5626608, 518, 0, 0
45533, 66, 495, 518, 0, 0, 19.35%, 0, 32, 17, 110.82, 5627142, 518, 0, 0
45538, 66, 469, 518, 0, 0, 19.35%, 0, 32, 17, 26.05, 5627543, 518, 0, 0
45543, 66, 181, 518, 0, 0, 19.35%, 0, 32, 17, 101.17, 5628067, 518, 0, 0
45548, 66, 115, 518, 0, 0, 19.35%, 0, 32, 17, 124.38, 5628677, 518, 0, 0
45553, 66, 429, 518, 0, 0, 19.35%, 0, 32, 17, 142.10, 5629441, 518, 0, 0
45558, 66, 495, 518, 0, 0, 19.35%, 0, 32, 17, 136.66, 5630159, 518, 0, 0
45563, 66, 392, 518, 0, 0, 19.35%, 0, 32, 17, 136.21, 5630821, 518, 0, 0
45568, 66, 224, 518, 0, 0, 19.35%, 0, 32, 17, 149.61, 5631586, 518, 0, 0
45573, 66, 495, 518, 0, 0, 19.35%, 0, 32, 17, 120.54, 5632221, 518, 0, 0
45578, 66, 70, 518, 0, 0, 19.35%, 0, 32, 17, 133.59, 5632842, 518, 0, 0
45584, 66, 480, 518, 0, 0, 19.35%, 0, 32, 17, 142.43, 5633596, 518, 0, 0
45589, 66, 316, 518, 0, 0, 19.35%, 0, 32, 17, 148.48, 5634367, 518, 0, 0
45594, 66, 114, 518, 0, 0, 19.35%, 0, 32, 17, 147.84, 5635133, 518, 0, 0
45599, 66, 252, 518, 0, 0, 19.35%, 0, 32, 17, 139.35, 5635850, 518, 0, 0
45604, 66, 438, 518, 0, 0, 19.35%, 0, 32, 17, 147.12, 5636629, 518, 0, 0
45609, 66, 397, 518, 0, 0, 19.35%, 0, 32, 17, 151.02, 5637428, 518, 0, 0
45615, 66, 153, 518, 0, 0, 19.35%, 0, 32, 17, 157.05, 5638240, 518, 0, 0
45620, 66, 466, 518, 0, 0, 19.35%, 0, 32, 17, 150.61, 5638999, 518, 0, 0
45625, 66, 422, 518, 0, 0, 19.35%, 0, 32, 17, 145.28, 5639733, 518, 0, 0
45630, 66, 193, 518, 0, 0, 19.35%, 0, 32, 17, 144.61, 5640460, 518, 0, 0
45635, 66, 3, 518, 0, 0, 19.35%, 0, 32, 17, 154.55, 5641263, 518, 0, 0
45640, 66, 480, 518, 0, 0, 19.35%, 0, 32, 17, 150.29, 5642035, 518, 0, 0
45645, 66, 429, 518, 0, 0, 19.35%, 0, 32, 17, 146.43, 5642776, 518, 0, 0
45651, 66, 495, 518, 0, 0, 19.35%, 0, 32, 17, 107.08, 5643299, 518, 0, 0
45656, 66, 467, 518, 0, 0, 19.35%, 0, 32, 17, 116.58, 5643919, 518, 0, 0
45661, 66, 294, 518, 0, 0, 19.35%, 0, 32, 17, 84.65, 5644350, 518, 0, 0
45666, 66, 480, 518, 0, 0, 19.35%, 0, 32, 17, 129.31, 5645048, 518, 0, 0
45671, 66, 385, 518, 0, 0, 19.35%, 0, 32, 17, 137.11, 5645802, 518, 0, 0
45676, 66, 281, 518, 0, 0, 19.35%, 0, 32, 17, 149.61, 5646588, 518, 0, 0
45681, 66, 441, 518, 0, 0, 19.35%, 0, 32, 17, 148.89, 5647361, 518, 0, 0
45687, 66, 305, 518, 0, 0, 19.35%, 0, 32, 17, 153.30, 5648171, 518, 0, 0
45692, 66, 115, 518, 0, 0, 19.35%, 0, 32, 17, 140.54, 5648880, 518, 0, 0
45697, 66, 48, 518, 0, 0, 19.35%, 0, 32, 17, 151.44, 5649668, 518, 0, 0
45702, 66, 367, 518, 0, 0, 19.35%, 0, 32, 17, 157.54, 5650497, 518, 0, 0
45707, 66, 193, 518, 0, 0, 19.35%, 0, 32, 17, 156.47, 5651286, 518, 0, 0
45712, 66, 486, 518, 0, 0, 19.35%, 0, 32, 17, 155.48, 5652059, 518, 0, 0
45717, 66, 422, 518, 0, 0, 19.35%, 0, 32, 17, 150.68, 5652821, 518, 0, 0
45722, 66, 480, 518, 0, 0, 19.35%, 0, 32, 17, 150.77, 5653589, 518, 0, 0
45727, 66, 181, 518, 0, 0, 19.35%, 0, 32, 17, 154.18, 5654364, 518, 0, 0
45733, 66, 495, 518, 0, 0, 19.35%, 0, 32, 17, 117.44, 5654971, 518, 0, 0
45738, 66, 480, 518, 0, 0, 19.35%, 0, 32, 17, 121.00, 5655534, 518, 0, 0
45743, 66, 495, 518, 0, 0, 19.35%, 0, 32, 17, 111.96, 5656142, 518, 0, 0
45748, 66, 444, 518, 0, 0, 19.35%, 0, 32, 17, 117.99, 5656692, 518, 0, 0
45753, 66, 495, 518, 0, 0, 19.35%, 0, 32, 17, 100.06, 5657208, 518, 0, 0
45758, 66, 470, 518, 0, 0, 19.35%, 0, 32, 17, 98.67, 5657733, 518, 0, 0
45763, 66, 479, 518, 0, 0, 19.35%, 0, 32, 17, 111.13, 5658286, 518, 0, 0
45768, 66, 441, 518, 0, 0, 19.35%, 0, 32, 17, 129.63, 5658923, 518, 0, 0
45773, 66, 429, 518, 0, 0, 19.35%, 0, 32, 17, 148.82, 5659714, 518, 0, 0
45778, 66, 197, 518, 0, 0, 19.35%, 0, 32, 17, 142.33, 5660433, 518, 0, 0
45784, 66, 422, 518, 0, 0, 19.35%, 0, 32, 17, 148.69, 5661169, 518, 0, 0
45789, 66, 495, 518, 0, 0, 19.35%, 0, 32, 17, 120.99, 5661805, 518, 0, 0
45794, 66, 392, 518, 0, 0, 19.35%, 0, 32, 17, 130.49, 5662441, 518, 0, 0
45799, 66, 470, 518, 0, 0, 19.35%, 0, 32, 17, 104.73, 5662959, 518, 0, 0
45804, 66, 285, 518, 0, 0, 19.35%, 0, 32, 17, 113.06, 5663539, 518, 0, 0
45809, 66, 216, 518, 0, 0, 19.35%, 0, 32, 17, 145.17, 5664319, 518, 0, 0
45814, 66, 374, 518, 0, 0, 19.35%, 0, 32, 17, 140.02, 5665060, 518, 0, 0
45819, 66, 429, 518, 0, 0, 19.35%, 0, 32, 17, 147.37, 5665811, 518, 0, 0
45824, 66, 343, 518, 0, 0, 19.35%, 0, 32, 17, 154.56, 5666632, 518, 0, 0
45830, 66, 163, 518, 0, 0, 19.35%, 0, 32, 17, 155.21, 5667452, 518, 0, 0
45835, 66, 493, 518, 0, 0, 19.35%, 0, 32, 17, 137.53, 5668157, 518, 0, 0
45840, 66, 248, 518, 0, 0, 19.35%, 0, 32, 17, 135.45, 5668808, 518, 0, 0
45845, 66, 47, 518, 0, 0, 19.35%, 0, 32, 17, 149.72, 5669611, 518, 0, 0
45850, 66, 459, 518, 0, 0, 19.35%, 0, 32, 17, 147.05, 5670375, 518, 0, 0
45855, 66, 441, 518, 0, 0, 19.35%, 0, 32, 17, 135.92, 5671085, 518, 0, 0
45860, 66, 473, 518, 0, 0, 19.35%, 0, 32, 17, 107.58, 5671671, 518, 0, 0
45865, 66, 45, 518, 0, 0, 19.35%, 0, 32, 17, 127.65, 5672272, 518, 0, 0
45871, 66, 255, 518, 0, 0, 19.35%, 0, 32, 17, 154.89, 5673032, 518, 0, 0
45876, 67, 47, 518, 0, 0, 19.35%, 0, 32, 17, 160.18, 5673837, 518, 0, 0
45881, 67, 473, 518, 0, 0, 19.35%, 0, 32, 17, 124.81, 5674500, 518, 0, 0
45886, 67, 468, 518, 0, 0, 19.35%, 0, 32, 17, 123.07, 5675023, 518, 0, 0
45891, 67, 367, 518, 0, 0, 19.35%, 0, 32, 17, 145.50, 5675722, 518, 0, 0
45896, 67, 385, 518, 0, 0, 19.35%, 0, 32, 17, 149.20, 5676458, 518, 0, 0
45901, 67, 450, 518, 0, 0, 19.35%, 0, 32, 17, 149.10, 5677216, 518, 0, 0
45906, 67, 168, 518, 0, 0, 19.35%, 0, 32, 17, 155.70, 5678031, 518, 0, 0
45911, 67, 344, 518, 0, 0, 19.35%, 0, 32, 17, 157.26, 5678815, 518, 0, 0
45916, 67, 422, 518, 0, 0, 19.35%, 0, 32, 17, 151.74, 5679571, 518, 0, 0
45921, 67, 193, 518, 0, 0, 19.35%, 0, 32, 17, 154.03, 5680355, 518, 0, 0
45927, 67, 480, 518, 0, 0, 19.35%, 0, 32, 17, 138.57, 5681069, 518, 0, 0
45932, 67, 450, 518, 0, 0, 19.35%, 0, 32, 17, 153.44, 5681865, 518, 0, 0
45937, 67, 447, 518, 0, 0, 19.35%, 0, 32, 17, 147.64, 5682598, 518, 0, 0
45942, 67, 382, 518, 0, 0, 19.35%, 0, 32, 17, 140.99, 5683321, 518, 0, 0
45947, 67, 239, 518, 0, 0, 19.35%, 0, 32, 17, 155.36, 5684125, 518, 0, 0
45952, 67, 239, 518, 0, 0, 19.35%, 0, 32, 17, 144.18, 5684855, 518, 0, 0
45957, 67, 226, 518, 0, 0, 19.35%, 0, 32, 17, 139.74, 5685532, 518, 0, 0
45962, 67, 479, 518, 0, 0, 19.35%, 0, 32, 17, 147.71, 5686314, 518, 0, 0
45968, 67, 254, 518, 0, 0, 19.35%, 0, 32, 17, 154.13, 5687112, 518, 0, 0
45973, 67, 480, 518, 0, 0, 19.35%, 0, 32, 17, 150.82, 5687899, 518, 0, 0
45978, 67, 392, 518, 0, 0, 19.35%, 0, 32, 17, 150.80, 5688678, 518, 0, 0
45983, 67, 368, 518, 0, 0, 19.35%, 0, 32, 17, 154.24, 5689464, 518, 0, 0
45988, 67, 422, 518, 0, 0, 19.35%, 0, 32, 17, 149.17, 5690195, 518, 0, 0
45993, 67, 341, 518, 0, 0, 19.35%, 0, 32, 17, 154.33, 5690999, 518, 0, 0
45998, 67, 239, 518, 0, 0, 19.35%, 0, 32, 17, 146.70, 5691746, 518, 0, 0
46003, 67, 392, 518, 0, 0, 19.35%, 0, 32, 17, 147.61, 5692498, 518, 0, 0
46009, 67, 495, 518, 0, 0, 19.35%, 0, 32, 17, 106.30, 5693009, 518, 0, 0
46014, 67, 495, 518, 0, 0, 19.35%, 0, 32, 17, 122.74, 5693700, 518, 0, 0
46019, 67, 429, 518, 0, 0, 19.35%, 0, 32, 17, 143.46, 5694443, 518, 0, 0
46024, 67, 199, 518, 0, 0, 19.35%, 0, 32, 17, 150.57, 5695218, 518, 0, 0
46029, 67, 173, 518, 0, 0, 19.35%, 0, 32, 17, 159.30, 5696027, 518, 0, 0
46034, 67, 380, 518, 0, 0, 19.35%, 0, 32, 17, 148.94, 5696780, 518, 0, 0
46039, 67, 127, 518, 0, 0, 19.35%, 0, 32, 17, 141.35, 5697508, 518, 0, 0
46044, 67, 14, 518, 0, 0, 19.35%, 0, 32, 17, 156.17, 5698310, 518, 0, 0
46049, 67, 200, 518, 0, 0, 19.35%, 0, 32, 17, 150.01, 5699048, 518, 0, 0
46054, 67, 367, 518, 0, 0, 19.35%, 0, 32, 17, 155.18, 5699788, 518, 0, 0
46060, 67, 429, 518, 0, 0, 19.35%, 0, 32, 17, 143.62, 5700532, 518, 0, 0
46065, 67, 480, 518, 0, 0, 19.35%, 0, 32, 17, 134.19, 5701197, 518, 0, 0
46070, 67, 384, 518, 0, 0, 19.35%, 0, 32, 17, 130.73, 5701911, 518, 0, 0
46075, 67, 486, 518, 0, 0, 19.35%, 0, 32, 17, 154.19, 5702725, 518, 0, 0
46080, 67, 40, 518, 0, 0, 19.35%, 0, 32, 17, 150.11, 5703484, 518, 0, 0
46086, 67, 443, 518, 0, 0, 19.35%, 0, 32, 17, 144.34, 5704233, 518, 0, 0
46091, 67, 158, 518, 0, 0, 19.35%, 0, 32, 17, 147.27, 5704983, 518, 0, 0
46096, 67, 392, 518, 0, 0, 19.35%, 0, 32, 17, 151.92, 5705768, 518, 0, 0
46101, 67, 429, 518, 0, 0, 19.35%, 0, 32, 17, 148.64, 5706523, 518, 0, 0
46106, 67, 468, 518, 0, 0, 19.35%, 0, 32, 17, 154.28, 5707338, 518, 0, 0
46111, 67, 319, 518, 0, 0, 19.35%, 0, 32, 17, 144.79, 5708079, 518, 0, 0
46117, 67, 48, 518, 0, 0, 19.35%, 0, 32, 17, 153.78, 5708872, 518, 0, 0
46122, 67, 392, 518, 0, 0, 19.35%, 0, 32, 17, 146.27, 5709630, 518, 0, 0
46127, 67, 465, 518, 0, 0, 19.35%, 0, 32, 17, 148.32, 5710394, 518, 0, 0
46132, 67, 422, 518, 0, 0, 19.35%, 0, 32, 17, 144.22, 5711110, 518, 0, 0
46137, 67, 480, 518, 0, 0, 19.35%, 0, 32, 17, 145.74, 5711854, 518, 0, 0
46142, 67, 67, 518, 0, 0, 19.35%, 0, 32, 17, 146.93, 5712608, 518, 0, 0
46147, 67, 168, 518, 0, 0, 19.35%, 0, 32, 17, 154.69, 5713381, 518, 0, 0
46152, 67, 477, 518, 0, 0, 19.35%, 0, 32, 17, 152.53, 5714155, 518, 0, 0
46157, 67, 86, 518, 0, 0, 19.35%, 0, 32, 17, 147.42, 5714909, 518, 0, 0
46162, 67, 149, 518, 0, 0, 19.35%, 0, 32, 17, 140.68, 5715600, 518, 0, 0
46168, 67, 392, 518, 0, 0, 19.35%, 0, 32, 17, 145.71, 5716373, 518, 0, 0
46173, 67, 503, 518, 0, 0, 19.35%, 0, 32, 17, 148.37, 5717147, 518, 0, 0
46178, 67, 367, 518, 0, 0, 19.35%, 0, 32, 17, 150.41, 5717925, 518, 0, 0
46183, 67, 48, 518, 0, 0, 19.35%, 0, 32, 17, 146.12, 5718665, 518, 0, 0
46188, 67, 386, 518, 0, 0, 19.35%, 0, 32, 17, 142.57, 5719388, 518, 0, 0
46193, 67, 72, 518, 0, 0, 19.35%, 0, 32, 17, 152.69, 5720155, 518, 0, 0
46198, 67, 488, 518, 0, 0, 19.35%, 0, 32, 17, 156.67, 5720938, 518, 0, 0
46203, 67, 26, 518, 0, 0, 19.35%, 0, 32, 17, 157.28, 5721737, 518, 0, 0
46209, 67, 159, 518, 0, 0, 19.35%, 0, 32, 17, 155.52, 5722537, 518, 0, 0
46214, 67, 199, 518, 0, 0, 19.35%, 0, 32, 17, 159.85, 5723362, 518, 0, 0
46219, 67, 376, 518, 0, 0, 19.35%, 0, 32, 17, 148.84, 5724107, 518, 0, 0
46224, 67, 197, 518, 0, 0, 19.35%, 0, 32, 17, 146.08, 5724846, 518, 0, 0
46229, 67, 370, 518, 0, 0, 19.35%, 0, 32, 17, 153.50, 5725649, 518, 0, 0
46234, 67, 466, 518, 0, 0, 19.35%, 0, 32, 17, 151.35, 5726427, 518, 0, 0
46239, 67, 468, 518, 0, 0, 19.35%, 0, 32, 17, 143.81, 5727148, 518, 0, 0
46245, 67, 101, 518, 0, 0, 19.35%, 0, 32, 17, 151.93, 5727932, 518, 0, 0
46250, 67, 80, 518, 0, 0, 19.35%, 0, 32, 17, 147.88, 5728678, 518, 0, 0
46255, 67, 296, 518, 0, 0, 19.35%, 0, 32, 17, 146.79, 5729409, 518, 0, 0
46260, 67, 159, 518, 0, 0, 19.35%, 0, 32, 17, 149.57, 5730190, 518, 0, 0
46265, 67, 429, 518, 0, 0, 19.35%, 0, 32, 17, 143.21, 5730912, 518, 0, 0
46270, 67, 471, 518, 0, 0, 19.35%, 0, 32, 17, 121.05, 5731548, 518, 0, 0
46275, 67, 166, 518, 0, 0, 19.35%, 0, 32, 17, 125.62, 5732082, 518, 0, 0
46280, 67, 491, 518, 0, 0, 19.35%, 0, 32, 17, 130.52, 5732742, 518, 0, 0
46285, 67, 197, 518, 0, 0, 19.35%, 0, 32, 17, 153.75, 5733559, 518, 0, 0
46290, 67, 491, 518, 0, 0, 19.35%, 0, 32, 17, 138.63, 5734279, 518, 0, 0
46296, 67, 142, 518, 0, 0, 19.35%, 0, 32, 17, 144.22, 5734987, 518, 0, 0
46301, 67, 361, 518, 0, 0, 19.35%, 0, 32, 17, 155.16, 5735812, 518, 0, 0
46306, 67, 365, 518, 0, 0, 19.35%, 0, 32, 17, 151.49, 5736584, 518, 0, 0
46311, 67, 392, 518, 0, 0, 19.35%, 0, 32, 17, 151.84, 5737370, 518, 0, 0
46316, 67, 491, 518, 0, 0, 19.35%, 0, 32, 17, 150.44, 5738154, 518, 0, 0
46321, 67, 468, 518, 0, 0, 19.35%, 0, 32, 17, 143.73, 5738886, 518, 0, 0
46327, 67, 422, 518, 0, 0, 19.35%, 0, 32, 17, 137.37, 5739585, 518, 0, 0
46332, 67, 392, 518, 0, 0, 19.35%, 0, 32, 17, 149.03, 5740368, 518, 0, 0
46337, 67, 429, 518, 0, 0, 19.35%, 0, 32, 17, 145.34, 5741118, 518, 0, 0
46342, 67, 495, 518, 0, 0, 19.35%, 0, 32, 17, 107.35, 5741654, 518, 0, 0
46347, 67, 50, 518, 0, 0, 19.35%, 0, 32, 17, 139.76, 5742368, 518, 0, 0
46352, 67, 149, 518, 0, 0, 19.35%, 0, 32, 17, 148.03, 5743113, 518, 0, 0
46357, 67, 429, 518, 0, 0, 19.35%, 0, 32, 17, 146.24, 5743844, 518, 0, 0
46363, 67, 182, 518, 0, 0, 19.35%, 0, 32, 17, 157.56, 5744666, 518, 0, 0
46368, 67, 478, 518, 0, 0, 19.35%, 0, 32, 17, 148.86, 5745427, 518, 0, 0
46373, 68, 364, 518, 0, 0, 19.35%, 0, 32, 17, 152.89, 5746194, 518, 0, 0
46378, 68, 25, 518, 0, 0, 19.35%, 0, 32, 17, 158.14, 5747011, 518, 0, 0
46383, 68, 170, 518, 0, 0, 19.35%, 0, 32, 17, 114.62, 5747527, 518, 0, 0
46388, 68, 392, 518, 0, 0, 19.35%, 0, 32, 17, 147.55, 5748338, 518, 0, 0
46393, 68, 337, 518, 0, 0, 19.35%, 0, 32, 17, 141.31, 5749015, 518, 0, 0
46398, 68, 93, 518, 0, 0, 19.35%, 0, 32, 17, 139.73, 5749718, 518, 0, 0
46403, 68, 429, 518, 0, 0, 19.35%, 0, 32, 17, 149.30, 5750496, 518, 0, 0
46408, 68, 135, 518, 0, 0, 19.35%, 0, 32, 17, 151.11, 5751261, 518, 0, 0
46413, 68, 444, 518, 0, 0, 19.35%, 0, 32, 17, 139.10, 5751972, 518, 0, 0
46419, 68, 479, 518, 0, 0, 19.35%, 0, 32, 17, 126.60, 5752650, 518, 0, 0
46424, 68, 422, 518, 0, 0, 19.35%, 0, 32, 17, 142.87, 5753370, 518, 0, 0
46429, 68, 285, 518, 0, 0, 19.35%, 0, 32, 17, 136.45, 5754092, 518, 0, 0
46434, 68, 204, 518, 0, 0, 19.35%, 0, 32, 17, 149.47, 5754885, 518, 0, 0
46439, 68, 48, 518, 0, 0, 19.35%, 0, 32, 17, 146.63, 5755656, 518, 0, 0
46444, 68, 495, 518, 0, 0, 19.35%, 0, 32, 17, 141.11, 5756397, 518, 0, 0
46450, 68, 80, 518, 0, 0, 19.35%, 0, 32, 17, 137.93, 5757061, 518, 0, 0
46455, 68, 199, 518, 0, 0, 19.35%, 0, 32, 17, 139.22, 5757786, 518, 0, 0
46460, 68, 392, 518, 0, 0, 19.35%, 0, 32, 17, 145.84, 5758526, 518, 0, 0
46465, 68, 40, 518, 0, 0, 19.35%, 0, 32, 17, 148.52, 5759299, 518, 0, 0
46470, 68, 168, 518, 0, 0, 19.35%, 0, 32, 17, 141.66, 5759981, 518, 0, 0
46475, 68, 401, 518, 0, 0, 19.35%, 0, 32, 17, 145.79, 5760742, 518, 0, 0
46481, 68, 72, 518, 0, 0, 19.35%, 0, 32, 17, 143.59, 5761445, 518, 0, 0
46486, 68, 50, 518, 0, 0, 19.35%, 0, 32, 17, 158.17, 5762275, 518, 0, 0
46491, 68, 86, 518, 0, 0, 19.35%, 0, 32, 17, 145.36, 5762970, 518, 0, 0
46496, 68, 495, 518, 0, 0, 19.35%, 0, 32, 17, 126.12, 5763673, 518, 0, 0
46501, 68, 475, 518, 0, 0, 19.35%, 0, 32, 17, 119.50, 5764233, 518, 0, 0
46507, 68, 93, 518, 0, 0, 19.35%, 0, 32, 17, 143.23, 5764983, 518, 0, 0
46512, 68, 97, 518, 0, 0, 19.35%, 0, 32, 17, 156.61, 5765816, 518, 0, 0
46517, 68, 48, 518, 0, 0, 19.35%, 0, 32, 17, 154.00, 5766617, 518, 0, 0
46522, 68, 317, 518, 0, 0, 19.35%, 0, 32, 17, 146.42, 5767374, 518, 0, 0
46527, 68, 136, 518, 0, 0, 19.35%, 0, 32, 17, 154.21, 5768162, 518, 0, 0
46532, 68, 114, 518, 0, 0, 19.35%, 0, 32, 17, 154.16, 5768941, 518, 0, 0
46537, 68, 478, 518, 0, 0, 19.35%, 0, 32, 17, 154.44, 5769716, 518, 0, 0
46542, 68, 480, 518, 0, 0, 19.35%, 0, 32, 17, 153.69, 5770502, 518, 0, 0
46548, 68, 498, 518, 0, 0, 19.35%, 0, 32, 17, 139.14, 5771231, 518, 0, 0
46553, 68, 480, 518, 0, 0, 19.35%, 0, 32, 17, 141.17, 5771941, 518, 0, 0
46558, 68, 156, 518, 0, 0, 19.35%, 0, 32, 17, 152.75, 5772734, 518, 0, 0
46563, 68, 469, 518, 0, 0, 19.35%, 0, 32, 17, 71.03, 5773017, 518, 0, 0
46568, 68, 495, 518, 0, 0, 19.35%, 0, 32, 17, 124.18, 5773696, 518, 0, 0
46573, 68, 468, 518, 0, 0, 19.35%, 0, 32, 17, 111.99, 5774198, 518, 0, 0
46578, 68, 429, 518, 0, 0, 19.35%, 0, 32, 17, 134.71, 5774930, 518, 0, 0
46583, 68, 495, 518, 0, 0, 19.35%, 0, 32, 17, 115.07, 5775565, 518, 0, 0
46589, 68, 44, 518, 0, 0, 19.35%, 0, 32, 17, 135.39, 5776241, 518, 0, 0
46594, 68, 82, 518, 0, 0, 19.35%, 0, 32, 17, 143.86, 5776995, 518, 0, 0
46599, 68, 134, 518, 0, 0, 19.35%, 0, 32, 17, 153.60, 5777783, 518, 0, 0
46604, 68, 395, 518, 0, 0, 19.35%, 0, 32, 17, 125.61, 5778432, 518, 0, 0
46609, 68, 367, 518, 0, 0, 19.35%, 0, 32, 17, 147.97, 5779214, 518, 0, 0
46614, 68, 480, 518, 0, 0, 19.35%, 0, 32, 17, 147.61, 5779972, 518, 0, 0
46619, 68, 181, 518, 0, 0, 19.35%, 0, 32, 17, 113.44, 5780486, 518, 0, 0
46625, 68, 343, 518, 0, 0, 19.35%, 0, 32, 17, 138.95, 5781212, 518, 0, 0
46630, 68, 495, 518, 0, 0, 19.35%, 0, 32, 17, 150.47, 5782031, 518, 0, 0
46635, 68, 228, 518, 0, 0, 19.35%, 0, 32, 17, 111.69, 5782507, 518, 0, 0
46640, 68, 239, 518, 0, 0, 19.35%, 0, 32, 17, 144.08, 5783290, 518, 0, 0
46645, 68, 468, 518, 0, 0, 19.35%, 0, 32, 17, 151.46, 5784075, 518, 0, 0
46650, 68, 392, 518, 0, 0, 19.35%, 0, 32, 17, 147.92, 5784832, 518, 0, 0
46655, 68, 422, 518, 0, 0, 19.35%, 0, 32, 17, 151.92, 5785630, 518, 0, 0
46661, 68, 495, 518, 0, 0, 19.35%, 0, 32, 17, 118.56, 5786256, 518, 0, 0
46666, 68, 491, 518, 0, 0, 19.35%, 0, 32, 17, 137.46, 5786944, 518, 0, 0
46671, 68, 429, 518, 0, 0, 19.35%, 0, 32, 17, 140.54, 5787630, 518, 0, 0
46676, 68, 422, 518, 0, 0, 19.35%, 0, 32, 17, 145.63, 5788391, 518, 0, 0
46681, 68, 471, 518, 0, 0, 19.35%, 0, 32, 17, 84.99, 5788828, 518, 0, 0
46686, 68, 93, 518, 0, 0, 19.35%, 0, 32, 17, 129.04, 5789468, 518, 0, 0
46691, 68, 495, 518, 0, 0, 19.35%, 0, 32, 17, 116.96, 5790109, 518, 0, 0
46697, 68, 36, 518, 0, 0, 19.35%, 0, 32, 17, 134.63, 5790780, 518, 0, 0
46702, 68, 1, 518, 0, 0, 19.35%, 0, 32, 17, 148.56, 5791561, 518, 0, 0
46707, 68, 422, 518, 0, 0, 19.35%, 0, 32, 17, 136.01, 5792245, 518, 0, 0
46712, 68, 44, 518, 0, 0, 19.35%, 0, 32, 17, 138.88, 5792969, 518, 0, 0
46717, 68, 185, 518, 0, 0, 19.35%, 0, 32, 17, 139.88, 5793663, 518, 0, 0
46722, 68, 429, 518, 0, 0, 19.35%, 0, 32, 17, 147.51, 5794434, 518, 0, 0
46727, 68, 367, 518, 0, 0, 19.35%, 0, 32, 17, 149.05, 5795215, 518, 0, 0
46733, 68, 126, 518, 0, 0, 19.35%, 0, 32, 17, 155.34, 5796020, 518, 0, 0
46738, 68, 163, 518, 0, 0, 19.35%, 0, 32, 17, 158.04, 5796806, 518, 0, 0
46743, 68, 327, 518, 0, 0, 19.35%, 0, 32, 17, 154.67, 5797568, 518, 0, 0
46748, 68, 429, 518, 0, 0, 19.35%, 0, 32, 17, 143.84, 5798289, 518, 0, 0
46753, 68, 185, 518, 0, 0, 19.35%, 0, 32, 17, 150.91, 5799064, 518, 0, 0
46758, 68, 495, 518, 0, 0, 19.35%, 0, 32, 17, 102.74, 5799547, 518, 0, 0
46763, 68, 367, 518, 0, 0, 19.35%, 0, 32, 17, 141.39, 5800327, 518, 0, 0
46768, 68, 239, 518, 0, 0, 19.35%, 0, 32, 17, 149.42, 5801093, 518, 0, 0
46773, 68, 392, 518, 0, 0, 19.35%, 0, 32, 17, 149.84, 5801867, 518, 0, 0
46778, 68, 321, 518, 0, 0, 19.35%, 0, 32, 17, 152.82, 5802641, 518, 0, 0
46783, 68, 510, 518, 0, 0, 19.35%, 0, 32, 17, 137.51, 5803331, 518, 0, 0
46788, 68, 185, 518, 0, 0, 19.35%, 0, 32, 17, 133.21, 5803992, 518, 0, 0
46794, 68, 478, 518, 0, 0, 19.35%, 0, 32, 17, 139.02, 5804715, 518, 0, 0
46799, 68, 109, 518, 0, 0, 19.35%, 0, 32, 17, 148.13, 5805473, 518, 0, 0
46804, 68, 25, 518, 0, 0, 19.35%, 0, 32, 17, 150.94, 5806229, 518, 0, 0
46809, 68, 429, 518, 0, 0, 19.35%, 0, 32, 17, 148.25, 5806994, 518, 0, 0
46814, 68, 260, 518, 0, 0, 19.35%, 0, 32, 17, 153.58, 5807807, 518, 0, 0
46819, 68, 422, 518, 0, 0, 19.35%, 0, 32, 17, 146.44, 5808547, 518, 0, 0
46824, 68, 168, 518, 0, 0, 19.35%, 0, 32, 17, 138.23, 5809271, 518, 0, 0
46830, 68, 491, 518, 0, 0, 19.35%, 0, 32, 17, 135.44, 5809983, 518, 0, 0
46835, 68, 384, 518, 0, 0, 19.35%, 0, 32, 17, 139.51, 5810705, 518, 0, 0
46840, 68, 360, 518, 0, 0, 19.35%, 0, 32, 17, 155.48, 5811514, 518, 0, 0
46845, 68, 479, 518, 0, 0, 19.35%, 0, 32, 17, 158.08, 5812324, 518, 0, 0
46850, 68, 422, 518, 0, 0, 19.35%, 0, 32, 17, 154.40, 5813086, 518, 0, 0
46855, 68, 392, 518, 0, 0, 19.35%, 0, 32, 17, 147.46, 5813847, 518, 0, 0
46860, 68, 93, 518, 0, 0, 19.35%, 0, 32, 17, 152.89, 5814637, 518, 0, 0
46865, 68, 197, 518, 0, 0, 19.35%, 0, 32, 17, 153.72, 5815434, 518, 0, 0
46871, 68, 46, 518, 0, 0, 19.35%, 0, 32, 17, 151.82, 5816230, 518, 0, 0
46876, 68, 422, 518, 0, 0, 19.35%, 0, 32, 17, 152.77, 5817016, 518, 0, 0
46881, 68, 392, 518, 0, 0, 19.35%, 0, 32, 17, 148.08, 5817769, 518, 0, 0
46886, 68, 331, 518, 0, 0, 19.35%, 0, 32, 17, 145.82, 5818512, 518, 0, 0
46891, 68, 134, 518, 0, 0, 19.35%, 0, 32, 17, 155.05, 5819295, 518, 0, 0
46896, 68, 379, 518, 0, 0, 19.35%, 0, 32, 17, 150.44, 5820060, 518, 0, 0
46901, 68, 72, 518, 0, 0, 19.35%, 0, 32, 17, 155.52, 5820859, 518, 0, 0
46906, 69, 495, 518, 0, 0, 19.35%, 0, 32, 17, 146.29, 5821602, 518, 0, 0
46911, 69, 422, 518, 0, 0, 19.35%, 0, 32, 17, 133.46, 5822222, 518, 0, 0
46917, 69, 2, 518, 0, 0, 19.35%, 0, 32, 17, 144.22, 5822994, 518, 0, 0
46922, 69, 486, 518, 0, 0, 19.35%, 0, 32, 17, 156.70, 5823818, 518, 0, 0
46927, 69, 196, 518, 0, 0, 19.35%, 0, 32, 17, 155.03, 5824579, 518, 0, 0
46932, 69, 517, 518, 0, 0, 19.35%, 0, 32, 17, 151.36, 5825358, 518, 0, 0
46937, 69, 517, 519, 1, 0, 19.35%, 0, 32, 17, 151.18, 5826124, 518, 0, 0
46942, 69, 517, 520, 2, 0, 19.35%, 0, 32, 17, 151.37, 5826884, 518, 0, 0
46947, 69, 517, 520, 2, 0, 19.35%, 0, 32, 17, 152.69, 5827658, 518, 0, 0
46952, 69, 517, 521, 3, 0, 19.35%, 0, 32, 17, 151.17, 5828424, 518, 0, 0
46957, 69, 517, 521, 3, 0, 19.35%, 0, 32, 17, 151.82, 5829186, 518, 0, 0
46962, 69, 517, 521, 3, 0, 19.35%, 0, 32, 17, 151.46, 5829954, 518, 0, 0
46967, 69, 517, 521, 3, 0, 19.35%, 0, 32, 17, 151.62, 5830728, 518, 0, 0
46972, 69, 412, 521, 3, 0, 19.35%, 0, 32, 17, 147.49, 5831475, 518, 0, 0
46977, 69, 429, 521, 3, 0, 19.35%, 0, 32, 17, 144.90, 5832193, 518, 0, 0
46982, 69, 519, 521, 3, 0, 19.35%, 0, 32, 17, 132.86, 5832840, 518, 0, 0
46988, 69, 519, 521, 3, 0, 19.35%, 0, 32, 17, 127.82, 5833492, 518, 0, 0
46993, 69, 441, 521, 2, 0, 19.35%, 0, 32, 17, 145.67, 5834257, 518, 0, 0
46998, 69, 495, 521, 2, 0, 19.35%, 0, 32, 17, 120.67, 5834901, 518, 0, 0
47003, 69, 495, 521, 2, 0, 19.35%, 0, 32, 17, 107.40, 5835414, 518, 0, 0
47008, 69, 422, 521, 2, 0, 19.35%, 0, 32, 17, 117.35, 5835976, 518, 0, 0
47013, 69, 46, 521, 2, 0, 19.35%, 0, 32, 17, 144.34, 5836750, 518, 0, 0
47018, 69, 47, 521, 2, 0, 19.35%, 0, 32, 17, 148.75, 5837516, 518, 0, 0
47024, 69, 478, 521, 2, 0, 19.35%, 0, 32, 17, 150.10, 5838301, 518, 0, 0
47029, 69, 46, 521, 2, 0, 19.35%, 0, 32, 17, 151.85, 5839078, 518, 0, 0
47034, 69, 512, 521, 2, 0, 19.35%, 0, 32, 17, 149.23, 5839873, 518, 0, 0
47039, 69, 422, 521, 2, 0, 19.35%, 0, 32, 17, 133.73, 5840497, 518, 0, 0
47044, 69, 518, 521, 2, 0, 19.35%, 0, 32, 17, 136.28, 5841191, 518, 0, 0
47049, 69, 518, 521, 2, 0, 19.35%, 0, 32, 17, 135.56, 5841899, 518, 0, 0
47054, 69, 450, 521, 1, 0, 19.35%, 0, 32, 17, 144.94, 5842618, 518, 0, 0
47059, 69, 491, 521, 1, 0, 19.35%, 0, 32, 17, 140.13, 5843350, 518, 0, 0
47064, 69, 486, 521, 1, 0, 19.35%, 0, 32, 17, 149.24, 5844087, 518, 0, 0
47070, 69, 468, 521, 1, 0, 19.35%, 0, 32, 17, 144.36, 5844841, 518, 0, 0
47075, 69, 471, 521, 1, 0, 19.35%, 0, 32, 17, 151.63, 5845644, 518, 0, 0
47080, 69, 159, 521, 1, 0, 19.35%, 0, 32, 17, 104.47, 5846025, 518, 0, 0
47085, 69, 422, 521, 1, 0, 19.35%, 0, 32, 17, 142.58, 5846799, 518, 0, 0
47090, 69, 97, 521, 1, 0, 19.35%, 0, 32, 17, 148.42, 5847546, 518, 0, 0
47095, 69, 429, 521, 1, 0, 19.35%, 0, 32, 17, 140.73, 5848250, 518, 0, 0
47100, 69, 297, 521, 1, 0, 19.35%, 0, 32, 17, 147.00, 5849018, 518, 0, 0
47105, 69, 392, 521, 1, 0, 19.35%, 0, 32, 17, 146.18, 5849751, 518, 0, 0
47111, 69, 168, 521, 1, 0, 19.35%, 0, 32, 17, 147.08, 5850505, 518, 0, 0
47116, 69, 466, 521, 1, 0, 19.35%, 0, 32, 17, 154.77, 5851303, 518, 0, 0
47121, 69, 422, 521, 1, 0, 19.35%, 0, 32, 17, 150.20, 5852051, 518, 0, 0
47126, 69, 346, 521, 1, 0, 19.35%, 0, 32, 17, 147.61, 5852804, 518, 0, 0
47131, 69, 200, 521, 1, 0, 19.35%, 0, 32, 17, 158.13, 5853617, 518, 0, 0
47136, 69, 3, 521, 1, 0, 19.35%, 0, 32, 17, 153.34, 5854386, 518, 0, 0
47141, 69, 149, 521, 1, 0, 19.35%, 0, 32, 17, 155.77, 5855200, 518, 0, 0
47146, 69, 163, 521, 1, 0, 19.35%, 0, 32, 17, 160.33, 5856035, 518, 0, 0
47151, 69, 413, 521, 1, 0, 19.35%, 0, 32, 17, 148.48, 5856778, 518, 0, 0
47156, 69, 429, 521, 1, 0, 19.35%, 0, 32, 17, 146.21, 5857528, 518, 0, 0
47161, 69, 505, 521, 1, 0, 19.35%, 0, 32, 17, 133.51, 5858206, 518, 0, 0
47167, 69, 392, 521, 1, 0, 19.35%, 0, 32, 17, 140.15, 5858904, 518, 0, 0
47172, 69, 20, 521, 1, 0, 19.35%, 0, 32, 17, 144.38, 5859640, 518, 0, 0
47177, 69, 422, 521, 1, 0, 19.35%, 0, 32, 17, 144.51, 5860387, 518, 0, 0
47182, 69, 520, 521, 1, 0, 19.35%, 0, 32, 17, 136.91, 5861077, 518, 0, 0
47187, 69, 520, 522, 2, 0, 19.35%, 0, 32, 17, 131.39, 5861748, 518, 0, 0
47192, 69, 520, 522, 2, 0, 19.35%, 0, 32, 17, 130.65, 5862400, 518, 0, 0
47197, 69, 80, 522, 1, 0, 19.35%, 0, 32, 17, 150.94, 5863188, 518, 0, 0
47202, 69, 372, 522, 1, 0, 19.35%, 0, 32, 17, 139.38, 5863900, 518, 0, 0
47208, 69, 193, 522, 1, 0, 19.35%, 0, 32, 17, 145.95, 5864662, 518, 0, 0
47213, 69, 480, 522, 1, 0, 19.35%, 0, 32, 17, 152.04, 5865463, 518, 0, 0
47218, 69, 503, 522, 1, 0, 19.35%, 0, 32, 17, 153.30, 5866232, 518, 0, 0
47223, 69, 365, 522, 1, 0, 19.35%, 0, 32, 17, 146.78, 5866988, 518, 0, 0
47228, 69, 422, 522, 1, 0, 19.35%, 0, 32, 17, 146.67, 5867742, 518, 0, 0
47233, 69, 422, 522, 1, 0, 19.35%, 0, 32, 17, 154.16, 5868538, 518, 0, 0
47238, 69, 197, 522, 1, 0, 19.35%, 0, 32, 17, 152.16, 5869288, 518, 0, 0
47243, 69, 3, 522, 1, 0, 19.35%, 0, 32, 17, 150.44, 5870053, 518, 0, 0
47248, 69, 517, 522, 1, 0, 19.35%, 0, 32, 17, 144.76, 5870800, 518, 0, 0
47254, 69, 47, 522, 1, 0, 19.35%, 0, 32, 17, 136.41, 5871492, 518, 0, 0
47259, 69, 495, 522, 1, 0, 19.35%, 0, 32, 17, 131.04, 5872184, 518, 0, 0
47264, 69, 468, 522, 1, 0, 19.35%, 0, 32, 17, 112.54, 5872683, 518, 0, 0
47269, 69, 473, 522, 1, 0, 19.35%, 0, 32, 17, 94.23, 5873204, 518, 0, 0
47274, 69, 495, 522, 1, 0, 19.35%, 0, 32, 17, 110.95, 5873782, 518, 0, 0
47279, 69, 429, 522, 1, 0, 19.35%, 0, 32, 17, 125.54, 5874379, 518, 0, 0
47284, 69, 478, 522, 1, 0, 19.35%, 0, 32, 17, 150.19, 5875173, 518, 0, 0
47289, 69, 477, 522, 1, 0, 19.35%, 0, 32, 17, 155.83, 5875964, 518, 0, 0
47295, 69, 429, 522, 1, 0, 19.35%, 0, 32, 17, 151.14, 5876754, 518, 0, 0
47300, 69, 468, 522, 1, 0, 19.35%, 0, 32, 17, 147.27, 5877517, 518, 0, 0
47305, 69, 313, 522, 1, 0, 19.35%, 0, 32, 17, 150.04, 5878282, 518, 0, 0
47310, 69, 159, 522, 1, 0, 19.35%, 0, 32, 17, 138.53, 5879004, 518, 0, 0
47315, 69, 156, 522, 1, 0, 19.35%, 0, 32, 17, 147.08, 5879734, 518, 0, 0
47320, 69, 480, 522, 1, 0, 19.35%, 0, 32, 17, 143.23, 5880472, 518, 0, 0
47326, 69, 372, 522, 1, 0, 19.35%, 0, 32, 17, 148.96, 5881259, 518, 0, 0
47331, 69, 107, 522, 1, 0, 19.35%, 0, 32, 17, 146.65, 5881973, 518, 0, 0
47336, 69, 495, 522, 1, 0, 19.35%, 0, 32, 17, 125.31, 5882620, 518, 0, 0
47341, 69, 392, 522, 1, 0, 19.35%, 0, 32, 17, 118.28, 5883148, 518, 0, 0
47346, 69, 422, 522, 1, 0, 19.35%, 0, 32, 17, 144.89, 5883923, 518, 0, 0
47351, 69, 495, 522, 1, 0, 19.35%, 0, 32, 17, 106.67, 5884441, 518, 0, 0
47356, 69, 422, 522, 1, 0, 19.35%, 0, 32, 17, 138.41, 5885193, 518, 0, 0
47361, 69, 520, 522, 1, 0, 19.35%, 0, 32, 17, 129.76, 5885857, 518, 0, 0
47366, 69, 486, 522, 1, 0, 19.35%, 0, 32, 17, 134.16, 5886536, 518, 0, 0
47372, 69, 260, 522, 1, 0, 19.35%, 0, 32, 17, 143.03, 5887275, 518, 0, 0
47378, 69, 521, 522, 1, 0, 19.35%, 0, 32, 17, 142.94, 5888210, 518, 0, 0
47383, 69, 521, 522, 1, 0, 19.35%, 0, 32, 17, 131.90, 5888856, 518, 0, 0
47388, 69, 69, 522, 0, 0, 19.35%, 0, 32, 17, 148.88, 5889614, 518, 0, 0
47393, 69, 337, 522, 0, 0, 19.35%, 0, 32, 17, 154.15, 5890384, 518, 0, 0
47398, 69, 468, 522, 0, 0, 19.35%, 0, 32, 17, 137.86, 5891034, 518, 0, 0
47403, 69, 480, 522, 0, 0, 19.35%, 0, 32, 17, 142.22, 5891788, 518, 0, 0
47408, 69, 468, 522, 0, 0, 19.35%, 0, 32, 17, 150.86, 5892551, 518, 0, 0
47414, 69, 392, 522, 0, 0, 19.35%, 0, 32, 17, 150.30, 5893322, 518, 0, 0
47419, 69, 468, 522, 0, 0, 19.35%, 0, 32, 17, 145.75, 5894053, 518, 0, 0
47424, 69, 408, 522, 0, 0, 19.35%, 0, 32, 17, 137.72, 5894779, 518, 0, 0
47429, 69, 191, 522, 0, 0, 19.35%, 0, 32, 17, 144.64, 5895501, 518, 0, 0
47434, 69, 392, 522, 0, 0, 19.35%, 0, 32, 17, 146.34, 5896282, 518, 0, 0
47439, 69, 201, 522, 0, 0, 19.35%, 0, 32, 17, 150.92, 5897037, 518, 0, 0
47444, 69, 392, 522, 0, 0, 19.35%, 0, 32, 17, 150.65, 5897824, 518, 0, 0
47449, 69, 429, 522, 0, 0, 19.35%, 0, 32, 17, 148.18, 5898598, 518, 0, 0
47455, 69, 479, 522, 0, 0, 19.35%, 0, 32, 17, 145.03, 5899359, 518, 0, 0
47460, 69, 480, 522, 0, 0, 19.35%, 0, 32, 17, 147.37, 5900132, 518, 0, 0
47465, 69, 3, 522, 0, 0, 19.35%, 0, 32, 17, 138.51, 5900810, 518, 0, 0
47470, 69, 509, 522, 0, 0, 19.35%, 0, 32, 17, 135.89, 5901546, 518, 0, 0
47475, 69, 495, 522, 0, 0, 19.35%, 0, 32, 17, 116.80, 5902162, 518, 0, 0
47481, 69, 354, 522, 0, 0, 19.35%, 0, 32, 17, 122.75, 5902740, 518, 0, 0
47486, 69, 376, 522, 0, 0, 19.35%, 0, 32, 17, 145.43, 5903540, 518, 0, 0
47491, 69, 282, 522, 0, 0, 19.35%, 0, 32, 17, 149.26, 5904315, 518, 0, 0
47496, 69, 478, 522, 0, 0, 19.35%, 0, 32, 17, 150.20, 5905073, 518, 0, 0
47501, 69, 45, 522, 0, 0, 19.35%, 0, 32, 17, 126.28, 5905701, 518, 0, 0
47506, 69, 72, 522, 0, 0, 19.35%, 0, 32, 17, 138.57, 5906438, 518, 0, 0
47511, 69, 471, 522, 0, 0, 19.35%, 0, 32, 17, 108.25, 5907026, 518, 0, 0
47516, 69, 479, 522, 0, 0, 19.35%, 0, 32, 17, 97.41, 5907423, 518, 0, 0
47521, 69, 95, 522, 0, 0, 19.35%, 0, 32, 17, 146.07, 5908228, 518, 0, 0
47527, 69, 80, 522, 0, 0, 19.35%, 0, 32, 17, 147.07, 5908967, 518, 0, 0
47532, 69, 367, 522, 0, 0, 19.35%, 0, 32, 17, 146.57, 5909741, 518, 0, 0
47537, 69, 191, 522, 0, 0, 19.35%, 0, 32, 17, 152.12, 5910534, 518, 0, 0
47542, 69, 47, 522, 0, 0, 19.35%, 0, 32, 17, 73.80, 5910926, 518, 0, 0
47547, 69, 377, 522, 0, 0, 19.35%, 0, 32, 17, 132.03, 5911689, 518, 0, 0
47552, 69, 429, 522, 0, 0, 19.35%, 0, 32, 17, 132.42, 5912355, 518, 0, 0
47557, 69, 305, 522, 0, 0, 19.35%, 0, 32, 17, 138.39, 5913040, 518, 0, 0
47562, 69, 422, 522, 0, 0, 19.35%, 0, 32, 17, 150.61, 5913843, 518, 0, 0
47567, 70, 499, 522, 0, 0, 19.35%, 0, 32, 17, 109.08, 5914385, 518, 0, 0
47573, 70, 480, 522, 0, 0, 19.35%, 0, 32, 17, 138.80, 5915095, 518, 0, 0
47578, 70, 392, 522, 0, 0, 19.35%, 0, 32, 17, 147.25, 5915877, 518, 0, 0
47583, 70, 468, 522, 0, 0, 19.35%, 0, 32, 17, 148.81, 5916651, 518, 0, 0
47588, 70, 429, 522, 0, 0, 19.35%, 0, 32, 17, 150.15, 5917431, 518, 0, 0
47593, 70, 422, 522, 0, 0, 19.35%, 0, 32, 17, 158.19, 5918237, 518, 0, 0
47598, 70, 422, 522, 0, 0, 19.35%, 0, 32, 17, 147.91, 5918966, 518, 0, 0
47603, 70, 466, 522, 0, 0, 19.35%, 0, 32, 17, 153.59, 5919751, 518, 0, 0
47608, 70, 468, 522, 0, 0, 19.35%, 0, 32, 17, 149.89, 5920539, 518, 0, 0
47613, 70, 367, 522, 0, 0, 19.35%, 0, 32, 17, 148.16, 5921279, 518, 0, 0
47619, 70, 93, 522, 0, 0, 19.35%, 0, 32, 17, 152.03, 5922061, 518, 0, 0
47624, 70, 400, 522, 0, 0, 19.35%, 0, 32, 17, 146.93, 5922786, 518, 0, 0
47629, 70, 367, 522, 0, 0, 19.35%, 0, 32, 17, 151.15, 5923551, 518, 0, 0
47634, 70, 244, 522, 0, 0, 19.35%, 0, 32, 17, 150.29, 5924301, 518, 0, 0
47639, 70, 392, 522, 0, 0, 19.35%, 0, 32, 17, 119.49, 5924890, 518, 0, 0
47644, 70, 478, 522, 0, 0, 19.35%, 0, 32, 17, 129.44, 5925580, 518, 0, 0
47649, 70, 422, 522, 0, 0, 19.35%, 0, 32, 17, 148.32, 5926374, 518, 0, 0
47654, 70, 480, 522, 0, 0, 19.35%, 0, 32, 17, 145.63, 5927124, 518, 0, 0
47660, 70, 495, 522, 0, 0, 19.35%, 0, 32, 17, 116.61, 5927754, 518, 0, 0
47665, 70, 80, 522, 0, 0, 19.35%, 0, 32, 17, 132.98, 5928372, 518, 0, 0
47670, 70, 488, 522, 0, 0, 19.35%, 0, 32, 17, 150.86, 5929166, 518, 0, 0
47675, 70, 495, 522, 0, 0, 19.35%, 0, 32, 17, 141.26, 5929901, 518, 0, 0
47680, 70, 49, 522, 0, 0, 19.35%, 0, 32, 17, 134.40, 5930555, 518, 0, 0
47685, 70, 80, 522, 0, 0, 19.35%, 0, 32, 17, 150.81, 5931346, 518, 0, 0
47691, 70, 491, 522, 0, 0, 19.35%, 0, 32, 17, 143.63, 5932091, 518, 0, 0
47696, 70, 40, 522, 0, 0, 19.35%, 0, 32, 17, 150.68, 5932878, 518, 0, 0
47701, 70, 156, 522, 0, 0, 19.35%, 0, 32, 17, 155.51, 5933675, 518, 0, 0
47706, 70, 343, 522, 0, 0, 19.35%, 0, 32, 17, 157.05, 5934454, 518, 0, 0
47711, 70, 107, 522, 0, 0, 19.35%, 0, 32, 17, 158.33, 5935266, 518, 0, 0
47716, 70, 360, 522, 0, 0, 19.35%, 0, 32, 17, 140.17, 5935935, 518, 0, 0
47721, 70, 486, 522, 0, 0, 19.35%, 0, 32, 17, 152.27, 5936744, 518, 0, 0
47726, 70, 468, 522, 0, 0, 19.35%, 0, 32, 17, 148.37, 5937505, 518, 0, 0
47732, 70, 129, 522, 0, 0, 19.35%, 0, 32, 17, 153.61, 5938303, 518, 0, 0
47737, 70, 441, 522, 0, 0, 19.35%, 0, 32, 17, 150.36, 5939067, 518, 0, 0
47742, 70, 392, 522, 0, 0, 19.35%, 0, 32, 17, 143.75, 5939782, 518, 0, 0
47747, 70, 495, 522, 0, 0, 19.35%, 0, 32, 17, 106.33, 5940302, 518, 0, 0
47752, 70, 495, 522, 0, 0, 19.35%, 0, 32, 17, 94.46, 5940772, 518, 0, 0
47757, 70, 495, 522, 0, 0, 19.35%, 0, 32, 17, 116.17, 5941383, 518, 0, 0
47762, 70, 93, 522, 0, 0, 19.35%, 0, 32, 17, 108.51, 5941873, 518, 0, 0
47767, 70, 495, 522, 0, 0, 19.35%, 0, 32, 17, 101.07, 5942416, 518, 0, 0
47772, 70, 455, 522, 0, 0, 19.35%, 0, 32, 17, 138.01, 5943136, 518, 0, 0
47778, 70, 398, 522, 0, 0, 19.35%, 0, 32, 17, 141.88, 5943897, 518, 0, 0
47783, 70, 495, 522, 0, 0, 19.35%, 0, 32, 17, 133.64, 5944613, 518, 0, 0
47788, 70, 422, 522, 0, 0, 19.35%, 0, 32, 17, 112.73, 5945109, 518, 0, 0
47793, 70, 47, 522, 0, 0, 19.35%, 0, 32, 17, 141.80, 5945881, 518, 0, 0
47798, 70, 519, 522, 0, 0, 19.35%, 0, 32, 17, 148.83, 5946660, 518, 0, 0
47803, 70, 343, 522, 0, 0, 19.35%, 0, 32, 17, 151.57, 5947452, 518, 0, 0
47808, 70, 495, 522, 0, 0, 19.35%, 0, 32, 17, 144.66, 5948203, 518, 0, 0
47814, 70, 193, 522, 0, 0, 19.35%, 0, 32, 17, 136.94, 5948857, 518, 0, 0
47819, 70, 69, 522, 0, 0, 19.35%, 0, 32, 17, 154.73, 5949675, 518, 0, 0
47824, 70, 429, 522, 0, 0, 19.35%, 0, 32, 17, 148.23, 5950435, 518, 0, 0
47829, 70, 156, 522, 0, 0, 19.35%, 0, 32, 17, 153.73, 5951231, 518, 0, 0
47834, 70, 495, 522, 0, 0, 19.35%, 0, 32, 17, 124.24, 5951875, 518, 0, 0
47839, 70, 468, 522, 0, 0, 19.35%, 0, 32, 17, 121.37, 5952427, 518, 0, 0
47844, 70, 379, 522, 0, 0, 19.35%, 0, 32, 17, 138.79, 5953183, 518, 0, 0
47849, 70, 479, 522, 0, 0, 19.35%, 0, 32, 17, 154.69, 5953973, 518, 0, 0
47855, 70, 468, 522, 0, 0, 19.35%, 0, 32, 17, 156.73, 5954795, 518, 0, 0
47860, 70, 349, 522, 0, 0, 19.35%, 0, 32, 17, 159.06, 5955607, 518, 0, 0
47865, 70, 388, 522, 0, 0, 19.35%, 0, 32, 17, 147.34, 5956340, 518, 0, 0
47870, 70, 468, 522, 0, 0, 19.35%, 0, 32, 17, 140.58, 5957043, 518, 0, 0
47875, 70, 422, 522, 0, 0, 19.35%, 0, 32, 17, 148.28, 5957817, 518, 0, 0
47880, 70, 495, 522, 0, 0, 19.35%, 0, 32, 17, 107.81, 5958347, 518, 0, 0
47885, 70, 2, 522, 0, 0, 19.35%, 0, 32, 17, 117.32, 5958927, 518, 0, 0
47890, 70, 36, 522, 0, 0, 19.35%, 0, 32, 17, 142.96, 5959688, 518, 0, 0
47895, 70, 429, 522, 0, 0, 19.35%, 0, 32, 17, 148.94, 5960456, 518, 0, 0
47901, 70, 224, 522, 0, 0, 19.35%, 0, 32, 17, 141.24, 5961180, 518, 0, 0
47906, 70, 480, 522, 0, 0, 19.35%, 0, 32, 17, 146.95, 5961935, 518, 0, 0
47911, 70, 110, 522, 0, 0, 19.35%, 0, 32, 17, 152.88, 5962722, 518, 0, 0
47916, 70, 156, 522, 0, 0, 19.35%, 0, 32, 17, 153.46, 5963501, 518, 0, 0
47921, 70, 488, 522, 0, 0, 19.35%, 0, 32, 17, 157.62, 5964296, 518, 0, 0
47926, 70, 392, 522, 0, 0, 19.35%, 0, 32, 17, 146.98, 5965056, 518, 0, 0
47931, 70, 202, 522, 0, 0, 19.35%, 0, 32, 17, 146.44, 5965798, 518, 0, 0
47936, 70, 163, 522, 0, 0, 19.35%, 0, 32, 17, 148.91, 5966567, 518, 0, 0
47942, 70, 93, 522, 0, 0, 19.35%, 0, 32, 17, 152.75, 5967355, 518, 0, 0
47947, 70, 429, 522, 0, 0, 19.35%, 0, 32, 17, 151.26, 5968140, 518, 0, 0
47952, 70, 393, 522, 0, 0, 19.35%, 0, 32, 17, 150.07, 5968935, 518, 0, 0
47957, 70, 337, 522, 0, 0, 19.35%, 0, 32, 17, 153.34, 5969694, 518, 0, 0
47962, 70, 453, 522, 0, 0, 19.35%, 0, 32, 17, 149.12, 5970461, 518, 0, 0
47967, 70, 429, 522, 0, 0, 19.35%, 0, 32, 17, 139.60, 5971139, 518, 0, 0
47972, 70, 27, 522, 0, 0, 19.35%, 0, 32, 17, 146.69, 5971914, 518, 0, 0
47977, 70, 495, 522, 0, 0, 19.35%, 0, 32, 17, 109.12, 5972451, 518, 0, 0
47983, 70, 480, 522, 0, 0, 19.35%, 0, 32, 17, 140.48, 5973210, 518, 0, 0
47988, 70, 204, 522, 0, 0, 19.35%, 0, 32, 17, 149.83, 5973982, 518, 0, 0
47993, 70, 495, 522, 0, 0, 19.35%, 0, 32, 17, 130.00, 5974646, 518, 0, 0
47998, 70, 63, 522, 0, 0, 19.35%, 0, 32, 17, 120.07, 5975247, 518, 0, 0
48003, 70, 429, 522, 0, 0, 19.35%, 0, 32, 17, 80.77, 5975557, 518, 0, 0
48008, 70, 493, 522, 0, 0, 19.35%, 0, 32, 17, 122.89, 5976276, 518, 0, 0
48013, 70, 252, 522, 0, 0, 19.35%, 0, 32, 17, 143.98, 5977006, 518, 0, 0
48019, 70, 163, 522, 0, 0, 19.35%, 0, 32, 17, 144.80, 5977773, 518, 0, 0
48024, 70, 486, 522, 0, 0, 19.35%, 0, 32, 17, 155.18, 5978593, 518, 0, 0
48029, 70, 447, 522, 0, 0, 19.35%, 0, 32, 17, 149.81, 5979328, 518, 0, 0
48034, 70, 429, 522, 0, 0, 19.35%, 0, 32, 17, 146.82, 5980071, 518, 0, 0
48039, 70, 422, 522, 0, 0, 19.35%, 0, 32, 17, 149.91, 5980848, 518, 0, 0
48044, 70, 417, 522, 0, 0, 19.35%, 0, 32, 17, 148.35, 5981627, 518, 0, 0
48049, 70, 50, 522, 0, 0, 19.35%, 0, 32, 17, 143.57, 5982329, 518, 0, 0
48054, 70, 170, 522, 0, 0, 19.35%, 0, 32, 17, 153.34, 5983121, 518, 0, 0
48060, 70, 495, 522, 0, 0, 19.35%, 0, 32, 17, 150.88, 5983898, 518, 0, 0
48065, 70, 428, 522, 0, 0, 19.35%, 0, 32, 17, 102.91, 5984346, 518, 0, 0
48070, 70, 422, 522, 0, 0, 19.35%, 0, 32, 17, 133.86, 5985052, 518, 0, 0
48075, 70, 510, 522, 0, 0, 19.35%, 0, 32, 17, 136.07, 5985770, 518, 0, 0
48080, 70, 372, 522, 0, 0, 19.35%, 0, 32, 17, 137.38, 5986460, 518, 0, 0
48085, 70, 49, 522, 0, 0, 19.35%, 0, 32, 17, 150.28, 5987225, 518, 0, 0
48090, 70, 163, 522, 0, 0, 19.35%, 0, 32, 17, 154.13, 5988016, 518, 0, 0
48095, 70, 289, 522, 0, 0, 19.35%, 0, 32, 17, 153.93, 5988820, 518, 0, 0
48101, 70, 349, 522, 0, 0, 19.35%, 0, 32, 17, 149.48, 5989596, 518, 0, 0
48106, 70, 497, 522, 0, 0, 19.35%, 0, 32, 17, 114.81, 5990177, 518, 0, 0
48111, 70, 422, 522, 0, 0, 19.35%, 0, 32, 17, 124.33, 5990773, 518, 0, 0
48116, 70, 468, 522, 0, 0, 19.35%, 0, 32, 17, 144.03, 5991531, 518, 0, 0
48121, 70, 495, 522, 0, 0, 19.35%, 0, 32, 17, 105.41, 5992055, 518, 0, 0
48126, 70, 47, 522, 0, 0, 19.35%, 0, 32, 17, 137.82, 5992765, 518, 0, 0
48131, 70, 379, 522, 0, 0, 19.35%, 0, 32, 17, 145.48, 5993541, 518, 0, 0
48136, 70, 367, 522, 0, 0, 19.35%, 0, 32, 17, 148.02, 5994289, 518, 0, 0
48141, 71, 335, 522, 0, 0, 19.35%, 0, 32, 17, 153.05, 5995072, 518, 0, 0
48146, 71, 491, 522, 0, 0, 19.35%, 0, 32, 17, 149.43, 5995806, 518, 0, 0
48152, 71, 429, 522, 0, 0, 19.35%, 0, 32, 17, 147.15, 5996541, 518, 0, 0
48157, 71, 78, 522, 0, 0, 19.35%, 0, 32, 17, 156.04, 5997348, 518, 0, 0
48162, 71, 245, 522, 0, 0, 19.35%, 0, 32, 17, 103.92, 5997800, 518, 0, 0
48167, 71, 17, 522, 0, 0, 19.35%, 0, 32, 17, 145.97, 5998612, 518, 0, 0
48172, 71, 429, 522, 0, 0, 19.35%, 0, 32, 17, 152.68, 5999391, 518, 0, 0
48177, 71, 134, 522, 0, 0, 19.35%, 0, 32, 17, 147.62, 6000121, 518, 0, 0
48182, 71, 72, 522, 0, 0, 19.35%, 0, 32, 17, 148.70, 6000885, 518, 0, 0
48187, 71, 414, 522, 0, 0, 19.35%, 0, 32, 17, 138.79, 6001608, 518, 0, 0
48192, 71, 379, 522, 0, 0, 19.35%, 0, 32, 17, 144.08, 6002330, 518, 0, 0
48198, 71, 422, 522, 0, 0, 19.35%, 0, 32, 17, 139.67, 6003017, 518, 0, 0
48203, 71, 153, 522, 0, 0, 19.35%, 0, 32, 17, 140.51, 6003745, 518, 0, 0
48208, 71, 488, 522, 0, 0, 19.35%, 0, 32, 17, 149.72, 6004483, 518, 0, 0
48213, 71, 83, 522, 0, 0, 19.35%, 0, 32, 17, 157.34, 6005323, 518, 0, 0
48218, 71, 72, 522, 0, 0, 19.35%, 0, 32, 17, 158.06, 6006140, 518, 0, 0
48223, 71, 468, 522, 0, 0, 19.35%, 0, 32, 17, 148.93, 6006876, 518, 0, 0
48228, 71, 479, 522, 0, 0, 19.35%, 0, 32, 17, 147.08, 6007631, 518, 0, 0
48233, 71, 239, 522, 0, 0, 19.35%, 0, 32, 17, 158.10, 6008443, 518, 0, 0
48238, 71, 515, 522, 0, 0, 19.35%, 0, 32, 17, 140.14, 6009148, 518, 0, 0
48244, 71, 14, 522, 0, 0, 19.35%, 0, 32, 17, 153.31, 6009950, 518, 0, 0
48249, 71, 479, 522, 0, 0, 19.35%, 0, 32, 17, 158.53, 6010750, 518, 0, 0
48254, 71, 200, 522, 0, 0, 19.35%, 0, 32, 17, 159.26, 6011582, 518, 0, 0
48259, 71, 401, 522, 0, 0, 19.35%, 0, 32, 17, 131.75, 6012254, 518, 0, 0
48264, 71, 194, 522, 0, 0, 19.35%, 0, 32, 17, 150.13, 6013028, 518, 0, 0
48269, 71, 47, 522, 0, 0, 19.35%, 0, 32, 17, 152.59, 6013795, 518, 0, 0
48274, 71, 46, 522, 0, 0, 19.35%, 0, 32, 17, 139.80, 6014464, 518, 0, 0
48279, 71, 430, 522, 0, 0, 19.35%, 0, 32, 17, 151.17, 6015267, 518, 0, 0
48285, 71, 194, 522, 0, 0, 19.35%, 0, 32, 17, 151.19, 6016032, 518, 0, 0
48290, 71, 158, 522, 0, 0, 19.35%, 0, 32, 17, 131.67, 6016625, 518, 0, 0
48295, 71, 468, 522, 0, 0, 19.35%, 0, 32, 17, 147.84, 6017410, 518, 0, 0
48300, 71, 193, 522, 0, 0, 19.35%, 0, 32, 17, 156.41, 6018211, 518, 0, 0
48305, 71, 48, 522, 0, 0, 19.35%, 0, 32, 17, 155.91, 6018989, 518, 0, 0
48310, 71, 495, 522, 0, 0, 19.35%, 0, 32, 17, 140.54, 6019723, 518, 0, 0
48315, 71, 422, 522, 0, 0, 19.35%, 0, 32, 17, 114.44, 6020215, 518, 0, 0
48320, 71, 378, 522, 0, 0, 19.35%, 0, 32, 17, 147.77, 6021017, 518, 0, 0
48325, 71, 441, 522, 0, 0, 19.35%, 0, 32, 17, 152.95, 6021788, 518, 0, 0
48330, 71, 201, 522, 0, 0, 19.35%, 0, 32, 17, 153.41, 6022542, 518, 0, 0
48335, 71, 48, 522, 0, 0, 19.35%, 0, 32, 17, 160.41, 6023352, 518, 0, 0
48340, 71, 495, 522, 0, 0, 19.35%, 0, 32, 17, 121.55, 6023968, 518, 0, 0
48346, 71, 428, 522, 0, 0, 19.35%, 0, 32, 17, 120.85, 6024588, 518, 0, 0
48351, 71, 392, 522, 0, 0, 19.35%, 0, 32, 17, 137.39, 6025325, 518, 0, 0
48356, 71, 30, 522, 0, 0, 19.35%, 0, 32, 17, 147.82, 6026111, 518, 0, 0
48361, 71, 238, 522, 0, 0, 19.35%, 0, 32, 17, 152.12, 6026914, 518, 0, 0
48366, 71, 175, 522, 0, 0, 19.35%, 0, 32, 17, 151.41, 6027687, 518, 0, 0
48371, 71, 519, 522, 0, 0, 19.35%, 0, 32, 17, 150.36, 6028478, 518, 0, 0
48376, 71, 45, 522, 0, 0, 19.35%, 0, 32, 17, 146.93, 6029225, 518, 0, 0
48382, 71, 128, 522, 0, 0, 19.35%, 0, 32, 17, 136.08, 6029905, 518, 0, 0
48387, 71, 182, 522, 0, 0, 19.35%, 0, 32, 17, 142.82, 6030671, 518, 0, 0
48392, 71, 22, 522, 0, 0, 19.35%, 0, 32, 17, 139.37, 6031406, 518, 0, 0
48397, 71, 343, 522, 0, 0, 19.35%, 0, 32, 17, 144.77, 6032104, 518, 0, 0
48402, 71, 469, 522, 0, 0, 19.35%, 0, 32, 17, 123.32, 6032757, 518, 0, 0
48407, 71, 156, 522, 0, 0, 19.35%, 0, 32, 17, 102.77, 6033139, 518, 0, 0
48412, 71, 495, 522, 0, 0, 19.35%, 0, 32, 17, 136.74, 6033753, 518, 0, 0
48417, 71, 468, 522, 0, 0, 19.35%, 0, 32, 17, 130.05, 6034341, 518, 0, 0
48422, 71, 422, 522, 0, 0, 19.35%, 0, 32, 17, 149.27, 6035143, 518, 0, 0
48427, 71, 156, 522, 0, 0, 19.35%, 0, 32, 17, 146.10, 6035856, 518, 0, 0
48432, 71, 50, 522, 0, 0, 19.35%, 0, 32, 17, 137.37, 6036542, 518, 0, 0
48438, 71, 238, 522, 0, 0, 19.35%, 0, 32, 17, 144.81, 6037317, 518, 0, 0
48443, 71, 422, 522, 0, 0, 19.35%, 0, 32, 17, 156.39, 6038141, 518, 0, 0
48448, 71, 382, 522, 0, 0, 19.35%, 0, 32, 17, 135.43, 6038805, 518, 0, 0
48453, 71, 422, 522, 0, 0, 19.35%, 0, 32, 17, 142.96, 6039519, 518, 0, 0
48458, 71, 3, 522, 0, 0, 19.35%, 0, 32, 17, 142.86, 6040246, 518, 0, 0
48463, 71, 480, 522, 0, 0, 19.35%, 0, 32, 17, 147.88, 6041017, 518, 0, 0
48468, 71, 53, 522, 0, 0, 19.35%, 0, 32, 17, 150.48, 6041783, 518, 0, 0
48473, 71, 50, 522, 0, 0, 19.35%, 0, 32, 17, 144.47, 6042502, 518, 0, 0
48479, 71, 97, 522, 0, 0, 19.35%, 0, 32, 17, 150.74, 6043280, 518, 0, 0
48484, 71, 386, 522, 0, 0, 19.35%, 0, 32, 17, 147.07, 6044054, 518, 0, 0
48489, 71, 29, 522, 0, 0, 19.35%, 0, 32, 17, 103.09, 6044513, 518, 0, 0
48494, 71, 298, 522, 0, 0, 19.35%, 0, 32, 17, 134.37, 6045217, 518, 0, 0
48499, 71, 479, 522, 0, 0, 19.35%, 0, 32, 17, 148.57, 6046006, 518, 0, 0
48504, 71, 87, 522, 0, 0, 19.35%, 0, 32, 17, 157.97, 6046831, 518, 0, 0
48509, 71, 244, 522, 0, 0, 19.35%, 0, 32, 17, 147.67, 6047566, 518, 0, 0
48514, 71, 495, 522, 0, 0, 19.35%, 0, 32, 17, 131.88, 6048264, 518, 0, 0
48519, 71, 191, 522, 0, 0, 19.35%, 0, 32, 17, 133.82, 6048877, 518, 0, 0
48524, 71, 480, 522, 0, 0, 19.35%, 0, 32, 17, 143.74, 6049622, 518, 0, 0
48530, 71, 216, 522, 0, 0, 19.35%, 0, 32, 17, 143.81, 6050364, 518, 0, 0
48535, 71, 239, 522, 0, 0, 19.35%, 0, 32, 17, 154.33, 6051157, 518, 0, 0
48540, 71, 168, 522, 0, 0, 19.35%, 0, 32, 17, 150.55, 6051917, 518, 0, 0
48545, 71, 480, 522, 0, 0, 19.35%, 0, 32, 17, 150.89, 6052675, 518, 0, 0
48550, 71, 294, 522, 0, 0, 19.35%, 0, 32, 17, 157.71, 6053492, 518, 0, 0
48555, 71, 468, 522, 0, 0, 19.35%, 0, 32, 17, 147.52, 6054223, 518, 0, 0
48560, 71, 115, 522, 0, 0, 19.35%, 0, 32, 17, 152.11, 6055007, 518, 0, 0
48566, 71, 480, 522, 0, 0, 19.35%, 0, 32, 17, 143.64, 6055756, 518, 0, 0
48571, 71, 392, 522, 0, 0, 19.35%, 0, 32, 17, 143.22, 6056490, 518, 0, 0
48576, 71, 110, 522, 0, 0, 19.35%, 0, 32, 17, 150.04, 6057253, 518, 0, 0
48581, 71, 429, 522, 0, 0, 19.35%, 0, 32, 17, 149.06, 6058020, 518, 0, 0
48586, 71, 429, 522, 0, 0, 19.35%, 0, 32, 17, 150.92, 6058800, 518, 0, 0
48591, 71, 516, 522, 0, 0, 19.35%, 0, 32, 17, 142.45, 6059510, 518, 0, 0
48596, 71, 181, 522, 0, 0, 19.35%, 0, 32, 17, 137.28, 6060210, 518, 0, 0
48601, 71, 506, 522, 0, 0, 19.35%, 0, 32, 17, 140.37, 6060975, 518, 0, 0
48607, 71, 59, 522, 0, 0, 19.35%, 0, 32, 17, 139.27, 6061643, 518, 0, 0
48612, 71, 497, 522, 0, 0, 19.35%, 0, 32, 17, 117.39, 6062265, 518, 0, 0
48617, 71, 298, 522, 0, 0, 19.35%, 0, 32, 17, 130.15, 6062872, 518, 0, 0
48622, 71, 479, 522, 0, 0, 19.35%, 0, 32, 17, 129.79, 6063523, 518, 0, 0
48627, 71, 441, 522, 0, 0, 19.35%, 0, 32, 17, 136.84, 6064215, 518, 0, 0
48632, 71, 322, 522, 0, 0, 19.35%, 0, 32, 17, 148.13, 6064945, 518, 0, 0
48637, 71, 193, 522, 0, 0, 19.35%, 0, 32, 17, 151.53, 6065700, 518, 0, 0
48642, 71, 495, 522, 0, 0, 19.35%, 0, 32, 17, 108.35, 6066260, 518, 0, 0
48647, 71, 439, 522, 0, 0, 19.35%, 0, 32, 17, 141.80, 6067004, 518, 0, 0
48652, 71, 67, 522, 0, 0, 19.35%, 0, 32, 17, 150.61, 6067780, 518, 0, 0
48657, 71, 44, 522, 0, 0, 19.35%, 0, 32, 17, 150.86, 6068537, 518, 0, 0
48662, 71, 479, 522, 0, 0, 19.35%, 0, 32, 17, 155.34, 6069360, 518, 0, 0
48668, 72, 392, 522, 0, 0, 19.35%, 0, 32, 17, 143.91, 6070096, 518, 0, 0
48673, 72, 495, 522, 0, 0, 19.35%, 0, 32, 17, 115.92, 6070664, 518, 0, 0
48678, 72, 47, 522, 0, 0, 19.35%, 0, 32, 17, 141.14, 6071429, 518, 0, 0
48683, 72, 386, 522, 0, 0, 19.35%, 0, 32, 17, 150.28, 6072215, 518, 0, 0
48688, 72, 429, 522, 0, 0, 19.35%, 0, 32, 17, 147.41, 6072952, 518, 0, 0
48693, 72, 180, 522, 0, 0, 19.35%, 0, 32, 17, 151.81, 6073753, 518, 0, 0
48698, 72, 25, 522, 0, 0, 19.35%, 0, 32, 17, 150.25, 6074528, 518, 0, 0
48704, 72, 285, 522, 0, 0, 19.35%, 0, 32, 17, 146.78, 6075252, 518, 0, 0
48709, 72, 5, 522, 0, 0, 19.35%, 0, 32, 17, 149.31, 6076005, 518, 0, 0
48714, 72, 392, 522, 0, 0, 19.35%, 0, 32, 17, 153.22, 6076801, 518, 0, 0
48719, 72, 285, 522, 0, 0, 19.35%, 0, 32, 17, 142.61, 6077519, 518, 0, 0
48724, 72, 392, 522, 0, 0, 19.35%, 0, 32, 17, 147.92, 6078287, 518, 0, 0
48729, 72, 47, 522, 0, 0, 19.35%, 0, 32, 17, 125.50, 6078925, 518, 0, 0
48735, 72, 518, 522, 0, 0, 19.35%, 0, 32, 17, 132.34, 6079646, 518, 0, 0
48740, 72, 50, 522, 0, 0, 19.35%, 0, 32, 17, 134.36, 6080330, 518, 0, 0
48745, 72, 193, 522, 0, 0, 19.35%, 0, 32, 17, 146.83, 6081104, 518, 0, 0
48750, 72, 429, 522, 0, 0, 19.35%, 0, 32, 17, 148.42, 6081852, 518, 0, 0
48755, 72, 468, 522, 0, 0, 19.35%, 0, 32, 17, 146.83, 6082611, 518, 0, 0
48760, 72, 466, 522, 0, 0, 19.35%, 0, 32, 17, 152.05, 6083378, 518, 0, 0
48765, 72, 204, 522, 0, 0, 19.35%, 0, 32, 17, 151.83, 6084154, 518, 0, 0
48770, 72, 429, 522, 0, 0, 19.35%, 0, 32, 17, 145.59, 6084884, 518, 0, 0
48775, 72, 185, 522, 0, 0, 19.35%, 0, 32, 17, 147.12, 6085622, 518, 0, 0
48780, 72, 325, 522, 0, 0, 19.35%, 0, 32, 17, 148.89, 6086371, 518, 0, 0
48785, 72, 479, 522, 0, 0, 19.35%, 0, 32, 17, 148.19, 6087115, 518, 0, 0
48791, 72, 468, 522, 0, 0, 19.35%, 0, 32, 17, 151.46, 6087907, 518, 0, 0
48796, 72, 495, 522, 0, 0, 19.35%, 0, 32, 17, 123.78, 6088568, 518, 0, 0
48801, 72, 422, 522, 0, 0, 19.35%, 0, 32, 17, 134.00, 6089217, 518, 0, 0
48806, 72, 379, 522, 0, 0, 19.35%, 0, 32, 17, 129.08, 6089909, 518, 0, 0
48811, 72, 495, 522, 0, 0, 19.35%, 0, 32, 17, 122.24, 6090579, 518, 0, 0
48816, 72, 469, 522, 0, 0, 19.35%, 0, 32, 17, 69.62, 6090899, 518, 0, 0
48821, 72, 478, 522, 0, 0, 19.35%, 0, 32, 17, 91.86, 6091315, 518, 0, 0
48826, 72, 479, 522, 0, 0, 19.35%, 0, 32, 17, 116.87, 6091977, 518, 0, 0
48832, 72, 444, 522, 0, 0, 19.35%, 0, 32, 17, 126.49, 6092636, 518, 0, 0
48837, 72, 466, 522, 0, 0, 19.35%, 0, 32, 17, 137.92, 6093324, 518, 0, 0
48842, 72, 204, 522, 0, 0, 19.35%, 0, 32, 17, 139.67, 6094073, 518, 0, 0
48847, 72, 246, 522, 0, 0, 19.35%, 0, 32, 17, 149.66, 6094859, 518, 0, 0
48852, 72, 413, 522, 0, 0, 19.35%, 0, 32, 17, 151.24, 6095655, 518, 0, 0
48857, 72, 502, 522, 0, 0, 19.35%, 0, 32, 17, 112.44, 6096241, 518, 0, 0
48862, 72, 512, 522, 0, 0, 19.35%, 0, 32, 17, 120.99, 6096851, 518, 0, 0
48867, 72, 488, 522, 0, 0, 19.35%, 0, 32, 17, 150.45, 6097667, 518, 0, 0
48873, 72, 462, 522, 0, 0, 19.35%, 0, 32, 17, 137.62, 6098393, 518, 0, 0
48878, 72, 482, 522, 0, 0, 19.35%, 0, 32, 17, 147.23, 6099131, 518, 0, 0
48883, 72, 429, 522, 0, 0, 19.35%, 0, 32, 17, 148.70, 6099915, 518, 0, 0
48888, 72, 499, 522, 0, 0, 19.35%, 0, 32, 17, 110.74, 6100475, 518, 0, 0
48893, 72, 168, 522, 0, 0, 19.35%, 0, 32, 17, 140.84, 6101184, 518, 0, 0
48898, 72, 159, 522, 0, 0, 19.35%, 0, 32, 17, 153.89, 6101989, 518, 0, 0
48903, 72, 178, 522, 0, 0, 19.35%, 0, 32, 17, 158.19, 6102794, 518, 0, 0
48908, 72, 337, 522, 0, 0, 19.35%, 0, 32, 17, 153.47, 6103598, 518, 0, 0
48913, 72, 480, 522, 0, 0, 19.35%, 0, 32, 17, 152.17, 6104386, 518, 0, 0
48918, 72, 385, 522, 0, 0, 19.35%, 0, 32, 17, 130.24, 6105015, 518, 0, 0
48924, 72, 480, 522, 0, 0, 19.35%, 0, 32, 17, 145.93, 6105771, 518, 0, 0
48929, 72, 44, 522, 0, 0, 19.35%, 0, 32, 17, 153.99, 6106542, 518, 0, 0
48934, 72, 495, 522, 0, 0, 19.35%, 0, 32, 17, 107.11, 6107049, 518, 0, 0
48939, 72, 337, 522, 0, 0, 19.35%, 0, 32, 17, 147.40, 6107835, 518, 0, 0
48944, 72, 91, 522, 0, 0, 19.35%, 0, 32, 17, 149.32, 6108623, 518, 0, 0
48949, 72, 79, 522, 0, 0, 19.35%, 0, 32, 17, 158.20, 6109455, 518, 0, 0
48954, 72, 520, 522, 0, 0, 19.35%, 0, 32, 17, 154.36, 6110239, 518, 0, 0
48959, 72, 515, 522, 0, 0, 19.35%, 0, 32, 17, 152.48, 6111015, 518, 0, 0
48964, 72, 515, 522, 0, 0, 19.35%, 0, 32, 17, 138.28, 6111709, 518, 0, 0
48970, 72, 97, 522, 0, 0, 19.35%, 0, 32, 17, 155.13, 6112527, 518, 0, 0
48975, 72, 170, 522, 0, 0, 19.35%, 0, 32, 17, 150.71, 6113300, 518, 0, 0
48980, 72, 479, 522, 0, 0, 19.35%, 0, 32, 17, 157.72, 6114126, 518, 0, 0
48985, 72, 480, 522, 0, 0, 19.35%, 0, 32, 17, 150.25, 6114877, 518, 0, 0
48990, 72, 159, 522, 0, 0, 19.35%, 0, 32, 17, 148.76, 6115643, 518, 0, 0
48995, 72, 470, 522, 0, 0, 19.35%, 0, 32, 17, 119.73, 6116267, 518, 0, 0
49000, 72, 422, 522, 0, 0, 19.35%, 0, 32, 17, 125.12, 6116849, 518, 0, 0
49005, 72, 115, 522, 0, 0, 19.35%, 0, 32, 17, 148.66, 6117609, 518, 0, 0
49010, 72, 510, 522, 0, 0, 19.35%, 0, 32, 17, 134.48, 6118283, 518, 0, 0
49016, 72, 441, 522, 0, 0, 19.35%, 0, 32, 17, 125.29, 6118936, 518, 0, 0
49021, 72, 429, 522, 0, 0, 19.35%, 0, 32, 17, 141.23, 6119663, 518, 0, 0
49026, 72, 31, 522, 0, 0, 19.35%, 0, 32, 17, 149.01, 6120397, 518, 0, 0
49031, 72, 491, 522, 0, 0, 19.35%, 0, 32, 17, 135.45, 6121072, 518, 0, 0
49036, 72, 69, 522, 0, 0, 19.35%, 0, 32, 17, 152.55, 6121857, 518, 0, 0
49041, 72, 47, 522, 0, 0, 19.35%, 0, 32, 17, 153.01, 6122633, 518, 0, 0
49046, 72, 491, 522, 0, 0, 19.35%, 0, 32, 17, 140.22, 6123342, 518, 0, 0
49051, 72, 285, 522, 0, 0, 19.35%, 0, 32, 17, 146.14, 6124069, 518, 0, 0
49057, 72, 422, 522, 0, 0, 19.35%, 0, 32, 17, 146.99, 6124838, 518, 0, 0
49062, 72, 38, 522, 0, 0, 19.35%, 0, 32, 17, 152.64, 6125634, 518, 0, 0
49067, 72, 495, 522, 0, 0, 19.35%, 0, 32, 17, 124.06, 6126282, 518, 0, 0
49072, 72, 507, 522, 0, 0, 19.35%, 0, 32, 17, 108.15, 6126766, 518, 0, 0
49077, 72, 114, 522, 0, 0, 19.35%, 0, 32, 17, 142.52, 6127532, 518, 0, 0
49082, 72, 495, 522, 0, 0, 19.35%, 0, 32, 17, 112.83, 6128136, 518, 0, 0
49087, 72, 495, 522, 0, 0, 19.35%, 0, 32, 17, 118.71, 6128714, 518, 0, 0
49092, 72, 406, 522, 0, 0, 19.35%, 0, 32, 17, 123.02, 6129327, 518, 0, 0
49097, 72, 134, 522, 0, 0, 19.35%, 0, 32, 17, 148.79, 6130119, 518, 0, 0
49103, 72, 495, 522, 0, 0, 19.35%, 0, 32, 17, 112.96, 6130672, 518, 0, 0
49108, 72, 495, 522, 0, 0, 19.35%, 0, 32, 17, 116.13, 6131302, 518, 0, 0
49113, 72, 468, 522, 0, 0, 19.35%, 0, 32, 17, 131.66, 6131965, 518, 0, 0
49118, 72, 284, 522, 0, 0, 19.35%, 0, 32, 17, 126.67, 6132649, 518, 0, 0
49123, 72, 392, 522, 0, 0, 19.35%, 0, 32, 17, 146.97, 6133438, 518, 0, 0
49128, 72, 94, 522, 0, 0, 19.35%, 0, 32, 17, 146.99, 6134180, 518, 0, 0
49133, 72, 360, 522, 0, 0, 19.35%, 0, 32, 17, 150.91, 6134947, 518, 0, 0
49139, 72, 480, 522, 0, 0, 19.35%, 0, 32, 17, 148.40, 6135723, 518, 0, 0
49144, 72, 80, 522, 0, 0, 19.35%, 0, 32, 17, 154.74, 6136518, 518, 0, 0
49149, 72, 521, 522, 0, 0, 19.35%, 0, 32, 17, 155.10, 6137311, 518, 0, 0
49154, 72, 510, 522, 0, 0, 19.35%, 0, 32, 17, 139.35, 6138009, 518, 0, 0
49159, 72, 233, 522, 0, 0, 19.35%, 0, 32, 17, 143.29, 6138739, 518, 0, 0
49164, 72, 429, 522, 0, 0, 19.35%, 0, 32, 17, 146.07, 6139507, 518, 0, 0
49169, 72, 384, 522, 0, 0, 19.35%, 0, 32, 17, 139.80, 6140239, 518, 0, 0
49175, 72, 422, 522, 0, 0, 19.35%, 0, 32, 17, 139.58, 6140925, 518, 0, 0
49180, 72, 479, 522, 0, 0, 19.35%, 0, 32, 17, 138.65, 6141631, 518, 0, 0
49185, 72, 274, 522, 0, 0, 19.35%, 0, 32, 17, 150.94, 6142420, 518, 0, 0
49190, 72, 399, 522, 0, 0, 19.35%, 0, 32, 17, 146.38, 6143151, 518, 0, 0
49195, 72, 398, 522, 0, 0, 19.35%, 0, 32, 17, 146.86, 6143898, 518, 0, 0
49200, 72, 486, 522, 0, 0, 19.35%, 0, 32, 17, 145.97, 6144660, 518, 0, 0
49205, 72, 276, 522, 0, 0, 19.35%, 0, 32, 17, 138.19, 6145360, 518, 0, 0
49210, 72, 441, 522, 0, 0, 19.35%, 0, 32, 17, 145.72, 6146110, 518, 0, 0
49216, 72, 447, 522, 0, 0, 19.35%, 0, 32, 17, 157.40, 6146919, 518, 0, 0
49221, 72, 480, 522, 0, 0, 19.35%, 0, 32, 17, 149.98, 6147648, 518, 0, 0
49226, 72, 25, 522, 0, 0, 19.35%, 0, 32, 17, 146.41, 6148394, 518, 0, 0
49231, 72, 238, 522, 0, 0, 19.35%, 0, 32, 17, 110.67, 6148920, 518, 0, 0
49236, 72, 191, 522, 0, 0, 19.35%, 0, 32, 17, 141.64, 6149685, 518, 0, 0
49241, 72, 392, 522, 0, 0, 19.35%, 0, 32, 17, 151.38, 6150492, 518, 0, 0
49246, 73, 394, 522, 0, 0, 19.35%, 0, 32, 17, 150.50, 6151283, 518, 0, 0
49252, 73, 191, 522, 0, 0, 19.35%, 0, 32, 17, 142.43, 6151998, 518, 0, 0
49257, 73, 87, 522, 0, 0, 19.35%, 0, 32, 17, 134.29, 6152674, 518, 0, 0
49262, 73, 333, 522, 0, 0, 19.35%, 0, 32, 17, 138.26, 6153391, 518, 0, 0
49267, 73, 466, 522, 0, 0, 19.35%, 0, 32, 17, 152.34, 6154186, 518, 0, 0
49272, 73, 488, 522, 0, 0, 19.35%, 0, 32, 17, 150.36, 6154977, 518, 0, 0
49277, 73, 153, 522, 0, 0, 19.35%, 0, 32, 17, 147.46, 6155726, 518, 0, 0
49282, 73, 392, 522, 0, 0, 19.35%, 0, 32, 17, 151.23, 6156503, 518, 0, 0
49287, 73, 271, 522, 0, 0, 19.35%, 0, 32, 17, 155.48, 6157285, 518, 0, 0
49293, 73, 392, 522, 0, 0, 19.35%, 0, 32, 17, 146.91, 6158041, 518, 0, 0
49298, 73, 40, 522, 0, 0, 19.35%, 0, 32, 17, 154.50, 6158832, 518, 0, 0
49303, 73, 104, 522, 0, 0, 19.35%, 0, 32, 17, 158.23, 6159624, 518, 0, 0
49308, 73, 224, 522, 0, 0, 19.35%, 0, 32, 17, 138.62, 6160264, 518, 0, 0
49313, 73, 216, 522, 0, 0, 19.35%, 0, 32, 17, 146.15, 6161036, 518, 0, 0
49318, 73, 496, 522, 0, 0, 19.35%, 0, 32, 17, 115.95, 6161608, 518, 0, 0
49323, 73, 495, 522, 0, 0, 19.35%, 0, 32, 17, 122.34, 6162304, 518, 0, 0
49328, 73, 480, 522, 0, 0, 19.35%, 0, 32, 17, 137.72, 6162998, 518, 0, 0
49333, 73, 479, 522, 0, 0, 19.35%, 0, 32, 17, 141.32, 6163728, 518, 0, 0
49338, 73, 479, 522, 0, 0, 19.35%, 0, 32, 17, 145.47, 6164468, 518, 0, 0
49343, 73, 422, 522, 0, 0, 19.35%, 0, 32, 17, 143.66, 6165215, 518, 0, 0
49349, 73, 48, 522, 0, 0, 19.35%, 0, 32, 17, 125.26, 6165876, 518, 0, 0
49354, 73, 402, 522, 0, 0, 19.35%, 0, 32, 17, 137.65, 6166593, 518, 0, 0
49359, 73, 45, 522, 0, 0, 19.35%, 0, 32, 17, 143.59, 6167319, 518, 0, 0
49364, 73, 384, 522, 0, 0, 19.35%, 0, 32, 17, 150.46, 6168118, 518, 0, 0
49369, 73, 276, 522, 0, 0, 19.35%, 0, 32, 17, 147.50, 6168875, 518, 0, 0
49375, 73, 500, 522, 0, 0, 19.35%, 0, 32, 17, 152.63, 6169683, 518, 0, 0
49380, 73, 149, 522, 0, 0, 19.35%, 0, 32, 17, 150.51, 6170420, 518, 0, 0
49385, 73, 486, 522, 0, 0, 19.35%, 0, 32, 17, 158.83, 6171255, 518, 0, 0
49390, 73, 97, 522, 0, 0, 19.35%, 0, 32, 17, 153.70, 6172015, 518, 0, 0
49395, 73, 480, 522, 0, 0, 19.35%, 0, 32, 17, 157.68, 6172804, 518, 0, 0
49400, 73, 502, 522, 0, 0, 19.35%, 0, 32, 17, 119.50, 6173410, 518, 0, 0
49405, 73, 334, 522, 0, 0, 19.35%, 0, 32, 17, 138.44, 6174065, 518, 0, 0
49410, 73, 107, 522, 0, 0, 19.35%, 0, 32, 17, 155.22, 6174880, 518, 0, 0
49415, 73, 194, 522, 0, 0, 19.35%, 0, 32, 17, 155.95, 6175696, 518, 0, 0
49420, 73, 278, 522, 0, 0, 19.35%, 0, 32, 17, 159.98, 6176538, 518, 0, 0
49425, 73, 202, 522, 0, 0, 19.35%, 0, 32, 17, 153.57, 6177315, 518, 0, 0
49431, 73, 486, 522, 0, 0, 19.35%, 0, 32, 17, 157.82, 6178139, 518, 0, 0
49436, 73, 480, 522, 0, 0, 19.35%, 0, 32, 17, 147.67, 6178875, 518, 0, 0
49441, 73, 392, 522, 0, 0, 19.35%, 0, 32, 17, 149.44, 6179647, 518, 0, 0
49446, 73, 422, 522, 0, 0, 19.35%, 0, 32, 17, 148.40, 6180410, 518, 0, 0
49451, 73, 188, 522, 0, 0, 19.35%, 0, 32, 17, 153.85, 6181182, 518, 0, 0
49456, 73, 40, 522, 0, 0, 19.35%, 0, 32, 17, 137.10, 6181848, 518, 0, 0
49461, 73, 285, 522, 0, 0, 19.35%, 0, 32, 17, 157.09, 6182682, 518, 0, 0
49467, 73, 466, 522, 0, 0, 19.35%, 0, 32, 17, 160.40, 6183518, 518, 0, 0
49472, 73, 3, 522, 0, 0, 19.35%, 0, 32, 17, 155.10, 6184293, 518, 0, 0
49477, 73, 180, 522, 0, 0, 19.35%, 0, 32, 17, 156.03, 6185085, 518, 0, 0
49482, 73, 495, 522, 0, 0, 19.35%, 0, 32, 17, 122.43, 6185720, 518, 0, 0
49487, 73, 2, 522, 0, 0, 19.35%, 0, 32, 17, 136.67, 6186372, 518, 0, 0
49492, 73, 444, 522, 0, 0, 19.35%, 0, 32, 17, 134.16, 6187070, 518, 0, 0
49497, 73, 495, 522, 0, 0, 19.35%, 0, 32, 17, 100.66, 6187558, 518, 0, 0
49502, 73, 352, 522, 0, 0, 19.35%, 0, 32, 17, 136.31, 6188270, 518, 0, 0
49507, 73, 239, 522, 0, 0, 19.35%, 0, 32, 17, 148.06, 6189038, 518, 0, 0
49513, 73, 422, 522, 0, 0, 19.35%, 0, 32, 17, 142.53, 6189757, 518, 0, 0
49518, 73, 429, 522, 0, 0, 19.35%, 0, 32, 17, 145.19, 6190529, 518, 0, 0
49523, 73, 520, 522, 0, 0, 19.35%, 0, 32, 17, 136.75, 6191242, 518, 0, 0
49528, 73, 495, 522, 0, 0, 19.35%, 0, 32, 17, 123.22, 6191858, 518, 0, 0
49533, 73, 355, 522, 0, 0, 19.35%, 0, 32, 17, 135.41, 6192539, 518, 0, 0
49538, 73, 115, 522, 0, 0, 19.35%, 0, 32, 17, 155.83, 6193365, 518, 0, 0
49543, 73, 422, 522, 0, 0, 19.35%, 0, 32, 17, 149.71, 6194124, 518, 0, 0
49548, 73, 392, 522, 0, 0, 19.35%, 0, 32, 17, 149.18, 6194874, 518, 0, 0
49553, 73, 193, 522, 0, 0, 19.35%, 0, 32, 17, 155.02, 6195653, 518, 0, 0
49559, 73, 495, 522, 0, 0, 19.35%, 0, 32, 17, 135.14, 6196365, 518, 0, 0
49564, 73, 159, 522, 0, 0, 19.35%, 0, 32, 17, 120.49, 6196903, 518, 0, 0
49569, 73, 25, 522, 0, 0, 19.35%, 0, 32, 17, 147.07, 6197694, 518, 0, 0
49574, 73, 470, 522, 0, 0, 19.35%, 0, 32, 17, 98.80, 6198138, 518, 0, 0
49579, 73, 429, 522, 0, 0, 19.35%, 0, 32, 17, 139.39, 6198893, 518, 0, 0
49584, 73, 468, 522, 0, 0, 19.35%, 0, 32, 17, 147.49, 6199661, 518, 0, 0
49589, 73, 468, 522, 0, 0, 19.35%, 0, 32, 17, 148.94, 6200428, 518, 0, 0
49594, 73, 495, 522, 0, 0, 19.35%, 0, 32, 17, 119.73, 6201052, 518, 0, 0
49600, 73, 468, 522, 0, 0, 19.35%, 0, 32, 17, 135.70, 6201743, 518, 0, 0
49605, 73, 356, 522, 0, 0, 19.35%, 0, 32, 17, 147.09, 6202529, 518, 0, 0
49610, 73, 48, 522, 0, 0, 19.35%, 0, 32, 17, 149.71, 6203287, 518, 0, 0
49615, 73, 440, 522, 0, 0, 19.35%, 0, 32, 17, 139.58, 6203976, 518, 0, 0
49620, 73, 377, 522, 0, 0, 19.35%, 0, 32, 17, 135.63, 6204636, 518, 0, 0
49625, 73, 472, 522, 0, 0, 19.35%, 0, 32, 17, 97.67, 6205144, 518, 0, 0
49630, 73, 441, 522, 0, 0, 19.35%, 0, 32, 17, 114.37, 6205684, 518, 0, 0
49635, 73, 193, 522, 0, 0, 19.35%, 0, 32, 17, 141.75, 6206431, 518, 0, 0
49640, 73, 69, 522, 0, 0, 19.35%, 0, 32, 17, 155.80, 6207234, 518, 0, 0
49645, 73, 466, 522, 0, 0, 19.35%, 0, 32, 17, 153.69, 6207995, 518, 0, 0
49651, 73, 5, 522, 0, 0, 19.35%, 0, 32, 17, 153.50, 6208780, 518, 0, 0
49656, 73, 397, 522, 0, 0, 19.35%, 0, 32, 17, 149.87, 6209539, 518, 0, 0
49661, 73, 447, 522, 0, 0, 19.35%, 0, 32, 17, 152.17, 6210306, 518, 0, 0
49666, 73, 336, 522, 0, 0, 19.35%, 0, 32, 17, 158.57, 6211133, 518, 0, 0
49671, 73, 169, 522, 0, 0, 19.35%, 0, 32, 17, 144.09, 6211824, 518, 0, 0
49676, 73, 185, 522, 0, 0, 19.35%, 0, 32, 17, 148.17, 6212618, 518, 0, 0
49681, 73, 441, 522, 0, 0, 19.35%, 0, 32, 17, 27.78, 6213335, 518, 0, 0
49686, 73, 422, 522, 0, 0, 19.35%, 0, 32, 17, 135.82, 6213988, 518, 0, 0
49691, 73, 200, 522, 0, 0, 19.35%, 0, 32, 17, 137.70, 6214716, 518, 0, 0
49697, 73, 471, 522, 0, 0, 19.35%, 0, 32, 17, 99.72, 6215270, 518, 0, 0
49702, 73, 495, 522, 0, 0, 19.35%, 0, 32, 17, 71.65, 6215613, 518, 0, 0
49707, 73, 2, 522, 0, 0, 19.35%, 0, 32, 17, 128.72, 6216293, 518, 0, 0
49712, 73, 201, 522, 0, 0, 19.35%, 0, 32, 17, 152.05, 6217089, 518, 0, 0
49717, 73, 495, 522, 0, 0, 19.35%, 0, 32, 17, 133.94, 6217791, 518, 0, 0
49722, 73, 400, 522, 0, 0, 19.35%, 0, 32, 17, 118.77, 6218315, 518, 0, 0
49727, 73, 422, 522, 0, 0, 19.35%, 0, 32, 17, 147.04, 6219104, 518, 0, 0
49732, 73, 495, 522, 0, 0, 19.35%, 0, 32, 17, 129.08, 6219759, 518, 0, 0
49737, 73, 261, 522, 0, 0, 19.35%, 0, 32, 17, 136.41, 6220420, 518, 0, 0
49743, 73, 328, 522, 0, 0, 19.35%, 0, 32, 17, 141.95, 6221175, 518, 0, 0
49748, 73, 1, 522, 0, 0, 19.35%, 0, 32, 17, 147.95, 6221961, 518, 0, 0
49753, 73, 27, 522, 0, 0, 19.35%, 0, 32, 17, 149.45, 6222731, 518, 0, 0
49758, 73, 195, 522, 0, 0, 19.35%, 0, 32, 17, 155.47, 6223545, 518, 0, 0
49763, 73, 495, 522, 0, 0, 19.35%, 0, 32, 17, 121.84, 6224195, 518, 0, 0
49769, 74, 5, 522, 0, 0, 19.35%, 0, 32, 17, 137.64, 6224856, 518, 0, 0
49774, 74, 134, 522, 0, 0, 19.35%, 0, 32, 17, 144.86, 6225623, 518, 0, 0
49779, 74, 202, 522, 0, 0, 19.35%, 0, 32, 17, 142.42, 6226344, 518, 0, 0
49784, 74, 2, 522, 0, 0, 19.35%, 0, 32, 17, 140.95, 6227011, 518, 0, 0
49789, 74, 367, 522, 0, 0, 19.35%, 0, 32, 17, 111.71, 6227500, 518, 0, 0
49794, 74, 471, 522, 0, 0, 19.35%, 0, 32, 17, 124.69, 6228204, 518, 0, 0
49799, 74, 478, 522, 0, 0, 19.35%, 0, 32, 17, 164.53, 6228564, 518, 0, 0
49804, 74, 495, 522, 0, 0, 19.35%, 0, 32, 17, 100.94, 6229219, 518, 0, 0
49809, 74, 495, 522, 0, 0, 19.35%, 0, 32, 17, 116.40, 6229830, 518, 0, 0
49814, 74, 33, 522, 0, 0, 19.35%, 0, 32, 17, 134.97, 6230514, 518, 0, 0
49820, 74, 202, 522, 0, 0, 19.35%, 0, 32, 17, 151.37, 6231307, 518, 0, 0
49825, 74, 518, 522, 0, 0, 19.35%, 0, 32, 17, 147.55, 6232061, 518, 0, 0
49830, 74, 239, 522, 0, 0, 19.35%, 0, 32, 17, 144.41, 6232795, 518, 0, 0
49835, 74, 360, 522, 0, 0, 19.35%, 0, 32, 17, 148.30, 6233553, 518, 0, 0
49840, 74, 392, 522, 0, 0, 19.35%, 0, 32, 17, 155.47, 6234379, 518, 0, 0
49845, 74, 497, 522, 0, 0, 19.35%, 0, 32, 17, 115.38, 6234960, 518, 0, 0
49850, 74, 283, 522, 0, 0, 19.35%, 0, 32, 17, 140.77, 6235653, 518, 0, 0
49856, 74, 479, 522, 0, 0, 19.35%, 0, 32, 17, 146.67, 6236411, 518, 0, 0
49861, 74, 44, 522, 0, 0, 19.35%, 0, 32, 17, 156.91, 6237191, 518, 0, 0
49866, 74, 392, 522, 0, 0, 19.35%, 0, 32, 17, 151.49, 6237975, 518, 0, 0
49871, 74, 429, 522, 0, 0, 19.35%, 0, 32, 17, 148.14, 6238714, 518, 0, 0
49876, 74, 499, 522, 0, 0, 19.35%, 0, 32, 17, 130.45, 6239385, 518, 0, 0
49881, 74, 495, 522, 0, 0, 19.35%, 0, 32, 17, 100.73, 6239861, 518, 0, 0
49886, 74, 495, 522, 0, 0, 19.35%, 0, 32, 17, 101.00, 6240377, 518, 0, 0
49891, 74, 495, 522, 0, 0, 19.35%, 0, 32, 17, 139.05, 6241134, 518, 0, 0
49896, 74, 245, 522, 0, 0, 19.35%, 0, 32, 17, 128.76, 6241716, 518, 0, 0
49901, 74, 495, 522, 0, 0, 19.35%, 0, 32, 17, 118.23, 6242355, 518, 0, 0
49907, 74, 49, 522, 0, 0, 19.35%, 0, 32, 17, 153.58, 6243179, 518, 0, 0
49912, 74, 478, 522, 0, 0, 19.35%, 0, 32, 17, 151.04, 6243941, 518, 0, 0
49917, 74, 348, 522, 0, 0, 19.35%, 0, 32, 17, 149.31, 6244704, 518, 0, 0
49922, 74, 468, 522, 0, 0, 19.35%, 0, 32, 17, 147.74, 6245475, 518, 0, 0
49927, 74, 188, 522, 0, 0, 19.35%, 0, 32, 17, 153.49, 6246229, 518, 0, 0
49932, 74, 182, 522, 0, 0, 19.35%, 0, 32, 17, 148.19, 6246978, 518, 0, 0
49937, 74, 468, 522, 0, 0, 19.35%, 0, 32, 17, 152.63, 6247775, 518, 0, 0
49942, 74, 503, 522, 0, 0, 19.35%, 0, 32, 17, 147.79, 6248509, 518, 0, 0
49947, 74, 495, 522, 0, 0, 19.35%, 0, 32, 17, 101.89, 6248992, 518, 0, 0
49952, 74, 115, 522, 0, 0, 19.35%, 0, 32, 17, 136.12, 6249740, 518, 0, 0
49957, 74, 429, 522, 0, 0, 19.35%, 0, 32, 17, 147.22, 6250512, 518, 0, 0
49963, 74, 390, 522, 0, 0, 19.35%, 0, 32, 17, 152.25, 6251286, 518, 0, 0
49968, 74, 107, 522, 0, 0, 19.35%, 0, 32, 17, 155.00, 6252086, 518, 0, 0
49973, 74, 468, 522, 0, 0, 19.35%, 0, 32, 17, 148.72, 6252857, 518, 0, 0
49978, 74, 441, 522, 0, 0, 19.35%, 0, 32, 17, 146.09, 6253594, 518, 0, 0
49983, 74, 481, 522, 0, 0, 19.35%, 0, 32, 17, 129.41, 6254255, 518, 0, 0
49988, 74, 502, 522, 0, 0, 19.35%, 0, 32, 17, 124.90, 6254959, 518, 0, 0
49994, 74, 515, 522, 0, 0, 19.35%, 0, 32, 17, 129.46, 6255575, 518, 0, 0
49999, 74, 114, 522, 0, 0, 19.35%, 0, 32, 17, 141.38, 6256303, 518, 0, 0
50004, 74, 499, 522, 0, 0, 19.35%, 0, 32, 17, 115.15, 6256893, 518, 0, 0
50009, 74, 495, 522, 0, 0, 19.35%, 0, 32, 17, 130.29, 6257587, 518, 0, 0
50014, 74, 480, 522, 0, 0, 19.35%, 0, 32, 17, 113.42, 6258103, 518, 0, 0
50019, 74, 240, 522, 0, 0, 19.35%, 0, 32, 17, 140.70, 6258866, 518, 0, 0
50024, 74, 497, 522, 0, 0, 19.35%, 0, 32, 17, 127.91, 6259578, 518, 0, 0
50030, 74, 149, 522, 0, 0, 19.35%, 0, 32, 17, 132.12, 6260204, 518, 0, 0
50035, 74, 180, 522, 0, 0, 19.35%, 0, 32, 17, 129.91, 6260893, 518, 0, 0
50040, 74, 429, 522, 0, 0, 19.35%, 0, 32, 17, 142.01, 6261633, 518, 0, 0
50045, 74, 479, 522, 0, 0, 19.35%, 0, 32, 17, 148.12, 6262377, 518, 0, 0
50050, 74, 479, 522, 0, 0, 19.35%, 0, 32, 17, 145.55, 6263122, 518, 0, 0
50055, 74, 199, 522, 0, 0, 19.35%, 0, 32, 17, 143.00, 6263835, 518, 0, 0
50060, 74, 491, 522, 0, 0, 19.35%, 0, 32, 17, 129.48, 6264526, 518, 0, 0
50065, 74, 163, 522, 0, 0, 19.35%, 0, 32, 17, 139.88, 6265238, 518, 0, 0
50070, 74, 486, 522, 0, 0, 19.35%, 0, 32, 17, 128.72, 6265816, 518, 0, 0
50075, 74, 97, 522, 0, 0, 19.35%, 0, 32, 17, 139.72, 6266560, 518, 0, 0
50081, 74, 479, 522, 0, 0, 19.35%, 0, 32, 17, 134.09, 6267259, 518, 0, 0
50086, 74, 468, 522, 0, 0, 19.35%, 0, 32, 17, 140.93, 6267988, 518, 0, 0
50091, 74, 342, 522, 0, 0, 19.35%, 0, 32, 17, 137.66, 6268674, 518, 0, 0
50096, 74, 97, 522, 0, 0, 19.35%, 0, 32, 17, 141.96, 6269382, 518, 0, 0
50107, 74, 46, 522, 0, 0, 19.35%, 0, 32, 17, 1.88, 6269626, 518, 0, 0
50112, 74, 472, 522, 0, 0, 19.35%, 0, 32, 17, 94.54, 6270118, 518, 0, 0
50117, 74, 468, 522, 0, 0, 19.35%, 0, 32, 17, 125.43, 6270745, 518, 0, 0
50122, 74, 479, 522, 0, 0, 19.35%, 0, 32, 17, 144.02, 6271497, 518, 0, 0
50127, 74, 413, 522, 0, 0, 19.35%, 0, 32, 17, 133.99, 6272198, 518, 0, 0
50133, 74, 36, 522, 0, 0, 19.35%, 0, 32, 17, 147.07, 6272964, 518, 0, 0
50138, 74, 66, 522, 0, 0, 19.35%, 0, 32, 17, 149.86, 6273696, 518, 0, 0
50143, 74, 468, 522, 0, 0, 19.35%, 0, 32, 17, 144.60, 6274446, 518, 0, 0
50148, 74, 422, 522, 0, 0, 19.35%, 0, 32, 17, 147.95, 6275225, 518, 0, 0
50153, 74, 486, 522, 0, 0, 19.35%, 0, 32, 17, 154.18, 6276023, 518, 0, 0
50158, 74, 480, 522, 0, 0, 19.35%, 0, 32, 17, 147.90, 6276728, 518, 0, 0
50163, 74, 409, 522, 0, 0, 19.35%, 0, 32, 17, 134.38, 6277428, 518, 0, 0
51087, 74, 5, 522, 0, 0, 19.35%, 0, 32, 17, 0.01, 6277897, 518, 0, 0
51093, 74, 97, 522, 0, 0, 19.35%, 0, 32, 17, 150.44, 6278646, 518, 0, 0
51098, 74, 468, 522, 0, 0, 19.35%, 0, 32, 17, 149.80, 6279417, 518, 0, 0
51103, 74, 114, 522, 0, 0, 19.35%, 0, 32, 17, 153.98, 6280196, 518, 0, 0
51108, 74, 49, 522, 0, 0, 19.35%, 0, 32, 17, 153.01, 6280961, 518, 0, 0
51113, 74, 497, 522, 0, 0, 19.35%, 0, 32, 17, 112.16, 6281518, 518, 0, 0
51118, 74, 497, 523, 1, 0, 19.35%, 0, 32, 17, 91.18, 6281946, 518, 0, 0
51123, 74, 69, 523, 1, 0, 19.35%, 0, 32, 17, 132.86, 6282635, 518, 0, 0
51128, 74, 80, 523, 1, 0, 19.35%, 0, 32, 17, 153.42, 6283462, 518, 0, 0
51133, 74, 44, 523, 1, 0, 19.35%, 0, 32, 17, 149.01, 6284209, 518, 0, 0
51138, 74, 421, 523, 1, 0, 19.35%, 0, 32, 17, 137.02, 6284909, 518, 0, 0
51144, 74, 107, 523, 1, 0, 19.35%, 0, 32, 17, 143.07, 6285622, 518, 0, 0
51149, 74, 522, 523, 1, 0, 19.35%, 0, 32, 17, 95.91, 6286069, 518, 0, 0
51154, 74, 522, 523, 1, 0, 19.35%, 0, 32, 17, 81.84, 6286468, 518, 0, 0
51159, 74, 522, 523, 1, 0, 19.35%, 0, 32, 17, 78.70, 6286867, 518, 0, 0
51165, 74, 522, 523, 1, 0, 19.35%, 0, 32, 17, 80.81, 6287407, 518, 0, 0
51170, 74, 522, 524, 2, 0, 19.35%, 0, 32, 17, 80.46, 6287817, 518, 0, 0
51175, 74, 522, 524, 2, 0, 19.35%, 0, 32, 17, 80.54, 6288231, 518, 0, 0
51180, 74, 522, 524, 2, 0, 19.35%, 0, 32, 17, 80.67, 6288647, 518, 0, 0
51185, 74, 522, 524, 2, 0, 19.35%, 0, 32, 17, 81.46, 6289067, 518, 0, 0
51191, 74, 522, 524, 2, 0, 19.35%, 0, 32, 17, 82.91, 6289497, 518, 0, 0
51196, 74, 367, 524, 1, 0, 19.35%, 0, 32, 17, 104.10, 6289996, 518, 0, 0
51201, 74, 468, 524, 1, 0, 19.35%, 0, 32, 17, 121.65, 6290630, 518, 0, 0
51206, 74, 478, 524, 1, 0, 19.35%, 0, 32, 17, 136.46, 6291377, 518, 0, 0
51211, 74, 239, 524, 1, 0, 19.35%, 0, 32, 17, 152.12, 6292168, 518, 0, 0
51216, 74, 495, 524, 1, 0, 19.35%, 0, 32, 17, 132.26, 6292844, 518, 0, 0
51221, 74, 274, 524, 1, 0, 19.35%, 0, 32, 17, 123.30, 6293390, 518, 0, 0
51227, 74, 479, 524, 1, 0, 19.35%, 0, 32, 17, 146.05, 6294185, 518, 0, 0
51232, 74, 360, 524, 1, 0, 19.35%, 0, 32, 17, 151.03, 6294985, 518, 0, 0
51237, 74, 475, 524, 1, 0, 19.35%, 0, 32, 17, 152.01, 6295737, 518, 0, 0
51242, 74, 193, 524, 1, 0, 19.35%, 0, 32, 17, 153.41, 6296533, 518, 0, 0
51247, 74, 354, 524, 1, 0, 19.35%, 0, 32, 17, 154.43, 6297349, 518, 0, 0
51252, 74, 429, 524, 1, 0, 19.35%, 0, 32, 17, 160.04, 6298157, 518, 0, 0
51257, 74, 384, 524, 1, 0, 19.35%, 0, 32, 17, 134.43, 6298830, 518, 0, 0
51262, 74, 480, 524, 1, 0, 19.35%, 0, 32, 17, 144.93, 6299581, 518, 0, 0
51267, 74, 28, 524, 1, 0, 19.35%, 0, 32, 17, 147.10, 6300306, 518, 0, 0
51273, 74, 193, 524, 1, 0, 19.35%, 0, 32, 17, 148.11, 6301085, 518, 0, 0
51278, 74, 398, 524, 1, 0, 19.35%, 0, 32, 17, 146.73, 6301834, 518, 0, 0
51283, 74, 392, 524, 1, 0, 19.35%, 0, 32, 17, 155.39, 6302637, 518, 0, 0
51288, 74, 491, 524, 1, 0, 19.35%, 0, 32, 17, 150.63, 6303416, 518, 0, 0
51293, 74, 181, 524, 1, 0, 19.35%, 0, 32, 17, 153.83, 6304188, 518, 0, 0
51298, 74, 323, 524, 1, 0, 19.35%, 0, 32, 17, 147.18, 6304931, 518, 0, 0
51303, 74, 447, 524, 1, 0, 19.35%, 0, 32, 17, 152.44, 6305718, 518, 0, 0
51308, 74, 304, 524, 1, 0, 19.35%, 0, 32, 17, 147.86, 6306441, 518, 0, 0
51313, 74, 378, 524, 1, 0, 19.35%, 0, 32, 17, 144.11, 6307195, 518, 0, 0
51319, 74, 429, 524, 1, 0, 19.35%, 0, 32, 17, 146.27, 6307945, 518, 0, 0
51324, 75, 492, 524, 1, 0, 19.35%, 0, 32, 17, 149.42, 6308722, 518, 0, 0
51329, 75, 523, 524, 1, 0, 19.35%, 0, 32, 17, 105.95, 6309249, 518, 0, 0
51334, 75, 523, 524, 1, 0, 19.35%, 0, 32, 17, 84.91, 6309659, 518, 0, 0
51339, 75, 523, 524, 1, 0, 19.35%, 0, 32, 17, 80.71, 6310067, 518, 0, 0
51346, 75, 523, 524, 1, 0, 19.35%, 0, 32, 17, 81.84, 6310713, 518, 0, 0
51351, 75, 523, 524, 1, 0, 19.35%, 0, 32, 17, 95.29, 6311216, 518, 0, 0
51356, 75, 523, 524, 1, 0, 19.35%, 0, 32, 17, 97.50, 6311720, 518, 0, 0
51362, 75, 314, 524, 0, 0, 19.35%, 0, 32, 17, 130.09, 6312381, 518, 0, 0
51367, 75, 45, 524, 0, 0, 19.35%, 0, 32, 17, 155.71, 6313207, 518, 0, 0
51372, 75, 282, 524, 0, 0, 19.35%, 0, 32, 17, 157.60, 6314036, 518, 0, 0
51377, 75, 193, 524, 0, 0, 19.35%, 0, 32, 17, 153.07, 6314825, 518, 0, 0
51382, 75, 495, 524, 0, 0, 19.35%, 0, 32, 17, 122.98, 6315473, 518, 0, 0
51387, 75, 429, 524, 0, 0, 19.35%, 0, 32, 17, 128.99, 6316089, 518, 0, 0
51392, 75, 514, 524, 0, 0, 19.35%, 0, 32, 17, 147.68, 6316866, 518, 0, 0
51397, 75, 466, 524, 0, 0, 19.35%, 0, 32, 17, 154.14, 6317652, 518, 0, 0
51403, 75, 429, 524, 0, 0, 19.35%, 0, 32, 17, 147.07, 6318403, 518, 0, 0
51408, 75, 466, 524, 0, 0, 19.35%, 0, 32, 17, 155.64, 6319207, 518, 0, 0
51413, 75, 480, 524, 0, 0, 19.35%, 0, 32, 17, 139.20, 6319864, 518, 0, 0
51418, 75, 181, 524, 0, 0, 19.35%, 0, 32, 17, 149.70, 6320636, 518, 0, 0
51423, 75, 23, 524, 0, 0, 19.35%, 0, 32, 17, 150.94, 6321403, 518, 0, 0
51428, 75, 138, 524, 0, 0, 19.35%, 0, 32, 17, 153.76, 6322200, 518, 0, 0
51433, 75, 191, 524, 0, 0, 19.35%, 0, 32, 17, 150.26, 6322949, 518, 0, 0
51438, 75, 285, 524, 0, 0, 19.35%, 0, 32, 17, 152.66, 6323741, 518, 0, 0
51443, 75, 422, 524, 0, 0, 19.35%, 0, 32, 17, 150.78, 6324492, 518, 0, 0
51448, 75, 473, 524, 0, 0, 19.35%, 0, 32, 17, 108.90, 6325054, 518, 0, 0
51454, 75, 156, 524, 0, 0, 19.35%, 0, 32, 17, 120.68, 6325598, 518, 0, 0
51459, 75, 384, 524, 0, 0, 19.35%, 0, 32, 17, 134.67, 6326344, 518, 0, 0
51464, 75, 429, 524, 0, 0, 19.35%, 0, 32, 17, 143.12, 6327071, 518, 0, 0
51469, 75, 104, 524, 0, 0, 19.35%, 0, 32, 17, 152.05, 6327856, 518, 0, 0
51474, 75, 495, 524, 0, 0, 19.35%, 0, 32, 17, 102.67, 6328335, 518, 0, 0
51479, 75, 40, 524, 0, 0, 19.35%, 0, 32, 17, 107.61, 6328859, 518, 0, 0
51484, 75, 393, 524, 0, 0, 19.35%, 0, 32, 17, 132.50, 6329597, 518, 0, 0
51490, 75, 115, 524, 0, 0, 19.35%, 0, 32, 17, 150.40, 6330377, 518, 0, 0
51495, 75, 429, 524, 0, 0, 19.35%, 0, 32, 17, 146.87, 6331137, 518, 0, 0
51500, 75, 461, 524, 0, 0, 19.35%, 0, 32, 17, 152.42, 6331945, 518, 0, 0
51505, 75, 67, 524, 0, 0, 19.35%, 0, 32, 17, 159.44, 6332775, 518, 0, 0
51510, 75, 506, 524, 0, 0, 19.35%, 0, 32, 17, 141.70, 6333485, 518, 0, 0
51515, 75, 384, 524, 0, 0, 19.35%, 0, 32, 17, 135.73, 6334111, 518, 0, 0
51520, 75, 238, 524, 0, 0, 19.35%, 0, 32, 17, 149.01, 6334859, 518, 0, 0
51526, 75, 520, 524, 0, 0, 19.35%, 0, 32, 17, 153.10, 6335640, 518, 0, 0
51531, 75, 523, 524, 0, 0, 19.35%, 0, 32, 17, 126.99, 6336290, 518, 0, 0
51536, 75, 523, 524, 0, 0, 19.35%, 0, 32, 17, 96.96, 6336741, 518, 0, 0
51541, 75, 523, 524, 0, 0, 19.35%, 0, 32, 17, 92.06, 6337202, 518, 0, 0
51546, 75, 466, 524, 0, 0, 19.35%, 0, 32, 17, 133.10, 6337886, 518, 0, 0
51551, 75, 134, 524, 0, 0, 19.35%, 0, 32, 17, 154.90, 6338719, 518, 0, 0
51556, 75, 80, 524, 0, 0, 19.35%, 0, 32, 17, 157.02, 6339532, 518, 0, 0
51561, 75, 45, 524, 0, 0, 19.35%, 0, 32, 17, 138.29, 6340259, 518, 0, 0
51567, 75, 422, 524, 0, 0, 19.35%, 0, 32, 17, 151.87, 6341070, 518, 0, 0
51572, 75, 115, 524, 0, 0, 19.35%, 0, 32, 17, 158.56, 6341902, 518, 0, 0
51577, 75, 67, 524, 0, 0, 19.35%, 0, 32, 17, 155.92, 6342680, 518, 0, 0
51582, 75, 392, 524, 0, 0, 19.35%, 0, 32, 17, 145.97, 6343402, 518, 0, 0
51587, 75, 196, 524, 0, 0, 19.35%, 0, 32, 17, 142.49, 6344142, 518, 0, 0
51592, 75, 107, 524, 0, 0, 19.35%, 0, 32, 17, 154.92, 6344952, 518, 0, 0
51597, 75, 149, 524, 0, 0, 19.35%, 0, 32, 17, 133.77, 6345617, 518, 0, 0
51602, 75, 517, 525, 1, 0, 19.35%, 0, 32, 17, 131.23, 6346327, 518, 0, 0
51607, 75, 517, 525, 1, 0, 19.35%, 0, 32, 17, 126.85, 6346983, 518, 0, 0
51613, 75, 196, 525, 1, 0, 19.35%, 0, 32, 17, 134.33, 6347664, 518, 0, 0
51618, 75, 182, 525, 1, 0, 19.35%, 0, 32, 17, 149.63, 6348457, 518, 0, 0
51623, 75, 524, 525, 1, 0, 19.35%, 0, 32, 17, 145.90, 6349264, 518, 0, 0
51629, 75, 524, 526, 2, 0, 19.35%, 0, 32, 17, 133.10, 6349933, 518, 0, 0
51634, 75, 524, 526, 2, 0, 19.35%, 0, 32, 17, 129.62, 6350593, 518, 0, 0
51639, 75, 82, 526, 1, 0, 19.35%, 0, 32, 17, 142.95, 6351296, 518, 0, 0
51644, 75, 200, 526, 1, 0, 19.35%, 0, 32, 17, 140.74, 6352014, 518, 0, 0
51649, 75, 495, 526, 1, 0, 19.35%, 0, 32, 17, 144.22, 6352754, 518, 0, 0
51654, 75, 468, 526, 1, 0, 19.35%, 0, 32, 17, 107.47, 6353220, 518, 0, 0
51659, 75, 182, 526, 1, 0, 19.35%, 0, 32, 17, 138.93, 6353969, 518, 0, 0
51664, 75, 239, 526, 1, 0, 19.35%, 0, 32, 17, 142.08, 6354672, 518, 0, 0
51669, 75, 468, 526, 1, 0, 19.35%, 0, 32, 17, 150.08, 6355477, 518, 0, 0
51675, 75, 392, 526, 1, 0, 19.35%, 0, 32, 17, 151.28, 6356267, 518, 0, 0
51680, 75, 224, 526, 1, 0, 19.35%, 0, 32, 17, 153.31, 6357030, 518, 0, 0
51685, 75, 182, 526, 1, 0, 19.35%, 0, 32, 17, 155.19, 6357812, 518, 0, 0
51690, 75, 343, 526, 1, 0, 19.35%, 0, 32, 17, 106.82, 6358271, 518, 0, 0
51695, 75, 30, 526, 1, 0, 19.35%, 0, 32, 17, 147.32, 6359076, 518, 0, 0
51700, 75, 199, 526, 1, 0, 19.35%, 0, 32, 17, 127.05, 6359702, 518, 0, 0
51706, 75, 486, 526, 1, 0, 19.35%, 0, 32, 17, 146.22, 6360481, 518, 0, 0
51711, 75, 480, 526, 1, 0, 19.35%, 0, 32, 17, 151.49, 6361229, 518, 0, 0
51716, 75, 422, 526, 1, 0, 19.35%, 0, 32, 17, 151.91, 6362022, 518, 0, 0
51721, 75, 441, 526, 1, 0, 19.35%, 0, 32, 17, 151.37, 6362797, 518, 0, 0
51726, 75, 55, 526, 1, 0, 19.35%, 0, 32, 17, 157.96, 6363617, 518, 0, 0
51731, 75, 29, 526, 1, 0, 19.35%, 0, 32, 17, 154.86, 6364405, 518, 0, 0
51736, 75, 127, 526, 1, 0, 19.35%, 0, 32, 17, 151.49, 6365149, 518, 0, 0
51741, 75, 163, 526, 1, 0, 19.35%, 0, 32, 17, 138.74, 6365824, 518, 0, 0
51746, 75, 224, 526, 1, 0, 19.35%, 0, 32, 17, 151.24, 6366613, 518, 0, 0
51752, 75, 367, 526, 1, 0, 19.35%, 0, 32, 17, 156.59, 6367440, 518, 0, 0
51757, 75, 441, 526, 1, 0, 19.35%, 0, 32, 17, 150.65, 6368208, 518, 0, 0
51762, 75, 468, 526, 1, 0, 19.35%, 0, 32, 17, 154.48, 6369022, 518, 0, 0
51767, 75, 170, 526, 1, 0, 19.35%, 0, 32, 17, 151.68, 6369795, 518, 0, 0
51772, 75, 191, 526, 1, 0, 19.35%, 0, 32, 17, 154.31, 6370570, 518, 0, 0
51777, 75, 249, 526, 1, 0, 19.35%, 0, 32, 17, 148.49, 6371337, 518, 0, 0
51782, 75, 285, 526, 1, 0, 19.35%, 0, 32, 17, 151.68, 6372096, 518, 0, 0
51787, 75, 392, 526, 1, 0, 19.35%, 0, 32, 17, 147.21, 6372828, 518, 0, 0
51792, 75, 393, 526, 1, 0, 19.35%, 0, 32, 17, 125.43, 6373464, 518, 0, 0
51797, 75, 495, 526, 1, 0, 19.35%, 0, 32, 17, 100.94, 6373978, 518, 0, 0
51803, 75, 468, 526, 1, 0, 19.35%, 0, 32, 17, 129.08, 6374634, 518, 0, 0
51808, 75, 479, 526, 1, 0, 19.35%, 0, 32, 17, 150.35, 6375420, 518, 0, 0
51813, 75, 522, 526, 1, 0, 19.35%, 0, 32, 17, 119.23, 6376047, 518, 0, 0
51818, 75, 522, 526, 1, 0, 19.35%, 0, 32, 17, 91.16, 6376468, 518, 0, 0
51823, 75, 522, 526, 1, 0, 19.35%, 0, 32, 17, 84.99, 6376893, 518, 0, 0
51828, 75, 238, 526, 1, 0, 19.35%, 0, 32, 17, 131.76, 6377563, 518, 0, 0
51833, 75, 388, 526, 1, 0, 19.35%, 0, 32, 17, 145.43, 6378331, 518, 0, 0
51838, 75, 44, 526, 1, 0, 19.35%, 0, 32, 17, 152.85, 6379121, 518, 0, 0
51843, 75, 422, 526, 1, 0, 19.35%, 0, 32, 17, 147.38, 6379865, 518, 0, 0
51848, 75, 193, 526, 1, 0, 19.35%, 0, 32, 17, 148.37, 6380611, 518, 0, 0
51854, 75, 510, 526, 1, 0, 19.35%, 0, 32, 17, 154.00, 6381396, 518, 0, 0
51859, 75, 471, 526, 1, 0, 19.35%, 0, 32, 17, 130.53, 6382083, 518, 0, 0
51864, 75, 224, 526, 1, 0, 19.35%, 0, 32, 17, 97.17, 6382435, 518, 0, 0
51869, 75, 467, 526, 1, 0, 19.35%, 0, 32, 17, 129.57, 6383130, 518, 0, 0
51874, 75, 3, 526, 1, 0, 19.35%, 0, 32, 17, 153.82, 6383581, 518, 0, 0
51879, 75, 285, 526, 1, 0, 19.35%, 0, 32, 17, 159.01, 6384390, 518, 0, 0
51884, 75, 283, 526, 1, 0, 19.35%, 0, 32, 17, 157.94, 6385190, 518, 0, 0
51889, 75, 413, 526, 1, 0, 19.35%, 0, 32, 17, 153.19, 6385989, 518, 0, 0
51894, 75, 422, 526, 1, 0, 19.35%, 0, 32, 17, 153.52, 6386783, 518, 0, 0
51899, 75, 48, 526, 1, 0, 19.35%, 0, 32, 17, 157.43, 6387587, 518, 0, 0
51905, 75, 285, 526, 1, 0, 19.35%, 0, 32, 17, 147.64, 6388344, 518, 0, 0
51910, 75, 480, 526, 1, 0, 19.35%, 0, 32, 17, 157.03, 6389175, 518, 0, 0
51915, 75, 466, 526, 1, 0, 19.35%, 0, 32, 17, 155.39, 6389936, 518, 0, 0
51920, 75, 429, 526, 1, 0, 19.35%, 0, 32, 17, 159.69, 6390771, 518, 0, 0
51925, 76, 44, 526, 1, 0, 19.35%, 0, 32, 17, 147.26, 6391491, 518, 0, 0
51930, 76, 431, 526, 1, 0, 19.35%, 0, 32, 17, 151.07, 6392249, 518, 0, 0
51935, 76, 343, 526, 1, 0, 19.35%, 0, 32, 17, 148.85, 6393009, 518, 0, 0
51940, 76, 441, 526, 1, 0, 19.35%, 0, 32, 17, 135.60, 6393718, 518, 0, 0
51946, 76, 379, 526, 1, 0, 19.35%, 0, 32, 17, 133.22, 6394427, 518, 0, 0
51951, 76, 510, 526, 1, 0, 19.35%, 0, 32, 17, 133.66, 6395090, 518, 0, 0
51956, 76, 429, 526, 1, 0, 19.35%, 0, 32, 17, 134.92, 6395776, 518, 0, 0
51961, 76, 49, 526, 1, 0, 19.35%, 0, 32, 17, 147.07, 6396543, 518, 0, 0
51966, 76, 285, 526, 1, 0, 19.35%, 0, 32, 17, 153.39, 6397343, 518, 0, 0
51971, 76, 422, 526, 1, 0, 19.35%, 0, 32, 17, 154.55, 6398129, 518, 0, 0
51977, 76, 161, 526, 1, 0, 19.35%, 0, 32, 17, 156.10, 6398937, 518, 0, 0
51982, 76, 422, 526, 1, 0, 19.35%, 0, 32, 17, 153.76, 6399727, 518, 0, 0
51987, 76, 466, 526, 1, 0, 19.35%, 0, 32, 17, 152.72, 6400514, 518, 0, 0
51992, 76, 422, 526, 1, 0, 19.35%, 0, 32, 17, 153.17, 6401302, 518, 0, 0
51997, 76, 429, 526, 1, 0, 19.35%, 0, 32, 17, 147.56, 6402075, 518, 0, 0
52002, 76, 495, 526, 1, 0, 19.35%, 0, 32, 17, 140.17, 6402809, 518, 0, 0
52008, 76, 525, 526, 1, 0, 19.35%, 0, 32, 17, 125.23, 6403436, 518, 0, 0
52013, 76, 525, 526, 1, 0, 19.35%, 0, 32, 17, 143.38, 6404196, 518, 0, 0
52018, 76, 313, 526, 0, 0, 19.35%, 0, 32, 17, 146.98, 6404938, 518, 0, 0
52023, 76, 328, 526, 0, 0, 19.35%, 0, 32, 17, 147.61, 6405681, 518, 0, 0
52028, 76, 469, 526, 0, 0, 19.35%, 0, 32, 17, 80.50, 6406056, 518, 0, 0
52033, 76, 447, 526, 0, 0, 19.35%, 0, 32, 17, 128.55, 6406691, 518, 0, 0
52038, 76, 97, 526, 0, 0, 19.35%, 0, 32, 17, 149.14, 6407430, 518, 0, 0
52043, 76, 36, 526, 0, 0, 19.35%, 0, 32, 17, 151.91, 6408186, 518, 0, 0
52048, 76, 392, 526, 0, 0, 19.35%, 0, 32, 17, 148.46, 6408954, 518, 0, 0
52054, 76, 479, 526, 0, 0, 19.35%, 0, 32, 17, 151.81, 6409736, 518, 0, 0
52059, 76, 416, 526, 0, 0, 19.35%, 0, 32, 17, 154.21, 6410546, 518, 0, 0
52064, 76, 510, 526, 0, 0, 19.35%, 0, 32, 17, 149.58, 6411328, 518, 0, 0
52069, 76, 429, 526, 0, 0, 19.35%, 0, 32, 17, 143.41, 6412056, 518, 0, 0
52074, 76, 2, 526, 0, 0, 19.35%, 0, 32, 17, 153.10, 6412863, 518, 0, 0
52079, 76, 170, 526, 0, 0, 19.35%, 0, 32, 17, 149.45, 6413625, 518, 0, 0
52085, 76, 376, 526, 0, 0, 19.35%, 0, 32, 17, 140.30, 6414372, 518, 0, 0
52090, 76, 491, 526, 0, 0, 19.35%, 0, 32, 17, 146.84, 6415139, 518, 0, 0
52095, 76, 281, 526, 0, 0, 19.35%, 0, 32, 17, 149.78, 6415903, 518, 0, 0
52100, 76, 107, 526, 0, 0, 19.35%, 0, 32, 17, 153.81, 6416674, 518, 0, 0
52105, 76, 374, 526, 0, 0, 19.35%, 0, 32, 17, 145.16, 6417419, 518, 0, 0
52110, 76, 521, 526, 0, 0, 19.35%, 0, 32, 17, 136.63, 6418105, 518, 0, 0
52115, 76, 382, 526, 0, 0, 19.35%, 0, 32, 17, 138.07, 6418795, 518, 0, 0
52120, 76, 422, 526, 0, 0, 19.35%, 0, 32, 17, 147.06, 6419553, 518, 0, 0
52126, 76, 510, 526, 0, 0, 19.35%, 0, 32, 17, 142.28, 6420296, 518, 0, 0
52131, 76, 422, 526, 0, 0, 19.35%, 0, 32, 17, 145.50, 6421030, 518, 0, 0
52136, 76, 5, 526, 0, 0, 19.35%, 0, 32, 17, 147.43, 6421781, 518, 0, 0
52141, 76, 495, 526, 0, 0, 19.35%, 0, 32, 17, 139.97, 6422511, 518, 0, 0
52146, 76, 488, 526, 0, 0, 19.35%, 0, 32, 17, 112.71, 6423003, 518, 0, 0
52151, 76, 238, 526, 0, 0, 19.35%, 0, 32, 17, 131.56, 6423697, 518, 0, 0
52156, 76, 367, 526, 0, 0, 19.35%, 0, 32, 17, 153.36, 6424518, 518, 0, 0
52161, 76, 345, 526, 0, 0, 19.35%, 0, 32, 17, 152.91, 6425290, 518, 0, 0
52167, 76, 93, 526, 0, 0, 19.35%, 0, 32, 17, 158.84, 6426114, 518, 0, 0
52172, 76, 392, 526, 0, 0, 19.35%, 0, 32, 17, 150.51, 6426897, 518, 0, 0
52177, 76, 204, 526, 0, 0, 19.35%, 0, 32, 17, 148.33, 6427658, 518, 0, 0
52182, 76, 468, 526, 0, 0, 19.35%, 0, 32, 17, 142.31, 6428389, 518, 0, 0
52187, 76, 480, 526, 0, 0, 19.35%, 0, 32, 17, 141.18, 6429125, 518, 0, 0
52192, 76, 522, 526, 0, 0, 19.35%, 0, 32, 17, 122.76, 6429791, 518, 0, 0
52198, 76, 522, 526, 0, 0, 19.35%, 0, 32, 17, 103.19, 6430293, 518, 0, 0
52203, 76, 522, 526, 0, 0, 19.35%, 0, 32, 17, 99.07, 6430798, 518, 0, 0
52208, 76, 25, 526, 0, 0, 19.35%, 0, 32, 17, 138.81, 6431574, 518, 0, 0
52213, 76, 390, 526, 0, 0, 19.35%, 0, 32, 17, 154.76, 6432395, 518, 0, 0
52218, 76, 50, 526, 0, 0, 19.35%, 0, 32, 17, 153.51, 6433177, 518, 0, 0
52223, 76, 417, 526, 0, 0, 19.35%, 0, 32, 17, 153.27, 6433959, 518, 0, 0
52228, 76, 468, 526, 0, 0, 19.35%, 0, 32, 17, 138.11, 6434635, 518, 0, 0
52233, 76, 495, 526, 0, 0, 19.35%, 0, 32, 17, 123.46, 6435253, 518, 0, 0
52239, 76, 422, 526, 0, 0, 19.35%, 0, 32, 17, 145.36, 6436019, 518, 0, 0
52244, 76, 285, 526, 0, 0, 19.35%, 0, 32, 17, 150.01, 6436790, 518, 0, 0
52249, 76, 350, 526, 0, 0, 19.35%, 0, 32, 17, 156.65, 6437607, 518, 0, 0
52254, 76, 69, 526, 0, 0, 19.35%, 0, 32, 17, 139.50, 6438314, 518, 0, 0
52259, 76, 114, 526, 0, 0, 19.35%, 0, 32, 17, 148.28, 6439076, 518, 0, 0
52264, 76, 392, 526, 0, 0, 19.35%, 0, 32, 17, 149.29, 6439829, 518, 0, 0
52269, 76, 479, 526, 0, 0, 19.35%, 0, 32, 17, 151.12, 6440585, 518, 0, 0
52274, 76, 50, 526, 0, 0, 19.35%, 0, 32, 17, 158.54, 6441406, 518, 0, 0
52279, 76, 360, 526, 0, 0, 19.35%, 0, 32, 17, 154.20, 6442166, 518, 0, 0
52284, 76, 5, 526, 0, 0, 19.35%, 0, 32, 17, 158.35, 6442982, 518, 0, 0
52290, 76, 191, 526, 0, 0, 19.35%, 0, 32, 17, 158.09, 6443784, 518, 0, 0
52295, 76, 367, 526, 0, 0, 19.35%, 0, 32, 17, 152.04, 6444562, 518, 0, 0
52300, 76, 69, 526, 0, 0, 19.35%, 0, 32, 17, 136.80, 6445210, 518, 0, 0
52305, 76, 202, 526, 0, 0, 19.35%, 0, 32, 17, 151.01, 6445989, 518, 0, 0
52310, 76, 80, 526, 0, 0, 19.35%, 0, 32, 17, 157.90, 6446773, 518, 0, 0
52315, 76, 486, 526, 0, 0, 19.35%, 0, 32, 17, 152.32, 6447567, 518, 0, 0
52320, 76, 495, 526, 0, 0, 19.35%, 0, 32, 17, 125.42, 6448200, 518, 0, 0
52325, 76, 69, 526, 0, 0, 19.35%, 0, 32, 17, 129.67, 6448807, 518, 0, 0
52331, 76, 522, 526, 0, 0, 19.35%, 0, 32, 17, 118.30, 6449471, 518, 0, 0
52336, 76, 522, 526, 0, 0, 19.35%, 0, 32, 17, 99.95, 6449949, 518, 0, 0
52341, 76, 3, 526, 0, 0, 19.35%, 0, 32, 17, 103.68, 6450465, 518, 0, 0
52346, 76, 185, 526, 0, 0, 19.35%, 0, 32, 17, 144.03, 6451268, 518, 0, 0
52351, 76, 69, 526, 0, 0, 19.35%, 0, 32, 17, 146.24, 6452028, 518, 0, 0
52356, 76, 521, 526, 0, 0, 19.35%, 0, 32, 17, 141.74, 6452767, 518, 0, 0
52361, 76, 479, 526, 0, 0, 19.35%, 0, 32, 17, 151.21, 6453535, 518, 0, 0
52366, 76, 473, 526, 0, 0, 19.35%, 0, 32, 17, 20.97, 6454191, 518, 0, 0
52372, 76, 202, 526, 0, 0, 19.35%, 0, 32, 17, 93.22, 6454672, 518, 0, 0
52377, 76, 115, 526, 0, 0, 19.35%, 0, 32, 17, 139.98, 6455455, 518, 0, 0
52382, 76, 441, 526, 0, 0, 19.35%, 0, 32, 17, 139.21, 6456181, 518, 0, 0
52387, 76, 429, 526, 0, 0, 19.35%, 0, 32, 17, 145.42, 6456955, 518, 0, 0
52392, 76, 486, 526, 0, 0, 19.35%, 0, 32, 17, 145.38, 6457705, 518, 0, 0
52397, 76, 376, 526, 0, 0, 19.35%, 0, 32, 17, 144.11, 6458470, 518, 0, 0
52402, 76, 480, 526, 0, 0, 19.35%, 0, 32, 17, 147.18, 6459246, 518, 0, 0
52408, 76, 422, 526, 0, 0, 19.35%, 0, 32, 17, 144.54, 6459995, 518, 0, 0
52413, 76, 196, 526, 0, 0, 19.35%, 0, 32, 17, 151.97, 6460762, 518, 0, 0
52418, 76, 392, 526, 0, 0, 19.35%, 0, 32, 17, 147.55, 6461507, 518, 0, 0
52423, 76, 2, 526, 0, 0, 19.35%, 0, 32, 17, 157.61, 6462310, 518, 0, 0
52428, 76, 93, 526, 0, 0, 19.35%, 0, 32, 17, 152.88, 6463081, 518, 0, 0
52433, 76, 304, 526, 0, 0, 19.35%, 0, 32, 17, 151.89, 6463867, 518, 0, 0
52438, 76, 47, 526, 0, 0, 19.35%, 0, 32, 17, 145.72, 6464595, 518, 0, 0
52443, 76, 429, 526, 0, 0, 19.35%, 0, 32, 17, 150.21, 6465365, 518, 0, 0
52448, 76, 185, 526, 0, 0, 19.35%, 0, 32, 17, 153.68, 6466134, 518, 0, 0
52453, 76, 392, 526, 0, 0, 19.35%, 0, 32, 17, 155.77, 6466944, 518, 0, 0
52458, 76, 107, 526, 0, 0, 19.35%, 0, 32, 17, 135.24, 6467600, 518, 0, 0
52464, 76, 466, 526, 0, 0, 19.35%, 0, 32, 17, 152.54, 6468416, 518, 0, 0
52469, 76, 480, 526, 0, 0, 19.35%, 0, 32, 17, 146.12, 6469128, 518, 0, 0
52474, 77, 468, 526, 0, 0, 19.35%, 0, 32, 17, 142.79, 6469854, 518, 0, 0
52479, 77, 69, 526, 0, 0, 19.35%, 0, 32, 17, 152.08, 6470635, 518, 0, 0
52484, 77, 422, 526, 0, 0, 19.35%, 0, 32, 17, 149.16, 6471396, 518, 0, 0
52489, 77, 486, 526, 0, 0, 19.35%, 0, 32, 17, 142.56, 6472118, 518, 0, 0
52494, 77, 480, 526, 0, 0, 19.35%, 0, 32, 17, 150.48, 6472902, 518, 0, 0
52500, 77, 497, 526, 0, 0, 19.35%, 0, 32, 17, 132.49, 6473584, 518, 0, 0
52505, 77, 480, 526, 0, 0, 19.35%, 0, 32, 17, 121.12, 6474113, 518, 0, 0
52510, 77, 392, 526, 0, 0, 19.35%, 0, 32, 17, 142.67, 6474885, 518, 0, 0
52515, 77, 524, 526, 0, 0, 19.35%, 0, 32, 17, 144.90, 6475613, 518, 0, 0
52520, 77, 524, 526, 0, 0, 19.35%, 0, 32, 17, 139.28, 6476291, 518, 0, 0
52525, 77, 495, 526, 0, 0, 19.35%, 0, 32, 17, 150.01, 6477073, 518, 0, 0
52530, 77, 93, 526, 0, 0, 19.35%, 0, 32, 17, 109.48, 6477537, 518, 0, 0
52535, 77, 472, 526, 0, 0, 19.35%, 0, 32, 17, 125.07, 6478243, 518, 0, 0
52540, 77, 469, 526, 0, 0, 19.35%, 0, 32, 17, 71.47, 6478549, 518, 0, 0
52545, 77, 504, 526, 0, 0, 19.35%, 0, 32, 17, 81.53, 6478881, 518, 0, 0
52551, 77, 239, 526, 0, 0, 19.35%, 0, 32, 17, 142.08, 6479644, 518, 0, 0
52556, 77, 486, 526, 0, 0, 19.35%, 0, 32, 17, 149.29, 6480412, 518, 0, 0
52561, 77, 167, 526, 0, 0, 19.35%, 0, 32, 17, 150.27, 6481212, 518, 0, 0
52566, 77, 468, 526, 0, 0, 19.35%, 0, 32, 17, 147.31, 6481976, 518, 0, 0
52571, 77, 276, 526, 0, 0, 19.35%, 0, 32, 17, 149.82, 6482730, 518, 0, 0
52576, 77, 422, 526, 0, 0, 19.35%, 0, 32, 17, 156.24, 6483514, 518, 0, 0
52581, 77, 422, 526, 0, 0, 19.35%, 0, 32, 17, 152.29, 6484265, 518, 0, 0
52586, 77, 44, 526, 0, 0, 19.35%, 0, 32, 17, 144.41, 6484981, 518, 0, 0
52591, 77, 189, 526, 0, 0, 19.35%, 0, 32, 17, 140.80, 6485667, 518, 0, 0
52596, 77, 486, 526, 0, 0, 19.35%, 0, 32, 17, 155.86, 6486486, 518, 0, 0
52602, 77, 159, 526, 0, 0, 19.35%, 0, 32, 17, 155.14, 6487293, 518, 0, 0
52607, 77, 498, 526, 0, 0, 19.35%, 0, 32, 17, 99.98, 6487738, 518, 0, 0
52612, 77, 447, 526, 0, 0, 19.35%, 0, 32, 17, 138.96, 6488494, 518, 0, 0
52617, 77, 199, 526, 0, 0, 19.35%, 0, 32, 17, 139.24, 6489204, 518, 0, 0
52622, 77, 487, 526, 0, 0, 19.35%, 0, 32, 17, 152.65, 6489998, 518, 0, 0
52627, 77, 429, 526, 0, 0, 19.35%, 0, 32, 17, 143.05, 6490735, 518, 0, 0
52632, 77, 429, 526, 0, 0, 19.35%, 0, 32, 17, 146.62, 6491489, 518, 0, 0
52638, 77, 200, 526, 0, 0, 19.35%, 0, 32, 17, 147.50, 6492237, 518, 0, 0
52643, 77, 170, 526, 0, 0, 19.35%, 0, 32, 17, 145.89, 6492975, 518, 0, 0
52648, 77, 266, 526, 0, 0, 19.35%, 0, 32, 17, 151.11, 6493767, 518, 0, 0
52653, 77, 480, 526, 0, 0, 19.35%, 0, 32, 17, 133.40, 6494409, 518, 0, 0
52658, 77, 486, 526, 0, 0, 19.35%, 0, 32, 17, 150.63, 6495195, 518, 0, 0
52663, 77, 402, 526, 0, 0, 19.35%, 0, 32, 17, 142.24, 6495946, 518, 0, 0
52669, 77, 153, 526, 0, 0, 19.35%, 0, 32, 17, 151.50, 6496723, 518, 0, 0
52674, 77, 491, 526, 0, 0, 19.35%, 0, 32, 17, 149.18, 6497479, 518, 0, 0
52679, 77, 523, 526, 0, 0, 19.35%, 0, 32, 17, 145.29, 6498242, 518, 0, 0
52684, 77, 523, 526, 0, 0, 19.35%, 0, 32, 17, 100.18, 6498684, 518, 0, 0
52689, 77, 523, 526, 0, 0, 19.35%, 0, 32, 17, 90.88, 6499140, 518, 0, 0
52694, 77, 491, 526, 0, 0, 19.35%, 0, 32, 17, 115.34, 6499717, 518, 0, 0
52699, 77, 80, 526, 0, 0, 19.35%, 0, 32, 17, 145.35, 6500467, 518, 0, 0
52704, 77, 468, 526, 0, 0, 19.35%, 0, 32, 17, 130.56, 6501066, 518, 0, 0
52709, 77, 429, 526, 0, 0, 19.35%, 0, 32, 17, 147.34, 6501853, 518, 0, 0
52714, 77, 29, 526, 0, 0, 19.35%, 0, 32, 17, 151.85, 6502626, 518, 0, 0
52719, 77, 495, 526, 0, 0, 19.35%, 0, 32, 17, 148.82, 6503378, 518, 0, 0
52725, 77, 478, 526, 0, 0, 19.35%, 0, 32, 17, 136.14, 6504029, 518, 0, 0
52730, 77, 480, 526, 0, 0, 19.35%, 0, 32, 17, 141.42, 6504736, 518, 0, 0
52735, 77, 285, 526, 0, 0, 19.35%, 0, 32, 17, 149.16, 6505502, 518, 0, 0
52740, 77, 491, 526, 0, 0, 19.35%, 0, 32, 17, 143.30, 6506246, 518, 0, 0
52745, 77, 2, 526, 0, 0, 19.35%, 0, 32, 17, 142.33, 6506950, 518, 0, 0
52750, 77, 495, 526, 0, 0, 19.35%, 0, 32, 17, 129.78, 6507647, 518, 0, 0
52756, 77, 417, 526, 0, 0, 19.35%, 0, 32, 17, 133.18, 6508323, 518, 0, 0
52761, 77, 525, 526, 0, 0, 19.35%, 0, 32, 17, 145.52, 6509094, 518, 0, 0
52766, 77, 525, 527, 1, 0, 19.35%, 0, 32, 17, 131.82, 6509759, 518, 0, 0
52771, 77, 525, 527, 1, 0, 19.35%, 0, 32, 17, 127.96, 6510419, 518, 0, 0
52777, 77, 526, 527, 1, 0, 19.35%, 0, 32, 17, 130.54, 6511139, 518, 0, 0
52782, 77, 526, 527, 1, 0, 19.35%, 0, 32, 17, 128.93, 6511795, 518, 0, 0
52787, 77, 410, 527, 0, 0, 19.35%, 0, 32, 17, 132.45, 6512465, 518, 0, 0
52792, 77, 343, 527, 0, 0, 19.35%, 0, 32, 17, 140.02, 6513182, 518, 0, 0
52797, 77, 429, 527, 0, 0, 19.35%, 0, 32, 17, 143.72, 6513947, 518, 0, 0
52802, 77, 392, 527, 0, 0, 19.35%, 0, 32, 17, 145.73, 6514701, 518, 0, 0
52807, 77, 430, 527, 0, 0, 19.35%, 0, 32, 17, 147.16, 6515445, 518, 0, 0
52813, 77, 419, 527, 0, 0, 19.35%, 0, 32, 17, 149.99, 6516218, 518, 0, 0
52818, 77, 523, 527, 0, 0, 19.35%, 0, 32, 17, 123.28, 6516862, 518, 0, 0
52823, 77, 523, 527, 0, 0, 19.35%, 0, 32, 17, 96.94, 6517317, 518, 0, 0
52828, 77, 523, 527, 0, 0, 19.35%, 0, 32, 17, 90.72, 6517778, 518, 0, 0
52833, 77, 194, 527, 0, 0, 19.35%, 0, 32, 17, 142.31, 6518528, 518, 0, 0
52838, 77, 25, 527, 0, 0, 19.35%, 0, 32, 17, 146.86, 6519313, 518, 0, 0
52843, 77, 491, 527, 0, 0, 19.35%, 0, 32, 17, 137.21, 6520049, 518, 0, 0
52848, 77, 491, 527, 0, 0, 19.35%, 0, 32, 17, 139.14, 6520776, 518, 0, 0
52854, 77, 480, 527, 0, 0, 19.35%, 0, 32, 17, 147.26, 6521524, 518, 0, 0
52859, 77, 495, 527, 0, 0, 19.35%, 0, 32, 17, 121.58, 6522164, 518, 0, 0
52864, 77, 410, 527, 0, 0, 19.35%, 0, 32, 17, 129.62, 6522837, 518, 0, 0
52869, 77, 185, 527, 0, 0, 19.35%, 0, 32, 17, 152.47, 6523636, 518, 0, 0
52874, 77, 495, 527, 0, 0, 19.35%, 0, 32, 17, 102.46, 6524085, 518, 0, 0
52879, 77, 149, 527, 0, 0, 19.35%, 0, 32, 17, 117.42, 6524677, 518, 0, 0
52884, 77, 224, 527, 0, 0, 19.35%, 0, 32, 17, 133.84, 6525395, 518, 0, 0
52890, 77, 495, 527, 0, 0, 19.35%, 0, 32, 17, 151.99, 6526216, 518, 0, 0
52895, 77, 343, 527, 0, 0, 19.35%, 0, 32, 17, 143.40, 6526903, 518, 0, 0
52900, 77, 30, 527, 0, 0, 19.35%, 0, 32, 17, 145.34, 6527649, 518, 0, 0
52905, 77, 224, 527, 0, 0, 19.35%, 0, 32, 17, 155.79, 6528466, 518, 0, 0
52910, 77, 410, 527, 0, 0, 19.35%, 0, 32, 17, 132.26, 6529115, 518, 0, 0
52915, 77, 191, 527, 0, 0, 19.35%, 0, 32, 17, 145.45, 6529859, 518, 0, 0
52920, 77, 524, 527, 0, 0, 19.35%, 0, 32, 17, 139.61, 6530596, 518, 0, 0
52926, 77, 156, 527, 0, 0, 19.35%, 0, 32, 17, 147.50, 6531339, 518, 0, 0
52931, 77, 495, 527, 0, 0, 19.35%, 0, 32, 17, 109.63, 6531886, 518, 0, 0
52936, 77, 467, 527, 0, 0, 19.35%, 0, 32, 17, 136.31, 6532599, 518, 0, 0
52941, 77, 49, 527, 0, 0, 19.35%, 0, 32, 17, 120.17, 6533073, 518, 0, 0
52946, 77, 395, 527, 0, 0, 19.35%, 0, 32, 17, 128.81, 6533785, 518, 0, 0
52951, 77, 422, 527, 0, 0, 19.35%, 0, 32, 17, 138.25, 6534491, 518, 0, 0
52956, 77, 516, 527, 0, 0, 19.35%, 0, 32, 17, 141.42, 6535231, 518, 0, 0
52961, 77, 486, 527, 0, 0, 19.35%, 0, 32, 17, 152.20, 6536002, 518, 0, 0
52966, 77, 495, 527, 0, 0, 19.35%, 0, 32, 17, 123.74, 6536627, 518, 0, 0
52971, 77, 416, 527, 0, 0, 19.35%, 0, 32, 17, 138.77, 6537367, 518, 0, 0
52977, 77, 466, 527, 0, 0, 19.35%, 0, 32, 17, 155.48, 6538189, 518, 0, 0
52982, 77, 266, 527, 0, 0, 19.35%, 0, 32, 17, 153.08, 6538967, 518, 0, 0
52987, 77, 480, 527, 0, 0, 19.35%, 0, 32, 17, 143.43, 6539707, 518, 0, 0
52992, 77, 93, 527, 0, 0, 19.35%, 0, 32, 17, 149.21, 6540470, 518, 0, 0
52997, 77, 392, 527, 0, 0, 19.35%, 0, 32, 17, 148.61, 6541244, 518, 0, 0
53002, 77, 495, 527, 0, 0, 19.35%, 0, 32, 17, 148.65, 6542037, 518, 0, 0
53007, 77, 97, 527, 0, 0, 19.35%, 0, 32, 17, 133.69, 6542637, 518, 0, 0
53012, 77, 495, 527, 0, 0, 19.35%, 0, 32, 17, 123.77, 6543248, 518, 0, 0
53018, 77, 238, 527, 0, 0, 19.35%, 0, 32, 17, 139.41, 6543959, 518, 0, 0
53023, 77, 285, 527, 0, 0, 19.35%, 0, 32, 17, 154.68, 6544785, 518, 0, 0
53028, 77, 153, 527, 0, 0, 19.35%, 0, 32, 17, 153.22, 6545582, 518, 0, 0
53033, 77, 452, 527, 0, 0, 19.35%, 0, 32, 17, 125.22, 6546228, 518, 0, 0
53038, 77, 158, 527, 0, 0, 19.35%, 0, 32, 17, 127.31, 6546830, 518, 0, 0
53043, 77, 31, 527, 0, 0, 19.35%, 0, 32, 17, 141.89, 6547600, 518, 0, 0
53048, 77, 491, 527, 0, 0, 19.35%, 0, 32, 17, 143.65, 6548335, 518, 0, 0
53053, 77, 495, 527, 0, 0, 19.35%, 0, 32, 17, 129.46, 6548998, 518, 0, 0
53059, 77, 97, 527, 0, 0, 19.35%, 0, 32, 17, 139.14, 6549678, 518, 0, 0
53064, 77, 392, 527, 0, 0, 19.35%, 0, 32, 17, 150.75, 6550469, 518, 0, 0
53069, 77, 93, 527, 0, 0, 19.35%, 0, 32, 17, 138.03, 6551168, 518, 0, 0
53074, 77, 216, 527, 0, 0, 19.35%, 0, 32, 17, 100.60, 6551629, 518, 0, 0
53079, 77, 491, 527, 0, 0, 19.35%, 0, 32, 17, 135.58, 6552389, 518, 0, 0
53084, 77, 50, 527, 0, 0, 19.35%, 0, 32, 17, 150.05, 6553163, 518, 0, 0
53089, 77, 2, 527, 0, 0, 19.35%, 0, 32, 17, 155.84, 6553930, 518, 0, 0
53094, 77, 480, 527, 0, 0, 19.35%, 0, 32, 17, 145.41, 6554658, 518, 0, 0
53099, 77, 522, 527, 0, 0, 19.35%, 0, 32, 17, 118.94, 6555279, 518, 0, 0
53104, 77, 522, 527, 0, 0, 19.35%, 0, 32, 17, 92.68, 6555705, 518, 0, 0
53109, 77, 522, 527, 0, 0, 19.35%, 0, 32, 17, 86.52, 6556143, 518, 0, 0
53115, 77, 466, 527, 0, 0, 19.35%, 0, 32, 17, 130.42, 6556805, 518, 0, 0
53120, 77, 474, 527, 0, 0, 19.35%, 0, 32, 17, 151.99, 6557611, 518, 0, 0
53125, 77, 495, 527, 0, 0, 19.35%, 0, 32, 17, 104.34, 6558092, 518, 0, 0
53130, 77, 402, 527, 0, 0, 19.35%, 0, 32, 17, 121.04, 6558747, 518, 0, 0
53135, 78, 429, 527, 0, 0, 19.35%, 0, 32, 17, 146.41, 6559529, 518, 0, 0
53140, 78, 392, 527, 0, 0, 19.35%, 0, 32, 17, 146.66, 6560298, 518, 0, 0
53145, 78, 239, 527, 0, 0, 19.35%, 0, 32, 17, 153.02, 6561102, 518, 0, 0
53150, 78, 495, 527, 0, 0, 19.35%, 0, 32, 17, 139.47, 6561825, 518, 0, 0
53156, 78, 480, 527, 0, 0, 19.35%, 0, 32, 17, 147.67, 6562564, 518, 0, 0
53161, 78, 194, 527, 0, 0, 19.35%, 0, 32, 17, 154.53, 6563356, 518, 0, 0
53166, 78, 408, 527, 0, 0, 19.35%, 0, 32, 17, 138.76, 6564082, 518, 0, 0
53171, 78, 441, 527, 0, 0, 19.35%, 0, 32, 17, 147.67, 6564871, 518, 0, 0
53176, 78, 48, 527, 0, 0, 19.35%, 0, 32, 17, 141.61, 6565589, 518, 0, 0
53181, 78, 495, 527, 0, 0, 19.35%, 0, 32, 17, 134.10, 6566294, 518, 0, 0
53186, 78, 441, 527, 0, 0, 19.35%, 0, 32, 17, 120.53, 6566828, 518, 0, 0
53191, 78, 254, 527, 0, 0, 19.35%, 0, 32, 17, 141.37, 6567577, 518, 0, 0
53196, 78, 522, 527, 0, 0, 19.35%, 0, 32, 17, 127.81, 6568263, 518, 0, 0
53201, 78, 522, 527, 0, 0, 19.35%, 0, 32, 17, 91.89, 6568673, 518, 0, 0
53207, 78, 522, 527, 0, 0, 19.35%, 0, 32, 17, 84.33, 6569098, 518, 0, 0
53212, 78, 45, 527, 0, 0, 19.35%, 0, 32, 17, 121.47, 6569693, 518, 0, 0
53217, 78, 495, 527, 0, 0, 19.35%, 0, 32, 17, 100.15, 6570209, 518, 0, 0
53222, 78, 422, 527, 0, 0, 19.35%, 0, 32, 17, 138.20, 6570929, 518, 0, 0
53227, 78, 180, 527, 0, 0, 19.35%, 0, 32, 17, 150.30, 6571710, 518, 0, 0
53232, 78, 506, 527, 0, 0, 19.35%, 0, 32, 17, 136.06, 6572414, 518, 0, 0
53237, 78, 501, 527, 0, 0, 19.35%, 0, 32, 17, 136.59, 6573041, 518, 0, 0
53242, 78, 495, 527, 0, 0, 19.35%, 0, 32, 17, 100.18, 6573529, 518, 0, 0
53247, 78, 480, 527, 0, 0, 19.35%, 0, 32, 17, 136.05, 6574262, 518, 0, 0
53252, 78, 495, 527, 0, 0, 19.35%, 0, 32, 17, 113.15, 6574846, 518, 0, 0
53258, 78, 285, 527, 0, 0, 19.35%, 0, 32, 17, 140.24, 6575559, 518, 0, 0
53263, 78, 442, 527, 0, 0, 19.35%, 0, 32, 17, 154.37, 6576365, 518, 0, 0
53268, 78, 216, 527, 0, 0, 19.35%, 0, 32, 17, 156.14, 6577173, 518, 0, 0
53273, 78, 474, 527, 0, 0, 19.35%, 0, 32, 17, 156.03, 6577944, 518, 0, 0
53278, 78, 239, 527, 0, 0, 19.35%, 0, 32, 17, 148.89, 6578692, 518, 0, 0
53283, 78, 182, 527, 0, 0, 19.35%, 0, 32, 17, 134.61, 6579366, 518, 0, 0
53288, 78, 69, 527, 0, 0, 19.35%, 0, 32, 17, 154.72, 6580182, 518, 0, 0
53293, 78, 367, 527, 0, 0, 19.35%, 0, 32, 17, 144.80, 6580935, 518, 0, 0
53298, 78, 495, 527, 0, 0, 19.35%, 0, 32, 17, 104.14, 6581414, 518, 0, 0
53304, 78, 36, 527, 0, 0, 19.35%, 0, 32, 17, 110.26, 6581931, 518, 0, 0
53309, 78, 2, 527, 0, 0, 19.35%, 0, 32, 17, 139.25, 6582701, 518, 0, 0
53314, 78, 360, 527, 0, 0, 19.35%, 0, 32, 17, 117.16, 6583208, 518, 0, 0
53319, 78, 497, 527, 0, 0, 19.35%, 0, 32, 17, 118.80, 6583875, 518, 0, 0
53324, 78, 495, 527, 0, 0, 19.35%, 0, 32, 17, 118.32, 6584517, 518, 0, 0
53329, 78, 107, 527, 0, 0, 19.35%, 0, 32, 17, 127.24, 6585134, 518, 0, 0
53334, 78, 44, 527, 0, 0, 19.35%, 0, 32, 17, 141.96, 6585902, 518, 0, 0
53340, 78, 163, 527, 0, 0, 19.35%, 0, 32, 17, 155.29, 6586717, 518, 0, 0
53345, 78, 392, 527, 0, 0, 19.35%, 0, 32, 17, 154.33, 6587508, 518, 0, 0
53350, 78, 89, 527, 0, 0, 19.35%, 0, 32, 17, 151.88, 6588253, 518, 0, 0
53355, 78, 216, 527, 0, 0, 19.35%, 0, 32, 17, 156.10, 6589079, 518, 0, 0
53360, 78, 410, 527, 0, 0, 19.35%, 0, 32, 17, 150.18, 6589830, 518, 0, 0
53365, 78, 468, 527, 0, 0, 19.35%, 0, 32, 17, 149.01, 6590577, 518, 0, 0
53370, 78, 495, 527, 0, 0, 19.35%, 0, 32, 17, 123.47, 6591200, 518, 0, 0
53375, 78, 468, 527, 0, 0, 19.35%, 0, 32, 17, 152.72, 6592027, 518, 0, 0
53380, 78, 368, 527, 0, 0, 19.35%, 0, 32, 17, 155.21, 6592796, 518, 0, 0
53385, 78, 488, 527, 0, 0, 19.35%, 0, 32, 17, 139.88, 6593469, 518, 0, 0
53391, 78, 168, 527, 0, 0, 19.35%, 0, 32, 17, 143.86, 6594217, 518, 0, 0
53396, 78, 27, 527, 0, 0, 19.35%, 0, 32, 17, 134.67, 6594923, 518, 0, 0
53401, 78, 384, 527, 0, 0, 19.35%, 0, 32, 17, 134.34, 6595655, 518, 0, 0
53406, 78, 392, 527, 0, 0, 19.35%, 0, 32, 17, 140.54, 6596390, 518, 0, 0
53411, 78, 46, 527, 0, 0, 19.35%, 0, 32, 17, 140.10, 6597063, 518, 0, 0
53416, 78, 181, 527, 0, 0, 19.35%, 0, 32, 17, 145.29, 6597825, 518, 0, 0
53421, 78, 73, 527, 0, 0, 19.35%, 0, 32, 17, 148.36, 6598607, 518, 0, 0
53427, 78, 479, 527, 0, 0, 19.35%, 0, 32, 17, 93.38, 6599262, 518, 0, 0
53432, 78, 40, 527, 0, 0, 19.35%, 0, 32, 17, 114.64, 6599868, 518, 0, 0
53437, 78, 479, 527, 0, 0, 19.35%, 0, 32, 17, 141.95, 6600646, 518, 0, 0
53442, 78, 495, 527, 0, 0, 19.35%, 0, 32, 17, 115.03, 6601198, 518, 0, 0
53447, 78, 429, 527, 0, 0, 19.35%, 0, 32, 17, 146.04, 6601968, 518, 0, 0
53452, 78, 266, 527, 0, 0, 19.35%, 0, 32, 17, 154.62, 6602759, 518, 0, 0
53457, 78, 289, 527, 0, 0, 19.35%, 0, 32, 17, 151.67, 6603548, 518, 0, 0
53463, 78, 495, 527, 0, 0, 19.35%, 0, 32, 17, 103.33, 6604043, 518, 0, 0
53468, 78, 156, 527, 0, 0, 19.35%, 0, 32, 17, 143.56, 6604805, 518, 0, 0
53473, 78, 44, 527, 0, 0, 19.35%, 0, 32, 17, 157.98, 6605638, 518, 0, 0
53478, 78, 224, 527, 0, 0, 19.35%, 0, 32, 17, 156.71, 6606451, 518, 0, 0
53483, 78, 191, 527, 0, 0, 19.35%, 0, 32, 17, 156.84, 6607230, 518, 0, 0
53488, 78, 159, 527, 0, 0, 19.35%, 0, 32, 17, 151.04, 6607988, 518, 0, 0
53493, 78, 480, 527, 0, 0, 19.35%, 0, 32, 17, 138.65, 6608682, 518, 0, 0
53498, 78, 495, 527, 0, 0, 19.35%, 0, 32, 17, 130.77, 6609371, 518, 0, 0
53503, 78, 422, 527, 0, 0, 19.35%, 0, 32, 17, 131.21, 6609981, 518, 0, 0
53508, 78, 380, 527, 0, 0, 19.35%, 0, 32, 17, 144.94, 6610766, 518, 0, 0
53514, 78, 97, 527, 0, 0, 19.35%, 0, 32, 17, 142.07, 6611470, 518, 0, 0
53519, 78, 360, 527, 0, 0, 19.35%, 0, 32, 17, 148.58, 6612256, 518, 0, 0
53524, 78, 468, 527, 0, 0, 19.35%, 0, 32, 17, 155.83, 6613071, 518, 0, 0
53529, 78, 168, 527, 0, 0, 19.35%, 0, 32, 17, 154.49, 6613845, 518, 0, 0
53534, 78, 224, 527, 0, 0, 19.35%, 0, 32, 17, 158.87, 6614676, 518, 0, 0
53539, 78, 239, 527, 0, 0, 19.35%, 0, 32, 17, 114.67, 6615211, 518, 0, 0
53544, 78, 486, 527, 0, 0, 19.35%, 0, 32, 17, 145.19, 6615981, 518, 0, 0
53550, 78, 422, 527, 0, 0, 19.35%, 0, 32, 17, 146.34, 6616733, 518, 0, 0
53555, 78, 502, 527, 0, 0, 19.35%, 0, 32, 17, 107.97, 6617281, 518, 0, 0
53560, 78, 488, 527, 0, 0, 19.35%, 0, 32, 17, 145.56, 6618053, 518, 0, 0
53565, 78, 202, 527, 0, 0, 19.35%, 0, 32, 17, 155.34, 6618868, 518, 0, 0
53570, 78, 392, 527, 0, 0, 19.35%, 0, 32, 17, 154.63, 6619649, 518, 0, 0
53575, 78, 181, 527, 0, 0, 19.35%, 0, 32, 17, 157.72, 6620431, 518, 0, 0
53580, 78, 353, 527, 0, 0, 19.35%, 0, 32, 17, 156.87, 6621222, 518, 0, 0
53585, 78, 479, 527, 0, 0, 19.35%, 0, 32, 17, 135.59, 6621885, 518, 0, 0
53590, 78, 25, 527, 0, 0, 19.35%, 0, 32, 17, 147.48, 6622641, 518, 0, 0
53596, 78, 392, 527, 0, 0, 19.35%, 0, 32, 17, 145.74, 6623395, 518, 0, 0
53601, 78, 285, 527, 0, 0, 19.35%, 0, 32, 17, 156.92, 6624200, 518, 0, 0
53606, 78, 346, 527, 0, 0, 19.35%, 0, 32, 17, 144.94, 6624918, 518, 0, 0
53611, 78, 25, 527, 0, 0, 19.35%, 0, 32, 17, 157.73, 6625742, 518, 0, 0
53616, 78, 395, 527, 0, 0, 19.35%, 0, 32, 17, 134.18, 6626438, 518, 0, 0
53621, 78, 28, 527, 0, 0, 19.35%, 0, 32, 17, 139.68, 6627113, 518, 0, 0
53626, 78, 495, 527, 0, 0, 19.35%, 0, 32, 17, 98.27, 6627695, 518, 0, 0
53631, 78, 131, 527, 0, 0, 19.35%, 0, 32, 17, 138.24, 6628434, 518, 0, 0
53637, 78, 387, 527, 0, 0, 19.35%, 0, 32, 17, 139.04, 6629142, 518, 0, 0
53642, 78, 285, 527, 0, 0, 19.35%, 0, 32, 17, 148.14, 6629914, 518, 0, 0
53647, 78, 495, 527, 0, 0, 19.35%, 0, 32, 17, 135.03, 6630624, 518, 0, 0
53652, 78, 204, 527, 0, 0, 19.35%, 0, 32, 17, 140.15, 6631292, 518, 0, 0
53657, 78, 22, 527, 0, 0, 19.35%, 0, 32, 17, 156.05, 6632129, 518, 0, 0
53662, 78, 392, 527, 0, 0, 19.35%, 0, 32, 17, 153.56, 6632934, 518, 0, 0
53667, 78, 392, 527, 0, 0, 19.35%, 0, 32, 17, 151.39, 6633701, 518, 0, 0
53672, 78, 392, 527, 0, 0, 19.35%, 0, 32, 17, 148.34, 6634455, 518, 0, 0
53677, 78, 398, 527, 0, 0, 19.35%, 0, 32, 17, 145.59, 6635185, 518, 0, 0
53682, 79, 50, 527, 0, 0, 19.35%, 0, 32, 17, 146.73, 6635942, 518, 0, 0
53687, 79, 441, 527, 0, 0, 19.35%, 0, 32, 17, 155.05, 6636737, 518, 0, 0
53693, 79, 195, 527, 0, 0, 19.35%, 0, 32, 17, 158.46, 6637553, 518, 0, 0
53698, 79, 134, 527, 0, 0, 19.35%, 0, 32, 17, 149.70, 6638334, 518, 0, 0
53703, 79, 495, 527, 0, 0, 19.35%, 0, 32, 17, 99.63, 6638794, 518, 0, 0
53708, 79, 519, 527, 0, 0, 19.35%, 0, 32, 17, 125.40, 6639501, 518, 0, 0
53713, 79, 351, 527, 0, 0, 19.35%, 0, 32, 17, 137.02, 6640171, 518, 0, 0
53718, 79, 444, 527, 0, 0, 19.35%, 0, 32, 17, 141.11, 6640902, 518, 0, 0
53723, 79, 49, 527, 0, 0, 19.35%, 0, 32, 17, 147.23, 6641654, 518, 0, 0
53729, 79, 422, 527, 0, 0, 19.35%, 0, 32, 17, 137.50, 6642374, 518, 0, 0
53734, 79, 476, 527, 0, 0, 19.35%, 0, 32, 17, 147.16, 6643148, 518, 0, 0
53739, 79, 495, 527, 0, 0, 19.35%, 0, 32, 17, 129.57, 6643813, 518, 0, 0
53744, 79, 328, 527, 0, 0, 19.35%, 0, 32, 17, 146.70, 6644559, 518, 0, 0
53749, 79, 81, 527, 0, 0, 19.35%, 0, 32, 17, 138.16, 6645263, 518, 0, 0
53754, 79, 478, 527, 0, 0, 19.35%, 0, 32, 17, 127.08, 6645925, 518, 0, 0
53759, 79, 80, 527, 0, 0, 19.35%, 0, 32, 17, 146.20, 6646669, 518, 0, 0
53764, 79, 392, 527, 0, 0, 19.35%, 0, 32, 17, 153.47, 6647456, 518, 0, 0
53770, 79, 441, 527, 0, 0, 19.35%, 0, 32, 17, 156.20, 6648277, 518, 0, 0
53775, 79, 239, 527, 0, 0, 19.35%, 0, 32, 17, 156.83, 6649101, 518, 0, 0
53780, 79, 429, 527, 0, 0, 19.35%, 0, 32, 17, 154.18, 6649869, 518, 0, 0
53785, 79, 352, 527, 0, 0, 19.35%, 0, 32, 17, 157.71, 6650670, 518, 0, 0
53790, 79, 509, 527, 0, 0, 19.35%, 0, 32, 17, 153.28, 6651447, 518, 0, 0
53795, 79, 196, 527, 0, 0, 19.35%, 0, 32, 17, 147.44, 6652178, 518, 0, 0
53800, 79, 429, 527, 0, 0, 19.35%, 0, 32, 17, 150.83, 6652978, 518, 0, 0
53806, 79, 337, 527, 0, 0, 19.35%, 0, 32, 17, 159.04, 6653802, 518, 0, 0
53811, 79, 377, 527, 0, 0, 19.35%, 0, 32, 17, 145.53, 6654531, 518, 0, 0
53816, 79, 158, 527, 0, 0, 19.35%, 0, 32, 17, 146.53, 6655254, 518, 0, 0
53821, 79, 525, 527, 0, 0, 19.35%, 0, 32, 17, 148.85, 6656007, 518, 0, 0
53826, 79, 36, 527, 0, 0, 19.35%, 0, 32, 17, 155.91, 6656811, 518, 0, 0
53831, 79, 517, 527, 0, 0, 19.35%, 0, 32, 17, 145.41, 6657529, 518, 0, 0
53836, 79, 468, 527, 0, 0, 19.35%, 0, 32, 17, 147.33, 6658279, 518, 0, 0
53841, 79, 480, 527, 0, 0, 19.35%, 0, 32, 17, 149.84, 6659057, 518, 0, 0
53847, 79, 46, 527, 0, 0, 19.35%, 0, 32, 17, 154.97, 6659851, 518, 0, 0
53852, 79, 204, 527, 0, 0, 19.35%, 0, 32, 17, 149.76, 6660602, 518, 0, 0
53857, 79, 367, 527, 0, 0, 19.35%, 0, 32, 17, 150.52, 6661387, 518, 0, 0
53862, 79, 524, 527, 0, 0, 19.35%, 0, 32, 17, 135.55, 6662040, 518, 0, 0
53867, 79, 468, 527, 0, 0, 19.35%, 0, 32, 17, 139.46, 6662732, 518, 0, 0
53872, 79, 495, 527, 0, 0, 19.35%, 0, 32, 17, 125.52, 6663386, 518, 0, 0
53877, 79, 495, 527, 0, 0, 19.35%, 0, 32, 17, 93.56, 6663825, 518, 0, 0
53882, 79, 480, 527, 0, 0, 19.35%, 0, 32, 17, 118.07, 6664410, 518, 0, 0
53887, 79, 395, 527, 0, 0, 19.35%, 0, 32, 17, 124.93, 6665090, 518, 0, 0
53892, 79, 392, 527, 0, 0, 19.35%, 0, 32, 17, 139.86, 6665844, 518, 0, 0
53898, 79, 428, 527, 0, 0, 19.35%, 0, 32, 17, 131.94, 6666540, 518, 0, 0
53903, 79, 468, 527, 0, 0, 19.35%, 0, 32, 17, 144.68, 6667293, 518, 0, 0
53908, 79, 422, 527, 0, 0, 19.35%, 0, 32, 17, 149.79, 6668070, 518, 0, 0
53913, 79, 91, 527, 0, 0, 19.35%, 0, 32, 17, 141.57, 6668778, 518, 0, 0
53918, 79, 191, 527, 0, 0, 19.35%, 0, 32, 17, 149.52, 6669546, 518, 0, 0
53923, 79, 478, 527, 0, 0, 19.35%, 0, 32, 17, 133.09, 6670224, 518, 0, 0
53929, 79, 52, 527, 0, 0, 19.35%, 0, 32, 17, 138.51, 6670907, 518, 0, 0
53934, 79, 376, 527, 0, 0, 19.35%, 0, 32, 17, 143.06, 6671663, 518, 0, 0
53939, 79, 491, 527, 0, 0, 19.35%, 0, 32, 17, 142.83, 6672397, 518, 0, 0
53944, 79, 343, 527, 0, 0, 19.35%, 0, 32, 17, 151.09, 6673175, 518, 0, 0
53949, 79, 472, 527, 0, 0, 19.35%, 0, 32, 17, 97.18, 6673660, 518, 0, 0
53954, 79, 490, 527, 0, 0, 19.35%, 0, 32, 17, 120.52, 6674287, 518, 0, 0
53959, 79, 160, 527, 0, 0, 19.35%, 0, 32, 17, 148.92, 6675090, 518, 0, 0
53964, 79, 497, 527, 0, 0, 19.35%, 0, 32, 17, 113.68, 6675679, 518, 0, 0
53969, 79, 486, 527, 0, 0, 19.35%, 0, 32, 17, 121.95, 6676271, 518, 0, 0
53974, 79, 467, 527, 0, 0, 19.35%, 0, 32, 17, 110.47, 6676885, 518, 0, 0
53980, 79, 367, 527, 0, 0, 19.35%, 0, 32, 17, 110.57, 6677364, 518, 0, 0
53985, 79, 29, 527, 0, 0, 19.35%, 0, 32, 17, 140.84, 6678062, 518, 0, 0
53990, 79, 429, 527, 0, 0, 19.35%, 0, 32, 17, 149.01, 6678804, 518, 0, 0
53995, 79, 65, 527, 0, 0, 19.35%, 0, 32, 17, 154.29, 6679592, 518, 0, 0
54000, 79, 261, 527, 0, 0, 19.35%, 0, 32, 17, 159.90, 6680422, 518, 0, 0
54005, 79, 429, 527, 0, 0, 19.35%, 0, 32, 17, 149.86, 6681181, 518, 0, 0
54010, 79, 77, 527, 0, 0, 19.35%, 0, 32, 17, 157.22, 6681995, 518, 0, 0
54015, 79, 485, 527, 0, 0, 19.35%, 0, 32, 17, 147.37, 6682728, 518, 0, 0
54020, 79, 422, 527, 0, 0, 19.35%, 0, 32, 17, 151.62, 6683502, 518, 0, 0
54025, 79, 368, 527, 0, 0, 19.35%, 0, 32, 17, 152.75, 6684280, 518, 0, 0
54030, 79, 401, 527, 0, 0, 19.35%, 0, 32, 17, 141.07, 6685012, 518, 0, 0
54036, 79, 199, 527, 0, 0, 19.35%, 0, 32, 17, 151.95, 6685767, 518, 0, 0
54041, 79, 429, 527, 0, 0, 19.35%, 0, 32, 17, 76.72, 6686027, 518, 0, 0
54046, 79, 31, 527, 0, 0, 19.35%, 0, 32, 17, 4.10, 6686772, 518, 0, 0
54051, 79, 185, 527, 0, 0, 19.35%, 0, 32, 17, 133.49, 6687495, 518, 0, 0
54056, 79, 495, 527, 0, 0, 19.35%, 0, 32, 17, 108.58, 6688057, 518, 0, 0
54061, 79, 466, 527, 0, 0, 19.35%, 0, 32, 17, 138.09, 6688775, 518, 0, 0
54067, 79, 153, 527, 0, 0, 19.35%, 0, 32, 17, 157.91, 6689604, 518, 0, 0
54072, 79, 523, 527, 0, 0, 19.35%, 0, 32, 17, 112.44, 6690175, 518, 0, 0
54077, 79, 523, 527, 0, 0, 19.35%, 0, 32, 17, 85.54, 6690572, 518, 0, 0
54082, 79, 523, 527, 0, 0, 19.35%, 0, 32, 17, 81.23, 6690983, 518, 0, 0
54087, 79, 384, 527, 0, 0, 19.35%, 0, 32, 17, 125.05, 6691621, 518, 0, 0
54092, 79, 134, 527, 0, 0, 19.35%, 0, 32, 17, 150.55, 6692428, 518, 0, 0
54097, 79, 156, 527, 0, 0, 19.35%, 0, 32, 17, 139.02, 6693116, 518, 0, 0
54102, 79, 468, 527, 0, 0, 19.35%, 0, 32, 17, 145.06, 6693890, 518, 0, 0
54107, 79, 29, 527, 0, 0, 19.35%, 0, 32, 17, 150.34, 6694645, 518, 0, 0
54112, 79, 495, 527, 0, 0, 19.35%, 0, 32, 17, 136.36, 6695342, 518, 0, 0
54117, 79, 50, 527, 0, 0, 19.35%, 0, 32, 17, 104.98, 6695796, 518, 0, 0
54123, 79, 495, 527, 0, 0, 19.35%, 0, 32, 17, 110.76, 6696423, 518, 0, 0
54128, 79, 343, 527, 0, 0, 19.35%, 0, 32, 17, 130.91, 6697031, 518, 0, 0
54133, 79, 485, 527, 0, 0, 19.35%, 0, 32, 17, 136.21, 6697747, 518, 0, 0
54138, 79, 495, 527, 0, 0, 19.35%, 0, 32, 17, 116.06, 6698368, 518, 0, 0
54143, 79, 44, 527, 0, 0, 19.35%, 0, 32, 17, 142.76, 6699135, 518, 0, 0
54148, 79, 427, 527, 0, 0, 19.35%, 0, 32, 17, 144.15, 6699873, 518, 0, 0
54153, 79, 277, 527, 0, 0, 19.35%, 0, 32, 17, 156.68, 6700701, 518, 0, 0
54159, 79, 497, 527, 0, 0, 19.35%, 0, 32, 17, 149.94, 6701451, 518, 0, 0
54164, 79, 114, 527, 0, 0, 19.35%, 0, 32, 17, 110.02, 6701921, 518, 0, 0
54169, 79, 441, 527, 0, 0, 19.35%, 0, 32, 17, 147.48, 6702726, 518, 0, 0
54174, 79, 472, 527, 0, 0, 19.35%, 0, 32, 17, 105.02, 6703299, 518, 0, 0
54179, 79, 163, 527, 0, 0, 19.35%, 0, 32, 17, 126.42, 6703887, 518, 0, 0
54184, 79, 238, 527, 0, 0, 19.35%, 0, 32, 17, 143.81, 6704635, 518, 0, 0
54190, 79, 14, 527, 0, 0, 19.35%, 0, 32, 17, 149.54, 6705398, 518, 0, 0
54195, 79, 182, 527, 0, 0, 19.35%, 0, 32, 17, 101.72, 6705853, 518, 0, 0
54200, 79, 49, 527, 0, 0, 19.35%, 0, 32, 17, 136.38, 6706592, 518, 0, 0
54205, 79, 429, 527, 0, 0, 19.35%, 0, 32, 17, 146.57, 6707351, 518, 0, 0
54210, 79, 40, 527, 0, 0, 19.35%, 0, 32, 17, 148.15, 6708068, 518, 0, 0
54215, 79, 80, 527, 0, 0, 19.35%, 0, 32, 17, 152.77, 6708826, 518, 0, 0
54220, 79, 495, 527, 0, 0, 19.35%, 0, 32, 17, 116.05, 6709387, 518, 0, 0
54225, 79, 466, 527, 0, 0, 19.35%, 0, 32, 17, 151.93, 6710217, 518, 0, 0
54230, 79, 188, 527, 0, 0, 19.35%, 0, 32, 17, 152.09, 6710960, 518, 0, 0
54235, 79, 392, 527, 0, 0, 19.35%, 0, 32, 17, 150.28, 6711744, 518, 0, 0
54240, 79, 392, 527, 0, 0, 19.35%, 0, 32, 17, 146.91, 6712490, 518, 0, 0
54246, 79, 468, 527, 0, 0, 19.35%, 0, 32, 17, 148.53, 6713256, 518, 0, 0
54251, 79, 510, 527, 0, 0, 19.35%, 0, 32, 17, 151.81, 6714013, 518, 0, 0
54256, 79, 233, 527, 0, 0, 19.35%, 0, 32, 17, 145.24, 6714780, 518, 0, 0
54261, 80, 97, 527, 0, 0, 19.35%, 0, 32, 17, 150.41, 6715558, 518, 0, 0
54266, 80, 25, 527, 0, 0, 19.35%, 0, 32, 17, 151.00, 6716338, 518, 0, 0
54271, 80, 468, 527, 0, 0, 19.35%, 0, 32, 17, 146.08, 6717103, 518, 0, 0
54277, 80, 486, 527, 0, 0, 19.35%, 0, 32, 17, 150.54, 6717874, 518, 0, 0
54282, 80, 495, 527, 0, 0, 19.35%, 0, 32, 17, 128.50, 6718568, 518, 0, 0
54287, 80, 295, 527, 0, 0, 19.35%, 0, 32, 17, 117.25, 6719093, 518, 0, 0
54292, 80, 188, 527, 0, 0, 19.35%, 0, 32, 17, 149.87, 6719884, 518, 0, 0
54297, 80, 495, 527, 0, 0, 19.35%, 0, 32, 17, 138.00, 6720587, 518, 0, 0
54302, 80, 276, 527, 0, 0, 19.35%, 0, 32, 17, 117.92, 6721144, 518, 0, 0
54307, 80, 421, 527, 0, 0, 19.35%, 0, 32, 17, 135.47, 6721879, 518, 0, 0
54312, 80, 519, 527, 0, 0, 19.35%, 0, 32, 17, 136.44, 6722595, 518, 0, 0
54317, 80, 197, 527, 0, 0, 19.35%, 0, 32, 17, 132.61, 6723234, 518, 0, 0
54322, 80, 429, 527, 0, 0, 19.35%, 0, 32, 17, 143.26, 6724001, 518, 0, 0
54327, 80, 495, 527, 0, 0, 19.35%, 0, 32, 17, 124.02, 6724653, 518, 0, 0
54332, 80, 47, 527, 0, 0, 19.35%, 0, 32, 17, 134.15, 6725290, 518, 0, 0
54338, 80, 69, 527, 0, 0, 19.35%, 0, 32, 17, 141.21, 6726017, 518, 0, 0
54343, 80, 202, 527, 0, 0, 19.35%, 0, 32, 17, 152.45, 6726821, 518, 0, 0
54348, 80, 429, 527, 0, 0, 19.35%, 0, 32, 17, 154.64, 6727632, 518, 0, 0
54353, 80, 429, 527, 0, 0, 19.35%, 0, 32, 17, 156.41, 6728437, 518, 0, 0
54358, 80, 67, 527, 0, 0, 19.35%, 0, 32, 17, 142.31, 6729144, 518, 0, 0
54363, 80, 468, 527, 0, 0, 19.35%, 0, 32, 17, 150.53, 6729953, 518, 0, 0
54369, 80, 495, 527, 0, 0, 19.35%, 0, 32, 17, 148.10, 6730700, 518, 0, 0
54374, 80, 28, 527, 0, 0, 19.35%, 0, 32, 17, 134.10, 6731302, 518, 0, 0
54379, 80, 200, 527, 0, 0, 19.35%, 0, 32, 17, 149.57, 6732091, 518, 0, 0
54384, 80, 158, 527, 0, 0, 19.35%, 0, 32, 17, 143.59, 6732795, 518, 0, 0
54389, 80, 429, 527, 0, 0, 19.35%, 0, 32, 17, 136.60, 6733467, 518, 0, 0
54394, 80, 526, 527, 0, 0, 19.35%, 0, 32, 17, 138.64, 6734207, 518, 0, 0
54399, 80, 526, 527, 0, 0, 19.35%, 0, 32, 17, 134.12, 6734879, 518, 0, 0
54404, 80, 499, 527, 0, 0, 19.35%, 0, 32, 17, 145.70, 6735639, 518, 0, 0
54409, 80, 209, 527, 0, 0, 19.35%, 0, 32, 17, 123.24, 6736178, 518, 0, 0
54415, 80, 422, 527, 0, 0, 19.35%, 0, 32, 17, 142.86, 6736947, 518, 0, 0
54420, 80, 495, 527, 0, 0, 19.35%, 0, 32, 17, 130.18, 6737610, 518, 0, 0
54425, 80, 69, 527, 0, 0, 19.35%, 0, 32, 17, 126.83, 6738189, 518, 0, 0
54430, 80, 443, 527, 0, 0, 19.35%, 0, 32, 17, 143.51, 6738960, 518, 0, 0
54435, 80, 392, 527, 0, 0, 19.35%, 0, 32, 17, 145.29, 6739718, 518, 0, 0
54440, 80, 468, 527, 0, 0, 19.35%, 0, 32, 17, 119.05, 6740434, 518, 0, 0
54445, 80, 72, 527, 0, 0, 19.35%, 0, 32, 17, 147.83, 6741211, 518, 0, 0
54450, 80, 420, 527, 0, 0, 19.35%, 0, 32, 17, 150.23, 6741983, 518, 0, 0
54455, 80, 495, 527, 0, 0, 19.35%, 0, 32, 17, 130.67, 6742657, 518, 0, 0
54461, 80, 480, 527, 0, 0, 19.35%, 0, 32, 17, 141.51, 6743378, 518, 0, 0
54466, 80, 297, 527, 0, 0, 19.35%, 0, 32, 17, 142.43, 6744129, 518, 0, 0
54471, 80, 216, 527, 0, 0, 19.35%, 0, 32, 17, 143.03, 6744863, 518, 0, 0
54476, 80, 495, 527, 0, 0, 19.35%, 0, 32, 17, 124.32, 6745516, 518, 0, 0
54481, 80, 480, 527, 0, 0, 19.35%, 0, 32, 17, 143.51, 6746272, 518, 0, 0
54486, 80, 224, 527, 0, 0, 19.35%, 0, 32, 17, 153.17, 6747066, 518, 0, 0
54492, 80, 149, 527, 0, 0, 19.35%, 0, 32, 17, 149.27, 6747833, 518, 0, 0
54497, 80, 429, 527, 0, 0, 19.35%, 0, 32, 17, 146.23, 6748599, 518, 0, 0
54502, 80, 392, 527, 0, 0, 19.35%, 0, 32, 17, 149.80, 6749379, 518, 0, 0
54507, 80, 158, 527, 0, 0, 19.35%, 0, 32, 17, 152.83, 6750142, 518, 0, 0
54512, 80, 495, 527, 0, 0, 19.35%, 0, 32, 17, 139.80, 6750853, 518, 0, 0
54517, 80, 337, 527, 0, 0, 19.35%, 0, 32, 17, 131.90, 6751461, 518, 0, 0
54522, 80, 80, 527, 0, 0, 19.35%, 0, 32, 17, 147.87, 6752260, 518, 0, 0
54527, 80, 49, 527, 0, 0, 19.35%, 0, 32, 17, 154.17, 6753058, 518, 0, 0
54532, 80, 31, 527, 0, 0, 19.35%, 0, 32, 17, 160.47, 6753891, 518, 0, 0
54538, 80, 199, 527, 0, 0, 19.35%, 0, 32, 17, 153.27, 6754681, 518, 0, 0
54543, 80, 115, 527, 0, 0, 19.35%, 0, 32, 17, 153.43, 6755489, 518, 0, 0
54548, 80, 64, 527, 0, 0, 19.35%, 0, 32, 17, 146.93, 6756220, 518, 0, 0
54553, 80, 48, 527, 0, 0, 19.35%, 0, 32, 17, 156.50, 6757038, 518, 0, 0
54558, 80, 491, 527, 0, 0, 19.35%, 0, 32, 17, 153.52, 6757821, 518, 0, 0
54563, 80, 392, 527, 0, 0, 19.35%, 0, 32, 17, 152.58, 6758603, 518, 0, 0
54568, 80, 115, 527, 0, 0, 19.35%, 0, 32, 17, 157.07, 6759405, 518, 0, 0
54574, 80, 159, 527, 0, 0, 19.35%, 0, 32, 17, 154.32, 6760203, 518, 0, 0
54579, 80, 468, 527, 0, 0, 19.35%, 0, 32, 17, 148.26, 6760950, 518, 0, 0
54584, 80, 495, 527, 0, 0, 19.35%, 0, 32, 17, 133.23, 6761675, 518, 0, 0
54589, 80, 36, 527, 0, 0, 19.35%, 0, 32, 17, 131.17, 6762259, 518, 0, 0
54594, 80, 495, 527, 0, 0, 19.35%, 0, 32, 17, 100.67, 6762751, 518, 0, 0
54599, 80, 486, 527, 0, 0, 19.35%, 0, 32, 17, 133.53, 6763445, 518, 0, 0
54604, 80, 468, 527, 0, 0, 19.35%, 0, 32, 17, 140.96, 6764183, 518, 0, 0
54609, 80, 486, 527, 0, 0, 19.35%, 0, 32, 17, 154.70, 6764989, 518, 0, 0
54614, 80, 40, 527, 0, 0, 19.35%, 0, 32, 17, 157.45, 6765805, 518, 0, 0
54619, 80, 368, 527, 0, 0, 19.35%, 0, 32, 17, 148.61, 6766540, 518, 0, 0
54625, 80, 429, 527, 0, 0, 19.35%, 0, 32, 17, 151.11, 6767340, 518, 0, 0
54630, 80, 47, 527, 0, 0, 19.35%, 0, 32, 17, 149.47, 6768087, 518, 0, 0
54635, 80, 337, 527, 0, 0, 19.35%, 0, 32, 17, 155.30, 6768882, 518, 0, 0
54640, 80, 480, 527, 0, 0, 19.35%, 0, 32, 17, 157.28, 6769678, 518, 0, 0
54645, 80, 422, 527, 0, 0, 19.35%, 0, 32, 17, 148.29, 6770409, 518, 0, 0
54650, 80, 392, 527, 0, 0, 19.35%, 0, 32, 17, 149.07, 6771171, 518, 0, 0
54655, 80, 114, 527, 0, 0, 19.35%, 0, 32, 17, 152.84, 6771962, 518, 0, 0
54660, 80, 422, 527, 0, 0, 19.35%, 0, 32, 17, 151.76, 6772741, 518, 0, 0
54665, 80, 415, 527, 0, 0, 19.35%, 0, 32, 17, 132.75, 6773409, 518, 0, 0
54671, 80, 520, 527, 0, 0, 19.35%, 0, 32, 17, 139.55, 6774103, 518, 0, 0
54676, 80, 441, 527, 0, 0, 19.35%, 0, 32, 17, 151.76, 6774896, 518, 0, 0
54681, 80, 114, 527, 0, 0, 19.35%, 0, 32, 17, 149.04, 6775640, 518, 0, 0
54686, 80, 394, 527, 0, 0, 19.35%, 0, 32, 17, 151.72, 6776404, 518, 0, 0
54691, 80, 441, 527, 0, 0, 19.35%, 0, 32, 17, 155.77, 6777208, 518, 0, 0
54696, 80, 159, 527, 0, 0, 19.35%, 0, 32, 17, 154.69, 6778011, 518, 0, 0
54701, 80, 488, 527, 0, 0, 19.35%, 0, 32, 17, 153.12, 6778769, 518, 0, 0
54706, 80, 92, 527, 0, 0, 19.35%, 0, 32, 17, 153.65, 6779568, 518, 0, 0
54711, 80, 513, 527, 0, 0, 19.35%, 0, 32, 17, 154.40, 6780335, 518, 0, 0
54717, 80, 491, 527, 0, 0, 19.35%, 0, 32, 17, 137.57, 6780988, 518, 0, 0
54722, 80, 159, 527, 0, 0, 19.35%, 0, 32, 17, 152.04, 6781777, 518, 0, 0
54727, 80, 432, 527, 0, 0, 19.35%, 0, 32, 17, 154.25, 6782545, 518, 0, 0
54732, 80, 415, 527, 0, 0, 19.35%, 0, 32, 17, 133.07, 6783228, 518, 0, 0
54737, 80, 194, 527, 0, 0, 19.35%, 0, 32, 17, 148.81, 6783980, 518, 0, 0
54742, 80, 473, 527, 0, 0, 19.35%, 0, 32, 17, 132.82, 6784695, 518, 0, 0
54747, 80, 400, 527, 0, 0, 19.35%, 0, 32, 17, 104.28, 6785129, 518, 0, 0
54752, 80, 496, 527, 0, 0, 19.35%, 0, 32, 17, 112.84, 6785743, 518, 0, 0
54757, 80, 499, 527, 0, 0, 19.35%, 0, 32, 17, 115.45, 6786284, 518, 0, 0
54762, 80, 510, 527, 0, 0, 19.35%, 0, 32, 17, 96.78, 6786744, 518, 0, 0
54767, 80, 368, 527, 0, 0, 19.35%, 0, 32, 17, 122.00, 6787398, 518, 0, 0
54773, 80, 27, 527, 0, 0, 19.35%, 0, 32, 17, 154.66, 6788231, 518, 0, 0
54778, 80, 193, 527, 0, 0, 19.35%, 0, 32, 17, 142.09, 6788905, 518, 0, 0
54783, 80, 48, 527, 0, 0, 19.35%, 0, 32, 17, 151.12, 6789704, 518, 0, 0
54788, 80, 478, 527, 0, 0, 19.35%, 0, 32, 17, 151.29, 6790503, 518, 0, 0
54793, 80, 523, 527, 0, 0, 19.35%, 0, 32, 17, 114.13, 6791064, 518, 0, 0
54798, 80, 523, 527, 0, 0, 19.35%, 0, 32, 17, 91.01, 6791521, 518, 0, 0
54803, 80, 48, 527, 0, 0, 19.35%, 0, 32, 17, 112.89, 6792088, 518, 0, 0
54808, 80, 24, 527, 0, 0, 19.35%, 0, 32, 17, 155.01, 6792800, 518, 0, 0
54813, 80, 134, 527, 0, 0, 19.35%, 0, 32, 17, 147.60, 6793551, 518, 0, 0
54819, 80, 523, 527, 0, 0, 19.35%, 0, 32, 17, 98.27, 6794003, 518, 0, 0
54824, 80, 523, 527, 0, 0, 19.35%, 0, 32, 17, 84.90, 6794421, 518, 0, 0
54829, 80, 523, 527, 0, 0, 19.35%, 0, 32, 17, 80.80, 6794830, 518, 0, 0
54834, 80, 392, 527, 0, 0, 19.35%, 0, 32, 17, 133.73, 6795587, 518, 0, 0
54839, 81, 115, 527, 0, 0, 19.35%, 0, 32, 17, 148.08, 6796331, 518, 0, 0
54844, 81, 406, 527, 0, 0, 19.35%, 0, 32, 17, 130.87, 6796987, 518, 0, 0
54849, 81, 479, 527, 0, 0, 19.35%, 0, 32, 17, 146.67, 6797779, 518, 0, 0
54854, 81, 495, 527, 0, 0, 19.35%, 0, 32, 17, 127.20, 6798442, 518, 0, 0
54859, 81, 181, 527, 0, 0, 19.35%, 0, 32, 17, 135.16, 6799136, 518, 0, 0
54864, 81, 496, 527, 0, 0, 19.35%, 0, 32, 17, 101.04, 6799621, 518, 0, 0
54870, 81, 371, 527, 0, 0, 19.35%, 0, 32, 17, 141.73, 6800385, 518, 0, 0
54875, 81, 362, 527, 0, 0, 19.35%, 0, 32, 17, 144.86, 6801127, 518, 0, 0
54880, 81, 524, 527, 0, 0, 19.35%, 0, 32, 17, 151.53, 6801910, 518, 0, 0
54885, 81, 524, 528, 1, 0, 19.35%, 0, 32, 17, 151.86, 6802676, 518, 0, 0
54890, 81, 527, 528, 1, 0, 19.35%, 0, 32, 17, 130.71, 6803357, 518, 0, 0
54895, 81, 527, 528, 1, 0, 19.35%, 0, 32, 17, 118.88, 6803959, 518, 0, 0
54901, 81, 527, 528, 1, 0, 19.35%, 0, 32, 17, 115.80, 6804584, 518, 0, 0
54906, 81, 527, 529, 2, 0, 19.35%, 0, 32, 17, 116.29, 6805185, 518, 0, 0
54911, 81, 527, 529, 2, 0, 19.35%, 0, 32, 17, 116.31, 6805785, 518, 0, 0
54916, 81, 429, 529, 1, 0, 19.35%, 0, 32, 17, 124.61, 6806420, 518, 0, 0
54921, 81, 480, 529, 1, 0, 19.35%, 0, 32, 17, 144.29, 6807184, 518, 0, 0
54926, 81, 479, 529, 1, 0, 19.35%, 0, 32, 17, 150.05, 6807959, 518, 0, 0
54931, 81, 466, 529, 1, 0, 19.35%, 0, 32, 17, 128.22, 6808609, 518, 0, 0
54937, 81, 468, 529, 1, 0, 19.35%, 0, 32, 17, 151.26, 6809437, 518, 0, 0
54942, 81, 72, 529, 1, 0, 19.35%, 0, 32, 17, 159.31, 6810262, 518, 0, 0
54947, 81, 107, 529, 1, 0, 19.35%, 0, 32, 17, 148.28, 6811044, 518, 0, 0
54952, 81, 67, 529, 1, 0, 19.35%, 0, 32, 17, 141.66, 6811768, 518, 0, 0
54957, 81, 392, 529, 1, 0, 19.35%, 0, 32, 17, 149.31, 6812535, 518, 0, 0
54962, 81, 441, 529, 1, 0, 19.35%, 0, 32, 17, 135.83, 6813251, 518, 0, 0
54968, 81, 429, 529, 1, 0, 19.35%, 0, 32, 17, 151.86, 6814080, 518, 0, 0
54973, 81, 360, 529, 1, 0, 19.35%, 0, 32, 17, 149.07, 6814794, 518, 0, 0
54978, 81, 153, 529, 1, 0, 19.35%, 0, 32, 17, 157.11, 6815558, 518, 0, 0
54983, 81, 238, 529, 1, 0, 19.35%, 0, 32, 17, 151.23, 6816290, 518, 0, 0
54988, 81, 384, 529, 1, 0, 19.35%, 0, 32, 17, 147.48, 6817040, 518, 0, 0
54993, 81, 468, 529, 1, 0, 19.35%, 0, 32, 17, 144.70, 6817764, 518, 0, 0
54998, 81, 468, 529, 1, 0, 19.35%, 0, 32, 17, 152.30, 6818576, 518, 0, 0
55003, 81, 466, 529, 1, 0, 19.35%, 0, 32, 17, 150.65, 6819348, 518, 0, 0
55008, 81, 285, 529, 1, 0, 19.35%, 0, 32, 17, 127.56, 6819980, 518, 0, 0
55014, 81, 498, 529, 1, 0, 19.35%, 0, 32, 17, 141.91, 6820754, 518, 0, 0
55019, 81, 488, 529, 1, 0, 19.35%, 0, 32, 17, 152.23, 6821541, 518, 0, 0
55024, 81, 199, 529, 1, 0, 19.35%, 0, 32, 17, 149.21, 6822293, 518, 0, 0
55029, 81, 50, 529, 1, 0, 19.35%, 0, 32, 17, 159.30, 6823125, 518, 0, 0
55034, 81, 48, 529, 1, 0, 19.35%, 0, 32, 17, 146.72, 6823854, 518, 0, 0
55039, 81, 115, 529, 1, 0, 19.35%, 0, 32, 17, 151.56, 6824617, 518, 0, 0
55044, 81, 202, 529, 1, 0, 19.35%, 0, 32, 17, 142.81, 6825315, 518, 0, 0
55049, 81, 239, 529, 1, 0, 19.35%, 0, 32, 17, 153.16, 6826116, 518, 0, 0
55054, 81, 181, 529, 1, 0, 19.35%, 0, 32, 17, 151.48, 6826905, 518, 0, 0
55060, 81, 135, 529, 1, 0, 19.35%, 0, 32, 17, 152.14, 6827693, 518, 0, 0
55065, 81, 227, 529, 1, 0, 19.35%, 0, 32, 17, 153.33, 6828501, 518, 0, 0
55070, 81, 72, 529, 1, 0, 19.35%, 0, 32, 17, 153.59, 6829247, 518, 0, 0
55075, 81, 495, 529, 1, 0, 19.35%, 0, 32, 17, 104.15, 6829738, 518, 0, 0
55080, 81, 386, 529, 1, 0, 19.35%, 0, 32, 17, 142.01, 6830513, 518, 0, 0
55085, 81, 392, 529, 1, 0, 19.35%, 0, 32, 17, 129.67, 6831175, 518, 0, 0
55090, 81, 392, 529, 1, 0, 19.35%, 0, 32, 17, 143.49, 6831935, 518, 0, 0
55095, 81, 429, 529, 1, 0, 19.35%, 0, 32, 17, 143.02, 6832655, 518, 0, 0
55100, 81, 509, 529, 1, 0, 19.35%, 0, 32, 17, 134.36, 6833367, 518, 0, 0
55106, 81, 528, 529, 1, 0, 19.35%, 0, 32, 17, 135.88, 6834081, 518, 0, 0
55111, 81, 528, 529, 1, 0, 19.35%, 0, 32, 17, 119.92, 6834679, 518, 0, 0
55117, 81, 528, 529, 1, 0, 19.35%, 0, 32, 17, 117.32, 6835436, 518, 0, 0
55122, 81, 528, 529, 1, 0, 19.35%, 0, 32, 17, 118.38, 6836040, 518, 0, 0
55127, 81, 528, 529, 1, 0, 19.35%, 0, 32, 17, 118.32, 6836648, 518, 0, 0
55132, 81, 368, 529, 0, 0, 19.35%, 0, 32, 17, 120.51, 6837258, 518, 0, 0
55137, 81, 523, 529, 0, 0, 19.35%, 0, 32, 17, 115.93, 6837891, 518, 0, 0
55142, 81, 523, 529, 0, 0, 19.35%, 0, 32, 17, 93.96, 6838334, 518, 0, 0
55148, 81, 523, 529, 0, 0, 19.35%, 0, 32, 17, 90.76, 6838794, 518, 0, 0
55153, 81, 478, 529, 0, 0, 19.35%, 0, 32, 17, 120.40, 6839435, 518, 0, 0
55158, 81, 495, 529, 0, 0, 19.35%, 0, 32, 17, 132.95, 6840127, 518, 0, 0
55163, 81, 486, 529, 0, 0, 19.35%, 0, 32, 17, 110.45, 6840613, 518, 0, 0
55168, 81, 204, 529, 0, 0, 19.35%, 0, 32, 17, 145.23, 6841409, 518, 0, 0
55173, 81, 168, 529, 0, 0, 19.35%, 0, 32, 17, 155.13, 6842199, 518, 0, 0
55178, 81, 403, 529, 0, 0, 19.35%, 0, 32, 17, 148.46, 6842932, 518, 0, 0
55183, 81, 468, 529, 0, 0, 19.35%, 0, 32, 17, 157.24, 6843756, 518, 0, 0
55188, 81, 384, 529, 0, 0, 19.35%, 0, 32, 17, 145.69, 6844510, 518, 0, 0
55193, 81, 384, 529, 0, 0, 19.35%, 0, 32, 17, 139.74, 6845215, 518, 0, 0
55199, 81, 49, 529, 0, 0, 19.35%, 0, 32, 17, 141.53, 6845897, 518, 0, 0
55204, 81, 433, 529, 0, 0, 19.35%, 0, 32, 17, 148.40, 6846669, 518, 0, 0
55209, 81, 114, 529, 0, 0, 19.35%, 0, 32, 17, 141.65, 6847339, 518, 0, 0
55214, 81, 168, 529, 0, 0, 19.35%, 0, 32, 17, 152.51, 6848124, 518, 0, 0
55219, 81, 522, 529, 0, 0, 19.35%, 0, 32, 17, 96.30, 6848537, 518, 0, 0
55224, 81, 522, 529, 0, 0, 19.35%, 0, 32, 17, 84.07, 6848952, 518, 0, 0
55229, 81, 159, 529, 0, 0, 19.35%, 0, 32, 17, 87.63, 6849391, 518, 0, 0
55234, 81, 392, 529, 0, 0, 19.35%, 0, 32, 17, 137.23, 6850177, 518, 0, 0
55240, 81, 518, 529, 0, 0, 19.35%, 0, 32, 17, 146.33, 6850961, 518, 0, 0
55245, 81, 518, 529, 0, 0, 19.35%, 0, 32, 17, 130.91, 6851615, 518, 0, 0
55250, 81, 285, 529, 0, 0, 19.35%, 0, 32, 17, 144.83, 6852341, 518, 0, 0
55255, 81, 53, 529, 0, 0, 19.35%, 0, 32, 17, 142.21, 6853012, 518, 0, 0
55260, 81, 204, 529, 0, 0, 19.35%, 0, 32, 17, 140.94, 6853731, 518, 0, 0
55265, 81, 510, 529, 0, 0, 19.35%, 0, 32, 17, 137.18, 6854465, 518, 0, 0
55270, 81, 194, 529, 0, 0, 19.35%, 0, 32, 17, 137.24, 6855177, 518, 0, 0
55276, 81, 468, 529, 0, 0, 19.35%, 0, 32, 17, 146.64, 6855967, 518, 0, 0
55281, 81, 480, 529, 0, 0, 19.35%, 0, 32, 17, 144.60, 6856678, 518, 0, 0
55286, 81, 168, 529, 0, 0, 19.35%, 0, 32, 17, 155.38, 6857492, 518, 0, 0
55291, 81, 134, 529, 0, 0, 19.35%, 0, 32, 17, 159.19, 6858296, 518, 0, 0
55296, 81, 367, 529, 0, 0, 19.35%, 0, 32, 17, 153.51, 6859044, 518, 0, 0
55301, 81, 47, 529, 0, 0, 19.35%, 0, 32, 17, 154.28, 6859854, 518, 0, 0
55306, 81, 495, 529, 0, 0, 19.35%, 0, 32, 17, 116.88, 6860453, 518, 0, 0
55311, 81, 163, 529, 0, 0, 19.35%, 0, 32, 17, 138.01, 6861116, 518, 0, 0
55316, 81, 163, 529, 0, 0, 19.35%, 0, 32, 17, 146.59, 6861879, 518, 0, 0
55321, 81, 508, 529, 0, 0, 19.35%, 0, 32, 17, 113.02, 6862454, 518, 0, 0
55326, 81, 158, 529, 0, 0, 19.35%, 0, 32, 17, 150.08, 6863265, 518, 0, 0
55332, 81, 392, 529, 0, 0, 19.35%, 0, 32, 17, 157.01, 6864076, 518, 0, 0
55337, 81, 69, 529, 0, 0, 19.35%, 0, 32, 17, 140.57, 6864766, 518, 0, 0
55342, 81, 468, 529, 0, 0, 19.35%, 0, 32, 17, 148.73, 6865561, 518, 0, 0
55347, 81, 393, 529, 0, 0, 19.35%, 0, 32, 17, 150.32, 6866337, 518, 0, 0
55352, 81, 466, 529, 0, 0, 19.35%, 0, 32, 17, 153.55, 6867102, 518, 0, 0
55357, 81, 367, 529, 0, 0, 19.35%, 0, 32, 17, 133.62, 6867733, 518, 0, 0
55362, 81, 113, 529, 0, 0, 19.35%, 0, 32, 17, 152.10, 6868539, 518, 0, 0
55367, 81, 228, 529, 0, 0, 19.35%, 0, 32, 17, 158.06, 6869337, 518, 0, 0
55372, 81, 307, 529, 0, 0, 19.35%, 0, 32, 17, 155.21, 6870104, 518, 0, 0
55377, 81, 422, 529, 0, 0, 19.35%, 0, 32, 17, 149.22, 6870850, 518, 0, 0
55382, 81, 478, 529, 0, 0, 19.35%, 0, 32, 17, 127.74, 6871485, 518, 0, 0
55388, 81, 78, 529, 0, 0, 19.35%, 0, 32, 17, 149.64, 6872260, 518, 0, 0
55393, 81, 45, 529, 0, 0, 19.35%, 0, 32, 17, 153.88, 6873044, 518, 0, 0
55398, 81, 495, 529, 0, 0, 19.35%, 0, 32, 17, 111.11, 6873599, 518, 0, 0
55403, 81, 441, 529, 0, 0, 19.35%, 0, 32, 17, 125.17, 6874226, 518, 0, 0
55408, 81, 480, 529, 0, 0, 19.35%, 0, 32, 17, 142.28, 6874955, 518, 0, 0
55413, 81, 447, 529, 0, 0, 19.35%, 0, 32, 17, 152.28, 6875740, 518, 0, 0
55418, 81, 425, 529, 0, 0, 19.35%, 0, 32, 17, 152.50, 6876509, 518, 0, 0
55423, 81, 251, 529, 0, 0, 19.35%, 0, 32, 17, 149.74, 6877240, 518, 0, 0
55428, 81, 343, 529, 0, 0, 19.35%, 0, 32, 17, 140.47, 6877958, 518, 0, 0
55433, 81, 468, 529, 0, 0, 19.35%, 0, 32, 17, 155.73, 6878776, 518, 0, 0
55438, 81, 429, 529, 0, 0, 19.35%, 0, 32, 17, 148.85, 6879503, 518, 0, 0
55444, 81, 495, 529, 0, 0, 19.35%, 0, 32, 17, 126.94, 6880164, 518, 0, 0
55449, 82, 200, 529, 0, 0, 19.35%, 0, 32, 17, 148.23, 6880935, 518, 0, 0
55454, 82, 468, 529, 0, 0, 19.35%, 0, 32, 17, 155.65, 6881740, 518, 0, 0
55459, 82, 471, 529, 0, 0, 19.35%, 0, 32, 17, 79.71, 6882077, 518, 0, 0
55464, 82, 19, 529, 0, 0, 19.35%, 0, 32, 17, 130.53, 6882771, 518, 0, 0
55469, 82, 495, 529, 0, 0, 19.35%, 0, 32, 17, 124.75, 6883391, 518, 0, 0
55474, 82, 422, 529, 0, 0, 19.35%, 0, 32, 17, 138.47, 6884071, 518, 0, 0
55479, 82, 469, 529, 0, 0, 19.35%, 0, 32, 17, 80.47, 6884490, 518, 0, 0
55485, 82, 479, 529, 0, 0, 19.35%, 0, 32, 17, 104.84, 6885003, 518, 0, 0
55490, 82, 382, 529, 0, 0, 19.35%, 0, 32, 17, 144.51, 6885678, 518, 0, 0
55495, 82, 468, 529, 0, 0, 19.35%, 0, 32, 17, 144.95, 6886410, 518, 0, 0
55500, 82, 495, 529, 0, 0, 19.35%, 0, 32, 17, 99.54, 6886868, 518, 0, 0
55505, 82, 480, 529, 0, 0, 19.35%, 0, 32, 17, 145.29, 6887680, 518, 0, 0
55510, 82, 49, 529, 0, 0, 19.35%, 0, 32, 17, 121.55, 6888329, 518, 0, 0
55515, 82, 468, 529, 0, 0, 19.35%, 0, 32, 17, 134.03, 6889021, 518, 0, 0
55520, 82, 46, 529, 0, 0, 19.35%, 0, 32, 17, 141.12, 6889727, 518, 0, 0
55525, 82, 495, 529, 0, 0, 19.35%, 0, 32, 17, 138.33, 6890458, 518, 0, 0
55531, 82, 480, 529, 0, 0, 19.35%, 0, 32, 17, 129.57, 6891076, 518, 0, 0
55536, 82, 46, 529, 0, 0, 19.35%, 0, 32, 17, 152.04, 6891873, 518, 0, 0
55541, 82, 429, 529, 0, 0, 19.35%, 0, 32, 17, 132.60, 6892550, 518, 0, 0
55546, 82, 224, 529, 0, 0, 19.35%, 0, 32, 17, 144.16, 6893297, 518, 0, 0
55551, 82, 285, 529, 0, 0, 19.35%, 0, 32, 17, 154.21, 6894084, 518, 0, 0
55556, 82, 510, 529, 0, 0, 19.35%, 0, 32, 17, 145.65, 6894843, 518, 0, 0
55561, 82, 468, 529, 0, 0, 19.35%, 0, 32, 17, 145.21, 6895604, 518, 0, 0
55567, 82, 461, 529, 0, 0, 19.35%, 0, 32, 17, 149.63, 6896406, 518, 0, 0
55572, 82, 390, 529, 0, 0, 19.35%, 0, 32, 17, 156.45, 6897236, 518, 0, 0
55577, 82, 502, 529, 0, 0, 19.35%, 0, 32, 17, 128.34, 6897897, 518, 0, 0
55582, 82, 337, 529, 0, 0, 19.35%, 0, 32, 17, 139.53, 6898578, 518, 0, 0
55587, 82, 429, 529, 0, 0, 19.35%, 0, 32, 17, 147.97, 6899362, 518, 0, 0
55592, 82, 468, 529, 0, 0, 19.35%, 0, 32, 17, 145.27, 6900089, 518, 0, 0
55597, 82, 495, 529, 0, 0, 19.35%, 0, 32, 17, 121.08, 6900711, 518, 0, 0
55602, 82, 380, 529, 0, 0, 19.35%, 0, 32, 17, 118.36, 6901251, 518, 0, 0
55607, 82, 429, 529, 0, 0, 19.35%, 0, 32, 17, 134.95, 6901951, 518, 0, 0
55612, 82, 468, 529, 0, 0, 19.35%, 0, 32, 17, 138.74, 6902676, 518, 0, 0
55618, 82, 238, 529, 0, 0, 19.35%, 0, 32, 17, 148.26, 6903450, 518, 0, 0
55623, 82, 468, 529, 0, 0, 19.35%, 0, 32, 17, 150.75, 6904226, 518, 0, 0
55628, 82, 50, 529, 0, 0, 19.35%, 0, 32, 17, 157.92, 6905045, 518, 0, 0
55633, 82, 429, 529, 0, 0, 19.35%, 0, 32, 17, 151.55, 6905825, 518, 0, 0
55638, 82, 422, 529, 0, 0, 19.35%, 0, 32, 17, 148.66, 6906573, 518, 0, 0
55643, 82, 44, 529, 0, 0, 19.35%, 0, 32, 17, 142.53, 6907281, 518, 0, 0
55648, 82, 479, 529, 0, 0, 19.35%, 0, 32, 17, 126.88, 6907890, 518, 0, 0
55653, 82, 422, 529, 0, 0, 19.35%, 0, 32, 17, 142.43, 6908624, 518, 0, 0
55658, 82, 44, 529, 0, 0, 19.35%, 0, 32, 17, 142.35, 6909324, 518, 0, 0
55664, 82, 480, 529, 0, 0, 19.35%, 0, 32, 17, 128.43, 6909964, 518, 0, 0
55669, 82, 276, 529, 0, 0, 19.35%, 0, 32, 17, 143.84, 6910731, 518, 0, 0
55674, 82, 384, 529, 0, 0, 19.35%, 0, 32, 17, 150.36, 6911535, 518, 0, 0
55679, 82, 49, 529, 0, 0, 19.35%, 0, 32, 17, 148.70, 6912276, 518, 0, 0
55684, 82, 129, 529, 0, 0, 19.35%, 0, 32, 17, 155.79, 6913073, 518, 0, 0
55689, 82, 518, 529, 0, 0, 19.35%, 0, 32, 17, 133.75, 6913727, 518, 0, 0
55694, 82, 47, 529, 0, 0, 19.35%, 0, 32, 17, 149.81, 6914502, 518, 0, 0
55700, 82, 72, 529, 0, 0, 19.35%, 0, 32, 17, 117.50, 6915027, 518, 0, 0
55705, 82, 397, 529, 0, 0, 19.35%, 0, 32, 17, 145.09, 6915796, 518, 0, 0
55710, 82, 422, 529, 0, 0, 19.35%, 0, 32, 17, 148.77, 6916564, 518, 0, 0
55715, 82, 468, 529, 0, 0, 19.35%, 0, 32, 17, 154.27, 6917373, 518, 0, 0
55720, 82, 495, 529, 0, 0, 19.35%, 0, 32, 17, 117.59, 6917971, 518, 0, 0
55725, 82, 422, 529, 0, 0, 19.35%, 0, 32, 17, 131.16, 6918586, 518, 0, 0
55730, 82, 490, 529, 0, 0, 19.35%, 0, 32, 17, 145.85, 6919337, 518, 0, 0
55735, 82, 476, 529, 0, 0, 19.35%, 0, 32, 17, 147.04, 6920049, 518, 0, 0
55740, 82, 49, 529, 0, 0, 19.35%, 0, 32, 17, 149.65, 6920837, 518, 0, 0
55745, 82, 496, 529, 0, 0, 19.35%, 0, 32, 17, 107.37, 6921364, 518, 0, 0
55751, 82, 202, 529, 0, 0, 19.35%, 0, 32, 17, 138.77, 6922090, 518, 0, 0
55756, 82, 2, 529, 0, 0, 19.35%, 0, 32, 17, 143.88, 6922875, 518, 0, 0
55761, 82, 468, 529, 0, 0, 19.35%, 0, 32, 17, 137.29, 6923581, 518, 0, 0
55766, 82, 476, 529, 0, 0, 19.35%, 0, 32, 17, 149.19, 6924366, 518, 0, 0
55771, 82, 29, 529, 0, 0, 19.35%, 0, 32, 17, 153.18, 6925148, 518, 0, 0
55776, 82, 249, 529, 0, 0, 19.35%, 0, 32, 17, 149.65, 6925921, 518, 0, 0
55781, 82, 188, 529, 0, 0, 19.35%, 0, 32, 17, 152.02, 6926699, 518, 0, 0
55786, 82, 491, 529, 0, 0, 19.35%, 0, 32, 17, 140.22, 6927423, 518, 0, 0
55792, 82, 238, 529, 0, 0, 19.35%, 0, 32, 17, 151.13, 6928226, 518, 0, 0
55797, 82, 49, 529, 0, 0, 19.35%, 0, 32, 17, 153.77, 6929036, 518, 0, 0
55802, 82, 397, 529, 0, 0, 19.35%, 0, 32, 17, 144.19, 6929755, 518, 0, 0
55807, 82, 97, 529, 0, 0, 19.35%, 0, 32, 17, 140.60, 6930443, 518, 0, 0
55812, 82, 480, 529, 0, 0, 19.35%, 0, 32, 17, 150.22, 6931250, 518, 0, 0
55817, 82, 495, 529, 0, 0, 19.35%, 0, 32, 17, 134.10, 6931936, 518, 0, 0
55822, 82, 495, 529, 0, 0, 19.35%, 0, 32, 17, 101.04, 6932414, 518, 0, 0
55827, 82, 134, 529, 0, 0, 19.35%, 0, 32, 17, 129.90, 6933108, 518, 0, 0
55833, 82, 12, 529, 0, 0, 19.35%, 0, 32, 17, 147.22, 6933887, 518, 0, 0
55838, 82, 260, 529, 0, 0, 19.35%, 0, 32, 17, 155.94, 6934697, 518, 0, 0
55843, 82, 224, 529, 0, 0, 19.35%, 0, 32, 17, 155.93, 6935470, 518, 0, 0
55848, 82, 199, 529, 0, 0, 19.35%, 0, 32, 17, 148.33, 6936226, 518, 0, 0
55853, 82, 486, 529, 0, 0, 19.35%, 0, 32, 17, 146.05, 6936979, 518, 0, 0
55858, 82, 75, 529, 0, 0, 19.35%, 0, 32, 17, 152.93, 6937761, 518, 0, 0
55863, 82, 72, 529, 0, 0, 19.35%, 0, 32, 17, 152.09, 6938530, 518, 0, 0
55868, 82, 300, 529, 0, 0, 19.35%, 0, 32, 17, 145.91, 6939276, 518, 0, 0
55874, 82, 480, 529, 0, 0, 19.35%, 0, 32, 17, 152.08, 6940059, 518, 0, 0
55879, 82, 495, 529, 0, 0, 19.35%, 0, 32, 17, 111.06, 6940626, 518, 0, 0
55884, 82, 99, 529, 0, 0, 19.35%, 0, 32, 17, 132.49, 6941291, 518, 0, 0
55889, 82, 54, 529, 0, 0, 19.35%, 0, 32, 17, 147.99, 6942038, 518, 0, 0
55894, 82, 434, 529, 0, 0, 19.35%, 0, 32, 17, 130.29, 6942714, 518, 0, 0
55899, 82, 170, 529, 0, 0, 19.35%, 0, 32, 17, 148.94, 6943472, 518, 0, 0
55904, 82, 29, 529, 0, 0, 19.35%, 0, 32, 17, 152.84, 6944228, 518, 0, 0
55910, 82, 392, 529, 0, 0, 19.35%, 0, 32, 17, 152.18, 6945020, 518, 0, 0
55915, 82, 36, 529, 0, 0, 19.35%, 0, 32, 17, 150.04, 6945791, 518, 0, 0
55920, 82, 480, 529, 0, 0, 19.35%, 0, 32, 17, 157.07, 6946615, 518, 0, 0
55925, 82, 495, 529, 0, 0, 19.35%, 0, 32, 17, 126.81, 6947292, 518, 0, 0
55930, 82, 377, 529, 0, 0, 19.35%, 0, 32, 17, 124.64, 6947884, 518, 0, 0
55936, 82, 416, 529, 0, 0, 19.35%, 0, 32, 17, 144.07, 6948668, 518, 0, 0
55941, 82, 367, 529, 0, 0, 19.35%, 0, 32, 17, 146.06, 6949403, 518, 0, 0
55946, 82, 486, 529, 0, 0, 19.35%, 0, 32, 17, 142.68, 6950098, 518, 0, 0
55951, 82, 107, 529, 0, 0, 19.35%, 0, 32, 17, 152.89, 6950906, 518, 0, 0
55956, 82, 491, 529, 0, 0, 19.35%, 0, 32, 17, 144.45, 6951676, 518, 0, 0
55961, 82, 524, 529, 0, 0, 19.35%, 0, 32, 17, 154.93, 6952466, 518, 0, 0
55966, 82, 524, 529, 0, 0, 19.35%, 0, 32, 17, 151.77, 6953234, 518, 0, 0
55971, 82, 199, 529, 0, 0, 19.35%, 0, 32, 17, 159.36, 6954058, 518, 0, 0
55976, 82, 468, 529, 0, 0, 19.35%, 0, 32, 17, 136.78, 6954688, 518, 0, 0
55982, 82, 49, 529, 0, 0, 19.35%, 0, 32, 17, 145.79, 6955457, 518, 0, 0
55987, 82, 373, 529, 0, 0, 19.35%, 0, 32, 17, 154.10, 6956270, 518, 0, 0
55992, 82, 422, 529, 0, 0, 19.35%, 0, 32, 17, 143.60, 6956988, 518, 0, 0
55997, 82, 486, 529, 0, 0, 19.35%, 0, 32, 17, 154.18, 6957797, 518, 0, 0
56002, 82, 67, 529, 0, 0, 19.35%, 0, 32, 17, 156.12, 6958567, 518, 0, 0
56007, 82, 316, 529, 0, 0, 19.35%, 0, 32, 17, 146.35, 6959327, 518, 0, 0
56012, 82, 495, 529, 0, 0, 19.35%, 0, 32, 17, 138.78, 6960045, 518, 0, 0
56017, 83, 107, 529, 0, 0, 19.35%, 0, 32, 17, 127.40, 6960609, 518, 0, 0
56022, 83, 46, 529, 0, 0, 19.35%, 0, 32, 17, 140.92, 6961352, 518, 0, 0
56028, 83, 390, 529, 0, 0, 19.35%, 0, 32, 17, 149.64, 6962134, 518, 0, 0
56033, 83, 392, 529, 0, 0, 19.35%, 0, 32, 17, 149.41, 6962902, 518, 0, 0
56038, 83, 336, 529, 0, 0, 19.35%, 0, 32, 17, 154.39, 6963701, 518, 0, 0
56043, 83, 115, 529, 0, 0, 19.35%, 0, 32, 17, 156.26, 6964489, 518, 0, 0
56048, 83, 429, 529, 0, 0, 19.35%, 0, 32, 17, 153.71, 6965281, 518, 0, 0
56053, 83, 367, 529, 0, 0, 19.35%, 0, 32, 17, 145.03, 6966025, 518, 0, 0
56058, 83, 480, 529, 0, 0, 19.35%, 0, 32, 17, 148.96, 6966767, 518, 0, 0
56063, 83, 441, 529, 0, 0, 19.35%, 0, 32, 17, 158.58, 6967590, 518, 0, 0
56069, 83, 495, 529, 0, 0, 19.35%, 0, 32, 17, 151.88, 6968379, 518, 0, 0
56074, 83, 93, 529, 0, 0, 19.35%, 0, 32, 17, 129.21, 6968959, 518, 0, 0
56079, 83, 238, 529, 0, 0, 19.35%, 0, 32, 17, 153.75, 6969779, 518, 0, 0
56084, 83, 27, 529, 0, 0, 19.35%, 0, 32, 17, 156.30, 6970563, 518, 0, 0
56089, 83, 468, 529, 0, 0, 19.35%, 0, 32, 17, 152.95, 6971339, 518, 0, 0
56094, 83, 480, 529, 0, 0, 19.35%, 0, 32, 17, 153.04, 6972115, 518, 0, 0
56099, 83, 168, 529, 0, 0, 19.35%, 0, 32, 17, 140.88, 6972845, 518, 0, 0
56104, 83, 114, 529, 0, 0, 19.35%, 0, 32, 17, 153.65, 6973628, 518, 0, 0
56109, 83, 378, 529, 0, 0, 19.35%, 0, 32, 17, 143.54, 6974379, 518, 0, 0
56114, 83, 480, 529, 0, 0, 19.35%, 0, 32, 17, 144.31, 6975111, 518, 0, 0
56120, 83, 486, 529, 0, 0, 19.35%, 0, 32, 17, 154.38, 6975914, 518, 0, 0
56125, 83, 123, 529, 0, 0, 19.35%, 0, 32, 17, 153.28, 6976672, 518, 0, 0
56130, 83, 246, 529, 0, 0, 19.35%, 0, 32, 17, 151.70, 6977420, 518, 0, 0
56135, 83, 392, 529, 0, 0, 19.35%, 0, 32, 17, 157.48, 6978250, 518, 0, 0
56140, 83, 362, 529, 0, 0, 19.35%, 0, 32, 17, 152.66, 6979000, 518, 0, 0
56145, 83, 480, 529, 0, 0, 19.35%, 0, 32, 17, 157.69, 6979795, 518, 0, 0
56150, 83, 156, 529, 0, 0, 19.35%, 0, 32, 17, 150.71, 6980567, 518, 0, 0
56155, 83, 479, 529, 0, 0, 19.35%, 0, 32, 17, 149.89, 6981324, 518, 0, 0
56160, 83, 373, 529, 0, 0, 19.35%, 0, 32, 17, 149.67, 6982119, 518, 0, 0
56166, 83, 149, 529, 0, 0, 19.35%, 0, 32, 17, 151.86, 6982894, 518, 0, 0
56171, 83, 392, 529, 0, 0, 19.35%, 0, 32, 17, 148.29, 6983651, 518, 0, 0
56176, 83, 520, 529, 0, 0, 19.35%, 0, 32, 17, 153.37, 6984463, 518, 0, 0
56181, 83, 479, 529, 0, 0, 19.35%, 0, 32, 17, 145.57, 6985199, 518, 0, 0
56186, 83, 173, 529, 0, 0, 19.35%, 0, 32, 17, 155.15, 6985993, 518, 0, 0
56191, 83, 486, 529, 0, 0, 19.35%, 0, 32, 17, 134.60, 6986649, 518, 0, 0
56196, 83, 495, 529, 0, 0, 19.35%, 0, 32, 17, 132.46, 6987371, 518, 0, 0
56201, 83, 46, 529, 0, 0, 19.35%, 0, 32, 17, 142.62, 6988085, 518, 0, 0
56207, 83, 377, 529, 0, 0, 19.35%, 0, 32, 17, 147.95, 6988875, 518, 0, 0
56212, 83, 518, 529, 0, 0, 19.35%, 0, 32, 17, 136.26, 6989561, 518, 0, 0
56217, 83, 488, 529, 0, 0, 19.35%, 0, 32, 17, 129.37, 6990213, 518, 0, 0
56222, 83, 495, 529, 0, 0, 19.35%, 0, 32, 17, 106.25, 6990782, 518, 0, 0
56227, 83, 107, 529, 0, 0, 19.35%, 0, 32, 17, 127.13, 6991408, 518, 0, 0
56232, 83, 441, 529, 0, 0, 19.35%, 0, 32, 17, 144.47, 6992174, 518, 0, 0
56238, 83, 3, 529, 0, 0, 19.35%, 0, 32, 17, 156.37, 6993000, 518, 0, 0
56243, 83, 519, 529, 0, 0, 19.35%, 0, 32, 17, 145.79, 6993726, 518, 0, 0
56248, 83, 93, 529, 0, 0, 19.35%, 0, 32, 17, 151.35, 6994498, 518, 0, 0
56253, 83, 441, 529, 0, 0, 19.35%, 0, 32, 17, 134.79, 6995176, 518, 0, 0
56258, 83, 468, 529, 0, 0, 19.35%, 0, 32, 17, 145.71, 6995935, 518, 0, 0
56263, 83, 466, 529, 0, 0, 19.35%, 0, 32, 17, 153.34, 6996727, 518, 0, 0
56268, 83, 447, 529, 0, 0, 19.35%, 0, 32, 17, 158.06, 6997554, 518, 0, 0
56273, 83, 429, 529, 0, 0, 19.35%, 0, 32, 17, 157.89, 6998386, 518, 0, 0
56278, 83, 392, 529, 0, 0, 19.35%, 0, 32, 17, 151.40, 6999143, 518, 0, 0
56283, 83, 427, 529, 0, 0, 19.35%, 0, 32, 17, 154.80, 6999911, 518, 0, 0
56289, 83, 509, 529, 0, 0, 19.35%, 0, 32, 17, 142.91, 7000660, 518, 0, 0
56294, 83, 480, 529, 0, 0, 19.35%, 0, 32, 17, 147.24, 7001398, 518, 0, 0
56299, 83, 480, 529, 0, 0, 19.35%, 0, 32, 17, 146.57, 7002108, 518, 0, 0
56304, 83, 429, 529, 0, 0, 19.35%, 0, 32, 17, 148.23, 7002876, 518, 0, 0
56309, 83, 285, 529, 0, 0, 19.35%, 0, 32, 17, 148.88, 7003628, 518, 0, 0
56314, 83, 238, 529, 0, 0, 19.35%, 0, 32, 17, 157.24, 7004435, 518, 0, 0
56319, 83, 478, 529, 0, 0, 19.35%, 0, 32, 17, 146.06, 7005152, 518, 0, 0
56324, 83, 338, 529, 0, 0, 19.35%, 0, 32, 17, 147.18, 7005899, 518, 0, 0
56330, 83, 188, 529, 0, 0, 19.35%, 0, 32, 17, 150.31, 7006664, 518, 0, 0
56335, 83, 188, 529, 0, 0, 19.35%, 0, 32, 17, 152.53, 7007465, 518, 0, 0
56340, 83, 392, 529, 0, 0, 19.35%, 0, 32, 17, 146.93, 7008195, 518, 0, 0
56345, 83, 522, 529, 0, 0, 19.35%, 0, 32, 17, 108.83, 7008715, 518, 0, 0
56350, 83, 522, 529, 0, 0, 19.35%, 0, 32, 17, 102.52, 7009237, 518, 0, 0
56355, 83, 367, 529, 0, 0, 19.35%, 0, 32, 17, 112.02, 7009813, 518, 0, 0
56360, 83, 200, 529, 0, 0, 19.35%, 0, 32, 17, 140.55, 7010559, 518, 0, 0
56365, 83, 298, 529, 0, 0, 19.35%, 0, 32, 17, 156.16, 7011382, 518, 0, 0
56371, 83, 495, 529, 0, 0, 19.35%, 0, 32, 17, 106.74, 7011885, 518, 0, 0
56376, 83, 486, 529, 0, 0, 19.35%, 0, 32, 17, 147.25, 7012670, 518, 0, 0
56381, 83, 392, 529, 0, 0, 19.35%, 0, 32, 17, 149.61, 7013430, 518, 0, 0
56386, 83, 50, 529, 0, 0, 19.35%, 0, 32, 17, 150.69, 7014197, 518, 0, 0
56391, 83, 468, 529, 0, 0, 19.35%, 0, 32, 17, 150.21, 7014976, 518, 0, 0
56396, 83, 285, 529, 0, 0, 19.35%, 0, 32, 17, 153.80, 7015760, 518, 0, 0
56401, 83, 384, 529, 0, 0, 19.35%, 0, 32, 17, 135.97, 7016468, 518, 0, 0
56406, 83, 429, 529, 0, 0, 19.35%, 0, 32, 17, 144.14, 7017208, 518, 0, 0
56412, 83, 343, 529, 0, 0, 19.35%, 0, 32, 17, 152.48, 7017984, 518, 0, 0
56417, 83, 14, 529, 0, 0, 19.35%, 0, 32, 17, 158.14, 7018809, 518, 0, 0
56422, 83, 367, 529, 0, 0, 19.35%, 0, 32, 17, 144.92, 7019536, 518, 0, 0
56427, 83, 168, 529, 0, 0, 19.35%, 0, 32, 17, 147.67, 7020319, 518, 0, 0
56432, 83, 239, 529, 0, 0, 19.35%, 0, 32, 17, 151.89, 7021119, 518, 0, 0
56437, 83, 332, 529, 0, 0, 19.35%, 0, 32, 17, 152.28, 7021886, 518, 0, 0
56442, 83, 488, 529, 0, 0, 19.35%, 0, 32, 17, 155.09, 7022675, 518, 0, 0
56448, 83, 367, 529, 0, 0, 19.35%, 0, 32, 17, 153.47, 7023469, 518, 0, 0
56453, 83, 392, 529, 0, 0, 19.35%, 0, 32, 17, 150.56, 7024253, 518, 0, 0
56458, 83, 495, 529, 0, 0, 19.35%, 0, 32, 17, 155.13, 7025046, 518, 0, 0
56463, 83, 47, 529, 0, 0, 19.35%, 0, 32, 17, 123.48, 7025586, 518, 0, 0
56468, 83, 72, 529, 0, 0, 19.35%, 0, 32, 17, 135.10, 7026332, 518, 0, 0
56473, 83, 204, 529, 0, 0, 19.35%, 0, 32, 17, 156.84, 7027167, 518, 0, 0
56478, 83, 429, 529, 0, 0, 19.35%, 0, 32, 17, 149.13, 7027923, 518, 0, 0
56483, 83, 480, 529, 0, 0, 19.35%, 0, 32, 17, 142.95, 7028640, 518, 0, 0
56489, 83, 468, 529, 0, 0, 19.35%, 0, 32, 17, 149.03, 7029414, 518, 0, 0
56494, 83, 378, 529, 0, 0, 19.35%, 0, 32, 17, 144.28, 7030164, 518, 0, 0
56499, 83, 343, 529, 0, 0, 19.35%, 0, 32, 17, 150.65, 7030942, 518, 0, 0
56504, 83, 495, 529, 0, 0, 19.35%, 0, 32, 17, 136.50, 7031605, 518, 0, 0
56509, 83, 392, 529, 0, 0, 19.35%, 0, 32, 17, 118.23, 7032159, 518, 0, 0
56514, 83, 422, 529, 0, 0, 19.35%, 0, 32, 17, 147.02, 7032950, 518, 0, 0
56519, 83, 185, 529, 0, 0, 19.35%, 0, 32, 17, 147.15, 7033704, 518, 0, 0
56525, 83, 31, 529, 0, 0, 19.35%, 0, 32, 17, 149.65, 7034442, 518, 0, 0
56530, 83, 480, 529, 0, 0, 19.35%, 0, 32, 17, 148.17, 7035203, 518, 0, 0
56535, 83, 495, 529, 0, 0, 19.35%, 0, 32, 17, 124.71, 7035863, 518, 0, 0
56540, 83, 480, 529, 0, 0, 19.35%, 0, 32, 17, 124.06, 7036417, 518, 0, 0
56545, 83, 392, 529, 0, 0, 19.35%, 0, 32, 17, 142.12, 7037172, 518, 0, 0
56550, 83, 480, 529, 0, 0, 19.35%, 0, 32, 17, 155.28, 7037992, 518, 0, 0
56555, 83, 11, 529, 0, 0, 19.35%, 0, 32, 17, 153.45, 7038758, 518, 0, 0
56560, 83, 398, 529, 0, 0, 19.35%, 0, 32, 17, 144.74, 7039508, 518, 0, 0
56566, 84, 495, 529, 0, 0, 19.35%, 0, 32, 17, 138.72, 7040234, 518, 0, 0
56571, 84, 3, 529, 0, 0, 19.35%, 0, 32, 17, 116.06, 7040745, 518, 0, 0
56576, 84, 468, 529, 0, 0, 19.35%, 0, 32, 17, 144.28, 7041546, 518, 0, 0
56581, 84, 526, 529, 0, 0, 19.35%, 0, 32, 17, 146.11, 7042322, 518, 0, 0
56586, 84, 526, 529, 0, 0, 19.35%, 0, 32, 17, 130.43, 7042974, 518, 0, 0
56591, 84, 385, 529, 0, 0, 19.35%, 0, 32, 17, 129.25, 7043638, 518, 0, 0
56596, 84, 478, 529, 0, 0, 19.35%, 0, 32, 17, 146.44, 7044416, 518, 0, 0
56602, 84, 429, 529, 0, 0, 19.35%, 0, 32, 17, 153.77, 7045232, 518, 0, 0
56607, 84, 339, 529, 0, 0, 19.35%, 0, 32, 17, 157.20, 7046035, 518, 0, 0
56612, 84, 480, 529, 0, 0, 19.35%, 0, 32, 17, 140.77, 7046751, 518, 0, 0
56617, 84, 491, 529, 0, 0, 19.35%, 0, 32, 17, 136.60, 7047465, 518, 0, 0
56622, 84, 27, 529, 0, 0, 19.35%, 0, 32, 17, 146.44, 7048200, 518, 0, 0
56627, 84, 480, 529, 0, 0, 19.35%, 0, 32, 17, 154.76, 7049002, 518, 0, 0
56632, 84, 354, 529, 0, 0, 19.35%, 0, 32, 17, 145.14, 7049709, 518, 0, 0
56637, 84, 1, 529, 0, 0, 19.35%, 0, 32, 17, 158.52, 7050536, 518, 0, 0
56643, 84, 522, 529, 0, 0, 19.35%, 0, 32, 17, 103.99, 7051013, 518, 0, 0
56648, 84, 522, 529, 0, 0, 19.35%, 0, 32, 17, 90.39, 7051461, 518, 0, 0
56653, 84, 392, 529, 0, 0, 19.35%, 0, 32, 17, 102.43, 7051958, 518, 0, 0
56658, 84, 45, 529, 0, 0, 19.35%, 0, 32, 17, 140.85, 7052724, 518, 0, 0
56663, 84, 495, 529, 0, 0, 19.35%, 0, 32, 17, 124.12, 7053411, 518, 0, 0
56668, 84, 69, 529, 0, 0, 19.35%, 0, 32, 17, 132.96, 7054025, 518, 0, 0
56673, 84, 392, 529, 0, 0, 19.35%, 0, 32, 17, 142.97, 7054781, 518, 0, 0
56678, 84, 466, 529, 0, 0, 19.35%, 0, 32, 17, 137.39, 7055494, 518, 0, 0
56684, 84, 48, 529, 0, 0, 19.35%, 0, 32, 17, 147.54, 7056252, 518, 0, 0
56689, 84, 486, 529, 0, 0, 19.35%, 0, 32, 17, 151.38, 7057031, 518, 0, 0
56694, 84, 185, 529, 0, 0, 19.35%, 0, 32, 17, 147.48, 7057780, 518, 0, 0
56699, 84, 67, 529, 0, 0, 19.35%, 0, 32, 17, 141.68, 7058489, 518, 0, 0
56704, 84, 522, 529, 0, 0, 19.35%, 0, 32, 17, 103.96, 7059005, 518, 0, 0
56709, 84, 522, 529, 0, 0, 19.35%, 0, 32, 17, 89.78, 7059449, 518, 0, 0
56714, 84, 188, 529, 0, 0, 19.35%, 0, 32, 17, 88.81, 7059898, 518, 0, 0
56719, 84, 392, 529, 0, 0, 19.35%, 0, 32, 17, 140.15, 7060689, 518, 0, 0
56725, 84, 472, 529, 0, 0, 19.35%, 0, 32, 17, 90.19, 7061119, 518, 0, 0
56730, 84, 327, 529, 0, 0, 19.35%, 0, 32, 17, 138.09, 7061842, 518, 0, 0
56735, 84, 114, 529, 0, 0, 19.35%, 0, 32, 17, 153.98, 7062645, 518, 0, 0
56740, 84, 468, 529, 0, 0, 19.35%, 0, 32, 17, 150.53, 7063405, 518, 0, 0
56745, 84, 158, 529, 0, 0, 19.35%, 0, 32, 17, 157.29, 7064211, 518, 0, 0
56750, 84, 523, 529, 0, 0, 19.35%, 0, 32, 17, 149.11, 7064971, 518, 0, 0
56755, 84, 523, 529, 0, 0, 19.35%, 0, 32, 17, 97.47, 7065383, 518, 0, 0
56760, 84, 523, 529, 0, 0, 19.35%, 0, 32, 17, 83.91, 7065795, 518, 0, 0
56765, 84, 163, 529, 0, 0, 19.35%, 0, 32, 17, 104.20, 7066296, 518, 0, 0
56771, 84, 468, 529, 0, 0, 19.35%, 0, 32, 17, 135.18, 7067042, 518, 0, 0
56776, 84, 73, 529, 0, 0, 19.35%, 0, 32, 17, 147.06, 7067819, 518, 0, 0
56781, 84, 491, 529, 0, 0, 19.35%, 0, 32, 17, 136.89, 7068529, 518, 0, 0
56786, 84, 495, 529, 0, 0, 19.35%, 0, 32, 17, 116.43, 7069140, 518, 0, 0
56791, 84, 429, 529, 0, 0, 19.35%, 0, 32, 17, 128.84, 7069744, 518, 0, 0
56796, 84, 468, 529, 0, 0, 19.35%, 0, 32, 17, 150.82, 7070545, 518, 0, 0
56801, 84, 428, 529, 0, 0, 19.35%, 0, 32, 17, 135.17, 7071241, 518, 0, 0
56806, 84, 430, 529, 0, 0, 19.35%, 0, 32, 17, 129.86, 7071896, 518, 0, 0
56812, 84, 194, 529, 0, 0, 19.35%, 0, 32, 17, 146.08, 7072664, 518, 0, 0
56817, 84, 40, 529, 0, 0, 19.35%, 0, 32, 17, 151.70, 7073452, 518, 0, 0
56822, 84, 276, 529, 0, 0, 19.35%, 0, 32, 17, 151.52, 7074253, 518, 0, 0
56827, 84, 318, 529, 0, 0, 19.35%, 0, 32, 17, 159.43, 7075069, 518, 0, 0
56832, 84, 398, 529, 0, 0, 19.35%, 0, 32, 17, 147.69, 7075833, 518, 0, 0
56837, 84, 47, 529, 0, 0, 19.35%, 0, 32, 17, 148.63, 7076589, 518, 0, 0
56843, 84, 156, 529, 0, 0, 19.35%, 0, 32, 17, 91.04, 7076984, 518, 0, 0
56848, 84, 156, 529, 0, 0, 19.35%, 0, 32, 17, 127.76, 7077666, 518, 0, 0
56853, 84, 266, 529, 0, 0, 19.35%, 0, 32, 17, 145.82, 7078454, 518, 0, 0
56858, 84, 285, 529, 0, 0, 19.35%, 0, 32, 17, 154.17, 7079243, 518, 0, 0
56863, 84, 46, 529, 0, 0, 19.35%, 0, 32, 17, 156.25, 7080039, 518, 0, 0
56868, 84, 500, 529, 0, 0, 19.35%, 0, 32, 17, 147.53, 7080785, 518, 0, 0
56873, 84, 216, 529, 0, 0, 19.35%, 0, 32, 17, 152.84, 7081538, 518, 0, 0
56878, 84, 495, 529, 0, 0, 19.35%, 0, 32, 17, 134.29, 7082223, 518, 0, 0
56883, 84, 80, 529, 0, 0, 19.35%, 0, 32, 17, 139.25, 7082911, 518, 0, 0
56888, 84, 423, 529, 0, 0, 19.35%, 0, 32, 17, 146.62, 7083678, 518, 0, 0
56893, 84, 468, 529, 0, 0, 19.35%, 0, 32, 17, 148.93, 7084439, 518, 0, 0
56899, 84, 495, 529, 0, 0, 19.35%, 0, 32, 17, 122.39, 7085067, 518, 0, 0
56904, 84, 360, 529, 0, 0, 19.35%, 0, 32, 17, 144.64, 7085810, 518, 0, 0
56909, 84, 30, 529, 0, 0, 19.35%, 0, 32, 17, 153.89, 7086602, 518, 0, 0
56914, 84, 523, 529, 0, 0, 19.35%, 0, 32, 17, 108.81, 7087124, 518, 0, 0
56919, 84, 523, 529, 0, 0, 19.35%, 0, 32, 17, 93.34, 7087591, 518, 0, 0
56924, 84, 44, 529, 0, 0, 19.35%, 0, 32, 17, 113.44, 7088145, 518, 0, 0
56929, 84, 158, 529, 0, 0, 19.35%, 0, 32, 17, 141.84, 7088910, 518, 0, 0
56935, 84, 480, 529, 0, 0, 19.35%, 0, 32, 17, 145.56, 7089666, 518, 0, 0
56940, 84, 93, 529, 0, 0, 19.35%, 0, 32, 17, 145.10, 7090386, 518, 0, 0
56945, 84, 368, 529, 0, 0, 19.35%, 0, 32, 17, 144.90, 7091150, 518, 0, 0
56950, 84, 422, 529, 0, 0, 19.35%, 0, 32, 17, 141.75, 7091880, 518, 0, 0
56955, 84, 145, 529, 0, 0, 19.35%, 0, 32, 17, 140.70, 7092612, 518, 0, 0
56960, 84, 422, 529, 0, 0, 19.35%, 0, 32, 17, 146.49, 7093375, 518, 0, 0
56966, 84, 163, 529, 0, 0, 19.35%, 0, 32, 17, 157.23, 7094209, 518, 0, 0
56971, 84, 367, 529, 0, 0, 19.35%, 0, 32, 17, 156.91, 7095015, 518, 0, 0
56976, 84, 368, 529, 0, 0, 19.35%, 0, 32, 17, 153.92, 7095806, 518, 0, 0
56981, 84, 67, 529, 0, 0, 19.35%, 0, 32, 17, 141.03, 7096486, 518, 0, 0
56986, 84, 268, 529, 0, 0, 19.35%, 0, 32, 17, 152.74, 7097284, 518, 0, 0
56991, 84, 429, 529, 0, 0, 19.35%, 0, 32, 17, 154.42, 7098068, 518, 0, 0
56996, 84, 93, 529, 0, 0, 19.35%, 0, 32, 17, 157.42, 7098877, 518, 0, 0
57001, 84, 442, 529, 0, 0, 19.35%, 0, 32, 17, 158.51, 7099672, 518, 0, 0
57006, 84, 37, 529, 0, 0, 19.35%, 0, 32, 17, 158.21, 7100493, 518, 0, 0
57012, 84, 491, 529, 0, 0, 19.35%, 0, 32, 17, 141.34, 7101235, 518, 0, 0
57017, 84, 486, 529, 0, 0, 19.35%, 0, 32, 17, 148.05, 7101990, 518, 0, 0
57022, 84, 480, 529, 0, 0, 19.35%, 0, 32, 17, 145.74, 7102748, 518, 0, 0
57027, 84, 386, 529, 0, 0, 19.35%, 0, 32, 17, 152.83, 7103532, 518, 0, 0
57032, 84, 429, 529, 0, 0, 19.35%, 0, 32, 17, 128.79, 7104177, 518, 0, 0
57037, 84, 343, 529, 0, 0, 19.35%, 0, 32, 17, 150.05, 7104936, 518, 0, 0
57042, 84, 170, 529, 0, 0, 19.35%, 0, 32, 17, 159.36, 7105771, 518, 0, 0
57048, 84, 441, 529, 0, 0, 19.35%, 0, 32, 17, 129.78, 7106389, 518, 0, 0
57053, 84, 191, 529, 0, 0, 19.35%, 0, 32, 17, 154.90, 7107225, 518, 0, 0
57058, 84, 495, 529, 0, 0, 19.35%, 0, 32, 17, 128.21, 7107870, 518, 0, 0
57063, 84, 335, 529, 0, 0, 19.35%, 0, 32, 17, 135.65, 7108532, 518, 0, 0
57068, 84, 468, 529, 0, 0, 19.35%, 0, 32, 17, 144.93, 7109295, 518, 0, 0
57073, 84, 25, 529, 0, 0, 19.35%, 0, 32, 17, 158.23, 7110119, 518, 0, 0
57078, 84, 480, 529, 0, 0, 19.35%, 0, 32, 17, 152.11, 7110889, 518, 0, 0
57083, 84, 230, 529, 0, 0, 19.35%, 0, 32, 17, 136.83, 7111553, 518, 0, 0
57088, 84, 97, 529, 0, 0, 19.35%, 0, 32, 17, 147.45, 7112324, 518, 0, 0
57094, 84, 196, 529, 0, 0, 19.35%, 0, 32, 17, 155.06, 7113122, 518, 0, 0
57099, 84, 486, 529, 0, 0, 19.35%, 0, 32, 17, 156.86, 7113932, 518, 0, 0
57104, 84, 331, 529, 0, 0, 19.35%, 0, 32, 17, 159.38, 7114759, 518, 0, 0
57109, 84, 494, 529, 0, 0, 19.35%, 0, 32, 17, 147.30, 7115527, 518, 0, 0
57114, 84, 72, 529, 0, 0, 19.35%, 0, 32, 17, 124.16, 7116076, 518, 0, 0
57119, 84, 216, 529, 0, 0, 19.35%, 0, 32, 17, 151.83, 7116878, 518, 0, 0
57124, 84, 392, 529, 0, 0, 19.35%, 0, 32, 17, 151.78, 7117663, 518, 0, 0
57130, 84, 193, 529, 0, 0, 19.35%, 0, 32, 17, 153.43, 7118456, 518, 0, 0
57135, 84, 285, 529, 0, 0, 19.35%, 0, 32, 17, 138.11, 7119162, 518, 0, 0
57140, 84, 392, 529, 0, 0, 19.35%, 0, 32, 17, 145.96, 7119926, 518, 0, 0
57145, 85, 224, 529, 0, 0, 19.35%, 0, 32, 17, 156.23, 7120735, 518, 0, 0
57150, 85, 495, 529, 0, 0, 19.35%, 0, 32, 17, 133.92, 7121420, 518, 0, 0
57155, 85, 392, 529, 0, 0, 19.35%, 0, 32, 17, 138.97, 7122122, 518, 0, 0
57160, 85, 422, 529, 0, 0, 19.35%, 0, 32, 17, 140.14, 7122843, 518, 0, 0
57165, 85, 519, 529, 0, 0, 19.35%, 0, 32, 17, 134.27, 7123527, 518, 0, 0
57170, 85, 217, 529, 0, 0, 19.35%, 0, 32, 17, 130.52, 7124154, 518, 0, 0
57176, 85, 392, 529, 0, 0, 19.35%, 0, 32, 17, 147.31, 7124938, 518, 0, 0
57181, 85, 72, 529, 0, 0, 19.35%, 0, 32, 17, 144.89, 7125675, 518, 0, 0
57186, 85, 480, 529, 0, 0, 19.35%, 0, 32, 17, 149.35, 7126448, 518, 0, 0
57191, 85, 93, 529, 0, 0, 19.35%, 0, 32, 17, 156.62, 7127267, 518, 0, 0
57196, 85, 343, 529, 0, 0, 19.35%, 0, 32, 17, 156.43, 7128067, 518, 0, 0
57201, 85, 40, 529, 0, 0, 19.35%, 0, 32, 17, 158.80, 7128878, 518, 0, 0
57206, 85, 367, 529, 0, 0, 19.35%, 0, 32, 17, 149.73, 7129635, 518, 0, 0
57211, 85, 524, 529, 0, 0, 19.35%, 0, 32, 17, 146.47, 7130378, 518, 0, 0
57216, 85, 432, 529, 0, 0, 19.35%, 0, 32, 17, 138.03, 7131080, 518, 0, 0
57222, 85, 507, 529, 0, 0, 19.35%, 0, 32, 17, 148.59, 7131856, 518, 0, 0
57227, 85, 495, 529, 0, 0, 19.35%, 0, 32, 17, 116.05, 7132420, 518, 0, 0
57232, 85, 239, 529, 0, 0, 19.35%, 0, 32, 17, 150.61, 7133229, 518, 0, 0
57237, 85, 417, 529, 0, 0, 19.35%, 0, 32, 17, 143.79, 7133964, 518, 0, 0
57242, 85, 392, 529, 0, 0, 19.35%, 0, 32, 17, 154.22, 7134774, 518, 0, 0
57247, 85, 441, 529, 0, 0, 19.35%, 0, 32, 17, 148.13, 7135512, 518, 0, 0
57252, 85, 495, 529, 0, 0, 19.35%, 0, 32, 17, 132.02, 7136223, 518, 0, 0
57258, 85, 468, 529, 0, 0, 19.35%, 0, 32, 17, 143.07, 7136964, 518, 0, 0
57263, 85, 29, 529, 0, 0, 19.35%, 0, 32, 17, 147.70, 7137731, 518, 0, 0
57268, 85, 170, 529, 0, 0, 19.35%, 0, 32, 17, 151.12, 7138519, 518, 0, 0
57273, 85, 441, 529, 0, 0, 19.35%, 0, 32, 17, 152.69, 7139308, 518, 0, 0
57278, 85, 47, 529, 0, 0, 19.35%, 0, 32, 17, 147.62, 7140067, 518, 0, 0
57283, 85, 391, 529, 0, 0, 19.35%, 0, 32, 17, 143.01, 7140803, 518, 0, 0
57288, 85, 509, 529, 0, 0, 19.35%, 0, 32, 17, 139.64, 7141482, 518, 0, 0
57294, 85, 430, 529, 0, 0, 19.35%, 0, 32, 17, 137.07, 7142165, 518, 0, 0
57299, 85, 491, 529, 0, 0, 19.35%, 0, 32, 17, 137.16, 7142885, 518, 0, 0
57304, 85, 44, 529, 0, 0, 19.35%, 0, 32, 17, 138.98, 7143589, 518, 0, 0
57309, 85, 343, 529, 0, 0, 19.35%, 0, 32, 17, 154.76, 7144424, 518, 0, 0
57314, 85, 49, 529, 0, 0, 19.35%, 0, 32, 17, 159.98, 7145258, 518, 0, 0
57319, 85, 524, 529, 0, 0, 19.35%, 0, 32, 17, 146.05, 7146021, 518, 0, 0
57325, 85, 360, 529, 0, 0, 19.35%, 0, 32, 17, 142.93, 7146741, 518, 0, 0
57330, 85, 466, 529, 0, 0, 19.35%, 0, 32, 17, 149.93, 7147535, 518, 0, 0
57335, 85, 343, 529, 0, 0, 19.35%, 0, 32, 17, 152.10, 7148316, 518, 0, 0
57340, 85, 343, 529, 0, 0, 19.35%, 0, 32, 17, 158.23, 7149151, 518, 0, 0
57345, 85, 360, 529, 0, 0, 19.35%, 0, 32, 17, 146.77, 7149867, 518, 0, 0
57350, 85, 193, 529, 0, 0, 19.35%, 0, 32, 17, 154.78, 7150651, 518, 0, 0
57355, 85, 479, 529, 0, 0, 19.35%, 0, 32, 17, 145.53, 7151372, 518, 0, 0
57360, 85, 158, 529, 0, 0, 19.35%, 0, 32, 17, 156.44, 7152166, 518, 0, 0
57365, 85, 173, 529, 0, 0, 19.35%, 0, 32, 17, 158.89, 7152963, 518, 0, 0
57371, 85, 501, 529, 0, 0, 19.35%, 0, 32, 17, 153.85, 7153753, 518, 0, 0
57376, 85, 3, 529, 0, 0, 19.35%, 0, 32, 17, 147.90, 7154504, 518, 0, 0
57381, 85, 525, 529, 0, 0, 19.35%, 0, 32, 17, 139.54, 7155246, 518, 0, 0
57386, 85, 495, 529, 0, 0, 19.35%, 0, 32, 17, 123.06, 7155872, 518, 0, 0
57391, 85, 495, 529, 0, 0, 19.35%, 0, 32, 17, 102.88, 7156360, 518, 0, 0
57396, 85, 307, 529, 0, 0, 19.35%, 0, 32, 17, 129.16, 7156992, 518, 0, 0
57401, 85, 285, 529, 0, 0, 19.35%, 0, 32, 17, 156.62, 7157824, 518, 0, 0
57406, 85, 110, 529, 0, 0, 19.35%, 0, 32, 17, 151.05, 7158577, 518, 0, 0
57411, 85, 468, 529, 0, 0, 19.35%, 0, 32, 17, 149.25, 7159326, 518, 0, 0
57416, 85, 480, 529, 0, 0, 19.35%, 0, 32, 17, 143.19, 7160035, 518, 0, 0
57421, 85, 505, 529, 0, 0, 19.35%, 0, 32, 17, 119.57, 7160645, 518, 0, 0
57427, 85, 80, 529, 0, 0, 19.35%, 0, 32, 17, 147.74, 7161422, 518, 0, 0
57432, 85, 422, 529, 0, 0, 19.35%, 0, 32, 17, 131.60, 7162114, 518, 0, 0
57437, 85, 50, 529, 0, 0, 19.35%, 0, 32, 17, 147.93, 7162882, 518, 0, 0
57442, 85, 360, 529, 0, 0, 19.35%, 0, 32, 17, 144.14, 7163597, 518, 0, 0
57447, 85, 180, 529, 0, 0, 19.35%, 0, 32, 17, 149.14, 7164369, 518, 0, 0
57452, 85, 467, 529, 0, 0, 19.35%, 0, 32, 17, 142.35, 7165145, 518, 0, 0
57457, 85, 168, 529, 0, 0, 19.35%, 0, 32, 17, 126.82, 7165670, 518, 0, 0
57462, 85, 98, 529, 0, 0, 19.35%, 0, 32, 17, 147.12, 7166449, 518, 0, 0
57468, 85, 48, 529, 0, 0, 19.35%, 0, 32, 17, 154.99, 7167234, 518, 0, 0
57473, 85, 377, 529, 0, 0, 19.35%, 0, 32, 17, 147.90, 7168017, 518, 0, 0
57478, 85, 495, 529, 0, 0, 19.35%, 0, 32, 17, 131.74, 7168708, 518, 0, 0
57483, 85, 304, 529, 0, 0, 19.35%, 0, 32, 17, 140.42, 7169422, 518, 0, 0
57488, 85, 433, 529, 0, 0, 19.35%, 0, 32, 17, 121.82, 7170054, 518, 0, 0
57493, 85, 196, 529, 0, 0, 19.35%, 0, 32, 17, 142.72, 7170790, 518, 0, 0
57499, 85, 453, 529, 0, 0, 19.35%, 0, 32, 17, 151.82, 7171583, 518, 0, 0
57504, 85, 343, 529, 0, 0, 19.35%, 0, 32, 17, 156.17, 7172349, 518, 0, 0
57509, 85, 216, 529, 0, 0, 19.35%, 0, 32, 17, 138.15, 7173016, 518, 0, 0
57514, 85, 367, 529, 0, 0, 19.35%, 0, 32, 17, 137.55, 7173754, 518, 0, 0
57519, 85, 115, 529, 0, 0, 19.35%, 0, 32, 17, 137.18, 7174385, 518, 0, 0
57524, 85, 29, 529, 0, 0, 19.35%, 0, 32, 17, 149.84, 7175178, 518, 0, 0
57529, 85, 495, 529, 0, 0, 19.35%, 0, 32, 17, 126.11, 7175820, 518, 0, 0
57534, 85, 495, 529, 0, 0, 19.35%, 0, 32, 17, 126.60, 7176446, 518, 0, 0
57539, 85, 204, 529, 0, 0, 19.35%, 0, 32, 17, 119.01, 7176986, 518, 0, 0
57544, 85, 521, 529, 0, 0, 19.35%, 0, 32, 17, 146.98, 7177789, 518, 0, 0
57549, 85, 479, 529, 0, 0, 19.35%, 0, 32, 17, 153.51, 7178576, 518, 0, 0
57555, 85, 224, 529, 0, 0, 19.35%, 0, 32, 17, 146.77, 7179309, 518, 0, 0
57560, 85, 342, 529, 0, 0, 19.35%, 0, 32, 17, 150.08, 7180073, 518, 0, 0
57565, 85, 246, 529, 0, 0, 19.35%, 0, 32, 17, 151.22, 7180851, 518, 0, 0
57570, 85, 480, 529, 0, 0, 19.35%, 0, 32, 17, 153.62, 7181628, 518, 0, 0
57575, 85, 486, 529, 0, 0, 19.35%, 0, 32, 17, 158.90, 7182449, 518, 0, 0
57580, 85, 422, 529, 0, 0, 19.35%, 0, 32, 17, 142.42, 7183140, 518, 0, 0
57585, 85, 46, 529, 0, 0, 19.35%, 0, 32, 17, 154.98, 7183956, 518, 0, 0
57590, 85, 490, 529, 0, 0, 19.35%, 0, 32, 17, 145.64, 7184701, 518, 0, 0
57595, 85, 30, 529, 0, 0, 19.35%, 0, 32, 17, 150.89, 7185502, 518, 0, 0
57601, 85, 225, 529, 0, 0, 19.35%, 0, 32, 17, 156.03, 7186319, 518, 0, 0
57606, 85, 392, 529, 0, 0, 19.35%, 0, 32, 17, 140.05, 7187045, 518, 0, 0
57611, 85, 14, 529, 0, 0, 19.35%, 0, 32, 17, 145.93, 7187786, 518, 0, 0
57616, 85, 400, 529, 0, 0, 19.35%, 0, 32, 17, 136.78, 7188514, 518, 0, 0
57621, 85, 510, 529, 0, 0, 19.35%, 0, 32, 17, 146.65, 7189296, 518, 0, 0
57626, 85, 69, 529, 0, 0, 19.35%, 0, 32, 17, 150.32, 7190072, 518, 0, 0
57632, 85, 409, 529, 0, 0, 19.35%, 0, 32, 17, 145.28, 7190843, 518, 0, 0
57637, 85, 480, 529, 0, 0, 19.35%, 0, 32, 17, 135.74, 7191508, 518, 0, 0
57642, 85, 488, 529, 0, 0, 19.35%, 0, 32, 17, 153.41, 7192289, 518, 0, 0
57647, 85, 429, 529, 0, 0, 19.35%, 0, 32, 17, 146.26, 7193065, 518, 0, 0
57652, 85, 134, 529, 0, 0, 19.35%, 0, 32, 17, 154.51, 7193864, 518, 0, 0
57657, 85, 491, 529, 0, 0, 19.35%, 0, 32, 17, 141.38, 7194559, 518, 0, 0
57662, 85, 495, 529, 0, 0, 19.35%, 0, 32, 17, 124.86, 7195163, 518, 0, 0
57667, 85, 480, 529, 0, 0, 19.35%, 0, 32, 17, 134.70, 7195826, 518, 0, 0
57672, 85, 158, 529, 0, 0, 19.35%, 0, 32, 17, 156.68, 7196657, 518, 0, 0
57677, 86, 46, 529, 0, 0, 19.35%, 0, 32, 17, 153.40, 7197428, 518, 0, 0
57683, 86, 196, 529, 0, 0, 19.35%, 0, 32, 17, 150.94, 7198192, 518, 0, 0
57688, 86, 30, 529, 0, 0, 19.35%, 0, 32, 17, 129.67, 7198802, 518, 0, 0
57693, 86, 196, 529, 0, 0, 19.35%, 0, 32, 17, 150.23, 7199597, 518, 0, 0
57698, 86, 199, 529, 0, 0, 19.35%, 0, 32, 17, 159.29, 7200428, 518, 0, 0
57703, 86, 441, 529, 0, 0, 19.35%, 0, 32, 17, 137.84, 7201119, 518, 0, 0
57708, 86, 31, 529, 0, 0, 19.35%, 0, 32, 17, 141.76, 7201790, 518, 0, 0
57713, 86, 495, 529, 0, 0, 19.35%, 0, 32, 17, 110.12, 7202352, 518, 0, 0
57718, 86, 495, 529, 0, 0, 19.35%, 0, 32, 17, 114.28, 7202926, 518, 0, 0
57723, 86, 367, 529, 0, 0, 19.35%, 0, 32, 17, 139.62, 7203659, 518, 0, 0
57728, 86, 285, 529, 0, 0, 19.35%, 0, 32, 17, 150.98, 7204469, 518, 0, 0
57734, 86, 429, 529, 0, 0, 19.35%, 0, 32, 17, 150.45, 7205242, 518, 0, 0
57739, 86, 3, 529, 0, 0, 19.35%, 0, 32, 17, 149.67, 7205983, 518, 0, 0
57744, 86, 409, 529, 0, 0, 19.35%, 0, 32, 17, 142.68, 7206735, 518, 0, 0
57749, 86, 343, 529, 0, 0, 19.35%, 0, 32, 17, 136.05, 7207410, 518, 0, 0
57754, 86, 473, 529, 0, 0, 19.35%, 0, 32, 17, 92.26, 7207872, 518, 0, 0
57759, 86, 224, 529, 0, 0, 19.35%, 0, 32, 17, 131.21, 7208550, 518, 0, 0
57764, 86, 347, 529, 0, 0, 19.35%, 0, 32, 17, 126.24, 7209192, 518, 0, 0
57769, 86, 521, 529, 0, 0, 19.35%, 0, 32, 17, 127.30, 7209839, 518, 0, 0
57774, 86, 261, 529, 0, 0, 19.35%, 0, 32, 17, 129.25, 7210507, 518, 0, 0
57779, 86, 156, 529, 0, 0, 19.35%, 0, 32, 17, 106.37, 7210983, 518, 0, 0
57784, 86, 447, 529, 0, 0, 19.35%, 0, 32, 17, 137.11, 7211712, 518, 0, 0
57789, 86, 384, 529, 0, 0, 19.35%, 0, 32, 17, 134.92, 7212406, 518, 0, 0
57794, 86, 495, 529, 0, 0, 19.35%, 0, 32, 17, 101.52, 7212884, 518, 0, 0
57799, 86, 495, 529, 0, 0, 19.35%, 0, 32, 17, 98.19, 7213407, 518, 0, 0
57804, 86, 491, 529, 0, 0, 19.35%, 0, 32, 17, 123.71, 7214044, 518, 0, 0
57810, 86, 510, 529, 0, 0, 19.35%, 0, 32, 17, 141.65, 7214774, 518, 0, 0
57815, 86, 422, 529, 0, 0, 19.35%, 0, 32, 17, 148.40, 7215556, 518, 0, 0
57820, 86, 188, 529, 0, 0, 19.35%, 0, 32, 17, 152.35, 7216346, 518, 0, 0
57825, 86, 49, 529, 0, 0, 19.35%, 0, 32, 17, 135.53, 7217043, 518, 0, 0
57830, 86, 97, 529, 0, 0, 19.35%, 0, 32, 17, 153.79, 7217857, 518, 0, 0
57835, 86, 107, 529, 0, 0, 19.35%, 0, 32, 17, 158.68, 7218682, 518, 0, 0
57840, 86, 191, 529, 0, 0, 19.35%, 0, 32, 17, 159.48, 7219504, 518, 0, 0
57846, 86, 480, 529, 0, 0, 19.35%, 0, 32, 17, 152.31, 7220294, 518, 0, 0
57851, 86, 3, 529, 0, 0, 19.35%, 0, 32, 17, 134.76, 7220962, 518, 0, 0
57856, 86, 358, 529, 0, 0, 19.35%, 0, 32, 17, 150.17, 7221731, 518, 0, 0
57861, 86, 196, 529, 0, 0, 19.35%, 0, 32, 17, 140.04, 7222455, 518, 0, 0
57866, 86, 468, 529, 0, 0, 19.35%, 0, 32, 17, 154.46, 7223283, 518, 0, 0
57871, 86, 168, 529, 0, 0, 19.35%, 0, 32, 17, 157.58, 7224088, 518, 0, 0
57877, 86, 337, 529, 0, 0, 19.35%, 0, 32, 17, 146.83, 7224830, 518, 0, 0
57882, 86, 429, 529, 0, 0, 19.35%, 0, 32, 17, 149.43, 7225606, 518, 0, 0
57887, 86, 238, 529, 0, 0, 19.35%, 0, 32, 17, 158.01, 7226426, 518, 0, 0
57892, 86, 429, 529, 0, 0, 19.35%, 0, 32, 17, 151.65, 7227199, 518, 0, 0
57897, 86, 495, 529, 0, 0, 19.35%, 0, 32, 17, 105.04, 7227694, 518, 0, 0
57902, 86, 495, 529, 0, 0, 19.35%, 0, 32, 17, 103.55, 7228245, 518, 0, 0
57907, 86, 495, 529, 0, 0, 19.35%, 0, 32, 17, 130.63, 7228941, 518, 0, 0
57912, 86, 478, 529, 0, 0, 19.35%, 0, 32, 17, 115.77, 7229455, 518, 0, 0
57917, 86, 357, 529, 0, 0, 19.35%, 0, 32, 17, 140.46, 7230211, 518, 0, 0
57922, 86, 284, 529, 0, 0, 19.35%, 0, 32, 17, 140.37, 7230920, 518, 0, 0
57928, 86, 498, 529, 0, 0, 19.35%, 0, 32, 17, 144.69, 7231698, 518, 0, 0
57933, 86, 468, 529, 0, 0, 19.35%, 0, 32, 17, 148.12, 7232462, 518, 0, 0
57938, 86, 422, 529, 0, 0, 19.35%, 0, 32, 17, 150.09, 7233230, 518, 0, 0
57943, 86, 319, 529, 0, 0, 19.35%, 0, 32, 17, 156.50, 7234030, 518, 0, 0
57948, 86, 450, 529, 0, 0, 19.35%, 0, 32, 17, 142.04, 7234719, 518, 0, 0
57953, 86, 495, 529, 0, 0, 19.35%, 0, 32, 17, 126.48, 7235379, 518, 0, 0
57958, 86, 466, 529, 0, 0, 19.35%, 0, 32, 17, 122.44, 7235917, 518, 0, 0
57963, 86, 285, 529, 0, 0, 19.35%, 0, 32, 17, 146.27, 7236692, 518, 0, 0
57968, 86, 156, 529, 0, 0, 19.35%, 0, 32, 17, 130.94, 7237296, 518, 0, 0
57973, 86, 200, 529, 0, 0, 19.35%, 0, 32, 17, 142.71, 7238056, 518, 0, 0
57978, 86, 153, 529, 0, 0, 19.35%, 0, 32, 17, 145.68, 7238778, 518, 0, 0
57984, 86, 429, 529, 0, 0, 19.35%, 0, 32, 17, 146.62, 7239554, 518, 0, 0
57989, 86, 392, 529, 0, 0, 19.35%, 0, 32, 17, 149.31, 7240307, 518, 0, 0
57994, 86, 480, 529, 0, 0, 19.35%, 0, 32, 17, 144.04, 7241036, 518, 0, 0
57999, 86, 40, 529, 0, 0, 19.35%, 0, 32, 17, 131.48, 7241746, 518, 0, 0
58004, 86, 468, 529, 0, 0, 19.35%, 0, 32, 17, 148.64, 7242531, 518, 0, 0
58009, 86, 422, 529, 0, 0, 19.35%, 0, 32, 17, 149.42, 7243269, 518, 0, 0
58014, 86, 114, 529, 0, 0, 19.35%, 0, 32, 17, 148.70, 7244028, 518, 0, 0
58020, 86, 486, 529, 0, 0, 19.35%, 0, 32, 17, 156.39, 7244853, 518, 0, 0
58025, 86, 486, 529, 0, 0, 19.35%, 0, 32, 17, 156.01, 7245651, 518, 0, 0
58030, 86, 30, 529, 0, 0, 19.35%, 0, 32, 17, 160.26, 7246473, 518, 0, 0
58035, 86, 104, 529, 0, 0, 19.35%, 0, 32, 17, 150.93, 7247220, 518, 0, 0
58040, 86, 3, 529, 0, 0, 19.35%, 0, 32, 17, 150.96, 7247966, 518, 0, 0
58045, 86, 5, 529, 0, 0, 19.35%, 0, 32, 17, 143.17, 7248685, 518, 0, 0
58050, 86, 285, 529, 0, 0, 19.35%, 0, 32, 17, 153.64, 7249490, 518, 0, 0
58055, 86, 93, 529, 0, 0, 19.35%, 0, 32, 17, 147.39, 7250211, 518, 0, 0
58060, 86, 480, 529, 0, 0, 19.35%, 0, 32, 17, 144.33, 7250939, 518, 0, 0
58065, 86, 378, 529, 0, 0, 19.35%, 0, 32, 17, 145.04, 7251693, 518, 0, 0
58071, 86, 392, 529, 0, 0, 19.35%, 0, 32, 17, 142.54, 7252418, 518, 0, 0
58076, 86, 476, 529, 0, 0, 19.35%, 0, 32, 17, 141.77, 7253132, 518, 0, 0
58081, 86, 495, 529, 0, 0, 19.35%, 0, 32, 17, 112.55, 7253665, 518, 0, 0
58086, 86, 468, 529, 0, 0, 19.35%, 0, 32, 17, 133.67, 7254353, 518, 0, 0
58091, 86, 378, 529, 0, 0, 19.35%, 0, 32, 17, 139.08, 7255095, 518, 0, 0
58096, 86, 343, 529, 0, 0, 19.35%, 0, 32, 17, 140.13, 7255804, 518, 0, 0
58101, 86, 478, 529, 0, 0, 19.35%, 0, 32, 17, 140.91, 7256530, 518, 0, 0
58106, 86, 478, 529, 0, 0, 19.35%, 0, 32, 17, 157.33, 7257112, 518, 0, 0
58111, 86, 473, 529, 0, 0, 19.35%, 0, 32, 17, 91.82, 7257531, 518, 0, 0
58117, 86, 392, 529, 0, 0, 19.35%, 0, 32, 17, 140.20, 7258318, 518, 0, 0
58122, 86, 495, 529, 0, 0, 19.35%, 0, 32, 17, 124.16, 7258976, 518, 0, 0
58127, 86, 466, 529, 0, 0, 19.35%, 0, 32, 17, 144.99, 7259717, 518, 0, 0
58132, 86, 360, 529, 0, 0, 19.35%, 0, 32, 17, 135.48, 7260426, 518, 0, 0
58137, 86, 301, 529, 0, 0, 19.35%, 0, 32, 17, 149.69, 7261202, 518, 0, 0
58142, 86, 432, 529, 0, 0, 19.35%, 0, 32, 17, 142.85, 7261948, 518, 0, 0
58147, 86, 429, 529, 0, 0, 19.35%, 0, 32, 17, 140.20, 7262668, 518, 0, 0
58152, 86, 491, 529, 0, 0, 19.35%, 0, 32, 17, 148.52, 7263430, 518, 0, 0
58158, 86, 343, 529, 0, 0, 19.35%, 0, 32, 17, 143.10, 7264120, 518, 0, 0
58163, 86, 468, 529, 0, 0, 19.35%, 0, 32, 17, 145.79, 7264879, 518, 0, 0
58168, 86, 392, 529, 0, 0, 19.35%, 0, 32, 17, 145.97, 7265641, 518, 0, 0
58173, 86, 370, 529, 0, 0, 19.35%, 0, 32, 17, 149.01, 7266404, 518, 0, 0
58178, 86, 495, 529, 0, 0, 19.35%, 0, 32, 17, 119.83, 7267050, 518, 0, 0
58183, 86, 419, 529, 0, 0, 19.35%, 0, 32, 17, 132.26, 7267683, 518, 0, 0
58189, 86, 238, 529, 0, 0, 19.35%, 0, 32, 17, 148.96, 7268458, 518, 0, 0
58194, 86, 523, 529, 0, 0, 19.35%, 0, 32, 17, 112.13, 7268993, 518, 0, 0
58199, 86, 523, 529, 0, 0, 19.35%, 0, 32, 17, 100.88, 7269487, 518, 0, 0
58204, 86, 14, 529, 0, 0, 19.35%, 0, 32, 17, 121.89, 7270083, 518, 0, 0
58209, 86, 480, 529, 0, 0, 19.35%, 0, 32, 17, 149.74, 7270891, 518, 0, 0
58214, 86, 495, 529, 0, 0, 19.35%, 0, 32, 17, 124.38, 7271562, 518, 0, 0
58219, 86, 384, 529, 0, 0, 19.35%, 0, 32, 17, 124.21, 7272154, 518, 0, 0
58224, 86, 69, 529, 0, 0, 19.35%, 0, 32, 17, 148.28, 7272937, 518, 0, 0
58229, 86, 520, 529, 0, 0, 19.35%, 0, 32, 17, 155.46, 7273734, 518, 0, 0
58234, 86, 422, 529, 0, 0, 19.35%, 0, 32, 17, 154.59, 7274517, 518, 0, 0
58240, 86, 468, 529, 0, 0, 19.35%, 0, 32, 17, 145.74, 7275265, 518, 0, 0
58245, 86, 188, 529, 0, 0, 19.35%, 0, 32, 17, 139.91, 7275981, 518, 0, 0
58250, 86, 480, 529, 0, 0, 19.35%, 0, 32, 17, 149.23, 7276779, 518, 0, 0
58255, 86, 491, 529, 0, 0, 19.35%, 0, 32, 17, 135.41, 7277474, 518, 0, 0
58260, 86, 49, 529, 0, 0, 19.35%, 0, 32, 17, 151.11, 7278244, 518, 0, 0
58265, 86, 44, 529, 0, 0, 19.35%, 0, 32, 17, 155.79, 7279052, 518, 0, 0
58271, 86, 524, 529, 0, 0, 19.35%, 0, 32, 17, 154.74, 7279869, 518, 0, 0
58276, 86, 524, 529, 0, 0, 19.35%, 0, 32, 17, 137.66, 7280538, 518, 0, 0
58281, 86, 2, 529, 0, 0, 19.35%, 0, 32, 17, 145.40, 7281286, 518, 0, 0
58286, 86, 180, 529, 0, 0, 19.35%, 0, 32, 17, 136.69, 7281953, 518, 0, 0
58291, 87, 495, 529, 0, 0, 19.35%, 0, 32, 17, 147.58, 7282733, 518, 0, 0
58296, 87, 483, 529, 0, 0, 19.35%, 0, 32, 17, 140.72, 7283403, 518, 0, 0
58301, 87, 495, 529, 0, 0, 19.35%, 0, 32, 17, 120.52, 7284071, 518, 0, 0
58306, 87, 425, 529, 0, 0, 19.35%, 0, 32, 17, 113.18, 7284599, 518, 0, 0
58312, 87, 395, 529, 0, 0, 19.35%, 0, 32, 17, 135.67, 7285297, 518, 0, 0
58317, 87, 45, 529, 0, 0, 19.35%, 0, 32, 17, 147.93, 7286021, 518, 0, 0
58322, 87, 495, 529, 0, 0, 19.35%, 0, 32, 17, 102.93, 7286497, 518, 0, 0
58327, 87, 44, 529, 0, 0, 19.35%, 0, 32, 17, 143.60, 7287282, 518, 0, 0
58332, 87, 468, 529, 0, 0, 19.35%, 0, 32, 17, 147.89, 7288056, 518, 0, 0
58337, 87, 441, 529, 0, 0, 19.35%, 0, 32, 17, 149.63, 7288840, 518, 0, 0
58342, 87, 422, 529, 0, 0, 19.35%, 0, 32, 17, 145.22, 7289574, 518, 0, 0
58347, 87, 168, 529, 0, 0, 19.35%, 0, 32, 17, 147.00, 7290336, 518, 0, 0
58352, 87, 521, 529, 0, 0, 19.35%, 0, 32, 17, 140.52, 7291036, 518, 0, 0
58358, 87, 392, 529, 0, 0, 19.35%, 0, 32, 17, 145.98, 7291798, 518, 0, 0
58363, 87, 392, 529, 0, 0, 19.35%, 0, 32, 17, 153.75, 7292597, 518, 0, 0
58368, 87, 158, 529, 0, 0, 19.35%, 0, 32, 17, 158.69, 7293405, 518, 0, 0
58373, 87, 412, 529, 0, 0, 19.35%, 0, 32, 17, 160.09, 7294209, 518, 0, 0
58378, 87, 239, 529, 0, 0, 19.35%, 0, 32, 17, 149.37, 7294941, 518, 0, 0
58383, 87, 468, 529, 0, 0, 19.35%, 0, 32, 17, 151.78, 7295742, 518, 0, 0
58388, 87, 466, 529, 0, 0, 19.35%, 0, 32, 17, 154.75, 7296561, 518, 0, 0
58393, 87, 7, 529, 0, 0, 19.35%, 0, 32, 17, 160.93, 7297402, 518, 0, 0
58399, 87, 367, 529, 0, 0, 19.35%, 0, 32, 17, 161.08, 7298235, 518, 0, 0
58404, 87, 486, 529, 0, 0, 19.35%, 0, 32, 17, 156.73, 7299033, 518, 0, 0
58409, 87, 445, 529, 0, 0, 19.35%, 0, 32, 17, 29.44, 7299687, 518, 0, 0
58414, 87, 102, 529, 0, 0, 19.35%, 0, 32, 17, 117.56, 7300375, 518, 0, 0
58419, 87, 429, 529, 0, 0, 19.35%, 0, 32, 17, 141.13, 7301145, 518, 0, 0
58424, 87, 468, 529, 0, 0, 19.35%, 0, 32, 17, 142.73, 7301865, 518, 0, 0
58429, 87, 495, 529, 0, 0, 19.35%, 0, 32, 17, 107.53, 7302395, 518, 0, 0
58434, 87, 334, 529, 0, 0, 19.35%, 0, 32, 17, 143.06, 7303138, 518, 0, 0
58440, 87, 168, 529, 0, 0, 19.35%, 0, 32, 17, 135.40, 7303812, 518, 0, 0
58445, 87, 495, 529, 0, 0, 19.35%, 0, 32, 17, 102.04, 7304319, 518, 0, 0
58450, 87, 93, 529, 0, 0, 19.35%, 0, 32, 17, 132.96, 7305037, 518, 0, 0
58455, 87, 479, 529, 0, 0, 19.35%, 0, 32, 17, 150.68, 7305816, 518, 0, 0
58460, 87, 495, 529, 0, 0, 19.35%, 0, 32, 17, 122.72, 7306460, 518, 0, 0
58465, 87, 393, 529, 0, 0, 19.35%, 0, 32, 17, 133.11, 7307106, 518, 0, 0
58470, 87, 422, 529, 0, 0, 19.35%, 0, 32, 17, 145.70, 7307854, 518, 0, 0
58475, 87, 217, 529, 0, 0, 19.35%, 0, 32, 17, 147.60, 7308628, 518, 0, 0
58481, 87, 4, 529, 0, 0, 19.35%, 0, 32, 17, 157.60, 7309459, 518, 0, 0
58486, 87, 97, 529, 0, 0, 19.35%, 0, 32, 17, 142.48, 7310151, 518, 0, 0
58491, 87, 422, 529, 0, 0, 19.35%, 0, 32, 17, 147.85, 7310925, 518, 0, 0
58496, 87, 503, 529, 0, 0, 19.35%, 0, 32, 17, 150.81, 7311713, 518, 0, 0
58501, 87, 495, 529, 0, 0, 19.35%, 0, 32, 17, 130.18, 7312394, 518, 0, 0
58506, 87, 480, 529, 0, 0, 19.35%, 0, 32, 17, 117.47, 7312920, 518, 0, 0
58511, 87, 466, 529, 0, 0, 19.35%, 0, 32, 17, 147.40, 7313715, 518, 0, 0
58516, 87, 429, 529, 0, 0, 19.35%, 0, 32, 17, 144.06, 7314439, 518, 0, 0
58521, 87, 495, 529, 0, 0, 19.35%, 0, 32, 17, 138.66, 7315193, 518, 0, 0
58527, 87, 180, 529, 0, 0, 19.35%, 0, 32, 17, 125.46, 7315759, 518, 0, 0
58532, 87, 230, 529, 0, 0, 19.35%, 0, 32, 17, 148.82, 7316540, 518, 0, 0
58537, 87, 181, 529, 0, 0, 19.35%, 0, 32, 17, 149.41, 7317317, 518, 0, 0
58542, 87, 367, 529, 0, 0, 19.35%, 0, 32, 17, 135.14, 7318032, 518, 0, 0
58547, 87, 392, 529, 0, 0, 19.35%, 0, 32, 17, 144.89, 7318789, 518, 0, 0
58552, 87, 495, 529, 0, 0, 19.35%, 0, 32, 17, 123.70, 7319392, 518, 0, 0
58557, 87, 468, 529, 0, 0, 19.35%, 0, 32, 17, 139.79, 7320100, 518, 0, 0
58563, 87, 509, 529, 0, 0, 19.35%, 0, 32, 17, 139.38, 7320850, 518, 0, 0
58568, 87, 216, 529, 0, 0, 19.35%, 0, 32, 17, 152.89, 7321632, 518, 0, 0
58573, 87, 185, 529, 0, 0, 19.35%, 0, 32, 17, 105.00, 7322097, 518, 0, 0
58578, 87, 522, 529, 0, 0, 19.35%, 0, 32, 17, 103.03, 7322664, 518, 0, 0
58583, 87, 522, 529, 0, 0, 19.35%, 0, 32, 17, 88.24, 7323103, 518, 0, 0
58588, 87, 522, 529, 0, 0, 19.35%, 0, 32, 17, 84.94, 7323534, 518, 0, 0
58593, 87, 392, 529, 0, 0, 19.35%, 0, 32, 17, 127.75, 7324201, 518, 0, 0
58598, 87, 429, 529, 0, 0, 19.35%, 0, 32, 17, 144.44, 7324966, 518, 0, 0
58604, 87, 495, 529, 0, 0, 19.35%, 0, 32, 17, 138.39, 7325690, 518, 0, 0
58609, 87, 26, 529, 0, 0, 19.35%, 0, 32, 17, 127.55, 7326272, 518, 0, 0
58614, 87, 216, 529, 0, 0, 19.35%, 0, 32, 17, 151.24, 7327086, 518, 0, 0
58619, 87, 367, 529, 0, 0, 19.35%, 0, 32, 17, 151.34, 7327835, 518, 0, 0
58624, 87, 480, 529, 0, 0, 19.35%, 0, 32, 17, 148.17, 7328601, 518, 0, 0
58629, 87, 430, 529, 0, 0, 19.35%, 0, 32, 17, 146.47, 7329363, 518, 0, 0
58635, 87, 430, 529, 0, 0, 19.35%, 0, 32, 17, 153.04, 7330165, 518, 0, 0
58640, 87, 149, 529, 0, 0, 19.35%, 0, 32, 17, 155.33, 7330955, 518, 0, 0
58645, 87, 191, 529, 0, 0, 19.35%, 0, 32, 17, 155.35, 7331715, 518, 0, 0
58650, 87, 340, 529, 0, 0, 19.35%, 0, 32, 17, 144.60, 7332456, 518, 0, 0
58655, 87, 478, 529, 0, 0, 19.35%, 0, 32, 17, 136.45, 7333177, 518, 0, 0
58660, 87, 495, 529, 0, 0, 19.35%, 0, 32, 17, 135.63, 7333922, 518, 0, 0
58665, 87, 36, 529, 0, 0, 19.35%, 0, 32, 17, 135.30, 7334558, 518, 0, 0
58670, 87, 285, 529, 0, 0, 19.35%, 0, 32, 17, 144.94, 7335331, 518, 0, 0
58676, 87, 422, 529, 0, 0, 19.35%, 0, 32, 17, 143.09, 7336056, 518, 0, 0
58681, 87, 97, 529, 0, 0, 19.35%, 0, 32, 17, 145.52, 7336782, 518, 0, 0
58686, 87, 486, 529, 0, 0, 19.35%, 0, 32, 17, 154.63, 7337576, 518, 0, 0
58691, 87, 185, 529, 0, 0, 19.35%, 0, 32, 17, 156.63, 7338367, 518, 0, 0
58696, 87, 416, 529, 0, 0, 19.35%, 0, 32, 17, 155.66, 7339157, 518, 0, 0
58701, 87, 115, 529, 0, 0, 19.35%, 0, 32, 17, 152.92, 7339928, 518, 0, 0
58706, 87, 488, 529, 0, 0, 19.35%, 0, 32, 17, 152.48, 7340691, 518, 0, 0
58711, 87, 110, 529, 0, 0, 19.35%, 0, 32, 17, 152.60, 7341471, 518, 0, 0
58716, 87, 496, 529, 0, 0, 19.35%, 0, 32, 17, 133.85, 7342173, 518, 0, 0
58722, 87, 48, 529, 0, 0, 19.35%, 0, 32, 17, 132.47, 7342793, 518, 0, 0
58727, 87, 491, 529, 0, 0, 19.35%, 0, 32, 17, 118.93, 7343412, 518, 0, 0
58732, 87, 3, 529, 0, 0, 19.35%, 0, 32, 17, 132.41, 7344082, 518, 0, 0
58737, 87, 392, 529, 0, 0, 19.35%, 0, 32, 17, 147.25, 7344869, 518, 0, 0
58742, 87, 367, 529, 0, 0, 19.35%, 0, 32, 17, 147.59, 7345626, 518, 0, 0
58747, 87, 422, 529, 0, 0, 19.35%, 0, 32, 17, 155.42, 7346397, 518, 0, 0
58752, 87, 46, 529, 0, 0, 19.35%, 0, 32, 17, 156.05, 7347169, 518, 0, 0
58757, 87, 199, 529, 0, 0, 19.35%, 0, 32, 17, 151.33, 7347903, 518, 0, 0
58762, 87, 44, 529, 0, 0, 19.35%, 0, 32, 17, 148.62, 7348651, 518, 0, 0
58767, 87, 441, 529, 0, 0, 19.35%, 0, 32, 17, 147.33, 7349405, 518, 0, 0
58772, 87, 384, 529, 0, 0, 19.35%, 0, 32, 17, 145.70, 7350159, 518, 0, 0
58777, 87, 158, 529, 0, 0, 19.35%, 0, 32, 17, 156.63, 7350979, 518, 0, 0
58783, 87, 419, 529, 0, 0, 19.35%, 0, 32, 17, 152.42, 7351762, 518, 0, 0
58788, 87, 429, 529, 0, 0, 19.35%, 0, 32, 17, 131.19, 7352401, 518, 0, 0
58793, 87, 379, 529, 0, 0, 19.35%, 0, 32, 17, 140.92, 7353143, 518, 0, 0
58798, 87, 97, 529, 0, 0, 19.35%, 0, 32, 17, 147.45, 7353882, 518, 0, 0
58803, 87, 478, 529, 0, 0, 19.35%, 0, 32, 17, 147.37, 7354652, 518, 0, 0
58808, 87, 466, 529, 0, 0, 19.35%, 0, 32, 17, 145.76, 7355343, 518, 0, 0
58813, 87, 486, 529, 0, 0, 19.35%, 0, 32, 17, 154.22, 7356133, 518, 0, 0
58819, 87, 252, 529, 0, 0, 19.35%, 0, 32, 17, 152.13, 7356891, 518, 0, 0
58824, 87, 450, 529, 0, 0, 19.35%, 0, 32, 17, 152.59, 7357668, 518, 0, 0
58829, 87, 45, 529, 0, 0, 19.35%, 0, 32, 17, 147.51, 7358417, 518, 0, 0
58834, 87, 468, 529, 0, 0, 19.35%, 0, 32, 17, 151.77, 7359195, 518, 0, 0
58839, 87, 495, 529, 0, 0, 19.35%, 0, 32, 17, 117.90, 7359795, 518, 0, 0
58844, 87, 510, 529, 0, 0, 19.35%, 0, 32, 17, 126.87, 7360409, 518, 0, 0
58849, 88, 368, 529, 0, 0, 19.35%, 0, 32, 17, 151.64, 7361213, 518, 0, 0
58854, 88, 55, 529, 0, 0, 19.35%, 0, 32, 17, 158.08, 7362013, 518, 0, 0
58859, 88, 495, 529, 0, 0, 19.35%, 0, 32, 17, 116.81, 7362587, 518, 0, 0
58864, 88, 40, 529, 0, 0, 19.35%, 0, 32, 17, 133.74, 7363228, 518, 0, 0
58869, 88, 67, 529, 0, 0, 19.35%, 0, 32, 17, 147.05, 7363990, 518, 0, 0
58875, 88, 199, 529, 0, 0, 19.35%, 0, 32, 17, 145.42, 7364765, 518, 0, 0
58880, 88, 510, 529, 0, 0, 19.35%, 0, 32, 17, 155.65, 7365572, 518, 0, 0
58885, 88, 182, 529, 0, 0, 19.35%, 0, 32, 17, 147.72, 7366311, 518, 0, 0
58890, 88, 197, 529, 0, 0, 19.35%, 0, 32, 17, 148.03, 7367071, 518, 0, 0
58895, 88, 495, 529, 0, 0, 19.35%, 0, 32, 17, 156.31, 7367894, 518, 0, 0
58900, 88, 386, 529, 0, 0, 19.35%, 0, 32, 17, 136.07, 7368544, 518, 0, 0
58906, 88, 352, 529, 0, 0, 19.35%, 0, 32, 17, 145.97, 7369302, 518, 0, 0
58911, 88, 478, 529, 0, 0, 19.35%, 0, 32, 17, 139.88, 7370032, 518, 0, 0
58916, 88, 275, 529, 0, 0, 19.35%, 0, 32, 17, 122.42, 7370628, 518, 0, 0
58921, 88, 26, 529, 0, 0, 19.35%, 0, 32, 17, 149.75, 7371389, 518, 0, 0
58926, 88, 327, 529, 0, 0, 19.35%, 0, 32, 17, 145.36, 7372088, 518, 0, 0
58931, 88, 125, 529, 0, 0, 19.35%, 0, 32, 17, 154.39, 7372881, 518, 0, 0
58936, 88, 422, 529, 0, 0, 19.35%, 0, 32, 17, 146.07, 7373608, 518, 0, 0
58941, 88, 367, 529, 0, 0, 19.35%, 0, 32, 17, 149.43, 7374352, 518, 0, 0
58946, 88, 422, 529, 0, 0, 19.35%, 0, 32, 17, 152.74, 7375153, 518, 0, 0
58951, 88, 495, 529, 0, 0, 19.35%, 0, 32, 17, 135.72, 7375854, 518, 0, 0
58956, 88, 491, 529, 0, 0, 19.35%, 0, 32, 17, 140.34, 7376552, 518, 0, 0
58962, 88, 394, 529, 0, 0, 19.35%, 0, 32, 17, 141.55, 7377260, 518, 0, 0
58967, 88, 29, 529, 0, 0, 19.35%, 0, 32, 17, 149.78, 7378053, 518, 0, 0
58972, 88, 204, 529, 0, 0, 19.35%, 0, 32, 17, 153.75, 7378854, 518, 0, 0
58977, 88, 69, 529, 0, 0, 19.35%, 0, 32, 17, 154.87, 7379615, 518, 0, 0
58982, 88, 67, 529, 0, 0, 19.35%, 0, 32, 17, 147.03, 7380386, 518, 0, 0
58987, 88, 149, 529, 0, 0, 19.35%, 0, 32, 17, 154.22, 7381180, 518, 0, 0
58992, 88, 392, 529, 0, 0, 19.35%, 0, 32, 17, 148.36, 7381934, 518, 0, 0
58997, 88, 429, 529, 0, 0, 19.35%, 0, 32, 17, 147.13, 7382695, 518, 0, 0
59003, 88, 466, 529, 0, 0, 19.35%, 0, 32, 17, 146.28, 7383447, 518, 0, 0
59008, 88, 429, 529, 0, 0, 19.35%, 0, 32, 17, 146.84, 7384202, 518, 0, 0
59013, 88, 49, 529, 0, 0, 19.35%, 0, 32, 17, 153.51, 7384978, 518, 0, 0
59018, 88, 343, 529, 0, 0, 19.35%, 0, 32, 17, 117.91, 7385468, 518, 0, 0
59023, 88, 93, 529, 0, 0, 19.35%, 0, 32, 17, 150.03, 7386283, 518, 0, 0
59028, 88, 194, 529, 0, 0, 19.35%, 0, 32, 17, 152.03, 7387045, 518, 0, 0
59033, 88, 119, 529, 0, 0, 19.35%, 0, 32, 17, 149.51, 7387796, 518, 0, 0
59038, 88, 394, 529, 0, 0, 19.35%, 0, 32, 17, 145.61, 7388530, 518, 0, 0
59044, 88, 488, 529, 0, 0, 19.35%, 0, 32, 17, 144.03, 7389253, 518, 0, 0
59049, 88, 34, 529, 0, 0, 19.35%, 0, 32, 17, 153.69, 7390058, 518, 0, 0
59054, 88, 441, 529, 0, 0, 19.35%, 0, 32, 17, 159.16, 7390890, 518, 0, 0
59059, 88, 474, 529, 0, 0, 19.35%, 0, 32, 17, 149.41, 7391591, 518, 0, 0
59064, 88, 447, 529, 0, 0, 19.35%, 0, 32, 17, 150.93, 7392364, 518, 0, 0
59069, 88, 429, 529, 0, 0, 19.35%, 0, 32, 17, 157.89, 7393194, 518, 0, 0
59075, 88, 468, 529, 0, 0, 19.35%, 0, 32, 17, 149.52, 7393958, 518, 0, 0
59080, 88, 429, 529, 0, 0, 19.35%, 0, 32, 17, 151.97, 7394748, 518, 0, 0
59085, 88, 2, 529, 0, 0, 19.35%, 0, 32, 17, 148.47, 7395520, 518, 0, 0
59090, 88, 468, 529, 0, 0, 19.35%, 0, 32, 17, 148.81, 7396291, 518, 0, 0
59095, 88, 480, 529, 0, 0, 19.35%, 0, 32, 17, 151.63, 7397057, 518, 0, 0
59100, 88, 480, 529, 0, 0, 19.35%, 0, 32, 17, 155.91, 7397859, 518, 0, 0
59105, 88, 468, 529, 0, 0, 19.35%, 0, 32, 17, 143.63, 7398588, 518, 0, 0
59110, 88, 409, 529, 0, 0, 19.35%, 0, 32, 17, 136.46, 7399254, 518, 0, 0
59115, 88, 182, 529, 0, 0, 19.35%, 0, 32, 17, 134.86, 7399917, 518, 0, 0
59120, 88, 49, 529, 0, 0, 19.35%, 0, 32, 17, 149.55, 7400699, 518, 0, 0
59126, 88, 392, 529, 0, 0, 19.35%, 0, 32, 17, 146.66, 7401456, 518, 0, 0
59131, 88, 422, 529, 0, 0, 19.35%, 0, 32, 17, 145.18, 7402212, 518, 0, 0
59136, 88, 281, 529, 0, 0, 19.35%, 0, 32, 17, 156.07, 7403043, 518, 0, 0
59141, 88, 168, 529, 0, 0, 19.35%, 0, 32, 17, 139.14, 7403723, 518, 0, 0
59146, 88, 115, 529, 0, 0, 19.35%, 0, 32, 17, 148.46, 7404492, 518, 0, 0
59151, 88, 2, 529, 0, 0, 19.35%, 0, 32, 17, 153.37, 7405301, 518, 0, 0
59156, 88, 468, 529, 0, 0, 19.35%, 0, 32, 17, 149.37, 7406071, 518, 0, 0
59162, 88, 239, 529, 0, 0, 19.35%, 0, 32, 17, 150.61, 7406839, 518, 0, 0
59167, 88, 480, 529, 0, 0, 19.35%, 0, 32, 17, 155.10, 7407630, 518, 0, 0
59172, 88, 422, 529, 0, 0, 19.35%, 0, 32, 17, 155.04, 7408436, 518, 0, 0
59177, 88, 395, 529, 0, 0, 19.35%, 0, 32, 17, 127.84, 7409071, 518, 0, 0
59182, 88, 71, 529, 0, 0, 19.35%, 0, 32, 17, 151.44, 7409869, 518, 0, 0
59187, 88, 285, 529, 0, 0, 19.35%, 0, 32, 17, 153.29, 7410652, 518, 0, 0
59192, 88, 422, 529, 0, 0, 19.35%, 0, 32, 17, 156.75, 7411482, 518, 0, 0
59197, 88, 360, 529, 0, 0, 19.35%, 0, 32, 17, 157.48, 7412279, 518, 0, 0
59203, 88, 468, 529, 0, 0, 19.35%, 0, 32, 17, 153.03, 7413068, 518, 0, 0
59208, 88, 182, 529, 0, 0, 19.35%, 0, 32, 17, 157.56, 7413871, 518, 0, 0
59213, 88, 349, 529, 0, 0, 19.35%, 0, 32, 17, 155.00, 7414677, 518, 0, 0
59218, 88, 239, 529, 0, 0, 19.35%, 0, 32, 17, 155.81, 7415444, 518, 0, 0
59223, 88, 502, 529, 0, 0, 19.35%, 0, 32, 17, 124.83, 7416088, 518, 0, 0
59228, 88, 360, 529, 0, 0, 19.35%, 0, 32, 17, 138.62, 7416770, 518, 0, 0
59233, 88, 72, 529, 0, 0, 19.35%, 0, 32, 17, 151.73, 7417576, 518, 0, 0
59238, 88, 337, 529, 0, 0, 19.35%, 0, 32, 17, 154.80, 7418362, 518, 0, 0
59244, 88, 311, 529, 0, 0, 19.35%, 0, 32, 17, 160.62, 7419184, 518, 0, 0
59249, 88, 495, 529, 0, 0, 19.35%, 0, 32, 17, 133.52, 7419848, 518, 0, 0
59254, 88, 360, 529, 0, 0, 19.35%, 0, 32, 17, 136.85, 7420503, 518, 0, 0
59259, 88, 479, 529, 0, 0, 19.35%, 0, 32, 17, 153.24, 7421303, 518, 0, 0
59264, 88, 495, 529, 0, 0, 19.35%, 0, 32, 17, 150.64, 7422109, 518, 0, 0
59269, 88, 392, 529, 0, 0, 19.35%, 0, 32, 17, 137.38, 7422750, 518, 0, 0
59274, 88, 193, 529, 0, 0, 19.35%, 0, 32, 17, 154.34, 7423560, 518, 0, 0
59279, 88, 480, 529, 0, 0, 19.35%, 0, 32, 17, 150.69, 7424346, 518, 0, 0
59285, 88, 468, 529, 0, 0, 19.35%, 0, 32, 17, 151.63, 7425106, 518, 0, 0
59290, 88, 360, 529, 0, 0, 19.35%, 0, 32, 17, 153.80, 7425878, 518, 0, 0
59295, 88, 410, 529, 0, 0, 19.35%, 0, 32, 17, 145.05, 7426623, 518, 0, 0
59300, 88, 429, 529, 0, 0, 19.35%, 0, 32, 17, 141.75, 7427337, 518, 0, 0
59305, 88, 368, 529, 0, 0, 19.35%, 0, 32, 17, 154.93, 7428150, 518, 0, 0
59310, 88, 352, 529, 0, 0, 19.35%, 0, 32, 17, 152.08, 7428909, 518, 0, 0
59315, 88, 363, 529, 0, 0, 19.35%, 0, 32, 17, 150.72, 7429652, 518, 0, 0
59320, 88, 302, 529, 0, 0, 19.35%, 0, 32, 17, 148.10, 7430406, 518, 0, 0
59326, 88, 188, 529, 0, 0, 19.35%, 0, 32, 17, 152.34, 7431199, 518, 0, 0
59331, 88, 499, 529, 0, 0, 19.35%, 0, 32, 17, 103.97, 7431691, 518, 0, 0
59336, 88, 168, 529, 0, 0, 19.35%, 0, 32, 17, 138.79, 7432465, 518, 0, 0
59341, 88, 4, 529, 0, 0, 19.35%, 0, 32, 17, 157.02, 7433298, 518, 0, 0
59346, 88, 216, 529, 0, 0, 19.35%, 0, 32, 17, 154.53, 7434104, 518, 0, 0
59351, 88, 483, 529, 0, 0, 19.35%, 0, 32, 17, 153.10, 7434842, 518, 0, 0
59356, 88, 488, 529, 0, 0, 19.35%, 0, 32, 17, 154.57, 7435628, 518, 0, 0
59361, 88, 413, 529, 0, 0, 19.35%, 0, 32, 17, 151.73, 7436388, 518, 0, 0
59366, 88, 257, 529, 0, 0, 19.35%, 0, 32, 17, 148.86, 7437125, 518, 0, 0
59371, 89, 367, 529, 0, 0, 19.35%, 0, 32, 17, 138.44, 7437825, 518, 0, 0
59376, 89, 497, 529, 0, 0, 19.35%, 0, 32, 17, 106.11, 7438350, 518, 0, 0
59382, 89, 224, 529, 0, 0, 19.35%, 0, 32, 17, 142.31, 7439120, 518, 0, 0
59387, 89, 429, 529, 0, 0, 19.35%, 0, 32, 17, 151.36, 7439922, 518, 0, 0
59392, 89, 468, 529, 0, 0, 19.35%, 0, 32, 17, 150.80, 7440712, 518, 0, 0
59397, 89, 495, 529, 0, 0, 19.35%, 0, 32, 17, 104.28, 7441201, 518, 0, 0
59402, 89, 523, 529, 0, 0, 19.35%, 0, 32, 17, 92.34, 7441696, 518, 0, 0
59407, 89, 523, 529, 0, 0, 19.35%, 0, 32, 17, 83.77, 7442118, 518, 0, 0
59412, 89, 523, 529, 0, 0, 19.35%, 0, 32, 17, 81.71, 7442539, 518, 0, 0
59418, 89, 67, 529, 0, 0, 19.35%, 0, 32, 17, 133.63, 7443254, 518, 0, 0
59423, 89, 224, 529, 0, 0, 19.35%, 0, 32, 17, 145.54, 7444014, 518, 0, 0
59428, 89, 194, 529, 0, 0, 19.35%, 0, 32, 17, 155.37, 7444830, 518, 0, 0
59433, 89, 46, 529, 0, 0, 19.35%, 0, 32, 17, 155.53, 7445629, 518, 0, 0
59438, 89, 47, 529, 0, 0, 19.35%, 0, 32, 17, 152.96, 7446388, 518, 0, 0
59443, 89, 388, 529, 0, 0, 19.35%, 0, 32, 17, 153.08, 7447176, 518, 0, 0
59448, 89, 408, 529, 0, 0, 19.35%, 0, 32, 17, 145.62, 7447897, 518, 0, 0
59453, 89, 422, 529, 0, 0, 19.35%, 0, 32, 17, 149.13, 7448666, 518, 0, 0
59458, 89, 46, 529, 0, 0, 19.35%, 0, 32, 17, 151.83, 7449418, 518, 0, 0
59463, 89, 447, 529, 0, 0, 19.35%, 0, 32, 17, 155.17, 7450219, 518, 0, 0
59469, 89, 392, 529, 0, 0, 19.35%, 0, 32, 17, 145.81, 7450969, 518, 0, 0
59474, 89, 39, 529, 0, 0, 19.35%, 0, 32, 17, 148.24, 7451732, 518, 0, 0
59479, 89, 238, 529, 0, 0, 19.35%, 0, 32, 17, 157.11, 7452537, 518, 0, 0
59484, 89, 69, 529, 0, 0, 19.35%, 0, 32, 17, 158.71, 7453356, 518, 0, 0
59489, 89, 28, 529, 0, 0, 19.35%, 0, 32, 17, 143.14, 7454060, 518, 0, 0
59494, 89, 495, 529, 0, 0, 19.35%, 0, 32, 17, 122.96, 7454710, 518, 0, 0
59500, 89, 343, 529, 0, 0, 19.35%, 0, 32, 17, 140.54, 7455418, 518, 0, 0
59505, 89, 48, 529, 0, 0, 19.35%, 0, 32, 17, 151.71, 7456197, 518, 0, 0
59510, 89, 72, 529, 0, 0, 19.35%, 0, 32, 17, 157.89, 7457021, 518, 0, 0
59515, 89, 443, 529, 0, 0, 19.35%, 0, 32, 17, 140.66, 7457744, 518, 0, 0
59520, 89, 429, 529, 0, 0, 19.35%, 0, 32, 17, 144.86, 7458463, 518, 0, 0
59525, 89, 413, 529, 0, 0, 19.35%, 0, 32, 17, 152.97, 7459257, 518, 0, 0
59530, 89, 429, 529, 0, 0, 19.35%, 0, 32, 17, 147.05, 7460004, 518, 0, 0
59535, 89, 495, 529, 0, 0, 19.35%, 0, 32, 17, 136.48, 7460720, 518, 0, 0
59541, 89, 69, 529, 0, 0, 19.35%, 0, 32, 17, 143.99, 7461426, 518, 0, 0
59546, 89, 480, 529, 0, 0, 19.35%, 0, 32, 17, 138.50, 7462172, 518, 0, 0
59551, 89, 21, 529, 0, 0, 19.35%, 0, 32, 17, 145.82, 7462916, 518, 0, 0
59556, 89, 367, 529, 0, 0, 19.35%, 0, 32, 17, 129.01, 7463627, 518, 0, 0
59561, 89, 367, 529, 0, 0, 19.35%, 0, 32, 17, 128.80, 7464299, 518, 0, 0
59566, 89, 466, 529, 0, 0, 19.35%, 0, 32, 17, 146.34, 7465060, 518, 0, 0
59572, 89, 173, 529, 0, 0, 19.35%, 0, 32, 17, 154.69, 7465867, 518, 0, 0
59577, 89, 341, 529, 0, 0, 19.35%, 0, 32, 17, 148.41, 7466592, 518, 0, 0
59582, 89, 488, 529, 0, 0, 19.35%, 0, 32, 17, 151.10, 7467388, 518, 0, 0
59587, 89, 480, 529, 0, 0, 19.35%, 0, 32, 17, 150.66, 7468155, 518, 0, 0
59592, 89, 495, 529, 0, 0, 19.35%, 0, 32, 17, 124.75, 7468804, 518, 0, 0
59597, 89, 512, 529, 0, 0, 19.35%, 0, 32, 17, 132.70, 7469450, 518, 0, 0
59602, 89, 506, 529, 0, 0, 19.35%, 0, 32, 17, 128.37, 7470098, 518, 0, 0
59607, 89, 67, 529, 0, 0, 19.35%, 0, 32, 17, 144.51, 7470811, 518, 0, 0
59612, 89, 346, 529, 0, 0, 19.35%, 0, 32, 17, 136.77, 7471514, 518, 0, 0
59618, 89, 480, 529, 0, 0, 19.35%, 0, 32, 17, 134.06, 7472206, 518, 0, 0
59623, 89, 471, 529, 0, 0, 19.35%, 0, 32, 17, 96.82, 7472724, 518, 0, 0
59628, 89, 495, 529, 0, 0, 19.35%, 0, 32, 17, 104.71, 7473178, 518, 0, 0
59633, 89, 441, 529, 0, 0, 19.35%, 0, 32, 17, 112.73, 7473710, 518, 0, 0
59638, 89, 87, 529, 0, 0, 19.35%, 0, 32, 17, 150.57, 7474531, 518, 0, 0
59643, 89, 466, 529, 0, 0, 19.35%, 0, 32, 17, 156.45, 7475323, 518, 0, 0
59648, 89, 216, 529, 0, 0, 19.35%, 0, 32, 17, 152.68, 7476081, 518, 0, 0
59653, 89, 216, 529, 0, 0, 19.35%, 0, 32, 17, 156.07, 7476853, 518, 0, 0
59658, 89, 519, 529, 0, 0, 19.35%, 0, 32, 17, 132.17, 7477496, 518, 0, 0
59663, 89, 441, 529, 0, 0, 19.35%, 0, 32, 17, 130.01, 7478167, 518, 0, 0
59668, 89, 30, 529, 0, 0, 19.35%, 0, 32, 17, 150.13, 7478947, 518, 0, 0
59673, 89, 441, 529, 0, 0, 19.35%, 0, 32, 17, 147.93, 7479682, 518, 0, 0
59678, 89, 338, 529, 0, 0, 19.35%, 0, 32, 17, 148.48, 7480443, 518, 0, 0
59683, 89, 441, 529, 0, 0, 19.35%, 0, 32, 17, 155.41, 7481241, 518, 0, 0
59689, 89, 115, 529, 0, 0, 19.35%, 0, 32, 17, 160.12, 7482067, 518, 0, 0
59694, 89, 143, 529, 0, 0, 19.35%, 0, 32, 17, 155.46, 7482866, 518, 0, 0
59699, 89, 480, 529, 0, 0, 19.35%, 0, 32, 17, 151.69, 7483613, 518, 0, 0
59704, 89, 422, 529, 0, 0, 19.35%, 0, 32, 17, 121.18, 7484211, 518, 0, 0
59709, 89, 27, 529, 0, 0, 19.35%, 0, 32, 17, 143.24, 7484969, 518, 0, 0
59714, 89, 156, 529, 0, 0, 19.35%, 0, 32, 17, 148.91, 7485720, 518, 0, 0
59719, 89, 153, 529, 0, 0, 19.35%, 0, 32, 17, 143.73, 7486450, 518, 0, 0
59725, 89, 259, 529, 0, 0, 19.35%, 0, 32, 17, 157.14, 7487275, 518, 0, 0
59730, 89, 69, 529, 0, 0, 19.35%, 0, 32, 17, 146.62, 7488024, 518, 0, 0
59735, 89, 429, 529, 0, 0, 19.35%, 0, 32, 17, 143.00, 7488768, 518, 0, 0
59740, 89, 2, 529, 0, 0, 19.35%, 0, 32, 17, 149.70, 7489548, 518, 0, 0
59745, 89, 110, 529, 0, 0, 19.35%, 0, 32, 17, 140.67, 7490242, 518, 0, 0
59750, 89, 93, 529, 0, 0, 19.35%, 0, 32, 17, 145.28, 7490973, 518, 0, 0
59755, 89, 107, 529, 0, 0, 19.35%, 0, 32, 17, 159.22, 7491816, 518, 0, 0
59761, 89, 285, 529, 0, 0, 19.35%, 0, 32, 17, 148.31, 7492567, 518, 0, 0
59766, 89, 134, 529, 0, 0, 19.35%, 0, 32, 17, 154.20, 7493372, 518, 0, 0
59771, 89, 480, 529, 0, 0, 19.35%, 0, 32, 17, 154.81, 7494183, 518, 0, 0
59776, 89, 115, 529, 0, 0, 19.35%, 0, 32, 17, 145.56, 7494914, 518, 0, 0
59781, 89, 478, 529, 0, 0, 19.35%, 0, 32, 17, 151.07, 7495706, 518, 0, 0
59786, 89, 224, 529, 0, 0, 19.35%, 0, 32, 17, 143.56, 7496441, 518, 0, 0
59792, 89, 468, 529, 0, 0, 19.35%, 0, 32, 17, 149.76, 7497227, 518, 0, 0
59797, 89, 429, 529, 0, 0, 19.35%, 0, 32, 17, 151.09, 7498007, 518, 0, 0
59802, 89, 44, 529, 0, 0, 19.35%, 0, 32, 17, 153.19, 7498784, 518, 0, 0
59807, 89, 47, 529, 0, 0, 19.35%, 0, 32, 17, 148.67, 7499509, 518, 0, 0
59812, 89, 468, 529, 0, 0, 19.35%, 0, 32, 17, 156.44, 7500306, 518, 0, 0
59817, 89, 119, 529, 0, 0, 19.35%, 0, 32, 17, 153.96, 7501092, 518, 0, 0
59822, 89, 408, 529, 0, 0, 19.35%, 0, 32, 17, 145.35, 7501832, 518, 0, 0
59827, 89, 392, 529, 0, 0, 19.35%, 0, 32, 17, 142.19, 7502552, 518, 0, 0
59833, 89, 406, 529, 0, 0, 19.35%, 0, 32, 17, 133.53, 7503254, 518, 0, 0
59838, 89, 441, 529, 0, 0, 19.35%, 0, 32, 17, 129.22, 7503930, 518, 0, 0
59843, 89, 326, 529, 0, 0, 19.35%, 0, 32, 17, 149.49, 7504719, 518, 0, 0
59848, 89, 115, 529, 0, 0, 19.35%, 0, 32, 17, 144.00, 7505442, 518, 0, 0
59853, 89, 400, 529, 0, 0, 19.35%, 0, 32, 17, 151.72, 7506237, 518, 0, 0
59858, 89, 40, 529, 0, 0, 19.35%, 0, 32, 17, 147.35, 7506964, 518, 0, 0
59863, 89, 495, 529, 0, 0, 19.35%, 0, 32, 17, 124.50, 7507638, 518, 0, 0
59868, 89, 422, 529, 0, 0, 19.35%, 0, 32, 17, 120.49, 7508178, 518, 0, 0
59874, 89, 393, 529, 0, 0, 19.35%, 0, 32, 17, 137.84, 7508948, 518, 0, 0
59879, 89, 385, 529, 0, 0, 19.35%, 0, 32, 17, 139.16, 7509696, 518, 0, 0
59884, 89, 528, 529, 0, 0, 19.35%, 0, 32, 17, 148.63, 7510465, 518, 0, 0
59889, 89, 528, 529, 0, 0, 19.35%, 0, 32, 17, 125.87, 7511073, 518, 0, 0
59894, 89, 528, 529, 0, 0, 19.35%, 0, 32, 17, 122.87, 7511685, 518, 0, 0
59899, 89, 239, 529, 0, 0, 19.35%, 0, 32, 17, 125.00, 7512299, 518, 0, 0
59904, 89, 194, 529, 0, 0, 19.35%, 0, 32, 17, 146.56, 7513071, 518, 0, 0
59909, 89, 266, 529, 0, 0, 19.35%, 0, 32, 17, 126.56, 7513733, 518, 0, 0
59915, 89, 478, 529, 0, 0, 19.35%, 0, 32, 17, 145.87, 7514537, 518, 0, 0
59920, 89, 519, 529, 0, 0, 19.35%, 0, 32, 17, 135.09, 7515193, 518, 0, 0
59925, 89, 392, 529, 0, 0, 19.35%, 0, 32, 17, 138.49, 7515888, 518, 0, 0
59930, 90, 378, 529, 0, 0, 19.35%, 0, 32, 17, 137.30, 7516630, 518, 0, 0
59935, 90, 480, 529, 0, 0, 19.35%, 0, 32, 17, 141.90, 7517352, 518, 0, 0
59940, 90, 491, 529, 0, 0, 19.35%, 0, 32, 17, 144.28, 7518101, 518, 0, 0
59945, 90, 158, 529, 0, 0, 19.35%, 0, 32, 17, 154.68, 7518904, 518, 0, 0
59950, 90, 491, 529, 0, 0, 19.35%, 0, 32, 17, 140.66, 7519622, 518, 0, 0
59956, 90, 499, 529, 0, 0, 19.35%, 0, 32, 17, 124.50, 7520290, 518, 0, 0
59961, 90, 486, 529, 0, 0, 19.35%, 0, 32, 17, 129.56, 7520896, 518, 0, 0
59966, 90, 422, 529, 0, 0, 19.35%, 0, 32, 17, 143.73, 7521663, 518, 0, 0
59971, 90, 524, 529, 0, 0, 19.35%, 0, 32, 17, 148.94, 7522439, 518, 0, 0
59976, 90, 216, 529, 0, 0, 19.35%, 0, 32, 17, 154.53, 7523238, 518, 0, 0
59981, 90, 495, 529, 0, 0, 19.35%, 0, 32, 17, 130.75, 7523910, 518, 0, 0
59986, 90, 377, 529, 0, 0, 19.35%, 0, 32, 17, 116.46, 7524438, 518, 0, 0
59991, 90, 204, 529, 0, 0, 19.35%, 0, 32, 17, 130.39, 7525081, 518, 0, 0
59996, 90, 429, 529, 0, 0, 19.35%, 0, 32, 17, 143.85, 7525866, 518, 0, 0
60002, 90, 495, 529, 0, 0, 19.35%, 0, 32, 17, 126.67, 7526536, 518, 0, 0
60007, 90, 468, 529, 0, 0, 19.35%, 0, 32, 17, 114.80, 7527052, 518, 0, 0
60012, 90, 457, 529, 0, 0, 19.35%, 0, 32, 17, 146.48, 7527854, 518, 0, 0
60017, 90, 392, 529, 0, 0, 19.35%, 0, 32, 17, 133.73, 7528455, 518, 0, 0
60022, 90, 392, 529, 0, 0, 19.35%, 0, 32, 17, 149.41, 7529231, 518, 0, 0
60027, 90, 491, 529, 0, 0, 19.35%, 0, 32, 17, 140.75, 7529956, 518, 0, 0
60032, 90, 369, 529, 0, 0, 19.35%, 0, 32, 17, 149.31, 7530720, 518, 0, 0
60037, 90, 422, 529, 0, 0, 19.35%, 0, 32, 17, 146.07, 7531477, 518, 0, 0
60043, 90, 402, 529, 0, 0, 19.35%, 0, 32, 17, 134.98, 7532190, 518, 0, 0
60048, 90, 447, 529, 0, 0, 19.35%, 0, 32, 17, 148.91, 7532976, 518, 0, 0
60053, 90, 392, 529, 0, 0, 19.35%, 0, 32, 17, 147.29, 7533731, 518, 0, 0
60058, 90, 444, 529, 0, 0, 19.35%, 0, 32, 17, 132.24, 7534391, 518, 0, 0
60063, 90, 422, 529, 0, 0, 19.35%, 0, 32, 17, 146.73, 7535157, 518, 0, 0
60068, 90, 523, 529, 0, 0, 19.35%, 0, 32, 17, 129.79, 7535823, 518, 0, 0
60073, 90, 523, 529, 0, 0, 19.35%, 0, 32, 17, 91.62, 7536235, 518, 0, 0
60078, 90, 523, 529, 0, 0, 19.35%, 0, 32, 17, 84.14, 7536658, 518, 0, 0
60083, 90, 501, 529, 0, 0, 19.35%, 0, 32, 17, 101.51, 7537149, 518, 0, 0
60088, 90, 107, 529, 0, 0, 19.35%, 0, 32, 17, 124.44, 7537809, 518, 0, 0
60094, 90, 468, 529, 0, 0, 19.35%, 0, 32, 17, 144.50, 7538597, 518, 0, 0
60099, 90, 199, 529, 0, 0, 19.35%, 0, 32, 17, 153.60, 7539384, 518, 0, 0
60104, 90, 429, 529, 0, 0, 19.35%, 0, 32, 17, 145.79, 7540134, 518, 0, 0
60109, 90, 424, 529, 0, 0, 19.35%, 0, 32, 17, 156.66, 7540945, 518, 0, 0
60114, 90, 422, 529, 0, 0, 19.35%, 0, 32, 17, 143.23, 7541660, 518, 0, 0
60119, 90, 392, 529, 0, 0, 19.35%, 0, 32, 17, 144.46, 7542407, 518, 0, 0
60125, 90, 1, 529, 0, 0, 19.35%, 0, 32, 17, 150.98, 7543174, 518, 0, 0
60130, 90, 491, 529, 0, 0, 19.35%, 0, 32, 17, 150.51, 7543953, 518, 0, 0
60135, 90, 373, 529, 0, 0, 19.35%, 0, 32, 17, 138.90, 7544673, 518, 0, 0
60140, 90, 181, 529, 0, 0, 19.35%, 0, 32, 17, 142.79, 7545417, 518, 0, 0
60145, 90, 501, 529, 0, 0, 19.35%, 0, 32, 17, 146.19, 7546175, 518, 0, 0
60150, 90, 72, 529, 0, 0, 19.35%, 0, 32, 17, 145.93, 7546886, 518, 0, 0
60155, 90, 495, 529, 0, 0, 19.35%, 0, 32, 17, 104.54, 7547390, 518, 0, 0
60160, 90, 521, 529, 0, 0, 19.35%, 0, 32, 17, 120.54, 7547998, 518, 0, 0
60165, 90, 82, 529, 0, 0, 19.35%, 0, 32, 17, 127.33, 7548658, 518, 0, 0
60170, 90, 218, 529, 0, 0, 19.35%, 0, 32, 17, 132.57, 7549318, 518, 0, 0
60175, 90, 480, 529, 0, 0, 19.35%, 0, 32, 17, 135.85, 7550014, 518, 0, 0
60181, 90, 238, 529, 0, 0, 19.35%, 0, 32, 17, 146.99, 7550765, 518, 0, 0
60186, 90, 447, 529, 0, 0, 19.35%, 0, 32, 17, 150.89, 7551531, 518, 0, 0
60191, 90, 495, 529, 0, 0, 19.35%, 0, 32, 17, 145.22, 7552323, 518, 0, 0
60196, 90, 488, 529, 0, 0, 19.35%, 0, 32, 17, 116.80, 7552826, 518, 0, 0
60201, 90, 3, 529, 0, 0, 19.35%, 0, 32, 17, 139.78, 7553564, 518, 0, 0
60206, 90, 507, 529, 0, 0, 19.35%, 0, 32, 17, 148.65, 7554336, 518, 0, 0
60211, 90, 495, 529, 0, 0, 19.35%, 0, 32, 17, 114.10, 7554922, 518, 0, 0
60217, 90, 480, 529, 0, 0, 19.35%, 0, 32, 17, 130.43, 7555590, 518, 0, 0
60222, 90, 48, 529, 0, 0, 19.35%, 0, 32, 17, 155.12, 7556422, 518, 0, 0
60227, 90, 238, 529, 0, 0, 19.35%, 0, 32, 17, 149.95, 7557159, 518, 0, 0
60232, 90, 28, 529, 0, 0, 19.35%, 0, 32, 17, 158.53, 7557966, 518, 0, 0
60237, 90, 378, 529, 0, 0, 19.35%, 0, 32, 17, 140.64, 7558676, 518, 0, 0
60242, 90, 468, 529, 0, 0, 19.35%, 0, 32, 17, 145.49, 7559415, 518, 0, 0
60247, 90, 360, 529, 0, 0, 19.35%, 0, 32, 17, 140.95, 7560128, 518, 0, 0
60252, 90, 488, 529, 0, 0, 19.35%, 0, 32, 17, 144.68, 7560887, 518, 0, 0
60257, 90, 115, 529, 0, 0, 19.35%, 0, 32, 17, 132.17, 7561522, 518, 0, 0
60262, 90, 297, 529, 0, 0, 19.35%, 0, 32, 17, 151.11, 7562341, 518, 0, 0
60267, 90, 397, 529, 0, 0, 19.35%, 0, 32, 17, 147.05, 7563073, 518, 0, 0
60273, 90, 285, 529, 0, 0, 19.35%, 0, 32, 17, 140.57, 7563813, 518, 0, 0
60278, 90, 29, 529, 0, 0, 19.35%, 0, 32, 17, 146.89, 7564593, 518, 0, 0
60283, 90, 429, 529, 0, 0, 19.35%, 0, 32, 17, 148.61, 7565368, 518, 0, 0
60288, 90, 134, 529, 0, 0, 19.35%, 0, 32, 17, 147.90, 7566111, 518, 0, 0
60293, 90, 239, 529, 0, 0, 19.35%, 0, 32, 17, 134.67, 7566806, 518, 0, 0
60298, 90, 72, 529, 0, 0, 19.35%, 0, 32, 17, 145.26, 7567582, 518, 0, 0
60303, 90, 193, 529, 0, 0, 19.35%, 0, 32, 17, 152.99, 7568362, 518, 0, 0
60309, 90, 392, 529, 0, 0, 19.35%, 0, 32, 17, 139.65, 7568985, 518, 0, 0
60314, 90, 392, 529, 0, 0, 19.35%, 0, 32, 17, 136.13, 7569678, 518, 0, 0
60319, 90, 367, 529, 0, 0, 19.35%, 0, 32, 17, 139.40, 7570408, 518, 0, 0
60324, 90, 469, 529, 0, 0, 19.35%, 0, 32, 17, 77.60, 7570796, 518, 0, 0
60329, 90, 463, 529, 0, 0, 19.35%, 0, 32, 17, 125.52, 7571391, 518, 0, 0
60334, 90, 389, 529, 0, 0, 19.35%, 0, 32, 17, 136.25, 7572058, 518, 0, 0
60339, 90, 193, 529, 0, 0, 19.35%, 0, 32, 17, 155.60, 7572881, 518, 0, 0
60345, 90, 266, 529, 0, 0, 19.35%, 0, 32, 17, 150.22, 7573685, 518, 0, 0
60350, 90, 274, 529, 0, 0, 19.35%, 0, 32, 17, 150.28, 7574434, 518, 0, 0
60355, 90, 510, 529, 0, 0, 19.35%, 0, 32, 17, 156.25, 7575219, 518, 0, 0
60360, 90, 422, 529, 0, 0, 19.35%, 0, 32, 17, 148.94, 7575969, 518, 0, 0
60365, 90, 25, 529, 0, 0, 19.35%, 0, 32, 17, 154.51, 7576772, 518, 0, 0
60370, 90, 202, 529, 0, 0, 19.35%, 0, 32, 17, 151.78, 7577549, 518, 0, 0
60375, 90, 29, 529, 0, 0, 19.35%, 0, 32, 17, 147.11, 7578307, 518, 0, 0
60380, 90, 181, 529, 0, 0, 19.35%, 0, 32, 17, 154.30, 7579108, 518, 0, 0
60385, 90, 495, 529, 0, 0, 19.35%, 0, 32, 17, 126.19, 7579769, 518, 0, 0
60391, 90, 59, 529, 0, 0, 19.35%, 0, 32, 17, 121.32, 7580321, 518, 0, 0
60396, 90, 27, 529, 0, 0, 19.35%, 0, 32, 17, 149.94, 7581115, 518, 0, 0
60401, 90, 466, 529, 0, 0, 19.35%, 0, 32, 17, 129.15, 7581788, 518, 0, 0
60406, 90, 479, 529, 0, 0, 19.35%, 0, 32, 17, 142.95, 7582548, 518, 0, 0
60411, 90, 200, 529, 0, 0, 19.35%, 0, 32, 17, 157.15, 7583383, 518, 0, 0
60416, 90, 468, 529, 0, 0, 19.35%, 0, 32, 17, 152.35, 7584176, 518, 0, 0
60421, 90, 285, 529, 0, 0, 19.35%, 0, 32, 17, 148.12, 7584919, 518, 0, 0
60427, 90, 377, 529, 0, 0, 19.35%, 0, 32, 17, 149.66, 7585716, 518, 0, 0
60432, 90, 107, 529, 0, 0, 19.35%, 0, 32, 17, 153.44, 7586498, 518, 0, 0
60437, 90, 422, 529, 0, 0, 19.35%, 0, 32, 17, 151.94, 7587304, 518, 0, 0
60442, 90, 507, 529, 0, 0, 19.35%, 0, 32, 17, 139.51, 7588034, 518, 0, 0
60447, 90, 188, 529, 0, 0, 19.35%, 0, 32, 17, 139.72, 7588686, 518, 0, 0
60452, 90, 469, 529, 0, 0, 19.35%, 0, 32, 17, 145.08, 7589475, 518, 0, 0
60457, 90, 419, 529, 0, 0, 19.35%, 0, 32, 17, 66.77, 7589691, 518, 0, 0
60463, 90, 182, 529, 0, 0, 19.35%, 0, 32, 17, 3.75, 7590396, 518, 0, 0
60468, 90, 80, 529, 0, 0, 19.35%, 0, 32, 17, 152.88, 7591186, 518, 0, 0
60473, 90, 343, 529, 0, 0, 19.35%, 0, 32, 17, 153.56, 7591979, 518, 0, 0
60478, 90, 468, 529, 0, 0, 19.35%, 0, 32, 17, 144.68, 7592720, 518, 0, 0
60483, 90, 447, 529, 0, 0, 19.35%, 0, 32, 17, 154.14, 7593506, 518, 0, 0
60488, 90, 233, 529, 0, 0, 19.35%, 0, 32, 17, 152.85, 7594283, 518, 0, 0
60493, 90, 468, 529, 0, 0, 19.35%, 0, 32, 17, 146.58, 7595018, 518, 0, 0
60498, 90, 386, 529, 0, 0, 19.35%, 0, 32, 17, 145.98, 7595755, 518, 0, 0
60503, 90, 247, 529, 0, 0, 19.35%, 0, 32, 17, 151.91, 7596529, 518, 0, 0
60509, 91, 216, 529, 0, 0, 19.35%, 0, 32, 17, 153.35, 7597307, 518, 0, 0
60514, 91, 3, 529, 0, 0, 19.35%, 0, 32, 17, 150.76, 7598075, 518, 0, 0
60519, 91, 367, 529, 0, 0, 19.35%, 0, 32, 17, 155.31, 7598865, 518, 0, 0
60524, 91, 444, 529, 0, 0, 19.35%, 0, 32, 17, 146.40, 7599619, 518, 0, 0
60529, 91, 495, 529, 0, 0, 19.35%, 0, 32, 17, 141.26, 7600315, 518, 0, 0
60534, 91, 343, 529, 0, 0, 19.35%, 0, 32, 17, 137.38, 7600983, 518, 0, 0
60539, 91, 422, 529, 0, 0, 19.35%, 0, 32, 17, 128.58, 7601591, 518, 0, 0
60544, 91, 392, 529, 0, 0, 19.35%, 0, 32, 17, 140.01, 7602316, 518, 0, 0
60550, 91, 360, 529, 0, 0, 19.35%, 0, 32, 17, 150.19, 7603092, 518, 0, 0
60555, 91, 507, 529, 0, 0, 19.35%, 0, 32, 17, 139.98, 7603820, 518, 0, 0
60560, 91, 26, 529, 0, 0, 19.35%, 0, 32, 17, 144.37, 7604539, 518, 0, 0
60565, 91, 261, 529, 0, 0, 19.35%, 0, 32, 17, 142.77, 7605272, 518, 0, 0
60570, 91, 468, 529, 0, 0, 19.35%, 0, 32, 17, 145.16, 7606036, 518, 0, 0
60575, 91, 285, 529, 0, 0, 19.35%, 0, 32, 17, 150.49, 7606810, 518, 0, 0
60580, 91, 480, 529, 0, 0, 19.35%, 0, 32, 17, 152.76, 7607606, 518, 0, 0
60586, 91, 495, 529, 0, 0, 19.35%, 0, 32, 17, 122.29, 7608235, 518, 0, 0
60591, 91, 447, 529, 0, 0, 19.35%, 0, 32, 17, 127.23, 7608854, 518, 0, 0
60596, 91, 224, 529, 0, 0, 19.35%, 0, 32, 17, 141.46, 7609623, 518, 0, 0
60601, 91, 466, 529, 0, 0, 19.35%, 0, 32, 17, 150.11, 7610397, 518, 0, 0
60606, 91, 45, 529, 0, 0, 19.35%, 0, 32, 17, 154.80, 7611192, 518, 0, 0
60611, 91, 496, 529, 0, 0, 19.35%, 0, 32, 17, 129.23, 7611897, 518, 0, 0
60616, 91, 159, 529, 0, 0, 19.35%, 0, 32, 17, 125.06, 7612458, 518, 0, 0
60621, 91, 447, 529, 0, 0, 19.35%, 0, 32, 17, 135.08, 7613170, 518, 0, 0
60626, 91, 25, 529, 0, 0, 19.35%, 0, 32, 17, 129.37, 7613781, 518, 0, 0
60632, 91, 69, 529, 0, 0, 19.35%, 0, 32, 17, 142.26, 7614527, 518, 0, 0
60637, 91, 495, 529, 0, 0, 19.35%, 0, 32, 17, 100.29, 7614983, 518, 0, 0
60642, 91, 429, 529, 0, 0, 19.35%, 0, 32, 17, 108.62, 7615507, 518, 0, 0
60647, 91, 499, 529, 0, 0, 19.35%, 0, 32, 17, 110.55, 7616127, 518, 0, 0
60652, 91, 486, 529, 0, 0, 19.35%, 0, 32, 17, 118.29, 7616677, 518, 0, 0
60657, 91, 495, 529, 0, 0, 19.35%, 0, 32, 17, 116.80, 7617330, 518, 0, 0
60662, 91, 510, 529, 0, 0, 19.35%, 0, 32, 17, 126.09, 7617949, 518, 0, 0
60667, 91, 368, 529, 0, 0, 19.35%, 0, 32, 17, 145.61, 7618705, 518, 0, 0
60673, 91, 392, 529, 0, 0, 19.35%, 0, 32, 17, 145.42, 7619469, 518, 0, 0
60678, 91, 443, 529, 0, 0, 19.35%, 0, 32, 17, 145.22, 7620216, 518, 0, 0
60683, 91, 422, 529, 0, 0, 19.35%, 0, 32, 17, 142.57, 7620952, 518, 0, 0
60688, 91, 422, 529, 0, 0, 19.35%, 0, 32, 17, 147.37, 7621692, 518, 0, 0
60693, 91, 29, 529, 0, 0, 19.35%, 0, 32, 17, 146.72, 7622435, 518, 0, 0
60698, 91, 441, 529, 0, 0, 19.35%, 0, 32, 17, 148.48, 7623202, 518, 0, 0
60703, 91, 392, 529, 0, 0, 19.35%, 0, 32, 17, 154.32, 7624019, 518, 0, 0
60708, 91, 498, 529, 0, 0, 19.35%, 0, 32, 17, 140.75, 7624714, 518, 0, 0
60713, 91, 133, 529, 0, 0, 19.35%, 0, 32, 17, 151.23, 7625469, 518, 0, 0
60719, 91, 499, 529, 0, 0, 19.35%, 0, 32, 17, 126.21, 7626111, 518, 0, 0
60724, 91, 250, 529, 0, 0, 19.35%, 0, 32, 17, 127.56, 7626718, 518, 0, 0
60729, 91, 360, 529, 0, 0, 19.35%, 0, 32, 17, 145.90, 7627488, 518, 0, 0
60734, 91, 343, 529, 0, 0, 19.35%, 0, 32, 17, 144.32, 7628211, 518, 0, 0
60739, 91, 21, 529, 0, 0, 19.35%, 0, 32, 17, 156.80, 7629024, 518, 0, 0
60744, 91, 522, 529, 0, 0, 19.35%, 0, 32, 17, 99.87, 7629468, 518, 0, 0
60749, 91, 522, 529, 0, 0, 19.35%, 0, 32, 17, 84.46, 7629882, 518, 0, 0
60754, 91, 49, 529, 0, 0, 19.35%, 0, 32, 17, 86.74, 7630314, 518, 0, 0
60760, 91, 497, 529, 0, 0, 19.35%, 0, 32, 17, 111.75, 7630989, 518, 0, 0
60765, 91, 495, 529, 0, 0, 19.35%, 0, 32, 17, 107.66, 7631547, 518, 0, 0
60770, 91, 486, 529, 0, 0, 19.35%, 0, 32, 17, 115.47, 7632086, 518, 0, 0
60775, 91, 429, 529, 0, 0, 19.35%, 0, 32, 17, 136.35, 7632821, 518, 0, 0
60780, 91, 468, 529, 0, 0, 19.35%, 0, 32, 17, 144.68, 7633567, 518, 0, 0
60785, 91, 392, 529, 0, 0, 19.35%, 0, 32, 17, 149.97, 7634333, 518, 0, 0
60790, 91, 422, 529, 0, 0, 19.35%, 0, 32, 17, 149.45, 7635116, 518, 0, 0
60795, 91, 495, 529, 0, 0, 19.35%, 0, 32, 17, 108.05, 7635659, 518, 0, 0
60801, 91, 216, 529, 0, 0, 19.35%, 0, 32, 17, 120.74, 7636219, 518, 0, 0
60806, 91, 328, 529, 0, 0, 19.35%, 0, 32, 17, 123.67, 7636822, 518, 0, 0
60811, 91, 486, 529, 0, 0, 19.35%, 0, 32, 17, 126.37, 7637394, 518, 0, 0
60816, 91, 495, 529, 0, 0, 19.35%, 0, 32, 17, 114.18, 7637976, 518, 0, 0
60821, 91, 495, 529, 0, 0, 19.35%, 0, 32, 17, 68.47, 7638271, 518, 0, 0
60826, 91, 269, 529, 0, 0, 19.35%, 0, 32, 17, 102.67, 7638808, 518, 0, 0
60831, 91, 109, 529, 0, 0, 19.35%, 0, 32, 17, 82.47, 7639167, 518, 0, 0
60836, 91, 468, 529, 0, 0, 19.35%, 0, 32, 17, 106.18, 7639696, 518, 0, 0
